url,archive_status,archive_evidence,coverage,head_status,head_coverage,target_missing,release_missing,origin_data
https://codeberg.org/aitap/RCurl,no_snapshot_at_checked_origins,[],origin_not_found,observed,missing,1,0,"{""checked_at"":""2026-09-23T15:33:16Z"",""candidates"":[""https://codeberg.org/aitap/RCurl"",""https://codeberg.org/aitap/RCurl.git""],""observations"":[{""origin"":""https://codeberg.org/aitap/RCurl"",""status"":""not_found"",""evidence"":[{""url"":""https://archive.softwareheritage.org/api/1/origin/https%3A%2F%2Fcodeberg.org%2Faitap%2FRCurl/visits/?per_page=100"",""fetched_at"":""2026-09-23T15:33:15Z"",""cache_file"":""84b25ec13fe3359117951cef619736be8424d4bbe24b512ad0278d221d87d203.json.gz"",""status"":404}]},{""origin"":""https://codeberg.org/aitap/RCurl.git"",""status"":""not_found"",""evidence"":[{""url"":""https://archive.softwareheritage.org/api/1/origin/https%3A%2F%2Fcodeberg.org%2Faitap%2FRCurl.git/visits/?per_page=100"",""fetched_at"":""2026-09-23T15:33:16Z"",""cache_file"":""8dd7fec3cbfc35cd958935254d242c44ff1194adf2d493a24daf60387cab0975.json.gz"",""status"":404}]}]}"
https://codeberg.org/aitap/XML,archived_evidence_found,"[""snapshot""]",snapshot_found,observed,missing,1,0,"{""checked_at"":""2026-09-23T15:33:17Z"",""candidates"":[""https://codeberg.org/aitap/XML"",""https://codeberg.org/aitap/XML.git""],""observations"":[{""origin"":""https://codeberg.org/aitap/XML"",""status"":""not_found"",""evidence"":[{""url"":""https://archive.softwareheritage.org/api/1/origin/https%3A%2F%2Fcodeberg.org%2Faitap%2FXML/visits/?per_page=100"",""fetched_at"":""2026-09-23T15:33:16Z"",""cache_file"":""92716d528c6715c05103708d1459f2a1ef66b38c2e18b26c0325e951f7fb0f61.json.gz"",""status"":404}]},{""origin"":""https://codeberg.org/aitap/XML.git"",""status"":""full"",""visit"":{""origin"":""https://codeberg.org/aitap/XML.git"",""visit"":5,""date"":""2026-03-21T14:37:13.173000+00:00"",""status"":""full"",""snapshot"":""07232f9d714adc32e512fa84058b952904d12559"",""type"":""git"",""metadata"":{},""origin_visit_url"":""https://archive.softwareheritage.org/api/1/origin/https://codeberg.org/aitap/XML.git/visit/5/"",""snapshot_url"":""https://archive.softwareheritage.org/api/1/snapshot/07232f9d714adc32e512fa84058b952904d12559/""},""evidence"":[{""url"":""https://archive.softwareheritage.org/api/1/origin/https%3A%2F%2Fcodeberg.org%2Faitap%2FXML.git/visits/?per_page=100"",""fetched_at"":""2026-09-23T15:33:17Z"",""cache_file"":""0150bc15cddc2c86fd05e83ff1538e6253ef4e1126e3da0c66bad71fe18f6647.json.gz"",""status"":200}]}]}"
https://codeberg.org/swsnr/gethostname.rs,no_snapshot_at_checked_origins,[],no_snapshot,observed,missing,1,1,"{""checked_at"":""2026-09-23T15:33:33Z"",""candidates"":[""https://codeberg.org/lunaryorn/gethostname.rs"",""https://codeberg.org/lunaryorn/gethostname.rs.git"",""https://codeberg.org/swsnr/gethostname.rs"",""https://codeberg.org/swsnr/gethostname.rs.git"",""https://github.com/swsnr/gethostname.rs"",""https://github.com/swsnr/gethostname.rs.git""],""observations"":[{""origin"":""https://codeberg.org/lunaryorn/gethostname.rs"",""status"":""not_found"",""evidence"":[{""url"":""https://archive.softwareheritage.org/api/1/origin/https%3A%2F%2Fcodeberg.org%2Flunaryorn%2Fgethostname.rs/visits/?per_page=100"",""fetched_at"":""2026-09-23T15:33:32Z"",""cache_file"":""bfa66a207fe1e1fe965ac61f68b54fe3d96b29d4a2428103ba689ceebd1f3713.json.gz"",""status"":404}]},{""origin"":""https://codeberg.org/lunaryorn/gethostname.rs.git"",""status"":""not_found"",""evidence"":[{""url"":""https://archive.softwareheritage.org/api/1/origin/https%3A%2F%2Fcodeberg.org%2Flunaryorn%2Fgethostname.rs.git/visits/?per_page=100"",""fetched_at"":""2026-09-23T15:33:32Z"",""cache_file"":""16fe86ad45ec05d765b2e25a3aac152bd192370f4469fcc9752749f719abdbf2.json.gz"",""status"":404}]},{""origin"":""https://codeberg.org/swsnr/gethostname.rs"",""status"":""not_found"",""evidence"":[{""url"":""https://archive.softwareheritage.org/api/1/origin/https%3A%2F%2Fcodeberg.org%2Fswsnr%2Fgethostname.rs/visits/?per_page=100"",""fetched_at"":""2026-09-23T15:33:32Z"",""cache_file"":""9f63b16d45537dd1358a62ce87ff25dcb21515a6e946a80392b67b6db87bd09c.json.gz"",""status"":404}]},{""origin"":""https://codeberg.org/swsnr/gethostname.rs.git"",""status"":""not_found"",""evidence"":[{""url"":""https://archive.softwareheritage.org/api/1/origin/https%3A%2F%2Fcodeberg.org%2Fswsnr%2Fgethostname.rs.git/visits/?per_page=100"",""fetched_at"":""2026-09-23T15:33:33Z"",""cache_file"":""5242f620a33eb1ad05b6aba4848e18c79169b9f88452f3f5386c47c20299fa70.json.gz"",""status"":404}]},{""origin"":""https://github.com/swsnr/gethostname.rs"",""status"":""no_snapshot"",""evidence"":[{""url"":""https://archive.softwareheritage.org/api/1/origin/https%3A%2F%2Fgithub.com%2Fswsnr%2Fgethostname.rs/visits/?per_page=100"",""fetched_at"":""2026-09-23T15:33:33Z"",""cache_file"":""1efccfdc4761cd415fabc1325c14cacc9a1e05c65e80399f0bfa008c5b6bbf69.json.gz"",""status"":200}]},{""origin"":""https://github.com/swsnr/gethostname.rs.git"",""status"":""not_found"",""evidence"":[{""url"":""https://archive.softwareheritage.org/api/1/origin/https%3A%2F%2Fgithub.com%2Fswsnr%2Fgethostname.rs.git/visits/?per_page=100"",""fetched_at"":""2026-09-23T15:33:33Z"",""cache_file"":""6778ad55866b60fe649d0f63c6ed000e8ae268d7e3224183ccc62796d8193c37.json.gz"",""status"":404}]}]}"
https://codeberg.org/tlocke/pg8000,archived_evidence_found,"[""snapshot""]",snapshot_found,observed,missing,1,1,"{""checked_at"":""2026-09-23T15:43:45Z"",""candidates"":[""https://codeberg.org/tlocke/pg8000"",""https://codeberg.org/tlocke/pg8000.git"",""https://github.com/tlocke/pg8000"",""https://github.com/tlocke/pg8000.git""],""observations"":[{""origin"":""https://codeberg.org/tlocke/pg8000"",""status"":""not_found"",""evidence"":[{""url"":""https://archive.softwareheritage.org/api/1/origin/https%3A%2F%2Fcodeberg.org%2Ftlocke%2Fpg8000/visits/?per_page=100"",""fetched_at"":""2026-09-23T15:33:36Z"",""cache_file"":""d21229942de1fadac068747764d09a0d4a3eee19a8a70dcd4af6807e2ace3de0.json.gz"",""status"":404}]},{""origin"":""https://codeberg.org/tlocke/pg8000.git"",""status"":""not_found"",""evidence"":[{""url"":""https://archive.softwareheritage.org/api/1/origin/https%3A%2F%2Fcodeberg.org%2Ftlocke%2Fpg8000.git/visits/?per_page=100"",""fetched_at"":""2026-09-23T15:43:44Z"",""cache_file"":""ce029281967d432c17be9ae79c63b8abfe9f44a8e22827356aefadbb15effc3f.json.gz"",""status"":404}]},{""origin"":""https://github.com/tlocke/pg8000"",""status"":""full"",""visit"":{""origin"":""https://github.com/tlocke/pg8000"",""visit"":86,""date"":""2025-08-28T09:33:05.871000+00:00"",""status"":""full"",""snapshot"":""86189693faa98022d46d83f50a580747a7160b6d"",""type"":""git"",""metadata"":{},""origin_visit_url"":""https://archive.softwareheritage.org/api/1/origin/https://github.com/tlocke/pg8000/visit/86/"",""snapshot_url"":""https://archive.softwareheritage.org/api/1/snapshot/86189693faa98022d46d83f50a580747a7160b6d/""},""evidence"":[{""url"":""https://archive.softwareheritage.org/api/1/origin/https%3A%2F%2Fgithub.com%2Ftlocke%2Fpg8000/visits/?per_page=100"",""fetched_at"":""2026-09-23T15:43:45Z"",""cache_file"":""c07ca27f045737e7bcf809c9119dcdc7b222f21b0a7f8f7ff2f387bad2370842.json.gz"",""status"":200}]},{""origin"":""https://github.com/tlocke/pg8000.git"",""status"":""full"",""visit"":{""origin"":""https://github.com/tlocke/pg8000.git"",""visit"":1,""date"":""2025-08-01T05:23:14.021000+00:00"",""status"":""full"",""snapshot"":""86189693faa98022d46d83f50a580747a7160b6d"",""type"":""git"",""metadata"":{},""origin_visit_url"":""https://archive.softwareheritage.org/api/1/origin/https://github.com/tlocke/pg8000.git/visit/1/"",""snapshot_url"":""https://archive.softwareheritage.org/api/1/snapshot/86189693faa98022d46d83f50a580747a7160b6d/""},""evidence"":[{""url"":""https://archive.softwareheritage.org/api/1/origin/https%3A%2F%2Fgithub.com%2Ftlocke%2Fpg8000.git/visits/?per_page=100"",""fetched_at"":""2026-09-23T15:43:45Z"",""cache_file"":""1e308eb0e1b4dde68aac83ae2fe0facafc2855e2aa760b4d6fff5ecfbd9cc4fe.json.gz"",""status"":200}]}]}"
https://codeberg.org/tlocke/scramp,archived_evidence_found,"[""snapshot""]",snapshot_found,observed,missing,1,1,"{""checked_at"":""2026-09-23T15:43:47Z"",""candidates"":[""https://codeberg.org/tlocke/scramp"",""https://codeberg.org/tlocke/scramp.git"",""https://github.com/cagdass/scrampy"",""https://github.com/cagdass/scrampy.git""],""observations"":[{""origin"":""https://codeberg.org/tlocke/scramp"",""status"":""not_found"",""evidence"":[{""url"":""https://archive.softwareheritage.org/api/1/origin/https%3A%2F%2Fcodeberg.org%2Ftlocke%2Fscramp/visits/?per_page=100"",""fetched_at"":""2026-09-23T15:43:45Z"",""cache_file"":""021524f0166740f3c04e30223c2bea285cb167f78d210f745da9f02a12226758.json.gz"",""status"":404}]},{""origin"":""https://codeberg.org/tlocke/scramp.git"",""status"":""not_found"",""evidence"":[{""url"":""https://archive.softwareheritage.org/api/1/origin/https%3A%2F%2Fcodeberg.org%2Ftlocke%2Fscramp.git/visits/?per_page=100"",""fetched_at"":""2026-09-23T15:43:46Z"",""cache_file"":""2b48ea2a65ec4dd48ab73c7a43ce5357d565b2a261f6fae943db4d1d2d1af5e9.json.gz"",""status"":404}]},{""origin"":""https://github.com/cagdass/scrampy"",""status"":""full"",""visit"":{""origin"":""https://github.com/cagdass/scrampy"",""visit"":6,""date"":""2021-01-23T10:29:14.798000+00:00"",""status"":""full"",""snapshot"":""c8b8625ae228d5aa300d7326f28456e917596330"",""type"":""git"",""metadata"":{},""origin_visit_url"":""https://archive.softwareheritage.org/api/1/origin/https://github.com/cagdass/scrampy/visit/6/"",""snapshot_url"":""https://archive.softwareheritage.org/api/1/snapshot/c8b8625ae228d5aa300d7326f28456e917596330/""},""evidence"":[{""url"":""https://archive.softwareheritage.org/api/1/origin/https%3A%2F%2Fgithub.com%2Fcagdass%2Fscrampy/visits/?per_page=100"",""fetched_at"":""2026-09-23T15:43:46Z"",""cache_file"":""1dc04ea4e2ec632c9563b39506a8e110ba1c171fa64b82b68efdb257ef1d64d3.json.gz"",""status"":200}]},{""origin"":""https://github.com/cagdass/scrampy.git"",""status"":""not_found"",""evidence"":[{""url"":""https://archive.softwareheritage.org/api/1/origin/https%3A%2F%2Fgithub.com%2Fcagdass%2Fscrampy.git/visits/?per_page=100"",""fetched_at"":""2026-09-23T15:43:47Z"",""cache_file"":""fe4da0219b1487db77ad9df8754f23236a0b57aa42790fd8c3a7d86e7bf74664.json.gz"",""status"":404}]}]}"
https://codeberg.org/xsc/lein-ancient,archived_evidence_found,"[""snapshot""]",snapshot_found,observed,missing,1,1,"{""checked_at"":""2026-09-23T15:43:50Z"",""candidates"":[""https://codeberg.org/xsc/lein-ancient"",""https://codeberg.org/xsc/lein-ancient.git"",""https://github.com/xsc/lein-ancient"",""https://github.com/xsc/lein-ancient.git""],""observations"":[{""origin"":""https://codeberg.org/xsc/lein-ancient"",""status"":""not_found"",""evidence"":[{""url"":""https://archive.softwareheritage.org/api/1/origin/https%3A%2F%2Fcodeberg.org%2Fxsc%2Flein-ancient/visits/?per_page=100"",""fetched_at"":""2026-09-23T15:43:48Z"",""cache_file"":""9a6dc715de85a452a60c02170b43b9ec6d9354d15023e2dd2df7a44ec27c1eab.json.gz"",""status"":404}]},{""origin"":""https://codeberg.org/xsc/lein-ancient.git"",""status"":""not_found"",""evidence"":[{""url"":""https://archive.softwareheritage.org/api/1/origin/https%3A%2F%2Fcodeberg.org%2Fxsc%2Flein-ancient.git/visits/?per_page=100"",""fetched_at"":""2026-09-23T15:43:49Z"",""cache_file"":""7d238cfcd2ee42a5cdf7a0d237595bb9078d122838868fa53db313695aee807e.json.gz"",""status"":404}]},{""origin"":""https://github.com/xsc/lein-ancient"",""status"":""full"",""visit"":{""origin"":""https://github.com/xsc/lein-ancient"",""visit"":56,""date"":""2026-08-04T01:25:21.457000+00:00"",""status"":""full"",""snapshot"":""dd1d45d5511da981b2f46f4325be58b46c4b442f"",""type"":""git"",""metadata"":{},""origin_visit_url"":""https://archive.softwareheritage.org/api/1/origin/https://github.com/xsc/lein-ancient/visit/56/"",""snapshot_url"":""https://archive.softwareheritage.org/api/1/snapshot/dd1d45d5511da981b2f46f4325be58b46c4b442f/""},""evidence"":[{""url"":""https://archive.softwareheritage.org/api/1/origin/https%3A%2F%2Fgithub.com%2Fxsc%2Flein-ancient/visits/?per_page=100"",""fetched_at"":""2026-09-23T15:43:49Z"",""cache_file"":""261afa7bf66935466a8a5b4a60260de42082b02dac24f3f04ee394255a6d62de.json.gz"",""status"":200}]},{""origin"":""https://github.com/xsc/lein-ancient.git"",""status"":""not_found"",""evidence"":[{""url"":""https://archive.softwareheritage.org/api/1/origin/https%3A%2F%2Fgithub.com%2Fxsc%2Flein-ancient.git/visits/?per_page=100"",""fetched_at"":""2026-09-23T15:43:50Z"",""cache_file"":""da35643533e380f269fcf25a10768d0f3b7fc72ccf3353a49c69615bf708079d.json.gz"",""status"":404}]}]}"
https://git.rust-bitcoin.org/rust-bitcoin/rust-secp256k1,archived_evidence_found,"[""snapshot""]",snapshot_found,observed,missing,1,1,"{""checked_at"":""2026-09-23T15:44:39Z"",""candidates"":[""https://git.rust-bitcoin.org/apoelstra/bitcoin-secp256k1-rs"",""https://git.rust-bitcoin.org/apoelstra/bitcoin-secp256k1-rs.git"",""https://git.rust-bitcoin.org/rust-bitcoin/rust-secp256k1"",""https://git.rust-bitcoin.org/rust-bitcoin/rust-secp256k1.git"",""https://github.com/rust-bitcoin/rust-secp256k1"",""https://github.com/rust-bitcoin/rust-secp256k1.git""],""observations"":[{""origin"":""https://git.rust-bitcoin.org/apoelstra/bitcoin-secp256k1-rs"",""status"":""not_found"",""evidence"":[{""url"":""https://archive.softwareheritage.org/api/1/origin/https%3A%2F%2Fgit.rust-bitcoin.org%2Fapoelstra%2Fbitcoin-secp256k1-rs/visits/?per_page=100"",""fetched_at"":""2026-09-23T15:44:36Z"",""cache_file"":""96efb1e642be8f9186b8961938d9dffee8760b79314ad3ff915ddefb55a54581.json.gz"",""status"":404}]},{""origin"":""https://git.rust-bitcoin.org/apoelstra/bitcoin-secp256k1-rs.git"",""status"":""not_found"",""evidence"":[{""url"":""https://archive.softwareheritage.org/api/1/origin/https%3A%2F%2Fgit.rust-bitcoin.org%2Fapoelstra%2Fbitcoin-secp256k1-rs.git/visits/?per_page=100"",""fetched_at"":""2026-09-23T15:44:37Z"",""cache_file"":""e168bcaaf90f9d65a28efceb6d4f26dae26adad5dea5448b14ae5b3bf8d986cc.json.gz"",""status"":404}]},{""origin"":""https://git.rust-bitcoin.org/rust-bitcoin/rust-secp256k1"",""status"":""not_found"",""evidence"":[{""url"":""https://archive.softwareheritage.org/api/1/origin/https%3A%2F%2Fgit.rust-bitcoin.org%2Frust-bitcoin%2Frust-secp256k1/visits/?per_page=100"",""fetched_at"":""2026-09-23T15:44:37Z"",""cache_file"":""9e1555d6ea8e4c05ba2628372d3f68769d0571da3404c21f40e0c5b403e19745.json.gz"",""status"":404}]},{""origin"":""https://git.rust-bitcoin.org/rust-bitcoin/rust-secp256k1.git"",""status"":""not_found"",""evidence"":[{""url"":""https://archive.softwareheritage.org/api/1/origin/https%3A%2F%2Fgit.rust-bitcoin.org%2Frust-bitcoin%2Frust-secp256k1.git/visits/?per_page=100"",""fetched_at"":""2026-09-23T15:44:38Z"",""cache_file"":""7ddd6aeb3c46f62ace1c0f81188d631b83a71a2976556e7b0e81568eb5e8f67f.json.gz"",""status"":404}]},{""origin"":""https://github.com/rust-bitcoin/rust-secp256k1"",""status"":""full"",""visit"":{""origin"":""https://github.com/rust-bitcoin/rust-secp256k1"",""visit"":80,""date"":""2026-08-18T11:59:27.323000+00:00"",""status"":""full"",""snapshot"":""2f80227163d255f23a3991b68e287cbe833abc74"",""type"":""git"",""metadata"":{},""origin_visit_url"":""https://archive.softwareheritage.org/api/1/origin/https://github.com/rust-bitcoin/rust-secp256k1/visit/80/"",""snapshot_url"":""https://archive.softwareheritage.org/api/1/snapshot/2f80227163d255f23a3991b68e287cbe833abc74/""},""evidence"":[{""url"":""https://archive.softwareheritage.org/api/1/origin/https%3A%2F%2Fgithub.com%2Frust-bitcoin%2Frust-secp256k1/visits/?per_page=100"",""fetched_at"":""2026-09-23T15:44:38Z"",""cache_file"":""e22610b56fded4caf2883ac5ee1311cdad71168c40e4f9fa8f7848eb925877c4.json.gz"",""status"":200}]},{""origin"":""https://github.com/rust-bitcoin/rust-secp256k1.git"",""status"":""not_found"",""evidence"":[{""url"":""https://archive.softwareheritage.org/api/1/origin/https%3A%2F%2Fgithub.com%2Frust-bitcoin%2Frust-secp256k1.git/visits/?per_page=100"",""fetched_at"":""2026-09-23T15:44:39Z"",""cache_file"":""530a482dd0f39ef53c51ca1b0d5ac274d8640cfb1b1d577e5ee8b0f441ac4306.json.gz"",""status"":404}]}]}"
https://git.singpolyma.net/xml-types-haskell,no_snapshot_at_checked_origins,[],origin_not_found,observed,missing,1,1,"{""checked_at"":""2026-09-23T19:52:50Z"",""candidates"":[""https://git.singpolyma.net/xml-types-haskell"",""https://git.singpolyma.net/xml-types-haskell.git""],""observations"":[{""origin"":""https://git.singpolyma.net/xml-types-haskell"",""status"":""not_found"",""evidence"":[{""url"":""https://archive.softwareheritage.org/api/1/origin/https%3A%2F%2Fgit.singpolyma.net%2Fxml-types-haskell/visits/?per_page=100"",""fetched_at"":""2026-09-23T19:52:50Z"",""cache_file"":""3ce689108453cc0ca1cc9a9daebc6cc974f0a3891f02b4c275f7195d217e1667.json.gz"",""status"":404}]},{""origin"":""https://git.singpolyma.net/xml-types-haskell.git"",""status"":""not_found"",""evidence"":[{""url"":""https://archive.softwareheritage.org/api/1/origin/https%3A%2F%2Fgit.singpolyma.net%2Fxml-types-haskell.git/visits/?per_page=100"",""fetched_at"":""2026-09-23T19:52:50Z"",""cache_file"":""26817e38e5f155d1a5c13b62248b68a07b89b6d9085a98fc0bae436dc6d9feba.json.gz"",""status"":404}]}],""incomplete_reasons"":[]}"
https://github.com/absinthe-graphql/absinthe,archived_evidence_found,"[""snapshot""]",snapshot_found,observed,missing,1,0,"{""checked_at"":""2026-09-23T15:45:37Z"",""candidates"":[""https://github.com/absinthe-graphql/absinthe"",""https://github.com/absinthe-graphql/absinthe.git""],""observations"":[{""origin"":""https://github.com/absinthe-graphql/absinthe"",""status"":""full"",""visit"":{""origin"":""https://github.com/absinthe-graphql/absinthe"",""visit"":209,""date"":""2026-07-26T21:11:09.850000+00:00"",""status"":""full"",""snapshot"":""4d0c34b306a61ce9ac7d839ab1eba8cc75870486"",""type"":""git"",""metadata"":{},""origin_visit_url"":""https://archive.softwareheritage.org/api/1/origin/https://github.com/absinthe-graphql/absinthe/visit/209/"",""snapshot_url"":""https://archive.softwareheritage.org/api/1/snapshot/4d0c34b306a61ce9ac7d839ab1eba8cc75870486/""},""evidence"":[{""url"":""https://archive.softwareheritage.org/api/1/origin/https%3A%2F%2Fgithub.com%2Fabsinthe-graphql%2Fabsinthe/visits/?per_page=100"",""fetched_at"":""2026-09-23T15:45:36Z"",""cache_file"":""9818a272848c95bae3427d7a4acbe64ece47a5bbdf7f920041e7e7adeceabb8b.json.gz"",""status"":200}]},{""origin"":""https://github.com/absinthe-graphql/absinthe.git"",""status"":""not_found"",""evidence"":[{""url"":""https://archive.softwareheritage.org/api/1/origin/https%3A%2F%2Fgithub.com%2Fabsinthe-graphql%2Fabsinthe.git/visits/?per_page=100"",""fetched_at"":""2026-09-23T15:45:37Z"",""cache_file"":""f51207f73c387155f7d4b17d7ab6de8856ad950c626a0d5db387e5de0985b7e5.json.gz"",""status"":404}]}]}"
https://github.com/academysoftwarefoundation/imath,archived_evidence_found,"[""snapshot""]",snapshot_found,observed,missing,1,1,"{""checked_at"":""2026-09-23T19:52:51Z"",""candidates"":[""https://github.com/AcademySoftwareFoundation/Imath"",""https://github.com/AcademySoftwareFoundation/Imath.git"",""https://github.com/academysoftwarefoundation/imath"",""https://github.com/academysoftwarefoundation/imath.git""],""observations"":[{""origin"":""https://github.com/AcademySoftwareFoundation/Imath"",""status"":""full"",""visit"":{""origin"":""https://github.com/AcademySoftwareFoundation/Imath"",""visit"":1575,""date"":""2026-09-23T11:26:09.043000+00:00"",""status"":""full"",""snapshot"":""28e9ad5bbb88f4385e7ac16d706c9524e3b0ad2d"",""type"":""git-checkout"",""metadata"":{},""origin_visit_url"":""https://archive.softwareheritage.org/api/1/origin/https://github.com/AcademySoftwareFoundation/Imath/visit/1575/"",""snapshot_url"":""https://archive.softwareheritage.org/api/1/snapshot/28e9ad5bbb88f4385e7ac16d706c9524e3b0ad2d/""},""evidence"":[{""url"":""https://archive.softwareheritage.org/api/1/origin/https%3A%2F%2Fgithub.com%2FAcademySoftwareFoundation%2FImath/visits/?per_page=100"",""fetched_at"":""2026-09-23T19:52:51Z"",""cache_file"":""a8cd3f9ac43bf09d0204c11c99507af91016d69b967369bbb000b87e6bfcde7e.json.gz"",""status"":200}]}],""incomplete_reasons"":[]}"
https://github.com/activerecord-hackery/ransack,archived_evidence_found,"[""snapshot""]",snapshot_found,observed,missing,1,0,"{""checked_at"":""2026-09-23T15:46:20Z"",""candidates"":[""https://github.com/activerecord-hackery/ransack"",""https://github.com/activerecord-hackery/ransack.git"",""https://github.com/ernie/ransack"",""https://github.com/ernie/ransack.git""],""observations"":[{""origin"":""https://github.com/activerecord-hackery/ransack"",""status"":""full"",""visit"":{""origin"":""https://github.com/activerecord-hackery/ransack"",""visit"":210,""date"":""2026-09-08T17:03:43.730000+00:00"",""status"":""full"",""snapshot"":""b0ad3188d51fde61e2631af81857517881ae3c5a"",""type"":""git"",""metadata"":{},""origin_visit_url"":""https://archive.softwareheritage.org/api/1/origin/https://github.com/activerecord-hackery/ransack/visit/210/"",""snapshot_url"":""https://archive.softwareheritage.org/api/1/snapshot/b0ad3188d51fde61e2631af81857517881ae3c5a/""},""evidence"":[{""url"":""https://archive.softwareheritage.org/api/1/origin/https%3A%2F%2Fgithub.com%2Factiverecord-hackery%2Fransack/visits/?per_page=100"",""fetched_at"":""2026-09-23T15:46:19Z"",""cache_file"":""7fb04224c4139c7c460255bf24f277460101cfb0c3ee8aa4dbb136dd8f9cded8.json.gz"",""status"":200}]},{""origin"":""https://github.com/activerecord-hackery/ransack.git"",""status"":""not_found"",""evidence"":[{""url"":""https://archive.softwareheritage.org/api/1/origin/https%3A%2F%2Fgithub.com%2Factiverecord-hackery%2Fransack.git/visits/?per_page=100"",""fetched_at"":""2026-09-23T15:46:19Z"",""cache_file"":""a5bb92f9a7e8b5fab599da12e75a807f4554eed6e3e4c66ce1f766e559d021c6.json.gz"",""status"":404}]},{""origin"":""https://github.com/ernie/ransack"",""status"":""not_found"",""evidence"":[{""url"":""https://archive.softwareheritage.org/api/1/origin/https%3A%2F%2Fgithub.com%2Fernie%2Fransack/visits/?per_page=100"",""fetched_at"":""2026-09-23T15:46:20Z"",""cache_file"":""f0e0f4412d581f7ab2b78d8fe6d0810283b9bfb0c1f5817f1d17041924344e02.json.gz"",""status"":404}]},{""origin"":""https://github.com/ernie/ransack.git"",""status"":""not_found"",""evidence"":[{""url"":""https://archive.softwareheritage.org/api/1/origin/https%3A%2F%2Fgithub.com%2Fernie%2Fransack.git/visits/?per_page=100"",""fetched_at"":""2026-09-23T15:46:20Z"",""cache_file"":""d21280680ed519ee63628d2d511fc2837d031923b7d5700bf3db476ef402419e.json.gz"",""status"":404}]}]}"
https://github.com/adamchainz/time-machine,archived_evidence_found,"[""snapshot""]",snapshot_found,observed,missing,1,1,"{""checked_at"":""2026-09-23T15:46:30Z"",""candidates"":[""https://github.com/adamchainz/time-machine"",""https://github.com/adamchainz/time-machine.git""],""observations"":[{""origin"":""https://github.com/adamchainz/time-machine"",""status"":""full"",""visit"":{""origin"":""https://github.com/adamchainz/time-machine"",""visit"":248,""date"":""2026-09-23T13:21:54.541000+00:00"",""status"":""full"",""snapshot"":""c9b3a1e4febdf36137690eac8f5417ab32019240"",""type"":""git-checkout"",""metadata"":{},""origin_visit_url"":""https://archive.softwareheritage.org/api/1/origin/https://github.com/adamchainz/time-machine/visit/248/"",""snapshot_url"":""https://archive.softwareheritage.org/api/1/snapshot/c9b3a1e4febdf36137690eac8f5417ab32019240/""},""evidence"":[{""url"":""https://archive.softwareheritage.org/api/1/origin/https%3A%2F%2Fgithub.com%2Fadamchainz%2Ftime-machine/visits/?per_page=100"",""fetched_at"":""2026-09-23T15:46:30Z"",""cache_file"":""214dea48092836df3451812cd602a6c2c03731452a160836e36c304af8949c15.json.gz"",""status"":200}]},{""origin"":""https://github.com/adamchainz/time-machine.git"",""status"":""not_found"",""evidence"":[{""url"":""https://archive.softwareheritage.org/api/1/origin/https%3A%2F%2Fgithub.com%2Fadamchainz%2Ftime-machine.git/visits/?per_page=100"",""fetched_at"":""2026-09-23T15:46:30Z"",""cache_file"":""571633be0f60b7f590966525f32a999021f1b0cec5a0039c40f675f0677be8df.json.gz"",""status"":404}]}]}"
https://github.com/agronholm/typeguard,archived_evidence_found,"[""snapshot""]",snapshot_found,observed,missing,1,0,"{""checked_at"":""2026-09-23T15:46:43Z"",""candidates"":[""https://github.com/agronholm/typeguard"",""https://github.com/agronholm/typeguard.git""],""observations"":[{""origin"":""https://github.com/agronholm/typeguard"",""status"":""full"",""visit"":{""origin"":""https://github.com/agronholm/typeguard"",""visit"":128,""date"":""2026-07-04T22:16:23.200000+00:00"",""status"":""full"",""snapshot"":""a8d85fff1e901bf4ec41ce66e44bb498d6de8089"",""type"":""git"",""metadata"":{},""origin_visit_url"":""https://archive.softwareheritage.org/api/1/origin/https://github.com/agronholm/typeguard/visit/128/"",""snapshot_url"":""https://archive.softwareheritage.org/api/1/snapshot/a8d85fff1e901bf4ec41ce66e44bb498d6de8089/""},""evidence"":[{""url"":""https://archive.softwareheritage.org/api/1/origin/https%3A%2F%2Fgithub.com%2Fagronholm%2Ftypeguard/visits/?per_page=100"",""fetched_at"":""2026-09-23T15:46:43Z"",""cache_file"":""eecb08199f8112439980dd9e79c218e5b1ae8d88194c7639cb41b11fb3f3c366.json.gz"",""status"":200}]},{""origin"":""https://github.com/agronholm/typeguard.git"",""status"":""full"",""visit"":{""origin"":""https://github.com/agronholm/typeguard.git"",""visit"":1,""date"":""2025-07-30T18:08:11.511000+00:00"",""status"":""full"",""snapshot"":""e3c4e8373d16cc87fde7c1ebd9d7b816158bb6c5"",""type"":""git"",""metadata"":{},""origin_visit_url"":""https://archive.softwareheritage.org/api/1/origin/https://github.com/agronholm/typeguard.git/visit/1/"",""snapshot_url"":""https://archive.softwareheritage.org/api/1/snapshot/e3c4e8373d16cc87fde7c1ebd9d7b816158bb6c5/""},""evidence"":[{""url"":""https://archive.softwareheritage.org/api/1/origin/https%3A%2F%2Fgithub.com%2Fagronholm%2Ftypeguard.git/visits/?per_page=100"",""fetched_at"":""2026-09-23T15:46:43Z"",""cache_file"":""24c82653b4c55eb33483ef71761a8111bd4e8b3368d56f3eeb98baf7761645dd.json.gz"",""status"":200}]}]}"
https://github.com/aio-libs/multidict,archived_evidence_found,"[""snapshot"",""tag_target_revision"",""annotated_release""]",snapshot_found,observed,missing,1,1,"{""checked_at"":""2026-09-23T15:47:06Z"",""candidates"":[""https://github.com/aio-libs/multidict"",""https://github.com/aio-libs/multidict.git""],""observations"":[{""origin"":""https://github.com/aio-libs/multidict"",""status"":""full"",""visit"":{""origin"":""https://github.com/aio-libs/multidict"",""visit"":158,""date"":""2026-09-14T03:05:17.288000+00:00"",""status"":""full"",""snapshot"":""7364cad4a8dd5a0925c60dcd4081560c8c532516"",""type"":""git"",""metadata"":{},""origin_visit_url"":""https://archive.softwareheritage.org/api/1/origin/https://github.com/aio-libs/multidict/visit/158/"",""snapshot_url"":""https://archive.softwareheritage.org/api/1/snapshot/7364cad4a8dd5a0925c60dcd4081560c8c532516/""},""evidence"":[{""url"":""https://archive.softwareheritage.org/api/1/origin/https%3A%2F%2Fgithub.com%2Faio-libs%2Fmultidict/visits/?per_page=100"",""fetched_at"":""2026-09-23T15:47:06Z"",""cache_file"":""7701d1e2169e4b2a6d93e2c1cdd456269d4c6726491432303a243bb29dbd2ce5.json.gz"",""status"":200}]},{""origin"":""https://github.com/aio-libs/multidict.git"",""status"":""full"",""visit"":{""origin"":""https://github.com/aio-libs/multidict.git"",""visit"":1,""date"":""2025-02-01T22:38:33.887000+00:00"",""status"":""full"",""snapshot"":""be44b9f2ebe01d9fc7b35f2f083ccc8eaa0b04b5"",""type"":""git"",""metadata"":{},""origin_visit_url"":""https://archive.softwareheritage.org/api/1/origin/https://github.com/aio-libs/multidict.git/visit/1/"",""snapshot_url"":""https://archive.softwareheritage.org/api/1/snapshot/be44b9f2ebe01d9fc7b35f2f083ccc8eaa0b04b5/""},""evidence"":[{""url"":""https://archive.softwareheritage.org/api/1/origin/https%3A%2F%2Fgithub.com%2Faio-libs%2Fmultidict.git/visits/?per_page=100"",""fetched_at"":""2026-09-23T15:47:06Z"",""cache_file"":""1e9b5bf5f27456883b9bd460a977148b5e1c7a85fd9a5bc6044946851e0a62b3.json.gz"",""status"":200}]}]}"
https://github.com/alphagov/notifications-node-client,archived_evidence_found,"[""snapshot"",""head"",""tag_target_revision""]",snapshot_found,observed,present,0,1,"{""checked_at"":""2026-09-23T15:48:19Z"",""candidates"":[""https://github.com/alphagov/notifications-node-client"",""https://github.com/alphagov/notifications-node-client.git""],""observations"":[{""origin"":""https://github.com/alphagov/notifications-node-client"",""status"":""full"",""visit"":{""origin"":""https://github.com/alphagov/notifications-node-client"",""visit"":57,""date"":""2026-08-15T15:09:39.059000+00:00"",""status"":""full"",""snapshot"":""4a1005512c866d6347bf5d863c8c55c8523d38ee"",""type"":""git"",""metadata"":{},""origin_visit_url"":""https://archive.softwareheritage.org/api/1/origin/https://github.com/alphagov/notifications-node-client/visit/57/"",""snapshot_url"":""https://archive.softwareheritage.org/api/1/snapshot/4a1005512c866d6347bf5d863c8c55c8523d38ee/""},""evidence"":[{""url"":""https://archive.softwareheritage.org/api/1/origin/https%3A%2F%2Fgithub.com%2Falphagov%2Fnotifications-node-client/visits/?per_page=100"",""fetched_at"":""2026-09-23T15:48:19Z"",""cache_file"":""5908913fb5e4397459d377ba3395ee1927964d9581dfaf5e6f41e7decb62d829.json.gz"",""status"":200}]},{""origin"":""https://github.com/alphagov/notifications-node-client.git"",""status"":""full"",""visit"":{""origin"":""https://github.com/alphagov/notifications-node-client.git"",""visit"":2,""date"":""2025-02-05T19:36:52.482000+00:00"",""status"":""full"",""snapshot"":""c616ce1d3d92fd50ee5b17f4b9e271b3a44ddd9c"",""type"":""git"",""metadata"":{},""origin_visit_url"":""https://archive.softwareheritage.org/api/1/origin/https://github.com/alphagov/notifications-node-client.git/visit/2/"",""snapshot_url"":""https://archive.softwareheritage.org/api/1/snapshot/c616ce1d3d92fd50ee5b17f4b9e271b3a44ddd9c/""},""evidence"":[{""url"":""https://archive.softwareheritage.org/api/1/origin/https%3A%2F%2Fgithub.com%2Falphagov%2Fnotifications-node-client.git/visits/?per_page=100"",""fetched_at"":""2026-09-23T15:48:19Z"",""cache_file"":""776926e615fa976f5e3b0c900f2c2646aa0a4b9e16efaa22925215a27b4e2df4.json.gz"",""status"":200}]}]}"
https://github.com/ammar/regexp_parser,archived_evidence_found,"[""snapshot""]",snapshot_found,observed,missing,1,1,"{""checked_at"":""2026-09-23T15:48:31Z"",""candidates"":[""https://github.com/ammar/regexp_parser"",""https://github.com/ammar/regexp_parser.git""],""observations"":[{""origin"":""https://github.com/ammar/regexp_parser"",""status"":""full"",""visit"":{""origin"":""https://github.com/ammar/regexp_parser"",""visit"":1629,""date"":""2026-09-23T11:25:53.910000+00:00"",""status"":""full"",""snapshot"":""e410850e125148e65dbb58c8cf0b2ee2af441167"",""type"":""git-checkout"",""metadata"":{},""origin_visit_url"":""https://archive.softwareheritage.org/api/1/origin/https://github.com/ammar/regexp_parser/visit/1629/"",""snapshot_url"":""https://archive.softwareheritage.org/api/1/snapshot/e410850e125148e65dbb58c8cf0b2ee2af441167/""},""evidence"":[{""url"":""https://archive.softwareheritage.org/api/1/origin/https%3A%2F%2Fgithub.com%2Fammar%2Fregexp_parser/visits/?per_page=100"",""fetched_at"":""2026-09-23T15:48:30Z"",""cache_file"":""20ff27664b47e8a81f2a5a9a974559bcbed63a66b766a5ee9e4abab1990a3244.json.gz"",""status"":200}]},{""origin"":""https://github.com/ammar/regexp_parser.git"",""status"":""full"",""visit"":{""origin"":""https://github.com/ammar/regexp_parser.git"",""visit"":1,""date"":""2020-07-15T06:31:46.416000+00:00"",""status"":""full"",""snapshot"":""079f5bd882f3a25c53edb441d4bfd91bdbd53443"",""type"":""git"",""metadata"":{},""origin_visit_url"":""https://archive.softwareheritage.org/api/1/origin/https://github.com/ammar/regexp_parser.git/visit/1/"",""snapshot_url"":""https://archive.softwareheritage.org/api/1/snapshot/079f5bd882f3a25c53edb441d4bfd91bdbd53443/""},""evidence"":[{""url"":""https://archive.softwareheritage.org/api/1/origin/https%3A%2F%2Fgithub.com%2Fammar%2Fregexp_parser.git/visits/?per_page=100"",""fetched_at"":""2026-09-23T15:48:31Z"",""cache_file"":""fec1405f5b20d8bf79b8e883d29b9dccfb2247df1afdee27e135cfe2376bb672.json.gz"",""status"":200}]}]}"
https://github.com/andialbrecht/sqlparse,archived_evidence_found,"[""snapshot""]",snapshot_found,observed,missing,1,1,"{""checked_at"":""2026-09-23T15:48:42Z"",""candidates"":[""https://github.com/andialbrecht/sqlparse"",""https://github.com/andialbrecht/sqlparse.git""],""observations"":[{""origin"":""https://github.com/andialbrecht/sqlparse"",""status"":""full"",""visit"":{""origin"":""https://github.com/andialbrecht/sqlparse"",""visit"":149,""date"":""2026-08-10T04:16:19.380000+00:00"",""status"":""full"",""snapshot"":""d6feaf256ece3dfb01001f2f0420766e892b98be"",""type"":""git"",""metadata"":{},""origin_visit_url"":""https://archive.softwareheritage.org/api/1/origin/https://github.com/andialbrecht/sqlparse/visit/149/"",""snapshot_url"":""https://archive.softwareheritage.org/api/1/snapshot/d6feaf256ece3dfb01001f2f0420766e892b98be/""},""evidence"":[{""url"":""https://archive.softwareheritage.org/api/1/origin/https%3A%2F%2Fgithub.com%2Fandialbrecht%2Fsqlparse/visits/?per_page=100"",""fetched_at"":""2026-09-23T15:48:41Z"",""cache_file"":""4edd0caa3537d76f8d766e9463048f39f26ce15a3851c796aefde2ec229038b3.json.gz"",""status"":200}]},{""origin"":""https://github.com/andialbrecht/sqlparse.git"",""status"":""not_found"",""evidence"":[{""url"":""https://archive.softwareheritage.org/api/1/origin/https%3A%2F%2Fgithub.com%2Fandialbrecht%2Fsqlparse.git/visits/?per_page=100"",""fetched_at"":""2026-09-23T15:48:42Z"",""cache_file"":""225a982e831ba1e92fc499fe869b85b8830dafca8e2ce4d4d2234054c854d8d1.json.gz"",""status"":404}]}]}"
https://github.com/andybalholm/brotli,archived_evidence_found,"[""snapshot""]",snapshot_found,observed,missing,1,0,"{""checked_at"":""2026-09-23T15:48:50Z"",""candidates"":[""https://github.com/andybalholm/brotli"",""https://github.com/andybalholm/brotli.git""],""observations"":[{""origin"":""https://github.com/andybalholm/brotli"",""status"":""full"",""visit"":{""origin"":""https://github.com/andybalholm/brotli"",""visit"":1634,""date"":""2026-09-15T22:14:43.986000+00:00"",""status"":""full"",""snapshot"":""fa453395041b0ea18d30410650a37e76e51a200a"",""type"":""git-checkout"",""metadata"":{},""origin_visit_url"":""https://archive.softwareheritage.org/api/1/origin/https://github.com/andybalholm/brotli/visit/1634/"",""snapshot_url"":""https://archive.softwareheritage.org/api/1/snapshot/fa453395041b0ea18d30410650a37e76e51a200a/""},""evidence"":[{""url"":""https://archive.softwareheritage.org/api/1/origin/https%3A%2F%2Fgithub.com%2Fandybalholm%2Fbrotli/visits/?per_page=100"",""fetched_at"":""2026-09-23T15:48:50Z"",""cache_file"":""aa92ded3fdf67a6c754edcd03f67e1954ceb60f22e7c378a25490d4058b87c28.json.gz"",""status"":200}]},{""origin"":""https://github.com/andybalholm/brotli.git"",""status"":""not_found"",""evidence"":[{""url"":""https://archive.softwareheritage.org/api/1/origin/https%3A%2F%2Fgithub.com%2Fandybalholm%2Fbrotli.git/visits/?per_page=100"",""fetched_at"":""2026-09-23T15:48:50Z"",""cache_file"":""07459d7f48995bf6492b0d481657b4e7d892088c6786b576c0e791f4f318cd18.json.gz"",""status"":404}]}]}"
https://github.com/antfu-collective/local-pkg,archived_evidence_found,"[""snapshot""]",snapshot_found,observed,missing,1,1,"{""checked_at"":""2026-09-23T15:49:21Z"",""candidates"":[""https://github.com/antfu-collective/local-pkg"",""https://github.com/antfu-collective/local-pkg.git""],""observations"":[{""origin"":""https://github.com/antfu-collective/local-pkg"",""status"":""full"",""visit"":{""origin"":""https://github.com/antfu-collective/local-pkg"",""visit"":2,""date"":""2025-09-16T06:40:41.081000+00:00"",""status"":""full"",""snapshot"":""134e6a9de36d76ba42793cd615c51ac4b46a1318"",""type"":""git"",""metadata"":{},""origin_visit_url"":""https://archive.softwareheritage.org/api/1/origin/https://github.com/antfu-collective/local-pkg/visit/2/"",""snapshot_url"":""https://archive.softwareheritage.org/api/1/snapshot/134e6a9de36d76ba42793cd615c51ac4b46a1318/""},""evidence"":[{""url"":""https://archive.softwareheritage.org/api/1/origin/https%3A%2F%2Fgithub.com%2Fantfu-collective%2Flocal-pkg/visits/?per_page=100"",""fetched_at"":""2026-09-23T15:49:21Z"",""cache_file"":""8ed7f190b65ae295c57079f06d56911156a43252efc3eed66da3e3d3f03972ce.json.gz"",""status"":200}]},{""origin"":""https://github.com/antfu-collective/local-pkg.git"",""status"":""not_found"",""evidence"":[{""url"":""https://archive.softwareheritage.org/api/1/origin/https%3A%2F%2Fgithub.com%2Fantfu-collective%2Flocal-pkg.git/visits/?per_page=100"",""fetched_at"":""2026-09-23T15:49:21Z"",""cache_file"":""832175b824519723d63c51dd45152c81c0a5ee45ba04f5f6d11bab1b0e07242e.json.gz"",""status"":404}]}]}"
https://github.com/apache/airflow,archived_evidence_found,"[""snapshot"",""tag_target_revision"",""annotated_release""]",snapshot_found,observed,missing,0,1,"{""checked_at"":""2026-09-23T15:49:37Z"",""candidates"":[""https://github.com/airbnb/airflow"",""https://github.com/airbnb/airflow.git"",""https://github.com/apache/airflow"",""https://github.com/apache/airflow.git"",""https://github.com/apache/incubator-airflow"",""https://github.com/apache/incubator-airflow.git"",""https://github.com/mistercrunch/airflow"",""https://github.com/mistercrunch/airflow.git""],""observations"":[{""origin"":""https://github.com/airbnb/airflow"",""status"":""not_found"",""evidence"":[{""url"":""https://archive.softwareheritage.org/api/1/origin/https%3A%2F%2Fgithub.com%2Fairbnb%2Fairflow/visits/?per_page=100"",""fetched_at"":""2026-09-23T15:49:33Z"",""cache_file"":""554e2a031d3bb0da54919bdccd6105bad5dfed416e773357020020d135de0025.json.gz"",""status"":404}]},{""origin"":""https://github.com/airbnb/airflow.git"",""status"":""not_found"",""evidence"":[{""url"":""https://archive.softwareheritage.org/api/1/origin/https%3A%2F%2Fgithub.com%2Fairbnb%2Fairflow.git/visits/?per_page=100"",""fetched_at"":""2026-09-23T15:49:34Z"",""cache_file"":""dec7b7d1cd2b2d7a6e164235b0dc387eddf4936cc3b6fb508bd5640888314d5f.json.gz"",""status"":404}]},{""origin"":""https://github.com/apache/airflow"",""status"":""full"",""visit"":{""origin"":""https://github.com/apache/airflow"",""visit"":199,""date"":""2026-09-15T01:47:40.414000+00:00"",""status"":""full"",""snapshot"":""af70bd9c6e52a6d6cc88320e0c6871fb35dbd336"",""type"":""git"",""metadata"":{},""origin_visit_url"":""https://archive.softwareheritage.org/api/1/origin/https://github.com/apache/airflow/visit/199/"",""snapshot_url"":""https://archive.softwareheritage.org/api/1/snapshot/af70bd9c6e52a6d6cc88320e0c6871fb35dbd336/""},""evidence"":[{""url"":""https://archive.softwareheritage.org/api/1/origin/https%3A%2F%2Fgithub.com%2Fapache%2Fairflow/visits/?per_page=100"",""fetched_at"":""2026-09-23T15:49:34Z"",""cache_file"":""50cafdc9d85427a0c47c04eae1a91b65903cd3ecd7b5da665d923a5d859c5cad.json.gz"",""status"":200}]},{""origin"":""https://github.com/apache/airflow.git"",""status"":""full"",""visit"":{""origin"":""https://github.com/apache/airflow.git"",""visit"":2,""date"":""2026-01-16T22:37:35.023000+00:00"",""status"":""full"",""snapshot"":""f2fb36428efd9e3fedfc530271a214b62cbc71c0"",""type"":""git"",""metadata"":{},""origin_visit_url"":""https://archive.softwareheritage.org/api/1/origin/https://github.com/apache/airflow.git/visit/2/"",""snapshot_url"":""https://archive.softwareheritage.org/api/1/snapshot/f2fb36428efd9e3fedfc530271a214b62cbc71c0/""},""evidence"":[{""url"":""https://archive.softwareheritage.org/api/1/origin/https%3A%2F%2Fgithub.com%2Fapache%2Fairflow.git/visits/?per_page=100"",""fetched_at"":""2026-09-23T15:49:35Z"",""cache_file"":""301f025bdbcc8641e806fb2cd2528925aed8422bb6a77de78f8d4094e453f3cc.json.gz"",""status"":200}]},{""origin"":""https://github.com/apache/incubator-airflow"",""status"":""full"",""visit"":{""origin"":""https://github.com/apache/incubator-airflow"",""visit"":34,""date"":""2024-04-06T01:46:39.196000+00:00"",""status"":""full"",""snapshot"":""0789513735987380a5480880f4d61f2d5d66002d"",""type"":""git"",""metadata"":{},""origin_visit_url"":""https://archive.softwareheritage.org/api/1/origin/https://github.com/apache/incubator-airflow/visit/34/"",""snapshot_url"":""https://archive.softwareheritage.org/api/1/snapshot/0789513735987380a5480880f4d61f2d5d66002d/""},""evidence"":[{""url"":""https://archive.softwareheritage.org/api/1/origin/https%3A%2F%2Fgithub.com%2Fapache%2Fincubator-airflow/visits/?per_page=100"",""fetched_at"":""2026-09-23T15:49:35Z"",""cache_file"":""e9784876652bac36fd2099df1893062a2d3b52afa4ae12b0be824e0c299e8b79.json.gz"",""status"":200}]},{""origin"":""https://github.com/apache/incubator-airflow.git"",""status"":""not_found"",""evidence"":[{""url"":""https://archive.softwareheritage.org/api/1/origin/https%3A%2F%2Fgithub.com%2Fapache%2Fincubator-airflow.git/visits/?per_page=100"",""fetched_at"":""2026-09-23T15:49:36Z"",""cache_file"":""ceea810e9ef152959b6a34a90462698f75f59260e0fb297ce0bda5c2208cb72c.json.gz"",""status"":404}]},{""origin"":""https://github.com/mistercrunch/airflow"",""status"":""not_found"",""evidence"":[{""url"":""https://archive.softwareheritage.org/api/1/origin/https%3A%2F%2Fgithub.com%2Fmistercrunch%2Fairflow/visits/?per_page=100"",""fetched_at"":""2026-09-23T15:49:36Z"",""cache_file"":""91fe3900da4cfcd705a15087b3a6285330db4dc8d7ba420411db71d1ff119383.json.gz"",""status"":404}]},{""origin"":""https://github.com/mistercrunch/airflow.git"",""status"":""not_found"",""evidence"":[{""url"":""https://archive.softwareheritage.org/api/1/origin/https%3A%2F%2Fgithub.com%2Fmistercrunch%2Fairflow.git/visits/?per_page=100"",""fetched_at"":""2026-09-23T15:49:37Z"",""cache_file"":""8d9e180e5209268e07f5d29007dcae70ddd0585855fdaa82887fe29bb12df421.json.gz"",""status"":404}]}]}"
https://github.com/app-vnext/polly,archived_evidence_found,"[""snapshot""]",snapshot_found,observed,missing,1,0,"{""checked_at"":""2026-09-23T15:50:14Z"",""candidates"":[""https://github.com/App-vNext/Polly"",""https://github.com/App-vNext/Polly.git"",""https://github.com/app-vnext/polly"",""https://github.com/app-vnext/polly.git""],""observations"":[{""origin"":""https://github.com/App-vNext/Polly"",""status"":""full"",""visit"":{""origin"":""https://github.com/App-vNext/Polly"",""visit"":204,""date"":""2026-08-22T08:42:07.989000+00:00"",""status"":""full"",""snapshot"":""4ae656233ab68c47edfbe84dd7d603c5cd924de2"",""type"":""git"",""metadata"":{},""origin_visit_url"":""https://archive.softwareheritage.org/api/1/origin/https://github.com/App-vNext/Polly/visit/204/"",""snapshot_url"":""https://archive.softwareheritage.org/api/1/snapshot/4ae656233ab68c47edfbe84dd7d603c5cd924de2/""},""evidence"":[{""url"":""https://archive.softwareheritage.org/api/1/origin/https%3A%2F%2Fgithub.com%2FApp-vNext%2FPolly/visits/?per_page=100"",""fetched_at"":""2026-09-23T15:50:12Z"",""cache_file"":""e7fbf29708aa1ad1fed80840ac31ee1a227370c4eb7613dd0ea2570d48e1fe52.json.gz"",""status"":200}]},{""origin"":""https://github.com/App-vNext/Polly.git"",""status"":""full"",""visit"":{""origin"":""https://github.com/App-vNext/Polly.git"",""visit"":1,""date"":""2026-08-19T12:14:29.256000+00:00"",""status"":""full"",""snapshot"":""72c3b15632a8cd13a8132bd5d5bd0a0fee25d677"",""type"":""git"",""metadata"":{},""origin_visit_url"":""https://archive.softwareheritage.org/api/1/origin/https://github.com/App-vNext/Polly.git/visit/1/"",""snapshot_url"":""https://archive.softwareheritage.org/api/1/snapshot/72c3b15632a8cd13a8132bd5d5bd0a0fee25d677/""},""evidence"":[{""url"":""https://archive.softwareheritage.org/api/1/origin/https%3A%2F%2Fgithub.com%2FApp-vNext%2FPolly.git/visits/?per_page=100"",""fetched_at"":""2026-09-23T15:50:13Z"",""cache_file"":""0ee0711f8b2300808d700cbaa73fbcf11594392fbf6a4ae382a070c5d7a81ccd.json.gz"",""status"":200}]},{""origin"":""https://github.com/app-vnext/polly"",""status"":""not_found"",""evidence"":[{""url"":""https://archive.softwareheritage.org/api/1/origin/https%3A%2F%2Fgithub.com%2Fapp-vnext%2Fpolly/visits/?per_page=100"",""fetched_at"":""2026-09-23T15:50:13Z"",""cache_file"":""fe18ba45d6e8c43b92e119c16da93dad882045f11805ae8d48cfe9a60db6347a.json.gz"",""status"":404}]},{""origin"":""https://github.com/app-vnext/polly.git"",""status"":""not_found"",""evidence"":[{""url"":""https://archive.softwareheritage.org/api/1/origin/https%3A%2F%2Fgithub.com%2Fapp-vnext%2Fpolly.git/visits/?per_page=100"",""fetched_at"":""2026-09-23T15:50:14Z"",""cache_file"":""615dc807ef46134623f48e5ef83e420ce515cc9abe6cd0beb2f0fe926527867d.json.gz"",""status"":404}]}]}"
https://github.com/apple/swift-nio,archived_evidence_found,"[""snapshot""]",snapshot_found,observed,missing,1,0,"{""checked_at"":""2026-09-23T15:50:28Z"",""candidates"":[""https://github.com/apple/swift-nio"",""https://github.com/apple/swift-nio.git""],""observations"":[{""origin"":""https://github.com/apple/swift-nio"",""status"":""full"",""visit"":{""origin"":""https://github.com/apple/swift-nio"",""visit"":182,""date"":""2026-09-01T16:49:27.347000+00:00"",""status"":""full"",""snapshot"":""f2394a782d9a8a635e8212d4c86b4409804f5b1a"",""type"":""git"",""metadata"":{},""origin_visit_url"":""https://archive.softwareheritage.org/api/1/origin/https://github.com/apple/swift-nio/visit/182/"",""snapshot_url"":""https://archive.softwareheritage.org/api/1/snapshot/f2394a782d9a8a635e8212d4c86b4409804f5b1a/""},""evidence"":[{""url"":""https://archive.softwareheritage.org/api/1/origin/https%3A%2F%2Fgithub.com%2Fapple%2Fswift-nio/visits/?per_page=100"",""fetched_at"":""2026-09-23T15:50:28Z"",""cache_file"":""48877a3a9703584a9138e49b4cb02a77b57f345ade3c6361a680a31d8fef1613.json.gz"",""status"":200}]},{""origin"":""https://github.com/apple/swift-nio.git"",""status"":""full"",""visit"":{""origin"":""https://github.com/apple/swift-nio.git"",""visit"":1,""date"":""2025-06-06T00:08:30.086000+00:00"",""status"":""full"",""snapshot"":""976f187937d272e11fa2c648b3c78384d2d3dc9b"",""type"":""git"",""metadata"":{},""origin_visit_url"":""https://archive.softwareheritage.org/api/1/origin/https://github.com/apple/swift-nio.git/visit/1/"",""snapshot_url"":""https://archive.softwareheritage.org/api/1/snapshot/976f187937d272e11fa2c648b3c78384d2d3dc9b/""},""evidence"":[{""url"":""https://archive.softwareheritage.org/api/1/origin/https%3A%2F%2Fgithub.com%2Fapple%2Fswift-nio.git/visits/?per_page=100"",""fetched_at"":""2026-09-23T15:50:28Z"",""cache_file"":""eb07095c2756487cca4f43d8b87e96f2e2cd7c1a7a5f0ebfc983ccd175046f47.json.gz"",""status"":200}]}]}"
https://github.com/ardatan/graphql-tools,archived_evidence_found,"[""snapshot""]",snapshot_found,observed,missing,1,1,"{""checked_at"":""2026-09-23T19:52:52Z"",""candidates"":[""https://github.com/apollographql/graphql-tools"",""https://github.com/apollographql/graphql-tools.git"",""https://github.com/apollostack/apollo-proxy"",""https://github.com/apollostack/apollo-proxy.git"",""https://github.com/apollostack/graphql-tools"",""https://github.com/apollostack/graphql-tools.git"",""https://github.com/ardatan/graphql-tools"",""https://github.com/ardatan/graphql-tools.git""],""observations"":[{""origin"":""https://github.com/apollographql/graphql-tools"",""status"":""full"",""visit"":{""origin"":""https://github.com/apollographql/graphql-tools"",""visit"":6,""date"":""2026-01-29T21:43:12.863000+00:00"",""status"":""full"",""snapshot"":""2d9ec9f93e3c2d67a7d33137c00edccc4a0cc07d"",""type"":""git"",""metadata"":{},""origin_visit_url"":""https://archive.softwareheritage.org/api/1/origin/https://github.com/apollographql/graphql-tools/visit/6/"",""snapshot_url"":""https://archive.softwareheritage.org/api/1/snapshot/2d9ec9f93e3c2d67a7d33137c00edccc4a0cc07d/""},""evidence"":[{""url"":""https://archive.softwareheritage.org/api/1/origin/https%3A%2F%2Fgithub.com%2Fapollographql%2Fgraphql-tools/visits/?per_page=100"",""fetched_at"":""2026-09-23T19:52:52Z"",""cache_file"":""2f59bab7ffba1a950079ec1248fab182a629e7cedc7e93293d30dba588019c68.json.gz"",""status"":200}]}],""incomplete_reasons"":[]}"
https://github.com/arkadiyt/ssrf_filter,archived_evidence_found,"[""snapshot""]",snapshot_found,observed,missing,1,0,"{""checked_at"":""2026-09-23T19:52:53Z"",""candidates"":[""https://github.com/arkadiyt/ssrf_filter"",""https://github.com/arkadiyt/ssrf_filter.git""],""observations"":[{""origin"":""https://github.com/arkadiyt/ssrf_filter"",""status"":""full"",""visit"":{""origin"":""https://github.com/arkadiyt/ssrf_filter"",""visit"":23,""date"":""2026-07-09T13:28:19.923000+00:00"",""status"":""full"",""snapshot"":""7a05aeaea5ab85c5e6892fd72583c0432e5198f8"",""type"":""git"",""metadata"":{},""origin_visit_url"":""https://archive.softwareheritage.org/api/1/origin/https://github.com/arkadiyt/ssrf_filter/visit/23/"",""snapshot_url"":""https://archive.softwareheritage.org/api/1/snapshot/7a05aeaea5ab85c5e6892fd72583c0432e5198f8/""},""evidence"":[{""url"":""https://archive.softwareheritage.org/api/1/origin/https%3A%2F%2Fgithub.com%2Farkadiyt%2Fssrf_filter/visits/?per_page=100"",""fetched_at"":""2026-09-23T19:52:53Z"",""cache_file"":""557a7fd88f1905c74e1de4ac0200868b8874a638702aa9830a1f2cc0c1d9f7d1.json.gz"",""status"":200}]}],""incomplete_reasons"":[]}"
https://github.com/auth0/java-jwt,archived_evidence_found,"[""snapshot""]",snapshot_found,observed,missing,1,0,"{""checked_at"":""2026-09-23T19:52:54Z"",""candidates"":[""https://github.com/auth0/java-jwt"",""https://github.com/auth0/java-jwt.git""],""observations"":[{""origin"":""https://github.com/auth0/java-jwt"",""status"":""full"",""visit"":{""origin"":""https://github.com/auth0/java-jwt"",""visit"":155,""date"":""2026-09-02T04:09:30.311000+00:00"",""status"":""full"",""snapshot"":""c098a4c8af5efcf591db1c957fe94ee82408eb3b"",""type"":""git"",""metadata"":{},""origin_visit_url"":""https://archive.softwareheritage.org/api/1/origin/https://github.com/auth0/java-jwt/visit/155/"",""snapshot_url"":""https://archive.softwareheritage.org/api/1/snapshot/c098a4c8af5efcf591db1c957fe94ee82408eb3b/""},""evidence"":[{""url"":""https://archive.softwareheritage.org/api/1/origin/https%3A%2F%2Fgithub.com%2Fauth0%2Fjava-jwt/visits/?per_page=100"",""fetched_at"":""2026-09-23T19:52:54Z"",""cache_file"":""41971a16f9f9a48c73fad72df645f4adb4881342be508ba3e2a83114f68f0c15.json.gz"",""status"":200}]}],""incomplete_reasons"":[]}"
https://github.com/aws/amazon-redshift-python-driver,archived_evidence_found,"[""snapshot""]",snapshot_found,observed,missing,1,0,"{""checked_at"":""2026-09-23T19:53:33Z"",""candidates"":[""https://github.com/aws/amazon-redshift-python-driver"",""https://github.com/aws/amazon-redshift-python-driver.git""],""observations"":[{""origin"":""https://github.com/aws/amazon-redshift-python-driver"",""status"":""full"",""visit"":{""origin"":""https://github.com/aws/amazon-redshift-python-driver"",""visit"":8,""date"":""2026-08-11T04:51:40.167000+00:00"",""status"":""full"",""snapshot"":""7eac7560496cb89e7a286e0c3ce35ff54d302b04"",""type"":""git"",""metadata"":{},""origin_visit_url"":""https://archive.softwareheritage.org/api/1/origin/https://github.com/aws/amazon-redshift-python-driver/visit/8/"",""snapshot_url"":""https://archive.softwareheritage.org/api/1/snapshot/7eac7560496cb89e7a286e0c3ce35ff54d302b04/""},""evidence"":[{""url"":""https://archive.softwareheritage.org/api/1/origin/https%3A%2F%2Fgithub.com%2Faws%2Famazon-redshift-python-driver/visits/?per_page=100"",""fetched_at"":""2026-09-23T19:53:33Z"",""cache_file"":""d8fb5352d3010c2b88bd8b34d31efe233ad52989a12d498f76d081af5eea5170.json.gz"",""status"":200}]}],""incomplete_reasons"":[]}"
https://github.com/aws/aws-sdk-php,archived_evidence_found,"[""snapshot""]",snapshot_found,observed,missing,1,1,"{""checked_at"":""2026-09-23T19:53:33Z"",""candidates"":[""https://github.com/aws/aws-sdk-php"",""https://github.com/aws/aws-sdk-php.git""],""observations"":[{""origin"":""https://github.com/aws/aws-sdk-php"",""status"":""full"",""visit"":{""origin"":""https://github.com/aws/aws-sdk-php"",""visit"":283,""date"":""2026-09-21T21:31:45.329000+00:00"",""status"":""full"",""snapshot"":""e26ec049279a7c188ea74fde43b438a3280850c7"",""type"":""git"",""metadata"":{},""origin_visit_url"":""https://archive.softwareheritage.org/api/1/origin/https://github.com/aws/aws-sdk-php/visit/283/"",""snapshot_url"":""https://archive.softwareheritage.org/api/1/snapshot/e26ec049279a7c188ea74fde43b438a3280850c7/""},""evidence"":[{""url"":""https://archive.softwareheritage.org/api/1/origin/https%3A%2F%2Fgithub.com%2Faws%2Faws-sdk-php/visits/?per_page=100"",""fetched_at"":""2026-09-23T19:53:33Z"",""cache_file"":""96273e3f171ee76656e177c6c22fe8a5e960c3124aabf0b5555e36a7cc744abc.json.gz"",""status"":200}]}],""incomplete_reasons"":[]}"
https://github.com/aws/sagemaker-python-sdk,archived_evidence_found,"[""snapshot""]",snapshot_found,observed,missing,1,0,"{""checked_at"":""2026-09-23T19:53:34Z"",""candidates"":[""https://github.com/aws/sagemaker-python-sdk"",""https://github.com/aws/sagemaker-python-sdk.git""],""observations"":[{""origin"":""https://github.com/aws/sagemaker-python-sdk"",""status"":""full"",""visit"":{""origin"":""https://github.com/aws/sagemaker-python-sdk"",""visit"":194,""date"":""2026-09-15T05:46:22.345000+00:00"",""status"":""full"",""snapshot"":""1a57969ccef645dfdc38f90c425565792a8b4dda"",""type"":""git"",""metadata"":{},""origin_visit_url"":""https://archive.softwareheritage.org/api/1/origin/https://github.com/aws/sagemaker-python-sdk/visit/194/"",""snapshot_url"":""https://archive.softwareheritage.org/api/1/snapshot/1a57969ccef645dfdc38f90c425565792a8b4dda/""},""evidence"":[{""url"":""https://archive.softwareheritage.org/api/1/origin/https%3A%2F%2Fgithub.com%2Faws%2Fsagemaker-python-sdk/visits/?per_page=100"",""fetched_at"":""2026-09-23T19:53:34Z"",""cache_file"":""cbcb3fa9105d44dc182212c8a41236ee8ad645c96c5e682a0311aad4fe0880c9.json.gz"",""status"":200}]}],""incomplete_reasons"":[]}"
https://github.com/azuread/azure-activedirectory-identitymodel-extensions-for-dotnet,archived_evidence_found,"[""snapshot""]",snapshot_found,observed,missing,1,0,"{""checked_at"":""2026-09-23T19:53:35Z"",""candidates"":[""https://github.com/AzureAD/azure-activedirectory-identitymodel-extensions-for-dotnet"",""https://github.com/AzureAD/azure-activedirectory-identitymodel-extensions-for-dotnet.git"",""https://github.com/azuread/azure-activedirectory-identitymodel-extensions-for-dotnet"",""https://github.com/azuread/azure-activedirectory-identitymodel-extensions-for-dotnet.git""],""observations"":[{""origin"":""https://github.com/AzureAD/azure-activedirectory-identitymodel-extensions-for-dotnet"",""status"":""full"",""visit"":{""origin"":""https://github.com/AzureAD/azure-activedirectory-identitymodel-extensions-for-dotnet"",""visit"":216,""date"":""2026-08-01T13:30:09.033000+00:00"",""status"":""full"",""snapshot"":""97bf77f89dc875882d739248c4d6a39cacf1a588"",""type"":""git"",""metadata"":{},""origin_visit_url"":""https://archive.softwareheritage.org/api/1/origin/https://github.com/AzureAD/azure-activedirectory-identitymodel-extensions-for-dotnet/visit/216/"",""snapshot_url"":""https://archive.softwareheritage.org/api/1/snapshot/97bf77f89dc875882d739248c4d6a39cacf1a588/""},""evidence"":[{""url"":""https://archive.softwareheritage.org/api/1/origin/https%3A%2F%2Fgithub.com%2FAzureAD%2Fazure-activedirectory-identitymodel-extensions-for-dotnet/visits/?per_page=100"",""fetched_at"":""2026-09-23T19:53:35Z"",""cache_file"":""75b739b40bc022ce8713efdc0ffc591201d9f55257d9fb17e5f7565e8e20427b.json.gz"",""status"":200}]}],""incomplete_reasons"":[]}"
https://github.com/azuread/microsoft-authentication-library-for-dotnet,archived_evidence_found,"[""snapshot""]",snapshot_found,observed,missing,1,0,"{""checked_at"":""2026-09-23T19:53:35Z"",""candidates"":[""https://github.com/AzureAD/microsoft-authentication-library-for-dotnet"",""https://github.com/AzureAD/microsoft-authentication-library-for-dotnet.git"",""https://github.com/azuread/microsoft-authentication-library-for-dotnet"",""https://github.com/azuread/microsoft-authentication-library-for-dotnet.git""],""observations"":[{""origin"":""https://github.com/AzureAD/microsoft-authentication-library-for-dotnet"",""status"":""full"",""visit"":{""origin"":""https://github.com/AzureAD/microsoft-authentication-library-for-dotnet"",""visit"":200,""date"":""2026-08-23T19:17:57.076000+00:00"",""status"":""full"",""snapshot"":""39e58e36f718afe2d5b43a49d626ab8703c13670"",""type"":""git"",""metadata"":{},""origin_visit_url"":""https://archive.softwareheritage.org/api/1/origin/https://github.com/AzureAD/microsoft-authentication-library-for-dotnet/visit/200/"",""snapshot_url"":""https://archive.softwareheritage.org/api/1/snapshot/39e58e36f718afe2d5b43a49d626ab8703c13670/""},""evidence"":[{""url"":""https://archive.softwareheritage.org/api/1/origin/https%3A%2F%2Fgithub.com%2FAzureAD%2Fmicrosoft-authentication-library-for-dotnet/visits/?per_page=100"",""fetched_at"":""2026-09-23T19:53:35Z"",""cache_file"":""b960a13424564631c5eef1b364f9dd6ac0ed71d5056da43517fd6f3fa6bddaac.json.gz"",""status"":200}]}],""incomplete_reasons"":[]}"
https://github.com/babel/babel,archived_evidence_found,"[""head"",""tag_target_revision"",""annotated_release""]",unchecked,observed,present,0,1,
https://github.com/bblimke/webmock,archived_evidence_found,"[""snapshot""]",snapshot_found,observed,missing,1,1,"{""checked_at"":""2026-09-23T19:53:36Z"",""candidates"":[""https://github.com/bblimke/webmock"",""https://github.com/bblimke/webmock.git""],""observations"":[{""origin"":""https://github.com/bblimke/webmock"",""status"":""full"",""visit"":{""origin"":""https://github.com/bblimke/webmock"",""visit"":144,""date"":""2026-08-15T00:39:15.448000+00:00"",""status"":""full"",""snapshot"":""d9e012ff7c9222de8aedcaca76c391ee3fb70b89"",""type"":""git"",""metadata"":{},""origin_visit_url"":""https://archive.softwareheritage.org/api/1/origin/https://github.com/bblimke/webmock/visit/144/"",""snapshot_url"":""https://archive.softwareheritage.org/api/1/snapshot/d9e012ff7c9222de8aedcaca76c391ee3fb70b89/""},""evidence"":[{""url"":""https://archive.softwareheritage.org/api/1/origin/https%3A%2F%2Fgithub.com%2Fbblimke%2Fwebmock/visits/?per_page=100"",""fetched_at"":""2026-09-23T19:53:36Z"",""cache_file"":""5680b7346656d528b2b7dff1e7f4f1406cf47bbf99a09d4d00a8063b13cf1f58.json.gz"",""status"":200}]}],""incomplete_reasons"":[]}"
https://github.com/beaugunderson/ip-address,archived_evidence_found,"[""snapshot""]",snapshot_found,observed,missing,1,1,"{""checked_at"":""2026-09-23T19:53:36Z"",""candidates"":[""https://github.com/beaugunderson/ip-address"",""https://github.com/beaugunderson/ip-address.git"",""https://github.com/beaugunderson/javascript-ipv6"",""https://github.com/beaugunderson/javascript-ipv6.git""],""observations"":[{""origin"":""https://github.com/beaugunderson/ip-address"",""status"":""full"",""visit"":{""origin"":""https://github.com/beaugunderson/ip-address"",""visit"":520,""date"":""2026-09-23T12:20:34.125000+00:00"",""status"":""full"",""snapshot"":""a2fe0b0d4cb5983f062d72130985fe9357ee6764"",""type"":""git-checkout"",""metadata"":{},""origin_visit_url"":""https://archive.softwareheritage.org/api/1/origin/https://github.com/beaugunderson/ip-address/visit/520/"",""snapshot_url"":""https://archive.softwareheritage.org/api/1/snapshot/a2fe0b0d4cb5983f062d72130985fe9357ee6764/""},""evidence"":[{""url"":""https://archive.softwareheritage.org/api/1/origin/https%3A%2F%2Fgithub.com%2Fbeaugunderson%2Fip-address/visits/?per_page=100"",""fetched_at"":""2026-09-23T19:53:36Z"",""cache_file"":""19b30d0a6283b3a63418fcbfb22250a4e33855ba2c24b17f54a39a256380d79e.json.gz"",""status"":200}]}],""incomplete_reasons"":[]}"
https://github.com/behat/behat,archived_evidence_found,"[""snapshot""]",snapshot_found,observed,missing,1,0,"{""checked_at"":""2026-09-23T19:53:37Z"",""candidates"":[""https://github.com/Behat/Behat"",""https://github.com/Behat/Behat.git"",""https://github.com/behat/behat"",""https://github.com/behat/behat.git""],""observations"":[{""origin"":""https://github.com/Behat/Behat"",""status"":""full"",""visit"":{""origin"":""https://github.com/Behat/Behat"",""visit"":141,""date"":""2026-08-13T10:17:02.857000+00:00"",""status"":""full"",""snapshot"":""b1606fe3968ec14db41ff696d0fc2141b0987317"",""type"":""git"",""metadata"":{},""origin_visit_url"":""https://archive.softwareheritage.org/api/1/origin/https://github.com/Behat/Behat/visit/141/"",""snapshot_url"":""https://archive.softwareheritage.org/api/1/snapshot/b1606fe3968ec14db41ff696d0fc2141b0987317/""},""evidence"":[{""url"":""https://archive.softwareheritage.org/api/1/origin/https%3A%2F%2Fgithub.com%2FBehat%2FBehat/visits/?per_page=100"",""fetched_at"":""2026-09-23T19:53:37Z"",""cache_file"":""7845e8d2d987d616ab0f92efca89859450c247b4066c5e9b44bd583c3f5c4191.json.gz"",""status"":200}]}],""incomplete_reasons"":[]}"
https://github.com/ben-manes/caffeine,archived_evidence_found,"[""snapshot""]",snapshot_found,observed,missing,1,0,"{""checked_at"":""2026-09-23T19:53:38Z"",""candidates"":[""https://github.com/ben-manes/caffeine"",""https://github.com/ben-manes/caffeine.git""],""observations"":[{""origin"":""https://github.com/ben-manes/caffeine"",""status"":""full"",""visit"":{""origin"":""https://github.com/ben-manes/caffeine"",""visit"":216,""date"":""2026-08-29T14:23:31.748000+00:00"",""status"":""full"",""snapshot"":""3d8d46604b2d997a784b9d1221740e7bdc688ae9"",""type"":""git"",""metadata"":{},""origin_visit_url"":""https://archive.softwareheritage.org/api/1/origin/https://github.com/ben-manes/caffeine/visit/216/"",""snapshot_url"":""https://archive.softwareheritage.org/api/1/snapshot/3d8d46604b2d997a784b9d1221740e7bdc688ae9/""},""evidence"":[{""url"":""https://archive.softwareheritage.org/api/1/origin/https%3A%2F%2Fgithub.com%2Fben-manes%2Fcaffeine/visits/?per_page=100"",""fetched_at"":""2026-09-23T19:53:38Z"",""cache_file"":""4e955f79c8255fc66261aa20057b7a347182806e7f97434bef162204a538c749.json.gz"",""status"":200}]}],""incomplete_reasons"":[]}"
https://github.com/benjamn/ast-types,archived_evidence_found,"[""snapshot""]",snapshot_found,observed,missing,1,0,"{""checked_at"":""2026-09-23T19:53:38Z"",""candidates"":[""https://github.com/benjamn/ast-types"",""https://github.com/benjamn/ast-types.git""],""observations"":[{""origin"":""https://github.com/benjamn/ast-types"",""status"":""full"",""visit"":{""origin"":""https://github.com/benjamn/ast-types"",""visit"":114,""date"":""2026-08-19T12:54:51.172000+00:00"",""status"":""full"",""snapshot"":""0c70720882e698fb799ba317d8cf164cec3b77fa"",""type"":""git"",""metadata"":{},""origin_visit_url"":""https://archive.softwareheritage.org/api/1/origin/https://github.com/benjamn/ast-types/visit/114/"",""snapshot_url"":""https://archive.softwareheritage.org/api/1/snapshot/0c70720882e698fb799ba317d8cf164cec3b77fa/""},""evidence"":[{""url"":""https://archive.softwareheritage.org/api/1/origin/https%3A%2F%2Fgithub.com%2Fbenjamn%2Fast-types/visits/?per_page=100"",""fetched_at"":""2026-09-23T19:53:38Z"",""cache_file"":""ceb6e6dc8f07626c0c20787daa2393019d8bbeca2472515320fb904f13c65630.json.gz"",""status"":200}]}],""incomplete_reasons"":[]}"
https://github.com/benjamn/recast,archived_evidence_found,"[""snapshot""]",snapshot_found,observed,missing,1,1,"{""checked_at"":""2026-09-23T19:53:39Z"",""candidates"":[""https://github.com/benjamn/recast"",""https://github.com/benjamn/recast.git""],""observations"":[{""origin"":""https://github.com/benjamn/recast"",""status"":""full"",""visit"":{""origin"":""https://github.com/benjamn/recast"",""visit"":133,""date"":""2026-05-21T14:41:00.095000+00:00"",""status"":""full"",""snapshot"":""233ff9a5a064387e5f4049d42545c3024919fd59"",""type"":""git"",""metadata"":{},""origin_visit_url"":""https://archive.softwareheritage.org/api/1/origin/https://github.com/benjamn/recast/visit/133/"",""snapshot_url"":""https://archive.softwareheritage.org/api/1/snapshot/233ff9a5a064387e5f4049d42545c3024919fd59/""},""evidence"":[{""url"":""https://archive.softwareheritage.org/api/1/origin/https%3A%2F%2Fgithub.com%2Fbenjamn%2Frecast/visits/?per_page=100"",""fetched_at"":""2026-09-23T19:53:39Z"",""cache_file"":""e702ed422a8f282bf8ef45ef7310efd1f8cf78bfeae34eda60f93815485253b4.json.gz"",""status"":200}]}],""incomplete_reasons"":[]}"
https://github.com/benoitc/gunicorn,archived_evidence_found,"[""head"",""tag_target_revision""]",unchecked,observed,present,0,1,
https://github.com/bitflags/bitflags,archived_evidence_found,"[""snapshot""]",snapshot_found,observed,missing,1,0,"{""checked_at"":""2026-09-23T19:53:40Z"",""candidates"":[""https://github.com/bitflags/bitflags"",""https://github.com/bitflags/bitflags.git"",""https://github.com/rust-lang-nursery/bitflags"",""https://github.com/rust-lang-nursery/bitflags.git"",""https://github.com/rust-lang/bitflags"",""https://github.com/rust-lang/bitflags.git""],""observations"":[{""origin"":""https://github.com/bitflags/bitflags"",""status"":""full"",""visit"":{""origin"":""https://github.com/bitflags/bitflags"",""visit"":114,""date"":""2026-09-06T22:57:19.214000+00:00"",""status"":""full"",""snapshot"":""938384958e39b1b7a93ad3fb71a3bfcdb006ae94"",""type"":""git"",""metadata"":{},""origin_visit_url"":""https://archive.softwareheritage.org/api/1/origin/https://github.com/bitflags/bitflags/visit/114/"",""snapshot_url"":""https://archive.softwareheritage.org/api/1/snapshot/938384958e39b1b7a93ad3fb71a3bfcdb006ae94/""},""evidence"":[{""url"":""https://archive.softwareheritage.org/api/1/origin/https%3A%2F%2Fgithub.com%2Fbitflags%2Fbitflags/visits/?per_page=100"",""fetched_at"":""2026-09-23T19:53:40Z"",""cache_file"":""2c65be45107e0cc7fcc6bf49f09f28d594e276f8806aa89608380f507fc02a24.json.gz"",""status"":200}]}],""incomplete_reasons"":[]}"
https://github.com/blaze-builder/blaze-builder,no_snapshot_at_checked_origins,[],origin_not_found,observed,missing,1,1,"{""checked_at"":""2026-09-23T19:53:40Z"",""candidates"":[""https://github.com/blaze-builder/blaze-builder"",""https://github.com/blaze-builder/blaze-builder.git""],""observations"":[{""origin"":""https://github.com/blaze-builder/blaze-builder"",""status"":""not_found"",""evidence"":[{""url"":""https://archive.softwareheritage.org/api/1/origin/https%3A%2F%2Fgithub.com%2Fblaze-builder%2Fblaze-builder/visits/?per_page=100"",""fetched_at"":""2026-09-23T19:53:40Z"",""cache_file"":""ad9c0c37c040e1daf932df8fbcc299d5b579bd60b6d32d6f47d50f4c2e9fd528.json.gz"",""status"":404}]},{""origin"":""https://github.com/blaze-builder/blaze-builder.git"",""status"":""not_found"",""evidence"":[{""url"":""https://archive.softwareheritage.org/api/1/origin/https%3A%2F%2Fgithub.com%2Fblaze-builder%2Fblaze-builder.git/visits/?per_page=100"",""fetched_at"":""2026-09-23T19:53:40Z"",""cache_file"":""91b9663678e92c109c794f5471ac7603492c1a9570026142bacec0bf87b6762e.json.gz"",""status"":404}]}],""incomplete_reasons"":[]}"
https://github.com/borkdude/edamame,archived_evidence_found,"[""snapshot""]",snapshot_found,observed,missing,1,0,"{""checked_at"":""2026-09-23T19:53:41Z"",""candidates"":[""https://github.com/borkdude/edamame"",""https://github.com/borkdude/edamame.git""],""observations"":[{""origin"":""https://github.com/borkdude/edamame"",""status"":""full"",""visit"":{""origin"":""https://github.com/borkdude/edamame"",""visit"":36,""date"":""2026-07-31T01:18:32.216000+00:00"",""status"":""full"",""snapshot"":""3fd1abe37b5d00de3d0891ef6aa96a561eea42ea"",""type"":""git"",""metadata"":{},""origin_visit_url"":""https://archive.softwareheritage.org/api/1/origin/https://github.com/borkdude/edamame/visit/36/"",""snapshot_url"":""https://archive.softwareheritage.org/api/1/snapshot/3fd1abe37b5d00de3d0891ef6aa96a561eea42ea/""},""evidence"":[{""url"":""https://archive.softwareheritage.org/api/1/origin/https%3A%2F%2Fgithub.com%2Fborkdude%2Fedamame/visits/?per_page=100"",""fetched_at"":""2026-09-23T19:53:41Z"",""cache_file"":""71e85655f8fc173aac223b167d4ea287ad8d891ba4775cd15b742c2df8d7ae45.json.gz"",""status"":200}]}],""incomplete_reasons"":[]}"
https://github.com/boto/boto3,archived_evidence_found,"[""snapshot"",""tag_target_revision"",""annotated_release""]",snapshot_found,observed,missing,1,1,"{""checked_at"":""2026-09-24T08:37:33Z"",""candidates"":[""https://github.com/boto/boto3"",""https://github.com/boto/boto3.git""],""observations"":[{""origin"":""https://github.com/boto/boto3"",""status"":""full"",""visit"":{""origin"":""https://github.com/boto/boto3"",""visit"":1816,""date"":""2026-09-23T23:33:13.814000+00:00"",""status"":""full"",""snapshot"":""8237acabd2a64004b1ee5ac2da901bda870bdcf1"",""type"":""git-checkout"",""metadata"":{},""origin_visit_url"":""https://archive.softwareheritage.org/api/1/origin/https://github.com/boto/boto3/visit/1816/"",""snapshot_url"":""https://archive.softwareheritage.org/api/1/snapshot/8237acabd2a64004b1ee5ac2da901bda870bdcf1/""},""evidence"":[{""url"":""https://archive.softwareheritage.org/api/1/origin/https%3A%2F%2Fgithub.com%2Fboto%2Fboto3/visits/?per_page=100"",""fetched_at"":""2026-09-24T08:37:33Z"",""cache_file"":""226c69aeef16ec12cd91fc9d2daf6ebca2f21336e97b7be0e332c10fd1807e65.json.gz"",""status"":200}]}],""incomplete_reasons"":[]}"
https://github.com/boto/botocore,archived_evidence_found,"[""snapshot""]",snapshot_found,observed,missing,1,1,"{""checked_at"":""2026-09-23T19:53:42Z"",""candidates"":[""https://github.com/boto/botocore"",""https://github.com/boto/botocore.git""],""observations"":[{""origin"":""https://github.com/boto/botocore"",""status"":""full"",""visit"":{""origin"":""https://github.com/boto/botocore"",""visit"":239,""date"":""2026-09-16T13:19:27.105000+00:00"",""status"":""full"",""snapshot"":""617dfd23473903148bdc75c923ab4232366b4ae9"",""type"":""git"",""metadata"":{},""origin_visit_url"":""https://archive.softwareheritage.org/api/1/origin/https://github.com/boto/botocore/visit/239/"",""snapshot_url"":""https://archive.softwareheritage.org/api/1/snapshot/617dfd23473903148bdc75c923ab4232366b4ae9/""},""evidence"":[{""url"":""https://archive.softwareheritage.org/api/1/origin/https%3A%2F%2Fgithub.com%2Fboto%2Fbotocore/visits/?per_page=100"",""fetched_at"":""2026-09-23T19:53:42Z"",""cache_file"":""9ee470cd6bf566c8b91790558d51a415d1167fd3e1fcdea4dc647e8f0fcb2a82.json.gz"",""status"":200}]}],""incomplete_reasons"":[]}"
https://github.com/braintree/braintree_php,archived_evidence_found,"[""snapshot""]",snapshot_found,observed,missing,1,1,"{""checked_at"":""2026-09-23T19:53:43Z"",""candidates"":[""https://github.com/braintree/braintree_php"",""https://github.com/braintree/braintree_php.git""],""observations"":[{""origin"":""https://github.com/braintree/braintree_php"",""status"":""full"",""visit"":{""origin"":""https://github.com/braintree/braintree_php"",""visit"":137,""date"":""2026-08-30T04:27:59.101000+00:00"",""status"":""full"",""snapshot"":""faffaaf639d09e28b915e9129ac757835d535b73"",""type"":""git"",""metadata"":{},""origin_visit_url"":""https://archive.softwareheritage.org/api/1/origin/https://github.com/braintree/braintree_php/visit/137/"",""snapshot_url"":""https://archive.softwareheritage.org/api/1/snapshot/faffaaf639d09e28b915e9129ac757835d535b73/""},""evidence"":[{""url"":""https://archive.softwareheritage.org/api/1/origin/https%3A%2F%2Fgithub.com%2Fbraintree%2Fbraintree_php/visits/?per_page=100"",""fetched_at"":""2026-09-23T19:53:43Z"",""cache_file"":""42caa720d08409323fc1c7dfe5cd698cc4f2523b33595e6ba197b93da4c6014c.json.gz"",""status"":200}]}],""incomplete_reasons"":[]}"
https://github.com/browserslist/browserslist,archived_evidence_found,"[""snapshot""]",snapshot_found,observed,missing,1,1,"{""checked_at"":""2026-09-23T19:53:43Z"",""candidates"":[""https://github.com/ai/browserslist"",""https://github.com/ai/browserslist.git"",""https://github.com/browserslist/browserslist"",""https://github.com/browserslist/browserslist.git""],""observations"":[{""origin"":""https://github.com/ai/browserslist"",""status"":""full"",""visit"":{""origin"":""https://github.com/ai/browserslist"",""visit"":21,""date"":""2026-02-26T04:26:02.545000+00:00"",""status"":""full"",""snapshot"":""22ac85a78a6c2c1109dc0a4db09ccc978a5f68f2"",""type"":""git"",""metadata"":{},""origin_visit_url"":""https://archive.softwareheritage.org/api/1/origin/https://github.com/ai/browserslist/visit/21/"",""snapshot_url"":""https://archive.softwareheritage.org/api/1/snapshot/22ac85a78a6c2c1109dc0a4db09ccc978a5f68f2/""},""evidence"":[{""url"":""https://archive.softwareheritage.org/api/1/origin/https%3A%2F%2Fgithub.com%2Fai%2Fbrowserslist/visits/?per_page=100"",""fetched_at"":""2026-09-23T19:53:43Z"",""cache_file"":""35865074ce704d765d1b96b5e0d359e1bba915c4d2b04c2251a564b6cb303443.json.gz"",""status"":200}]}],""incomplete_reasons"":[]}"
https://github.com/browserslist/caniuse-lite,archived_evidence_found,"[""snapshot""]",snapshot_found,observed,missing,1,1,"{""checked_at"":""2026-09-23T19:53:44Z"",""candidates"":[""https://github.com/ben-eb/caniuse-lite"",""https://github.com/ben-eb/caniuse-lite.git"",""https://github.com/browserslist/caniuse-lite"",""https://github.com/browserslist/caniuse-lite.git""],""observations"":[{""origin"":""https://github.com/ben-eb/caniuse-lite"",""status"":""full"",""visit"":{""origin"":""https://github.com/ben-eb/caniuse-lite"",""visit"":12,""date"":""2026-04-09T18:37:59.631000+00:00"",""status"":""full"",""snapshot"":""2d4460353e9cc22a5b169257c885befbb2bf2a26"",""type"":""git"",""metadata"":{},""origin_visit_url"":""https://archive.softwareheritage.org/api/1/origin/https://github.com/ben-eb/caniuse-lite/visit/12/"",""snapshot_url"":""https://archive.softwareheritage.org/api/1/snapshot/2d4460353e9cc22a5b169257c885befbb2bf2a26/""},""evidence"":[{""url"":""https://archive.softwareheritage.org/api/1/origin/https%3A%2F%2Fgithub.com%2Fben-eb%2Fcaniuse-lite/visits/?per_page=100"",""fetched_at"":""2026-09-23T19:53:44Z"",""cache_file"":""c1a40c77456a56e7ad3e914ae61a99db06e0ce4bf95e18e6cc59c5f40f5550b2.json.gz"",""status"":200}]}],""incomplete_reasons"":[]}"
https://github.com/cakephp/chronos,archived_evidence_found,"[""snapshot""]",snapshot_found,observed,missing,1,0,"{""checked_at"":""2026-09-23T19:53:44Z"",""candidates"":[""https://github.com/cakephp/chronos"",""https://github.com/cakephp/chronos.git""],""observations"":[{""origin"":""https://github.com/cakephp/chronos"",""status"":""full"",""visit"":{""origin"":""https://github.com/cakephp/chronos"",""visit"":204,""date"":""2026-09-02T20:36:17.800000+00:00"",""status"":""full"",""snapshot"":""cf648e0a612f6d12876302c4fd45ff9488747ebe"",""type"":""git"",""metadata"":{},""origin_visit_url"":""https://archive.softwareheritage.org/api/1/origin/https://github.com/cakephp/chronos/visit/204/"",""snapshot_url"":""https://archive.softwareheritage.org/api/1/snapshot/cf648e0a612f6d12876302c4fd45ff9488747ebe/""},""evidence"":[{""url"":""https://archive.softwareheritage.org/api/1/origin/https%3A%2F%2Fgithub.com%2Fcakephp%2Fchronos/visits/?per_page=100"",""fetched_at"":""2026-09-23T19:53:44Z"",""cache_file"":""3fd4d59a9879cf918dabd9a172ec723a6d6a41b1c62a46cca574cf709ef6accf.json.gz"",""status"":200}]}],""incomplete_reasons"":[]}"
https://github.com/camino-rs/camino,archived_evidence_found,"[""snapshot""]",snapshot_found,observed,missing,1,1,"{""checked_at"":""2026-09-23T19:53:45Z"",""candidates"":[""https://github.com/camino-rs/camino"",""https://github.com/camino-rs/camino.git""],""observations"":[{""origin"":""https://github.com/camino-rs/camino"",""status"":""full"",""visit"":{""origin"":""https://github.com/camino-rs/camino"",""visit"":7,""date"":""2026-07-17T13:44:09.260000+00:00"",""status"":""full"",""snapshot"":""bf0fa72bd22314e19dca93c9f4d1940ff3bfc5a9"",""type"":""git"",""metadata"":{},""origin_visit_url"":""https://archive.softwareheritage.org/api/1/origin/https://github.com/camino-rs/camino/visit/7/"",""snapshot_url"":""https://archive.softwareheritage.org/api/1/snapshot/bf0fa72bd22314e19dca93c9f4d1940ff3bfc5a9/""},""evidence"":[{""url"":""https://archive.softwareheritage.org/api/1/origin/https%3A%2F%2Fgithub.com%2Fcamino-rs%2Fcamino/visits/?per_page=100"",""fetched_at"":""2026-09-23T19:53:45Z"",""cache_file"":""ec2274acabe8fb1cdcd061bcd37906a85a9a133d31f4d6b980f406d63cca9888.json.gz"",""status"":200}]}],""incomplete_reasons"":[]}"
https://github.com/carbonphp/carbon-doctrine-types,archived_evidence_found,"[""snapshot""]",snapshot_found,observed,missing,1,0,"{""checked_at"":""2026-09-23T19:53:45Z"",""candidates"":[""https://github.com/CarbonPHP/carbon-doctrine-types"",""https://github.com/CarbonPHP/carbon-doctrine-types.git"",""https://github.com/carbonphp/carbon-doctrine-types"",""https://github.com/carbonphp/carbon-doctrine-types.git""],""observations"":[{""origin"":""https://github.com/CarbonPHP/carbon-doctrine-types"",""status"":""full"",""visit"":{""origin"":""https://github.com/CarbonPHP/carbon-doctrine-types"",""visit"":2,""date"":""2026-04-05T05:43:27.815000+00:00"",""status"":""full"",""snapshot"":""abf11f77326d8f8bf5da92613042e0ad0f4f1750"",""type"":""git"",""metadata"":{},""origin_visit_url"":""https://archive.softwareheritage.org/api/1/origin/https://github.com/CarbonPHP/carbon-doctrine-types/visit/2/"",""snapshot_url"":""https://archive.softwareheritage.org/api/1/snapshot/abf11f77326d8f8bf5da92613042e0ad0f4f1750/""},""evidence"":[{""url"":""https://archive.softwareheritage.org/api/1/origin/https%3A%2F%2Fgithub.com%2FCarbonPHP%2Fcarbon-doctrine-types/visits/?per_page=100"",""fetched_at"":""2026-09-23T19:53:45Z"",""cache_file"":""005919dd150bc834d833b7fdeeabe3be04ce5bf7068974cdc1414b6eb837f7c4.json.gz"",""status"":200}]}],""incomplete_reasons"":[]}"
https://github.com/carrierwaveuploader/carrierwave,archived_evidence_found,"[""snapshot""]",snapshot_found,observed,missing,1,1,"{""checked_at"":""2026-09-23T19:53:46Z"",""candidates"":[""https://github.com/carrierwaveuploader/carrierwave"",""https://github.com/carrierwaveuploader/carrierwave.git"",""https://github.com/jnicklas/carrierwave"",""https://github.com/jnicklas/carrierwave.git""],""observations"":[{""origin"":""https://github.com/carrierwaveuploader/carrierwave"",""status"":""full"",""visit"":{""origin"":""https://github.com/carrierwaveuploader/carrierwave"",""visit"":185,""date"":""2026-06-06T19:46:34.080000+00:00"",""status"":""full"",""snapshot"":""ecf715ecbc3ec8eb202bcad4a2a20356be5ef930"",""type"":""git"",""metadata"":{},""origin_visit_url"":""https://archive.softwareheritage.org/api/1/origin/https://github.com/carrierwaveuploader/carrierwave/visit/185/"",""snapshot_url"":""https://archive.softwareheritage.org/api/1/snapshot/ecf715ecbc3ec8eb202bcad4a2a20356be5ef930/""},""evidence"":[{""url"":""https://archive.softwareheritage.org/api/1/origin/https%3A%2F%2Fgithub.com%2Fcarrierwaveuploader%2Fcarrierwave/visits/?per_page=100"",""fetched_at"":""2026-09-23T19:53:46Z"",""cache_file"":""923379e29b0d980f919f7f8ec74d25c8c2ab1673a23dd8c50a6bdad24aa25bb0.json.gz"",""status"":200}]}],""incomplete_reasons"":[]}"
https://github.com/chalk/slice-ansi,archived_evidence_found,"[""snapshot""]",snapshot_found,observed,missing,1,1,"{""checked_at"":""2026-09-23T19:53:46Z"",""candidates"":[""https://github.com/chalk/slice-ansi"",""https://github.com/chalk/slice-ansi.git""],""observations"":[{""origin"":""https://github.com/chalk/slice-ansi"",""status"":""full"",""visit"":{""origin"":""https://github.com/chalk/slice-ansi"",""visit"":21,""date"":""2026-04-12T06:22:08.412000+00:00"",""status"":""full"",""snapshot"":""fd71b69c7bdb748eb1b89c95cc6ef39dc2137656"",""type"":""git"",""metadata"":{},""origin_visit_url"":""https://archive.softwareheritage.org/api/1/origin/https://github.com/chalk/slice-ansi/visit/21/"",""snapshot_url"":""https://archive.softwareheritage.org/api/1/snapshot/fd71b69c7bdb748eb1b89c95cc6ef39dc2137656/""},""evidence"":[{""url"":""https://archive.softwareheritage.org/api/1/origin/https%3A%2F%2Fgithub.com%2Fchalk%2Fslice-ansi/visits/?per_page=100"",""fetched_at"":""2026-09-23T19:53:46Z"",""cache_file"":""babd4aa641cc673a964b74e702b5a6bfabb7356dd32447c11b7d7ac19e96898c.json.gz"",""status"":200}]}],""incomplete_reasons"":[]}"
https://github.com/chalk/supports-hyperlinks,no_snapshot_at_checked_origins,[],origin_not_found,observed,missing,1,1,"{""checked_at"":""2026-09-23T19:53:47Z"",""candidates"":[""https://github.com/chalk/supports-hyperlinks"",""https://github.com/chalk/supports-hyperlinks.git""],""observations"":[{""origin"":""https://github.com/chalk/supports-hyperlinks"",""status"":""not_found"",""evidence"":[{""url"":""https://archive.softwareheritage.org/api/1/origin/https%3A%2F%2Fgithub.com%2Fchalk%2Fsupports-hyperlinks/visits/?per_page=100"",""fetched_at"":""2026-09-23T19:53:47Z"",""cache_file"":""8d43797f0261466b9eb2525265046e10cbc7cd800a72470ed6c273709d8b1c7f.json.gz"",""status"":404}]},{""origin"":""https://github.com/chalk/supports-hyperlinks.git"",""status"":""not_found"",""evidence"":[{""url"":""https://archive.softwareheritage.org/api/1/origin/https%3A%2F%2Fgithub.com%2Fchalk%2Fsupports-hyperlinks.git/visits/?per_page=100"",""fetched_at"":""2026-09-23T19:53:47Z"",""cache_file"":""6ea3b494bef30927c63be701153fadfeae4da422034883cdcf292f8d2edc3db4.json.gz"",""status"":404}]}],""incomplete_reasons"":[]}"
https://github.com/chalk/wrap-ansi,archived_evidence_found,"[""snapshot""]",snapshot_found,observed,missing,1,1,"{""checked_at"":""2026-09-23T19:53:48Z"",""candidates"":[""https://github.com/chalk/wrap-ansi"",""https://github.com/chalk/wrap-ansi.git""],""observations"":[{""origin"":""https://github.com/chalk/wrap-ansi"",""status"":""full"",""visit"":{""origin"":""https://github.com/chalk/wrap-ansi"",""visit"":60,""date"":""2026-08-22T11:51:21.082000+00:00"",""status"":""full"",""snapshot"":""b8ddeed493b63e42686f58577d320331cfc91929"",""type"":""git"",""metadata"":{},""origin_visit_url"":""https://archive.softwareheritage.org/api/1/origin/https://github.com/chalk/wrap-ansi/visit/60/"",""snapshot_url"":""https://archive.softwareheritage.org/api/1/snapshot/b8ddeed493b63e42686f58577d320331cfc91929/""},""evidence"":[{""url"":""https://archive.softwareheritage.org/api/1/origin/https%3A%2F%2Fgithub.com%2Fchalk%2Fwrap-ansi/visits/?per_page=100"",""fetched_at"":""2026-09-23T19:53:48Z"",""cache_file"":""5de9f49a286bc68ac9044acb7c9cf6ed68b2c84330bd0e6bc0cf5588420133a8.json.gz"",""status"":200}]}],""incomplete_reasons"":[]}"
https://github.com/chicoxyzzy/node-releases,archived_evidence_found,"[""snapshot""]",snapshot_found,observed,missing,1,1,"{""checked_at"":""2026-09-23T19:53:48Z"",""candidates"":[""https://github.com/chicoxyzzy/node-releases"",""https://github.com/chicoxyzzy/node-releases.git""],""observations"":[{""origin"":""https://github.com/chicoxyzzy/node-releases"",""status"":""full"",""visit"":{""origin"":""https://github.com/chicoxyzzy/node-releases"",""visit"":153,""date"":""2026-09-02T21:38:40.878000+00:00"",""status"":""full"",""snapshot"":""cc013dc9f3abecd729c696d9b188b1d382be2adf"",""type"":""git"",""metadata"":{},""origin_visit_url"":""https://archive.softwareheritage.org/api/1/origin/https://github.com/chicoxyzzy/node-releases/visit/153/"",""snapshot_url"":""https://archive.softwareheritage.org/api/1/snapshot/cc013dc9f3abecd729c696d9b188b1d382be2adf/""},""evidence"":[{""url"":""https://archive.softwareheritage.org/api/1/origin/https%3A%2F%2Fgithub.com%2Fchicoxyzzy%2Fnode-releases/visits/?per_page=100"",""fetched_at"":""2026-09-23T19:53:48Z"",""cache_file"":""26ce191176e64acec8495c74227fec8d5be06cd4c03e2e3e561b24756eb5a88f.json.gz"",""status"":200}]}],""incomplete_reasons"":[]}"
https://github.com/christhekeele/erlex,no_snapshot_at_checked_origins,[],origin_not_found,observed,missing,1,1,"{""checked_at"":""2026-09-23T19:53:49Z"",""candidates"":[""https://github.com/christhekeele/erlex"",""https://github.com/christhekeele/erlex.git""],""observations"":[{""origin"":""https://github.com/christhekeele/erlex"",""status"":""not_found"",""evidence"":[{""url"":""https://archive.softwareheritage.org/api/1/origin/https%3A%2F%2Fgithub.com%2Fchristhekeele%2Ferlex/visits/?per_page=100"",""fetched_at"":""2026-09-23T19:53:49Z"",""cache_file"":""3baf2e4f3c2ee26b72cc39365b405976aa9e96d2d1b458f37f7fc8abeb428599.json.gz"",""status"":404}]},{""origin"":""https://github.com/christhekeele/erlex.git"",""status"":""not_found"",""evidence"":[{""url"":""https://archive.softwareheritage.org/api/1/origin/https%3A%2F%2Fgithub.com%2Fchristhekeele%2Ferlex.git/visits/?per_page=100"",""fetched_at"":""2026-09-23T19:53:49Z"",""cache_file"":""84d8c760da6668dc2c227da402d10b37a61c9233c89f0ec5c3a17e5fca7f71dc.json.gz"",""status"":404}]}],""incomplete_reasons"":[]}"
https://github.com/chromedevtools/devtools-protocol,archived_evidence_found,"[""snapshot""]",snapshot_found,observed,missing,1,0,"{""checked_at"":""2026-09-23T19:53:50Z"",""candidates"":[""https://github.com/ChromeDevTools/devtools-protocol"",""https://github.com/ChromeDevTools/devtools-protocol.git"",""https://github.com/chromedevtools/devtools-protocol"",""https://github.com/chromedevtools/devtools-protocol.git""],""observations"":[{""origin"":""https://github.com/ChromeDevTools/devtools-protocol"",""status"":""full"",""visit"":{""origin"":""https://github.com/ChromeDevTools/devtools-protocol"",""visit"":117,""date"":""2026-09-10T06:18:49.619000+00:00"",""status"":""full"",""snapshot"":""38a3be408826a0213cbd638ee198ad86dccecccc"",""type"":""git"",""metadata"":{},""origin_visit_url"":""https://archive.softwareheritage.org/api/1/origin/https://github.com/ChromeDevTools/devtools-protocol/visit/117/"",""snapshot_url"":""https://archive.softwareheritage.org/api/1/snapshot/38a3be408826a0213cbd638ee198ad86dccecccc/""},""evidence"":[{""url"":""https://archive.softwareheritage.org/api/1/origin/https%3A%2F%2Fgithub.com%2FChromeDevTools%2Fdevtools-protocol/visits/?per_page=100"",""fetched_at"":""2026-09-23T19:53:50Z"",""cache_file"":""ca25cef0a54c21f2ef64225349630d4bbde45bc7c4b2a41aa56c3e8416c1a5a2.json.gz"",""status"":200}]}],""incomplete_reasons"":[]}"
https://github.com/clap-rs/clap,archived_evidence_found,"[""snapshot"",""tag_target_revision""]",snapshot_found,observed,missing,1,1,"{""checked_at"":""2026-09-24T08:38:09Z"",""candidates"":[""https://github.com/clap-rs/clap"",""https://github.com/clap-rs/clap.git"",""https://github.com/kbknapp/clap-rs"",""https://github.com/kbknapp/clap-rs.git""],""observations"":[{""origin"":""https://github.com/clap-rs/clap"",""status"":""full"",""visit"":{""origin"":""https://github.com/clap-rs/clap"",""visit"":182,""date"":""2026-09-01T16:31:34.431000+00:00"",""status"":""full"",""snapshot"":""f29421b58a965cc83f460ed54dcda51754dacb44"",""type"":""git"",""metadata"":{},""origin_visit_url"":""https://archive.softwareheritage.org/api/1/origin/https://github.com/clap-rs/clap/visit/182/"",""snapshot_url"":""https://archive.softwareheritage.org/api/1/snapshot/f29421b58a965cc83f460ed54dcda51754dacb44/""},""evidence"":[{""url"":""https://archive.softwareheritage.org/api/1/origin/https%3A%2F%2Fgithub.com%2Fclap-rs%2Fclap/visits/?per_page=100"",""fetched_at"":""2026-09-24T08:38:09Z"",""cache_file"":""c3d8e2c2312305bad41ee2dcb16e1f63392eae15d0320532e526cf4732a7dea4.json.gz"",""status"":200}]}],""incomplete_reasons"":[]}"
https://github.com/console-rs/console,archived_evidence_found,"[""snapshot""]",snapshot_found,observed,missing,1,1,"{""checked_at"":""2026-09-23T19:53:51Z"",""candidates"":[""https://github.com/console-rs/console"",""https://github.com/console-rs/console.git"",""https://github.com/mitsuhiko/console"",""https://github.com/mitsuhiko/console.git""],""observations"":[{""origin"":""https://github.com/console-rs/console"",""status"":""full"",""visit"":{""origin"":""https://github.com/console-rs/console"",""visit"":24,""date"":""2026-08-28T12:27:14.312000+00:00"",""status"":""full"",""snapshot"":""aebfe99fd3b3c6ea2a0e1a0c5286898e2fe6e2bf"",""type"":""git"",""metadata"":{},""origin_visit_url"":""https://archive.softwareheritage.org/api/1/origin/https://github.com/console-rs/console/visit/24/"",""snapshot_url"":""https://archive.softwareheritage.org/api/1/snapshot/aebfe99fd3b3c6ea2a0e1a0c5286898e2fe6e2bf/""},""evidence"":[{""url"":""https://archive.softwareheritage.org/api/1/origin/https%3A%2F%2Fgithub.com%2Fconsole-rs%2Fconsole/visits/?per_page=100"",""fetched_at"":""2026-09-23T19:53:51Z"",""cache_file"":""e294d945e6e133f5231b9f7f7199f5a1dc213e90beef5ba120023639796012b4.json.gz"",""status"":200}]}],""incomplete_reasons"":[]}"
https://github.com/coveragepy/coveragepy,archived_evidence_found,"[""snapshot""]",snapshot_found,observed,missing,1,1,"{""checked_at"":""2026-09-23T19:53:51Z"",""candidates"":[""https://github.com/coveragepy/coveragepy"",""https://github.com/coveragepy/coveragepy.git""],""observations"":[{""origin"":""https://github.com/coveragepy/coveragepy"",""status"":""full"",""visit"":{""origin"":""https://github.com/coveragepy/coveragepy"",""visit"":444,""date"":""2026-09-23T12:21:11.598000+00:00"",""status"":""full"",""snapshot"":""4b46b1e6566add36a02d3e804957aa9f3b53df81"",""type"":""git-checkout"",""metadata"":{},""origin_visit_url"":""https://archive.softwareheritage.org/api/1/origin/https://github.com/coveragepy/coveragepy/visit/444/"",""snapshot_url"":""https://archive.softwareheritage.org/api/1/snapshot/4b46b1e6566add36a02d3e804957aa9f3b53df81/""},""evidence"":[{""url"":""https://archive.softwareheritage.org/api/1/origin/https%3A%2F%2Fgithub.com%2Fcoveragepy%2Fcoveragepy/visits/?per_page=100"",""fetched_at"":""2026-09-23T19:53:51Z"",""cache_file"":""bb9f64a5dc6967597514afe30674b678b72a2a845d9d79b94895d1cdc4948afb.json.gz"",""status"":200}]}],""incomplete_reasons"":[]}"
https://github.com/coverallsapp/github-action,archived_evidence_found,"[""snapshot""]",snapshot_found,observed,missing,1,0,"{""checked_at"":""2026-09-23T19:53:52Z"",""candidates"":[""https://github.com/coverallsapp/github-action"",""https://github.com/coverallsapp/github-action.git""],""observations"":[{""origin"":""https://github.com/coverallsapp/github-action"",""status"":""full"",""visit"":{""origin"":""https://github.com/coverallsapp/github-action"",""visit"":35,""date"":""2026-06-22T18:33:31.513000+00:00"",""status"":""full"",""snapshot"":""fb457e94f8fd60787a0d3f642dc6b3f77135d72d"",""type"":""git"",""metadata"":{},""origin_visit_url"":""https://archive.softwareheritage.org/api/1/origin/https://github.com/coverallsapp/github-action/visit/35/"",""snapshot_url"":""https://archive.softwareheritage.org/api/1/snapshot/fb457e94f8fd60787a0d3f642dc6b3f77135d72d/""},""evidence"":[{""url"":""https://archive.softwareheritage.org/api/1/origin/https%3A%2F%2Fgithub.com%2Fcoverallsapp%2Fgithub-action/visits/?per_page=100"",""fetched_at"":""2026-09-23T19:53:52Z"",""cache_file"":""7f3689eca1af2b1221c5c1af878f24799eb114c2c155bba6fe9e1cfa89b05595.json.gz"",""status"":200}]}],""incomplete_reasons"":[]}"
https://github.com/crossbeam-rs/crossbeam,archived_evidence_found,"[""snapshot""]",snapshot_found,observed,missing,1,0,"{""checked_at"":""2026-09-23T19:53:52Z"",""candidates"":[""https://github.com/aturon/crossbeam"",""https://github.com/aturon/crossbeam.git"",""https://github.com/crossbeam-rs/crossbeam"",""https://github.com/crossbeam-rs/crossbeam.git""],""observations"":[{""origin"":""https://github.com/aturon/crossbeam"",""status"":""full"",""visit"":{""origin"":""https://github.com/aturon/crossbeam"",""visit"":17,""date"":""2021-05-22T08:32:58.420000+00:00"",""status"":""full"",""snapshot"":""29fbf15a8af39c66e1de913c3c9c1937ce0aaa93"",""type"":""git"",""metadata"":{},""origin_visit_url"":""https://archive.softwareheritage.org/api/1/origin/https://github.com/aturon/crossbeam/visit/17/"",""snapshot_url"":""https://archive.softwareheritage.org/api/1/snapshot/29fbf15a8af39c66e1de913c3c9c1937ce0aaa93/""},""evidence"":[{""url"":""https://archive.softwareheritage.org/api/1/origin/https%3A%2F%2Fgithub.com%2Faturon%2Fcrossbeam/visits/?per_page=100"",""fetched_at"":""2026-09-23T19:53:52Z"",""cache_file"":""5d198bdf41fac1aae73509c1439f0c5e69f13b1fd35c55e627379e6b7d95136a.json.gz"",""status"":200}]}],""incomplete_reasons"":[]}"
https://github.com/cssnano/cssnano,archived_evidence_found,"[""snapshot""]",snapshot_found,observed,missing,1,0,"{""checked_at"":""2026-09-23T19:53:53Z"",""candidates"":[""https://github.com/ben-eb/cssnano"",""https://github.com/ben-eb/cssnano.git"",""https://github.com/cssnano/cssnano"",""https://github.com/cssnano/cssnano.git""],""observations"":[{""origin"":""https://github.com/ben-eb/cssnano"",""status"":""full"",""visit"":{""origin"":""https://github.com/ben-eb/cssnano"",""visit"":38,""date"":""2026-04-21T09:09:52.679000+00:00"",""status"":""full"",""snapshot"":""4731c55775c59348b44d9fddd9692c3c6bb4e2ef"",""type"":""git"",""metadata"":{},""origin_visit_url"":""https://archive.softwareheritage.org/api/1/origin/https://github.com/ben-eb/cssnano/visit/38/"",""snapshot_url"":""https://archive.softwareheritage.org/api/1/snapshot/4731c55775c59348b44d9fddd9692c3c6bb4e2ef/""},""evidence"":[{""url"":""https://archive.softwareheritage.org/api/1/origin/https%3A%2F%2Fgithub.com%2Fben-eb%2Fcssnano/visits/?per_page=100"",""fetched_at"":""2026-09-23T19:53:53Z"",""cache_file"":""3f87a385ad18a77f176c0075f2a931aaabca50706aa13b2fb839402b6ed9683c.json.gz"",""status"":200}]}],""incomplete_reasons"":[]}"
https://github.com/cthackers/adm-zip,archived_evidence_found,"[""snapshot""]",snapshot_found,observed,missing,1,0,"{""checked_at"":""2026-09-23T19:53:54Z"",""candidates"":[""https://github.com/cthackers/adm-zip"",""https://github.com/cthackers/adm-zip.git""],""observations"":[{""origin"":""https://github.com/cthackers/adm-zip"",""status"":""full"",""visit"":{""origin"":""https://github.com/cthackers/adm-zip"",""visit"":109,""date"":""2026-08-23T13:40:58.793000+00:00"",""status"":""full"",""snapshot"":""fa31c277e88987755b39ff6697c33c664600024a"",""type"":""git"",""metadata"":{},""origin_visit_url"":""https://archive.softwareheritage.org/api/1/origin/https://github.com/cthackers/adm-zip/visit/109/"",""snapshot_url"":""https://archive.softwareheritage.org/api/1/snapshot/fa31c277e88987755b39ff6697c33c664600024a/""},""evidence"":[{""url"":""https://archive.softwareheritage.org/api/1/origin/https%3A%2F%2Fgithub.com%2Fcthackers%2Fadm-zip/visits/?per_page=100"",""fetched_at"":""2026-09-23T19:53:54Z"",""cache_file"":""5ec9114c550579af043d0c0124562991cfa5748ebecc323c08ea085fc6cf6b26.json.gz"",""status"":200}]}],""incomplete_reasons"":[]}"
https://github.com/curl/curl-container,archived_evidence_found,"[""snapshot""]",snapshot_found,observed,missing,1,0,"{""checked_at"":""2026-09-23T19:53:54Z"",""candidates"":[""https://github.com/curl/curl-container"",""https://github.com/curl/curl-container.git""],""observations"":[{""origin"":""https://github.com/curl/curl-container"",""status"":""full"",""visit"":{""origin"":""https://github.com/curl/curl-container"",""visit"":16,""date"":""2026-08-18T00:38:59.643000+00:00"",""status"":""full"",""snapshot"":""0ad4cb44e57f8b0a2a24fd1ce6ac35027fcdfb96"",""type"":""git"",""metadata"":{},""origin_visit_url"":""https://archive.softwareheritage.org/api/1/origin/https://github.com/curl/curl-container/visit/16/"",""snapshot_url"":""https://archive.softwareheritage.org/api/1/snapshot/0ad4cb44e57f8b0a2a24fd1ce6ac35027fcdfb96/""},""evidence"":[{""url"":""https://archive.softwareheritage.org/api/1/origin/https%3A%2F%2Fgithub.com%2Fcurl%2Fcurl-container/visits/?per_page=100"",""fetched_at"":""2026-09-23T19:53:54Z"",""cache_file"":""91cf74325f8a8254109dd26565c86abbb765759f097e125bb04ea3d432ef9f15.json.gz"",""status"":200}]}],""incomplete_reasons"":[]}"
https://github.com/dabh/colors.js,archived_evidence_found,"[""snapshot""]",snapshot_found,observed,missing,1,0,"{""checked_at"":""2026-09-23T19:53:55Z"",""candidates"":[""https://github.com/DABH/colors.js"",""https://github.com/DABH/colors.js.git"",""https://github.com/dabh/colors.js"",""https://github.com/dabh/colors.js.git""],""observations"":[{""origin"":""https://github.com/DABH/colors.js"",""status"":""full"",""visit"":{""origin"":""https://github.com/DABH/colors.js"",""visit"":1,""date"":""2025-07-31T03:58:37.882000+00:00"",""status"":""full"",""snapshot"":""6e3cea7cf0c90f64d148bc1e69fa35319f161ca3"",""type"":""git"",""metadata"":{},""origin_visit_url"":""https://archive.softwareheritage.org/api/1/origin/https://github.com/DABH/colors.js/visit/1/"",""snapshot_url"":""https://archive.softwareheritage.org/api/1/snapshot/6e3cea7cf0c90f64d148bc1e69fa35319f161ca3/""},""evidence"":[{""url"":""https://archive.softwareheritage.org/api/1/origin/https%3A%2F%2Fgithub.com%2FDABH%2Fcolors.js/visits/?per_page=100"",""fetched_at"":""2026-09-23T19:53:55Z"",""cache_file"":""64eeff6de7a2c353fcc80e07b77397692d68df9bc89b5fd5fd0a5cb558567b87.json.gz"",""status"":200}]}],""incomplete_reasons"":[]}"
https://github.com/dabh/diagnostics,archived_evidence_found,"[""snapshot""]",snapshot_found,observed,missing,1,0,"{""checked_at"":""2026-09-23T19:53:55Z"",""candidates"":[""https://github.com/DABH/diagnostics"",""https://github.com/DABH/diagnostics.git"",""https://github.com/dabh/diagnostics"",""https://github.com/dabh/diagnostics.git""],""observations"":[{""origin"":""https://github.com/DABH/diagnostics"",""status"":""full"",""visit"":{""origin"":""https://github.com/DABH/diagnostics"",""visit"":2,""date"":""2025-10-16T11:15:23.357000+00:00"",""status"":""full"",""snapshot"":""41bd1c0437c000738ad4acb4702cbf65c0683d9a"",""type"":""git"",""metadata"":{},""origin_visit_url"":""https://archive.softwareheritage.org/api/1/origin/https://github.com/DABH/diagnostics/visit/2/"",""snapshot_url"":""https://archive.softwareheritage.org/api/1/snapshot/41bd1c0437c000738ad4acb4702cbf65c0683d9a/""},""evidence"":[{""url"":""https://archive.softwareheritage.org/api/1/origin/https%3A%2F%2Fgithub.com%2FDABH%2Fdiagnostics/visits/?per_page=100"",""fetched_at"":""2026-09-23T19:53:55Z"",""cache_file"":""f1a27dce91706b0be4be5b91581c14bb879200c1793e28fdf5526f2feac2d59f.json.gz"",""status"":200}]}],""incomplete_reasons"":[]}"
https://github.com/dapperlib/dapper,archived_evidence_found,"[""snapshot""]",snapshot_found,observed,missing,1,0,"{""checked_at"":""2026-09-23T19:53:56Z"",""candidates"":[""https://github.com/DapperLib/Dapper"",""https://github.com/DapperLib/Dapper.git"",""https://github.com/dapperlib/dapper"",""https://github.com/dapperlib/dapper.git"",""https://github.com/stackexchange/dapper"",""https://github.com/stackexchange/dapper-dot-net"",""https://github.com/stackexchange/dapper-dot-net.git"",""https://github.com/stackexchange/dapper.git""],""observations"":[{""origin"":""https://github.com/DapperLib/Dapper"",""status"":""full"",""visit"":{""origin"":""https://github.com/DapperLib/Dapper"",""visit"":3,""date"":""2026-05-09T08:40:49.551000+00:00"",""status"":""full"",""snapshot"":""b0cad0395278f6eae077e68af20f65fd08786139"",""type"":""git"",""metadata"":{},""origin_visit_url"":""https://archive.softwareheritage.org/api/1/origin/https://github.com/DapperLib/Dapper/visit/3/"",""snapshot_url"":""https://archive.softwareheritage.org/api/1/snapshot/b0cad0395278f6eae077e68af20f65fd08786139/""},""evidence"":[{""url"":""https://archive.softwareheritage.org/api/1/origin/https%3A%2F%2Fgithub.com%2FDapperLib%2FDapper/visits/?per_page=100"",""fetched_at"":""2026-09-23T19:53:56Z"",""cache_file"":""86b764e77e112082eb2e56c14ce652c46ed9534f192f1e403b9a8382179f64b8.json.gz"",""status"":200}]}],""incomplete_reasons"":[]}"
https://github.com/databricks/databricks-sdk-py,archived_evidence_found,"[""snapshot""]",snapshot_found,observed,missing,1,1,"{""checked_at"":""2026-09-23T19:53:56Z"",""candidates"":[""https://github.com/databricks/databricks-sdk-py"",""https://github.com/databricks/databricks-sdk-py.git""],""observations"":[{""origin"":""https://github.com/databricks/databricks-sdk-py"",""status"":""full"",""visit"":{""origin"":""https://github.com/databricks/databricks-sdk-py"",""visit"":24,""date"":""2026-09-02T19:02:17.591000+00:00"",""status"":""full"",""snapshot"":""c03dccf3d29c76c9aa5ca93b8513b54526efa9e8"",""type"":""git"",""metadata"":{},""origin_visit_url"":""https://archive.softwareheritage.org/api/1/origin/https://github.com/databricks/databricks-sdk-py/visit/24/"",""snapshot_url"":""https://archive.softwareheritage.org/api/1/snapshot/c03dccf3d29c76c9aa5ca93b8513b54526efa9e8/""},""evidence"":[{""url"":""https://archive.softwareheritage.org/api/1/origin/https%3A%2F%2Fgithub.com%2Fdatabricks%2Fdatabricks-sdk-py/visits/?per_page=100"",""fetched_at"":""2026-09-23T19:53:56Z"",""cache_file"":""e710bc6d84686a3de521d30d0ce58ca9e1adaa290570c2873684cb66a9b21bb3.json.gz"",""status"":200}]}],""incomplete_reasons"":[]}"
https://github.com/datadog/datadogpy,archived_evidence_found,"[""snapshot""]",snapshot_found,observed,missing,1,0,"{""checked_at"":""2026-09-23T19:53:57Z"",""candidates"":[""https://github.com/DataDog/datadogpy"",""https://github.com/DataDog/datadogpy.git"",""https://github.com/datadog/datadogpy"",""https://github.com/datadog/datadogpy.git""],""observations"":[{""origin"":""https://github.com/DataDog/datadogpy"",""status"":""full"",""visit"":{""origin"":""https://github.com/DataDog/datadogpy"",""visit"":163,""date"":""2026-09-20T19:15:38.840000+00:00"",""status"":""full"",""snapshot"":""7644bebb10a86eeaed7609aa86901b9eacacaf6d"",""type"":""git"",""metadata"":{},""origin_visit_url"":""https://archive.softwareheritage.org/api/1/origin/https://github.com/DataDog/datadogpy/visit/163/"",""snapshot_url"":""https://archive.softwareheritage.org/api/1/snapshot/7644bebb10a86eeaed7609aa86901b9eacacaf6d/""},""evidence"":[{""url"":""https://archive.softwareheritage.org/api/1/origin/https%3A%2F%2Fgithub.com%2FDataDog%2Fdatadogpy/visits/?per_page=100"",""fetched_at"":""2026-09-23T19:53:57Z"",""cache_file"":""128509d519ea5c036f131ee56b3c1fba51c1462eba816b32c83b4e4fe9ce8858.json.gz"",""status"":200}]}],""incomplete_reasons"":[]}"
https://github.com/dbunit/dbunit-extension,no_snapshot_at_checked_origins,[],origin_not_found,observed,missing,1,0,"{""checked_at"":""2026-09-23T19:53:58Z"",""candidates"":[""https://github.com/dbunit/dbunit-extension"",""https://github.com/dbunit/dbunit-extension.git""],""observations"":[{""origin"":""https://github.com/dbunit/dbunit-extension"",""status"":""not_found"",""evidence"":[{""url"":""https://archive.softwareheritage.org/api/1/origin/https%3A%2F%2Fgithub.com%2Fdbunit%2Fdbunit-extension/visits/?per_page=100"",""fetched_at"":""2026-09-23T19:53:57Z"",""cache_file"":""7d1d6ec1e1e438eb78639911b85ba1f33745064b00fd03cab5960ef4cc3e61b9.json.gz"",""status"":404}]},{""origin"":""https://github.com/dbunit/dbunit-extension.git"",""status"":""not_found"",""evidence"":[{""url"":""https://archive.softwareheritage.org/api/1/origin/https%3A%2F%2Fgithub.com%2Fdbunit%2Fdbunit-extension.git/visits/?per_page=100"",""fetched_at"":""2026-09-23T19:53:58Z"",""cache_file"":""feaea7d4860e8da0538ca04204bd64303a0fe20c2185674b091d0291ddb0df0f.json.gz"",""status"":404}]}],""incomplete_reasons"":[]}"
https://github.com/discord-jda/jda,archived_evidence_found,"[""snapshot""]",snapshot_found,observed,missing,1,0,"{""checked_at"":""2026-09-23T19:53:58Z"",""candidates"":[""https://github.com/discord-jda/JDA"",""https://github.com/discord-jda/JDA.git"",""https://github.com/discord-jda/jda"",""https://github.com/discord-jda/jda.git"",""https://github.com/dv8fromtheworld/jda"",""https://github.com/dv8fromtheworld/jda.git""],""observations"":[{""origin"":""https://github.com/discord-jda/JDA"",""status"":""full"",""visit"":{""origin"":""https://github.com/discord-jda/JDA"",""visit"":33,""date"":""2026-08-20T10:01:56.405000+00:00"",""status"":""full"",""snapshot"":""5818fcfb5bcf614f05f572275d80afd61a349d2c"",""type"":""git"",""metadata"":{},""origin_visit_url"":""https://archive.softwareheritage.org/api/1/origin/https://github.com/discord-jda/JDA/visit/33/"",""snapshot_url"":""https://archive.softwareheritage.org/api/1/snapshot/5818fcfb5bcf614f05f572275d80afd61a349d2c/""},""evidence"":[{""url"":""https://archive.softwareheritage.org/api/1/origin/https%3A%2F%2Fgithub.com%2Fdiscord-jda%2FJDA/visits/?per_page=100"",""fetched_at"":""2026-09-23T19:53:58Z"",""cache_file"":""dab6083c843b72ae98c2068b618bdca63682d0273ed03ab52d491b286fcfc4ff.json.gz"",""status"":200}]}],""incomplete_reasons"":[]}"
https://github.com/djc/hashlink,archived_evidence_found,"[""snapshot""]",snapshot_found,observed,missing,1,1,"{""checked_at"":""2026-09-23T19:53:59Z"",""candidates"":[""https://github.com/djc/hashlink"",""https://github.com/djc/hashlink.git"",""https://github.com/kyren/hashlink"",""https://github.com/kyren/hashlink.git"",""https://github.com/triplehex/hashlink"",""https://github.com/triplehex/hashlink.git""],""observations"":[{""origin"":""https://github.com/djc/hashlink"",""status"":""full"",""visit"":{""origin"":""https://github.com/djc/hashlink"",""visit"":4,""date"":""2026-07-26T21:06:11.943000+00:00"",""status"":""full"",""snapshot"":""f130b1047a332eb97a4ceb5708a84febf379041d"",""type"":""git"",""metadata"":{},""origin_visit_url"":""https://archive.softwareheritage.org/api/1/origin/https://github.com/djc/hashlink/visit/4/"",""snapshot_url"":""https://archive.softwareheritage.org/api/1/snapshot/f130b1047a332eb97a4ceb5708a84febf379041d/""},""evidence"":[{""url"":""https://archive.softwareheritage.org/api/1/origin/https%3A%2F%2Fgithub.com%2Fdjc%2Fhashlink/visits/?per_page=100"",""fetched_at"":""2026-09-23T19:53:59Z"",""cache_file"":""add4e713fc0987bbb96a4341475898b3f9af54d41899d98496733928c9cb94b9.json.gz"",""status"":200}]}],""incomplete_reasons"":[]}"
https://github.com/docker/cli,archived_evidence_found,"[""snapshot"",""tag_target_revision"",""annotated_release""]",snapshot_found,observed,missing,0,1,"{""checked_at"":""2026-09-24T08:39:02Z"",""candidates"":[""https://github.com/docker/cli"",""https://github.com/docker/cli.git""],""observations"":[{""origin"":""https://github.com/docker/cli"",""status"":""full"",""visit"":{""origin"":""https://github.com/docker/cli"",""visit"":1826,""date"":""2026-09-23T22:49:49.317000+00:00"",""status"":""full"",""snapshot"":""167ed953d990c7de51cd725452974c05100fb127"",""type"":""git-checkout"",""metadata"":{},""origin_visit_url"":""https://archive.softwareheritage.org/api/1/origin/https://github.com/docker/cli/visit/1826/"",""snapshot_url"":""https://archive.softwareheritage.org/api/1/snapshot/167ed953d990c7de51cd725452974c05100fb127/""},""evidence"":[{""url"":""https://archive.softwareheritage.org/api/1/origin/https%3A%2F%2Fgithub.com%2Fdocker%2Fcli/visits/?per_page=100"",""fetched_at"":""2026-09-24T08:39:02Z"",""cache_file"":""6ad50b4fe187bba486cd4b3c2948f067e53e44864b75ee05a9f49ea86a623dd0.json.gz"",""status"":200}]}],""incomplete_reasons"":[]}"
https://github.com/docker/go-events,archived_evidence_found,"[""snapshot"",""tag_target_revision""]",snapshot_found,observed,missing,0,1,"{""checked_at"":""2026-09-24T08:39:06Z"",""candidates"":[""https://github.com/docker/go-events"",""https://github.com/docker/go-events.git""],""observations"":[{""origin"":""https://github.com/docker/go-events"",""status"":""full"",""visit"":{""origin"":""https://github.com/docker/go-events"",""visit"":532,""date"":""2026-09-24T00:04:16.754000+00:00"",""status"":""full"",""snapshot"":""6879e924a00ed75147b022dc6d056c9a13063859"",""type"":""git-checkout"",""metadata"":{},""origin_visit_url"":""https://archive.softwareheritage.org/api/1/origin/https://github.com/docker/go-events/visit/532/"",""snapshot_url"":""https://archive.softwareheritage.org/api/1/snapshot/6879e924a00ed75147b022dc6d056c9a13063859/""},""evidence"":[{""url"":""https://archive.softwareheritage.org/api/1/origin/https%3A%2F%2Fgithub.com%2Fdocker%2Fgo-events/visits/?per_page=100"",""fetched_at"":""2026-09-24T08:39:06Z"",""cache_file"":""dcf0ec5de65ee9aa30a9a6cfeff03c64b1b42df77a178fe8de66f4f7e8e1485e.json.gz"",""status"":200}]}],""incomplete_reasons"":[]}"
https://github.com/docker/go-metrics,archived_evidence_found,"[""snapshot""]",snapshot_found,observed,missing,1,1,"{""checked_at"":""2026-09-23T19:54:00Z"",""candidates"":[""https://github.com/docker/go-metrics"",""https://github.com/docker/go-metrics.git""],""observations"":[{""origin"":""https://github.com/docker/go-metrics"",""status"":""full"",""visit"":{""origin"":""https://github.com/docker/go-metrics"",""visit"":563,""date"":""2026-09-23T12:21:06.443000+00:00"",""status"":""full"",""snapshot"":""197d7b5574dc8cf9a123403364b11acbf2475f88"",""type"":""git-checkout"",""metadata"":{},""origin_visit_url"":""https://archive.softwareheritage.org/api/1/origin/https://github.com/docker/go-metrics/visit/563/"",""snapshot_url"":""https://archive.softwareheritage.org/api/1/snapshot/197d7b5574dc8cf9a123403364b11acbf2475f88/""},""evidence"":[{""url"":""https://archive.softwareheritage.org/api/1/origin/https%3A%2F%2Fgithub.com%2Fdocker%2Fgo-metrics/visits/?per_page=100"",""fetched_at"":""2026-09-23T19:54:00Z"",""cache_file"":""eb87d48ef4fe8e500161ee92e8ef65c5ca1136c2b8b719cc9affde0e813042fb.json.gz"",""status"":200}]}],""incomplete_reasons"":[]}"
https://github.com/doctrine/doctrinemigrationsbundle,archived_evidence_found,"[""snapshot""]",snapshot_found,observed,missing,1,1,"{""checked_at"":""2026-09-23T19:54:00Z"",""candidates"":[""https://github.com/doctrine/DoctrineMigrationsBundle"",""https://github.com/doctrine/DoctrineMigrationsBundle.git"",""https://github.com/doctrine/doctrinemigrationsbundle"",""https://github.com/doctrine/doctrinemigrationsbundle.git""],""observations"":[{""origin"":""https://github.com/doctrine/DoctrineMigrationsBundle"",""status"":""full"",""visit"":{""origin"":""https://github.com/doctrine/DoctrineMigrationsBundle"",""visit"":154,""date"":""2026-08-21T09:50:24.554000+00:00"",""status"":""full"",""snapshot"":""90d5ef4b207125cd4a55fea30c30b5b0a62e292f"",""type"":""git"",""metadata"":{},""origin_visit_url"":""https://archive.softwareheritage.org/api/1/origin/https://github.com/doctrine/DoctrineMigrationsBundle/visit/154/"",""snapshot_url"":""https://archive.softwareheritage.org/api/1/snapshot/90d5ef4b207125cd4a55fea30c30b5b0a62e292f/""},""evidence"":[{""url"":""https://archive.softwareheritage.org/api/1/origin/https%3A%2F%2Fgithub.com%2Fdoctrine%2FDoctrineMigrationsBundle/visits/?per_page=100"",""fetched_at"":""2026-09-23T19:54:00Z"",""cache_file"":""286c8c31feadc3462d287bb0df520592f33255c1f7b414f923c6a70447c3b69e.json.gz"",""status"":200}]}],""incomplete_reasons"":[]}"
https://github.com/doctrine/orm,archived_evidence_found,"[""snapshot""]",snapshot_found,observed,missing,1,1,"{""checked_at"":""2026-09-23T19:54:01Z"",""candidates"":[""https://github.com/doctrine/doctrine2"",""https://github.com/doctrine/doctrine2.git"",""https://github.com/doctrine/orm"",""https://github.com/doctrine/orm.git""],""observations"":[{""origin"":""https://github.com/doctrine/doctrine2"",""status"":""full"",""visit"":{""origin"":""https://github.com/doctrine/doctrine2"",""visit"":23,""date"":""2021-01-24T09:13:00.640000+00:00"",""status"":""full"",""snapshot"":""847b0588ec19d4f9cdb375db03dc1fbf6a9fd63e"",""type"":""git"",""metadata"":{},""origin_visit_url"":""https://archive.softwareheritage.org/api/1/origin/https://github.com/doctrine/doctrine2/visit/23/"",""snapshot_url"":""https://archive.softwareheritage.org/api/1/snapshot/847b0588ec19d4f9cdb375db03dc1fbf6a9fd63e/""},""evidence"":[{""url"":""https://archive.softwareheritage.org/api/1/origin/https%3A%2F%2Fgithub.com%2Fdoctrine%2Fdoctrine2/visits/?per_page=100"",""fetched_at"":""2026-09-23T19:54:01Z"",""cache_file"":""130884cee299e1f502cd480f7debe0ca81dcb8e89995b6e11adeaa403c46deb4.json.gz"",""status"":200}]}],""incomplete_reasons"":[]}"
https://github.com/doorkeeper-gem/doorkeeper,archived_evidence_found,"[""snapshot""]",snapshot_found,observed,missing,1,0,"{""checked_at"":""2026-09-23T19:54:03Z"",""candidates"":[""https://github.com/applicake/doorkeeper"",""https://github.com/applicake/doorkeeper.git"",""https://github.com/doorkeeper-gem/doorkeeper"",""https://github.com/doorkeeper-gem/doorkeeper.git""],""observations"":[{""origin"":""https://github.com/applicake/doorkeeper"",""status"":""not_found"",""evidence"":[{""url"":""https://archive.softwareheritage.org/api/1/origin/https%3A%2F%2Fgithub.com%2Fapplicake%2Fdoorkeeper/visits/?per_page=100"",""fetched_at"":""2026-09-23T19:54:01Z"",""cache_file"":""c60481e448ae89302504edcea1d6c258a76ce229c0195de87303e5370875ef77.json.gz"",""status"":404}]},{""origin"":""https://github.com/applicake/doorkeeper.git"",""status"":""not_found"",""evidence"":[{""url"":""https://archive.softwareheritage.org/api/1/origin/https%3A%2F%2Fgithub.com%2Fapplicake%2Fdoorkeeper.git/visits/?per_page=100"",""fetched_at"":""2026-09-23T19:54:02Z"",""cache_file"":""9799530f6147e7859234ed591229bee9c6d46a77bd5b8dd59255c2cd9d166ac3.json.gz"",""status"":404}]},{""origin"":""https://github.com/doorkeeper-gem/doorkeeper"",""status"":""full"",""visit"":{""origin"":""https://github.com/doorkeeper-gem/doorkeeper"",""visit"":178,""date"":""2026-09-08T18:32:00.404000+00:00"",""status"":""full"",""snapshot"":""858c37633fd0bec01836b6639423f67c2624c09e"",""type"":""git"",""metadata"":{},""origin_visit_url"":""https://archive.softwareheritage.org/api/1/origin/https://github.com/doorkeeper-gem/doorkeeper/visit/178/"",""snapshot_url"":""https://archive.softwareheritage.org/api/1/snapshot/858c37633fd0bec01836b6639423f67c2624c09e/""},""evidence"":[{""url"":""https://archive.softwareheritage.org/api/1/origin/https%3A%2F%2Fgithub.com%2Fdoorkeeper-gem%2Fdoorkeeper/visits/?per_page=100"",""fetched_at"":""2026-09-23T19:54:03Z"",""cache_file"":""d3b06a2299bcd67ceadcbdc6339a2c0a9a02efeebd8c683fe5751db36bd5dcbb.json.gz"",""status"":200}]}],""incomplete_reasons"":[]}"
https://github.com/dotansimha/graphql-code-generator,archived_evidence_found,"[""snapshot"",""tag_target_revision"",""annotated_release""]",snapshot_found,observed,missing,0,1,"{""checked_at"":""2026-09-24T08:39:12Z"",""candidates"":[""https://github.com/dotansimha/graphql-code-generator"",""https://github.com/dotansimha/graphql-code-generator.git"",""https://github.com/dotansimha/graphql-codegen"",""https://github.com/dotansimha/graphql-codegen.git""],""observations"":[{""origin"":""https://github.com/dotansimha/graphql-code-generator"",""status"":""full"",""visit"":{""origin"":""https://github.com/dotansimha/graphql-code-generator"",""visit"":201,""date"":""2026-08-22T09:54:53.950000+00:00"",""status"":""full"",""snapshot"":""f045ac5aeaf4483dd94ff6080538811298870b27"",""type"":""git"",""metadata"":{},""origin_visit_url"":""https://archive.softwareheritage.org/api/1/origin/https://github.com/dotansimha/graphql-code-generator/visit/201/"",""snapshot_url"":""https://archive.softwareheritage.org/api/1/snapshot/f045ac5aeaf4483dd94ff6080538811298870b27/""},""evidence"":[{""url"":""https://archive.softwareheritage.org/api/1/origin/https%3A%2F%2Fgithub.com%2Fdotansimha%2Fgraphql-code-generator/visits/?per_page=100"",""fetched_at"":""2026-09-24T08:39:12Z"",""cache_file"":""7da7904ce099c22db59556e9b1227109f11bb709daab4c78ff9edc2280c6c54c.json.gz"",""status"":200}]}],""incomplete_reasons"":[]}"
https://github.com/dotnet/dotnet,archived_evidence_found,"[""snapshot""]",snapshot_found,observed,missing,1,0,"{""checked_at"":""2026-09-23T19:54:03Z"",""candidates"":[""https://github.com/dotnet/dotnet"",""https://github.com/dotnet/dotnet.git""],""observations"":[{""origin"":""https://github.com/dotnet/dotnet"",""status"":""full"",""visit"":{""origin"":""https://github.com/dotnet/dotnet"",""visit"":25,""date"":""2026-09-01T17:46:39.160000+00:00"",""status"":""full"",""snapshot"":""020666878dba2da1844f73c5e47e6759e809b41b"",""type"":""git"",""metadata"":{},""origin_visit_url"":""https://archive.softwareheritage.org/api/1/origin/https://github.com/dotnet/dotnet/visit/25/"",""snapshot_url"":""https://archive.softwareheritage.org/api/1/snapshot/020666878dba2da1844f73c5e47e6759e809b41b/""},""evidence"":[{""url"":""https://archive.softwareheritage.org/api/1/origin/https%3A%2F%2Fgithub.com%2Fdotnet%2Fdotnet/visits/?per_page=100"",""fetched_at"":""2026-09-23T19:54:03Z"",""cache_file"":""b139fdc23350bc54a6af92dc812f2927eb219e1cb65a7cbbbc6b86f8d6bcbaeb.json.gz"",""status"":200}]}],""incomplete_reasons"":[]}"
https://github.com/dotnet/sqlclient,archived_evidence_found,"[""snapshot""]",snapshot_found,observed,missing,1,1,"{""checked_at"":""2026-09-23T19:54:04Z"",""candidates"":[""https://github.com/dotnet/SqlClient"",""https://github.com/dotnet/SqlClient.git"",""https://github.com/dotnet/sqlclient"",""https://github.com/dotnet/sqlclient.git""],""observations"":[{""origin"":""https://github.com/dotnet/SqlClient"",""status"":""full"",""visit"":{""origin"":""https://github.com/dotnet/SqlClient"",""visit"":193,""date"":""2026-09-16T13:10:56.223000+00:00"",""status"":""full"",""snapshot"":""02b9c89d9f1f01e5049d97168147eb9f5027fdb5"",""type"":""git"",""metadata"":{},""origin_visit_url"":""https://archive.softwareheritage.org/api/1/origin/https://github.com/dotnet/SqlClient/visit/193/"",""snapshot_url"":""https://archive.softwareheritage.org/api/1/snapshot/02b9c89d9f1f01e5049d97168147eb9f5027fdb5/""},""evidence"":[{""url"":""https://archive.softwareheritage.org/api/1/origin/https%3A%2F%2Fgithub.com%2Fdotnet%2FSqlClient/visits/?per_page=100"",""fetched_at"":""2026-09-23T19:54:04Z"",""cache_file"":""53cd1d18cc984365611c86738e48c4e859556283865d8873fc0313c136cb9445.json.gz"",""status"":200}]}],""incomplete_reasons"":[]}"
https://github.com/dpgaspar/flask-appbuilder,archived_evidence_found,"[""snapshot""]",snapshot_found,observed,missing,1,0,"{""checked_at"":""2026-09-23T19:54:04Z"",""candidates"":[""https://github.com/dpgaspar/Flask-AppBuilder"",""https://github.com/dpgaspar/Flask-AppBuilder.git"",""https://github.com/dpgaspar/flask-appbuilder"",""https://github.com/dpgaspar/flask-appbuilder.git""],""observations"":[{""origin"":""https://github.com/dpgaspar/Flask-AppBuilder"",""status"":""full"",""visit"":{""origin"":""https://github.com/dpgaspar/Flask-AppBuilder"",""visit"":197,""date"":""2026-09-02T20:33:40.622000+00:00"",""status"":""full"",""snapshot"":""00efd8d4a99588073c97e87d00d599968667e330"",""type"":""git"",""metadata"":{},""origin_visit_url"":""https://archive.softwareheritage.org/api/1/origin/https://github.com/dpgaspar/Flask-AppBuilder/visit/197/"",""snapshot_url"":""https://archive.softwareheritage.org/api/1/snapshot/00efd8d4a99588073c97e87d00d599968667e330/""},""evidence"":[{""url"":""https://archive.softwareheritage.org/api/1/origin/https%3A%2F%2Fgithub.com%2Fdpgaspar%2FFlask-AppBuilder/visits/?per_page=100"",""fetched_at"":""2026-09-23T19:54:04Z"",""cache_file"":""82826bb027093512a75ff128ad152e87788f03b7703ed5a37643e165817a438a.json.gz"",""status"":200}]}],""incomplete_reasons"":[]}"
https://github.com/drupal/core,archived_evidence_found,"[""snapshot""]",snapshot_found,observed,missing,1,0,"{""checked_at"":""2026-09-23T19:54:05Z"",""candidates"":[""https://github.com/drupal/core"",""https://github.com/drupal/core.git""],""observations"":[{""origin"":""https://github.com/drupal/core"",""status"":""full"",""visit"":{""origin"":""https://github.com/drupal/core"",""visit"":244,""date"":""2026-09-10T06:26:17.959000+00:00"",""status"":""full"",""snapshot"":""3f52863820a08a155e1e9a1da9d37898bafc74c5"",""type"":""git"",""metadata"":{},""origin_visit_url"":""https://archive.softwareheritage.org/api/1/origin/https://github.com/drupal/core/visit/244/"",""snapshot_url"":""https://archive.softwareheritage.org/api/1/snapshot/3f52863820a08a155e1e9a1da9d37898bafc74c5/""},""evidence"":[{""url"":""https://archive.softwareheritage.org/api/1/origin/https%3A%2F%2Fgithub.com%2Fdrupal%2Fcore/visits/?per_page=100"",""fetched_at"":""2026-09-23T19:54:05Z"",""cache_file"":""441e026b37054679c60bad991c2c6818c86b64422cd86d1b3b0057bad945ab55.json.gz"",""status"":200}]}],""incomplete_reasons"":[]}"
https://github.com/dtolnay/cxx,archived_evidence_found,"[""snapshot"",""tag_target_revision""]",snapshot_found,observed,missing,0,1,"{""checked_at"":""2026-09-24T08:39:38Z"",""candidates"":[""https://github.com/dtolnay/cxx"",""https://github.com/dtolnay/cxx.git""],""observations"":[{""origin"":""https://github.com/dtolnay/cxx"",""status"":""full"",""visit"":{""origin"":""https://github.com/dtolnay/cxx"",""visit"":177,""date"":""2026-08-26T11:05:32.143000+00:00"",""status"":""full"",""snapshot"":""20b3a22c0a7d422a6743b9343bd526270060c530"",""type"":""git"",""metadata"":{},""origin_visit_url"":""https://archive.softwareheritage.org/api/1/origin/https://github.com/dtolnay/cxx/visit/177/"",""snapshot_url"":""https://archive.softwareheritage.org/api/1/snapshot/20b3a22c0a7d422a6743b9343bd526270060c530/""},""evidence"":[{""url"":""https://archive.softwareheritage.org/api/1/origin/https%3A%2F%2Fgithub.com%2Fdtolnay%2Fcxx/visits/?per_page=100"",""fetched_at"":""2026-09-24T08:39:38Z"",""cache_file"":""f9e42df52b42b54ca830bf5020bb346c70778306ba8121f957dd1d409d909df5.json.gz"",""status"":200}]}],""incomplete_reasons"":[]}"
https://github.com/dtolnay/unicode-ident,archived_evidence_found,"[""snapshot""]",snapshot_found,observed,missing,1,1,"{""checked_at"":""2026-09-23T19:54:06Z"",""candidates"":[""https://github.com/dtolnay/unicode-ident"",""https://github.com/dtolnay/unicode-ident.git""],""observations"":[{""origin"":""https://github.com/dtolnay/unicode-ident"",""status"":""full"",""visit"":{""origin"":""https://github.com/dtolnay/unicode-ident"",""visit"":27,""date"":""2026-05-13T16:22:26.611000+00:00"",""status"":""full"",""snapshot"":""5445d98ac5491bc3746680546e860fbcff885b7a"",""type"":""git"",""metadata"":{},""origin_visit_url"":""https://archive.softwareheritage.org/api/1/origin/https://github.com/dtolnay/unicode-ident/visit/27/"",""snapshot_url"":""https://archive.softwareheritage.org/api/1/snapshot/5445d98ac5491bc3746680546e860fbcff885b7a/""},""evidence"":[{""url"":""https://archive.softwareheritage.org/api/1/origin/https%3A%2F%2Fgithub.com%2Fdtolnay%2Funicode-ident/visits/?per_page=100"",""fetched_at"":""2026-09-23T19:54:06Z"",""cache_file"":""e4ffcb34819f1ffa67b9ebd906827e270d943a24487b1e26bc371f2b95511808.json.gz"",""status"":200}]}],""incomplete_reasons"":[]}"
https://github.com/dulwich/dulwich,archived_evidence_found,"[""snapshot""]",snapshot_found,observed,missing,1,1,"{""checked_at"":""2026-09-23T19:54:06Z"",""candidates"":[""https://github.com/dulwich/dulwich"",""https://github.com/dulwich/dulwich.git"",""https://github.com/jelmer/dulwich"",""https://github.com/jelmer/dulwich.git""],""observations"":[{""origin"":""https://github.com/dulwich/dulwich"",""status"":""full"",""visit"":{""origin"":""https://github.com/dulwich/dulwich"",""visit"":81,""date"":""2026-08-31T16:02:27.769000+00:00"",""status"":""full"",""snapshot"":""b2164c3be8dc3499c863717477ee0967c65fc9a2"",""type"":""git"",""metadata"":{},""origin_visit_url"":""https://archive.softwareheritage.org/api/1/origin/https://github.com/dulwich/dulwich/visit/81/"",""snapshot_url"":""https://archive.softwareheritage.org/api/1/snapshot/b2164c3be8dc3499c863717477ee0967c65fc9a2/""},""evidence"":[{""url"":""https://archive.softwareheritage.org/api/1/origin/https%3A%2F%2Fgithub.com%2Fdulwich%2Fdulwich/visits/?per_page=100"",""fetched_at"":""2026-09-23T19:54:06Z"",""cache_file"":""42a1928841d75f6870b3fb648d735c74c72a26f54d6e3a1b1d923fcd6551eb08.json.gz"",""status"":200}]}],""incomplete_reasons"":[]}"
https://github.com/dustin/go-humanize,archived_evidence_found,"[""snapshot""]",snapshot_found,observed,missing,1,1,"{""checked_at"":""2026-09-23T19:54:07Z"",""candidates"":[""https://github.com/dustin/go-humanize"",""https://github.com/dustin/go-humanize.git""],""observations"":[{""origin"":""https://github.com/dustin/go-humanize"",""status"":""full"",""visit"":{""origin"":""https://github.com/dustin/go-humanize"",""visit"":1668,""date"":""2026-09-23T11:51:45.915000+00:00"",""status"":""full"",""snapshot"":""15d06f147f795a99ec9d1301f4b139817176ad18"",""type"":""git-checkout"",""metadata"":{},""origin_visit_url"":""https://archive.softwareheritage.org/api/1/origin/https://github.com/dustin/go-humanize/visit/1668/"",""snapshot_url"":""https://archive.softwareheritage.org/api/1/snapshot/15d06f147f795a99ec9d1301f4b139817176ad18/""},""evidence"":[{""url"":""https://archive.softwareheritage.org/api/1/origin/https%3A%2F%2Fgithub.com%2Fdustin%2Fgo-humanize/visits/?per_page=100"",""fetched_at"":""2026-09-23T19:54:07Z"",""cache_file"":""d73622df4c539bfe3919f420ac0557c3b57e84ce31aa01529ad2bc2002108669.json.gz"",""status"":200}]}],""incomplete_reasons"":[]}"
https://github.com/easymock/easymock,archived_evidence_found,"[""snapshot""]",snapshot_found,observed,missing,1,0,"{""checked_at"":""2026-09-23T19:54:07Z"",""candidates"":[""https://github.com/easymock/easymock"",""https://github.com/easymock/easymock.git""],""observations"":[{""origin"":""https://github.com/easymock/easymock"",""status"":""full"",""visit"":{""origin"":""https://github.com/easymock/easymock"",""visit"":338,""date"":""2026-08-21T05:55:48.942000+00:00"",""status"":""full"",""snapshot"":""9ca1f031818d3cf2b0f2fb7784fc9c5326c877d8"",""type"":""git"",""metadata"":{},""origin_visit_url"":""https://archive.softwareheritage.org/api/1/origin/https://github.com/easymock/easymock/visit/338/"",""snapshot_url"":""https://archive.softwareheritage.org/api/1/snapshot/9ca1f031818d3cf2b0f2fb7784fc9c5326c877d8/""},""evidence"":[{""url"":""https://archive.softwareheritage.org/api/1/origin/https%3A%2F%2Fgithub.com%2Feasymock%2Feasymock/visits/?per_page=100"",""fetched_at"":""2026-09-23T19:54:07Z"",""cache_file"":""fdf4a277c104329c113605e086e1d14a8f7c0c14aedb82e104daac936732da57.json.gz"",""status"":200}]}],""incomplete_reasons"":[]}"
https://github.com/easystats/insight,archived_evidence_found,"[""snapshot""]",snapshot_found,observed,missing,1,0,"{""checked_at"":""2026-09-23T19:54:08Z"",""candidates"":[""https://github.com/easystats/insight"",""https://github.com/easystats/insight.git""],""observations"":[{""origin"":""https://github.com/easystats/insight"",""status"":""full"",""visit"":{""origin"":""https://github.com/easystats/insight"",""visit"":93,""date"":""2026-08-24T09:58:32.921000+00:00"",""status"":""full"",""snapshot"":""d343670390ea71266e09290a0eedae79e357ba73"",""type"":""git"",""metadata"":{},""origin_visit_url"":""https://archive.softwareheritage.org/api/1/origin/https://github.com/easystats/insight/visit/93/"",""snapshot_url"":""https://archive.softwareheritage.org/api/1/snapshot/d343670390ea71266e09290a0eedae79e357ba73/""},""evidence"":[{""url"":""https://archive.softwareheritage.org/api/1/origin/https%3A%2F%2Fgithub.com%2Feasystats%2Finsight/visits/?per_page=100"",""fetched_at"":""2026-09-23T19:54:08Z"",""cache_file"":""ee995d7c7af66775268d0a4c113fc1ba6e97c390630bc675e1111467bf523c4f.json.gz"",""status"":200}]}],""incomplete_reasons"":[]}"
https://github.com/eclipse/vert.x,archived_evidence_found,"[""head"",""tag_target_revision""]",unchecked,observed,present,0,1,
https://github.com/eemeli/yaml,archived_evidence_found,"[""snapshot""]",snapshot_found,observed,missing,1,0,"{""checked_at"":""2026-09-23T19:54:09Z"",""candidates"":[""https://github.com/eemeli/yaml"",""https://github.com/eemeli/yaml.git""],""observations"":[{""origin"":""https://github.com/eemeli/yaml"",""status"":""full"",""visit"":{""origin"":""https://github.com/eemeli/yaml"",""visit"":583,""date"":""2026-09-23T12:21:51.743000+00:00"",""status"":""full"",""snapshot"":""644e58411469ed6259ab9e3404326ceacd773e00"",""type"":""git-checkout"",""metadata"":{},""origin_visit_url"":""https://archive.softwareheritage.org/api/1/origin/https://github.com/eemeli/yaml/visit/583/"",""snapshot_url"":""https://archive.softwareheritage.org/api/1/snapshot/644e58411469ed6259ab9e3404326ceacd773e00/""},""evidence"":[{""url"":""https://archive.softwareheritage.org/api/1/origin/https%3A%2F%2Fgithub.com%2Feemeli%2Fyaml/visits/?per_page=100"",""fetched_at"":""2026-09-23T19:54:09Z"",""cache_file"":""a8adb1ebf975dc5164b0086faf50502da08201c3039f784ce5b759391be6ab72.json.gz"",""status"":200}]}],""incomplete_reasons"":[]}"
https://github.com/electron/node-abi,archived_evidence_found,"[""snapshot""]",snapshot_found,observed,missing,1,0,"{""checked_at"":""2026-09-23T19:54:09Z"",""candidates"":[""https://github.com/electron/node-abi"",""https://github.com/electron/node-abi.git"",""https://github.com/lgeiger/node-abi"",""https://github.com/lgeiger/node-abi.git""],""observations"":[{""origin"":""https://github.com/electron/node-abi"",""status"":""full"",""visit"":{""origin"":""https://github.com/electron/node-abi"",""visit"":30,""date"":""2026-07-24T03:31:33.499000+00:00"",""status"":""full"",""snapshot"":""008414d069f0c201aeb5f9920c991c8f62ac879a"",""type"":""git"",""metadata"":{},""origin_visit_url"":""https://archive.softwareheritage.org/api/1/origin/https://github.com/electron/node-abi/visit/30/"",""snapshot_url"":""https://archive.softwareheritage.org/api/1/snapshot/008414d069f0c201aeb5f9920c991c8f62ac879a/""},""evidence"":[{""url"":""https://archive.softwareheritage.org/api/1/origin/https%3A%2F%2Fgithub.com%2Felectron%2Fnode-abi/visits/?per_page=100"",""fetched_at"":""2026-09-23T19:54:09Z"",""cache_file"":""5b7d82dd0c61646c100415993a7103f0ef828f25d89d8b36bb44f9a1f11d6751.json.gz"",""status"":200}]}],""incomplete_reasons"":[]}"
https://github.com/elixir-makeup/makeup,no_snapshot_at_checked_origins,[],origin_not_found,observed,missing,1,0,"{""checked_at"":""2026-09-23T19:54:10Z"",""candidates"":[""https://github.com/elixir-makeup/makeup"",""https://github.com/elixir-makeup/makeup.git""],""observations"":[{""origin"":""https://github.com/elixir-makeup/makeup"",""status"":""not_found"",""evidence"":[{""url"":""https://archive.softwareheritage.org/api/1/origin/https%3A%2F%2Fgithub.com%2Felixir-makeup%2Fmakeup/visits/?per_page=100"",""fetched_at"":""2026-09-23T19:54:10Z"",""cache_file"":""6437c763a7c65dcdd47ec49d9ac9672da4f15321342b6d20cde649a96f94499d.json.gz"",""status"":404}]},{""origin"":""https://github.com/elixir-makeup/makeup.git"",""status"":""not_found"",""evidence"":[{""url"":""https://archive.softwareheritage.org/api/1/origin/https%3A%2F%2Fgithub.com%2Felixir-makeup%2Fmakeup.git/visits/?per_page=100"",""fetched_at"":""2026-09-23T19:54:10Z"",""cache_file"":""5fc14084ae737ba2dd5d43f0396c7adcee25207a37a864566f58ab3177b8ea4a.json.gz"",""status"":404}]}],""incomplete_reasons"":[]}"
https://github.com/elixir-mint/mint,archived_evidence_found,"[""snapshot""]",snapshot_found,observed,missing,1,1,"{""checked_at"":""2026-09-23T19:54:11Z"",""candidates"":[""https://github.com/elixir-mint/mint"",""https://github.com/elixir-mint/mint.git"",""https://github.com/ericmj/mint"",""https://github.com/ericmj/mint.git"",""https://github.com/ericmj/xhttp"",""https://github.com/ericmj/xhttp.git""],""observations"":[{""origin"":""https://github.com/elixir-mint/mint"",""status"":""full"",""visit"":{""origin"":""https://github.com/elixir-mint/mint"",""visit"":77,""date"":""2026-08-16T02:37:42.647000+00:00"",""status"":""full"",""snapshot"":""71d8a709821c05a62c2c0a548f6812473e014486"",""type"":""git"",""metadata"":{},""origin_visit_url"":""https://archive.softwareheritage.org/api/1/origin/https://github.com/elixir-mint/mint/visit/77/"",""snapshot_url"":""https://archive.softwareheritage.org/api/1/snapshot/71d8a709821c05a62c2c0a548f6812473e014486/""},""evidence"":[{""url"":""https://archive.softwareheritage.org/api/1/origin/https%3A%2F%2Fgithub.com%2Felixir-mint%2Fmint/visits/?per_page=100"",""fetched_at"":""2026-09-23T19:54:11Z"",""cache_file"":""6982be9f83e4c7034bc3c8a41d95cd8b95ca805bab46fd78528e815a05df4642.json.gz"",""status"":200}]}],""incomplete_reasons"":[]}"
https://github.com/elixir-tesla/tesla,archived_evidence_found,"[""snapshot""]",snapshot_found,observed,missing,1,0,"{""checked_at"":""2026-09-23T19:54:12Z"",""candidates"":[""https://github.com/elixir-tesla/tesla"",""https://github.com/elixir-tesla/tesla.git"",""https://github.com/teamon/tesla"",""https://github.com/teamon/tesla.git""],""observations"":[{""origin"":""https://github.com/elixir-tesla/tesla"",""status"":""not_found"",""evidence"":[{""url"":""https://archive.softwareheritage.org/api/1/origin/https%3A%2F%2Fgithub.com%2Felixir-tesla%2Ftesla/visits/?per_page=100"",""fetched_at"":""2026-09-23T19:54:11Z"",""cache_file"":""ed6023b677e163783a7ac107d87527b1470530544897745a008cade039847fab.json.gz"",""status"":404}]},{""origin"":""https://github.com/elixir-tesla/tesla.git"",""status"":""not_found"",""evidence"":[{""url"":""https://archive.softwareheritage.org/api/1/origin/https%3A%2F%2Fgithub.com%2Felixir-tesla%2Ftesla.git/visits/?per_page=100"",""fetched_at"":""2026-09-23T19:54:12Z"",""cache_file"":""32b5ea13bf74194c483dd61a7ea71a7d28516985d91d7a25fb6de6eb2c44980d.json.gz"",""status"":404}]},{""origin"":""https://github.com/teamon/tesla"",""status"":""full"",""visit"":{""origin"":""https://github.com/teamon/tesla"",""visit"":219,""date"":""2026-08-17T19:21:44.813000+00:00"",""status"":""full"",""snapshot"":""a7682d867d283dd8999507e609fb25b4881473f2"",""type"":""git"",""metadata"":{},""origin_visit_url"":""https://archive.softwareheritage.org/api/1/origin/https://github.com/teamon/tesla/visit/219/"",""snapshot_url"":""https://archive.softwareheritage.org/api/1/snapshot/a7682d867d283dd8999507e609fb25b4881473f2/""},""evidence"":[{""url"":""https://archive.softwareheritage.org/api/1/origin/https%3A%2F%2Fgithub.com%2Fteamon%2Ftesla/visits/?per_page=100"",""fetched_at"":""2026-09-23T19:54:12Z"",""cache_file"":""99e6923bec2b00de271557b7ad433140914e2c7f121894d3ffee72117345b564.json.gz"",""status"":200}]}],""incomplete_reasons"":[]}"
https://github.com/erlef/rebar3_hex,archived_evidence_found,"[""snapshot""]",snapshot_found,observed,missing,1,0,"{""checked_at"":""2026-09-23T19:54:14Z"",""candidates"":[""https://github.com/erlef/rebar3_hex"",""https://github.com/erlef/rebar3_hex.git"",""https://github.com/hexpm/rebar3_hex"",""https://github.com/hexpm/rebar3_hex.git"",""https://github.com/tsloughter/rebar3_hex"",""https://github.com/tsloughter/rebar3_hex.git""],""observations"":[{""origin"":""https://github.com/erlef/rebar3_hex"",""status"":""not_found"",""evidence"":[{""url"":""https://archive.softwareheritage.org/api/1/origin/https%3A%2F%2Fgithub.com%2Ferlef%2Frebar3_hex/visits/?per_page=100"",""fetched_at"":""2026-09-23T19:54:13Z"",""cache_file"":""1c0db1bbd6426dfa4b7a3b3b76905b6a141587a93f1801918bbf2b646380e7e8.json.gz"",""status"":404}]},{""origin"":""https://github.com/erlef/rebar3_hex.git"",""status"":""not_found"",""evidence"":[{""url"":""https://archive.softwareheritage.org/api/1/origin/https%3A%2F%2Fgithub.com%2Ferlef%2Frebar3_hex.git/visits/?per_page=100"",""fetched_at"":""2026-09-23T19:54:13Z"",""cache_file"":""27900a8656b41b6ba7bc547c7e6b20ed122d8467d12264df36b170d6383f1d48.json.gz"",""status"":404}]},{""origin"":""https://github.com/hexpm/rebar3_hex"",""status"":""full"",""visit"":{""origin"":""https://github.com/hexpm/rebar3_hex"",""visit"":7,""date"":""2021-01-19T16:16:38.292000+00:00"",""status"":""full"",""snapshot"":""5c484eb0baae57c07c2a5d0da21fa158be473762"",""type"":""git"",""metadata"":{},""origin_visit_url"":""https://archive.softwareheritage.org/api/1/origin/https://github.com/hexpm/rebar3_hex/visit/7/"",""snapshot_url"":""https://archive.softwareheritage.org/api/1/snapshot/5c484eb0baae57c07c2a5d0da21fa158be473762/""},""evidence"":[{""url"":""https://archive.softwareheritage.org/api/1/origin/https%3A%2F%2Fgithub.com%2Fhexpm%2Frebar3_hex/visits/?per_page=100"",""fetched_at"":""2026-09-23T19:54:14Z"",""cache_file"":""a14311d159afdc7c2ff5e8c7aaf9ad34b7eff941fe4bd89d74e7cb44928bc6be.json.gz"",""status"":200}]}],""incomplete_reasons"":[]}"
https://github.com/es-shims/array-includes,archived_evidence_found,"[""snapshot""]",snapshot_found,observed,missing,1,1,"{""checked_at"":""2026-09-23T19:54:15Z"",""candidates"":[""https://github.com/es-shims/array-includes"",""https://github.com/es-shims/array-includes.git""],""observations"":[{""origin"":""https://github.com/es-shims/array-includes"",""status"":""full"",""visit"":{""origin"":""https://github.com/es-shims/array-includes"",""visit"":60,""date"":""2026-08-25T02:39:05.178000+00:00"",""status"":""full"",""snapshot"":""e9667caabcae23de061cbca768347a573d7e2e4f"",""type"":""git"",""metadata"":{},""origin_visit_url"":""https://archive.softwareheritage.org/api/1/origin/https://github.com/es-shims/array-includes/visit/60/"",""snapshot_url"":""https://archive.softwareheritage.org/api/1/snapshot/e9667caabcae23de061cbca768347a573d7e2e4f/""},""evidence"":[{""url"":""https://archive.softwareheritage.org/api/1/origin/https%3A%2F%2Fgithub.com%2Fes-shims%2Farray-includes/visits/?per_page=100"",""fetched_at"":""2026-09-23T19:54:15Z"",""cache_file"":""df6d17e025607e7f9d6405b06cc0ca3af62617383dcc2430790f4066d054a1a6.json.gz"",""status"":200}]}],""incomplete_reasons"":[]}"
https://github.com/es-shims/iterator-helpers,archived_evidence_found,"[""snapshot""]",snapshot_found,observed,missing,1,1,"{""checked_at"":""2026-09-23T19:54:15Z"",""candidates"":[""https://github.com/es-shims/iterator-helpers"",""https://github.com/es-shims/iterator-helpers.git""],""observations"":[{""origin"":""https://github.com/es-shims/iterator-helpers"",""status"":""full"",""visit"":{""origin"":""https://github.com/es-shims/iterator-helpers"",""visit"":6,""date"":""2026-06-26T02:34:56.403000+00:00"",""status"":""full"",""snapshot"":""b5550166047d39b9ae2820af78e4cb725d0b7e03"",""type"":""git"",""metadata"":{},""origin_visit_url"":""https://archive.softwareheritage.org/api/1/origin/https://github.com/es-shims/iterator-helpers/visit/6/"",""snapshot_url"":""https://archive.softwareheritage.org/api/1/snapshot/b5550166047d39b9ae2820af78e4cb725d0b7e03/""},""evidence"":[{""url"":""https://archive.softwareheritage.org/api/1/origin/https%3A%2F%2Fgithub.com%2Fes-shims%2Fiterator-helpers/visits/?per_page=100"",""fetched_at"":""2026-09-23T19:54:15Z"",""cache_file"":""b5f7e4981b6714d8f7db803306859ba9df8ec20d5726dcb5bd045cf86dfd1751.json.gz"",""status"":200}]}],""incomplete_reasons"":[]}"
https://github.com/es-shims/object.hasown,archived_evidence_found,"[""snapshot""]",snapshot_found,observed,missing,1,1,"{""checked_at"":""2026-09-23T19:54:16Z"",""candidates"":[""https://github.com/es-shims/Object.hasOwn"",""https://github.com/es-shims/Object.hasOwn.git"",""https://github.com/es-shims/object.hasown"",""https://github.com/es-shims/object.hasown.git""],""observations"":[{""origin"":""https://github.com/es-shims/Object.hasOwn"",""status"":""full"",""visit"":{""origin"":""https://github.com/es-shims/Object.hasOwn"",""visit"":5,""date"":""2026-01-04T13:18:23.217000+00:00"",""status"":""full"",""snapshot"":""e8178d73b63cdd895636e1b3d5646df58a96ebf7"",""type"":""git"",""metadata"":{},""origin_visit_url"":""https://archive.softwareheritage.org/api/1/origin/https://github.com/es-shims/Object.hasOwn/visit/5/"",""snapshot_url"":""https://archive.softwareheritage.org/api/1/snapshot/e8178d73b63cdd895636e1b3d5646df58a96ebf7/""},""evidence"":[{""url"":""https://archive.softwareheritage.org/api/1/origin/https%3A%2F%2Fgithub.com%2Fes-shims%2FObject.hasOwn/visits/?per_page=100"",""fetched_at"":""2026-09-23T19:54:16Z"",""cache_file"":""e186a5924e71682732aabb673fbe95ef20a93e09179fdf0e13bec988d6728873.json.gz"",""status"":200}]}],""incomplete_reasons"":[]}"
https://github.com/eslint/eslint,archived_evidence_found,"[""snapshot"",""tag_target_revision"",""annotated_release""]",snapshot_found,observed,missing,0,1,"{""checked_at"":""2026-09-24T08:40:00Z"",""candidates"":[""https://github.com/eslint/eslint"",""https://github.com/eslint/eslint.git"",""https://github.com/nzakas/eslint"",""https://github.com/nzakas/eslint.git"",""https://github.com/nzakas/jscheck"",""https://github.com/nzakas/jscheck.git""],""observations"":[{""origin"":""https://github.com/eslint/eslint"",""status"":""full"",""visit"":{""origin"":""https://github.com/eslint/eslint"",""visit"":229,""date"":""2026-09-18T11:13:24.207000+00:00"",""status"":""full"",""snapshot"":""1f5d0d2d797999432cc94d8d5ca946807e892065"",""type"":""git"",""metadata"":{},""origin_visit_url"":""https://archive.softwareheritage.org/api/1/origin/https://github.com/eslint/eslint/visit/229/"",""snapshot_url"":""https://archive.softwareheritage.org/api/1/snapshot/1f5d0d2d797999432cc94d8d5ca946807e892065/""},""evidence"":[{""url"":""https://archive.softwareheritage.org/api/1/origin/https%3A%2F%2Fgithub.com%2Feslint%2Feslint/visits/?per_page=100"",""fetched_at"":""2026-09-24T08:40:00Z"",""cache_file"":""97299c9d029ac49d8190675a01320a74d9dd735cd642fa5c2b92802736a577bc.json.gz"",""status"":200}]}],""incomplete_reasons"":[]}"
https://github.com/etcd-io/etcd,archived_evidence_found,"[""snapshot"",""tag_target_revision"",""annotated_release""]",snapshot_found,observed,missing,1,1,"{""checked_at"":""2026-09-24T08:40:02Z"",""candidates"":[""https://github.com/coreos/etcd"",""https://github.com/coreos/etcd.git"",""https://github.com/etcd-io/etcd"",""https://github.com/etcd-io/etcd.git""],""observations"":[{""origin"":""https://github.com/coreos/etcd"",""status"":""full"",""visit"":{""origin"":""https://github.com/coreos/etcd"",""visit"":41,""date"":""2026-01-25T18:42:34.666000+00:00"",""status"":""full"",""snapshot"":""5a966395423968726d918bf0116d518ac438cdbd"",""type"":""git"",""metadata"":{},""origin_visit_url"":""https://archive.softwareheritage.org/api/1/origin/https://github.com/coreos/etcd/visit/41/"",""snapshot_url"":""https://archive.softwareheritage.org/api/1/snapshot/5a966395423968726d918bf0116d518ac438cdbd/""},""evidence"":[{""url"":""https://archive.softwareheritage.org/api/1/origin/https%3A%2F%2Fgithub.com%2Fcoreos%2Fetcd/visits/?per_page=100"",""fetched_at"":""2026-09-24T08:38:29Z"",""cache_file"":""98c855e4b02a63824798be106b1e8da9b0a247c43a97d6934f1966410730113f.json.gz"",""status"":200}]}],""incomplete_reasons"":[]}"
https://github.com/ex-phone-number/ex_phone_number,archived_evidence_found,"[""snapshot""]",snapshot_found,observed,missing,1,0,"{""checked_at"":""2026-09-23T19:54:17Z"",""candidates"":[""https://github.com/ex-phone-number/ex_phone_number"",""https://github.com/ex-phone-number/ex_phone_number.git"",""https://github.com/socialpaymentsbv/ex_phone_number"",""https://github.com/socialpaymentsbv/ex_phone_number.git""],""observations"":[{""origin"":""https://github.com/ex-phone-number/ex_phone_number"",""status"":""not_found"",""evidence"":[{""url"":""https://archive.softwareheritage.org/api/1/origin/https%3A%2F%2Fgithub.com%2Fex-phone-number%2Fex_phone_number/visits/?per_page=100"",""fetched_at"":""2026-09-23T19:54:16Z"",""cache_file"":""ffdd07203aac5e5ecb769eaab972055ff3c55240ab783ea75c336225a8aeea14.json.gz"",""status"":404}]},{""origin"":""https://github.com/ex-phone-number/ex_phone_number.git"",""status"":""not_found"",""evidence"":[{""url"":""https://archive.softwareheritage.org/api/1/origin/https%3A%2F%2Fgithub.com%2Fex-phone-number%2Fex_phone_number.git/visits/?per_page=100"",""fetched_at"":""2026-09-23T19:54:17Z"",""cache_file"":""e4a2119d122180c7e164b728daf854ac7be27a764f662616e6b8a901657cdde7.json.gz"",""status"":404}]},{""origin"":""https://github.com/socialpaymentsbv/ex_phone_number"",""status"":""full"",""visit"":{""origin"":""https://github.com/socialpaymentsbv/ex_phone_number"",""visit"":13,""date"":""2022-12-02T05:04:21.346000+00:00"",""status"":""full"",""snapshot"":""bf5ba9a422a79cadbc45b876e0f5a8aae80550e2"",""type"":""git"",""metadata"":{},""origin_visit_url"":""https://archive.softwareheritage.org/api/1/origin/https://github.com/socialpaymentsbv/ex_phone_number/visit/13/"",""snapshot_url"":""https://archive.softwareheritage.org/api/1/snapshot/bf5ba9a422a79cadbc45b876e0f5a8aae80550e2/""},""evidence"":[{""url"":""https://archive.softwareheritage.org/api/1/origin/https%3A%2F%2Fgithub.com%2Fsocialpaymentsbv%2Fex_phone_number/visits/?per_page=100"",""fetched_at"":""2026-09-23T19:54:17Z"",""cache_file"":""e1f40d4d77935d7bd3fb64dff7f2fec0ebe84b05d8d05907d7194a8e0954893a.json.gz"",""status"":200}]}],""incomplete_reasons"":[]}"
https://github.com/excon/excon,archived_evidence_found,"[""snapshot""]",snapshot_found,observed,missing,1,1,"{""checked_at"":""2026-09-23T19:54:18Z"",""candidates"":[""https://github.com/excon/excon"",""https://github.com/excon/excon.git"",""https://github.com/geemus/excon"",""https://github.com/geemus/excon.git""],""observations"":[{""origin"":""https://github.com/excon/excon"",""status"":""full"",""visit"":{""origin"":""https://github.com/excon/excon"",""visit"":1695,""date"":""2026-09-23T11:49:53.731000+00:00"",""status"":""full"",""snapshot"":""a8bdbd0414702f1aaab66cd3171583c429cc06f5"",""type"":""git-checkout"",""metadata"":{},""origin_visit_url"":""https://archive.softwareheritage.org/api/1/origin/https://github.com/excon/excon/visit/1695/"",""snapshot_url"":""https://archive.softwareheritage.org/api/1/snapshot/a8bdbd0414702f1aaab66cd3171583c429cc06f5/""},""evidence"":[{""url"":""https://archive.softwareheritage.org/api/1/origin/https%3A%2F%2Fgithub.com%2Fexcon%2Fexcon/visits/?per_page=100"",""fetched_at"":""2026-09-23T19:54:18Z"",""cache_file"":""eba14260dbacbe4d1b39dc5442ea144021375d24f75996ebc57d9efd8428577b.json.gz"",""status"":200}]}],""incomplete_reasons"":[]}"
https://github.com/exhammer/hammer,archived_evidence_found,"[""snapshot""]",snapshot_found,observed,missing,1,1,"{""checked_at"":""2026-09-23T19:54:18Z"",""candidates"":[""https://github.com/ExHammer/hammer"",""https://github.com/ExHammer/hammer.git"",""https://github.com/exhammer/hammer"",""https://github.com/exhammer/hammer.git""],""observations"":[{""origin"":""https://github.com/ExHammer/hammer"",""status"":""full"",""visit"":{""origin"":""https://github.com/ExHammer/hammer"",""visit"":120,""date"":""2026-06-08T12:48:06.947000+00:00"",""status"":""full"",""snapshot"":""3713103ceca22e0874337378e9c0343c658aa384"",""type"":""git"",""metadata"":{},""origin_visit_url"":""https://archive.softwareheritage.org/api/1/origin/https://github.com/ExHammer/hammer/visit/120/"",""snapshot_url"":""https://archive.softwareheritage.org/api/1/snapshot/3713103ceca22e0874337378e9c0343c658aa384/""},""evidence"":[{""url"":""https://archive.softwareheritage.org/api/1/origin/https%3A%2F%2Fgithub.com%2FExHammer%2Fhammer/visits/?per_page=100"",""fetched_at"":""2026-09-23T19:54:18Z"",""cache_file"":""ecf5c681382ab6e23cb947aae71e3d4b4663e1d52bc4d68b5f9f3b5906fe0faa.json.gz"",""status"":200}]}],""incomplete_reasons"":[]}"
https://github.com/expressjs/compression,archived_evidence_found,"[""snapshot""]",snapshot_found,observed,missing,1,0,"{""checked_at"":""2026-09-23T19:54:19Z"",""candidates"":[""https://github.com/expressjs/compression"",""https://github.com/expressjs/compression.git""],""observations"":[{""origin"":""https://github.com/expressjs/compression"",""status"":""full"",""visit"":{""origin"":""https://github.com/expressjs/compression"",""visit"":111,""date"":""2026-09-02T18:46:00.746000+00:00"",""status"":""full"",""snapshot"":""22a5281489b8e39a9c0efb5a58ff00c425287d50"",""type"":""git"",""metadata"":{},""origin_visit_url"":""https://archive.softwareheritage.org/api/1/origin/https://github.com/expressjs/compression/visit/111/"",""snapshot_url"":""https://archive.softwareheritage.org/api/1/snapshot/22a5281489b8e39a9c0efb5a58ff00c425287d50/""},""evidence"":[{""url"":""https://archive.softwareheritage.org/api/1/origin/https%3A%2F%2Fgithub.com%2Fexpressjs%2Fcompression/visits/?per_page=100"",""fetched_at"":""2026-09-23T19:54:19Z"",""cache_file"":""04109beb6b0c0dc478b3818306972b94f6cf9b2a823921b297cecc0d0fc73cd3.json.gz"",""status"":200}]}],""incomplete_reasons"":[]}"
https://github.com/ezyang/htmlpurifier,archived_evidence_found,"[""snapshot""]",snapshot_found,observed,missing,1,0,"{""checked_at"":""2026-09-23T19:54:20Z"",""candidates"":[""https://github.com/ezyang/htmlpurifier"",""https://github.com/ezyang/htmlpurifier.git""],""observations"":[{""origin"":""https://github.com/ezyang/htmlpurifier"",""status"":""full"",""visit"":{""origin"":""https://github.com/ezyang/htmlpurifier"",""visit"":133,""date"":""2026-09-09T21:45:08.648000+00:00"",""status"":""full"",""snapshot"":""0b3f7f46b7b2787e34d828bd0c5d087a2f77c0be"",""type"":""git"",""metadata"":{},""origin_visit_url"":""https://archive.softwareheritage.org/api/1/origin/https://github.com/ezyang/htmlpurifier/visit/133/"",""snapshot_url"":""https://archive.softwareheritage.org/api/1/snapshot/0b3f7f46b7b2787e34d828bd0c5d087a2f77c0be/""},""evidence"":[{""url"":""https://archive.softwareheritage.org/api/1/origin/https%3A%2F%2Fgithub.com%2Fezyang%2Fhtmlpurifier/visits/?per_page=100"",""fetched_at"":""2026-09-23T19:54:20Z"",""cache_file"":""f069389be208bb11ab963c5360ea595711aa08eeae46ed5b331898ff7e2830ee.json.gz"",""status"":200}]}],""incomplete_reasons"":[]}"
https://github.com/facebook/fbthrift,archived_evidence_found,"[""snapshot""]",snapshot_found,observed,missing,1,0,"{""checked_at"":""2026-09-23T19:54:20Z"",""candidates"":[""https://github.com/facebook/fbthrift"",""https://github.com/facebook/fbthrift.git""],""observations"":[{""origin"":""https://github.com/facebook/fbthrift"",""status"":""full"",""visit"":{""origin"":""https://github.com/facebook/fbthrift"",""visit"":232,""date"":""2026-08-29T13:19:28.720000+00:00"",""status"":""full"",""snapshot"":""638cb19e14d9bbde8cf9fdf54bbb20b763056a33"",""type"":""git"",""metadata"":{},""origin_visit_url"":""https://archive.softwareheritage.org/api/1/origin/https://github.com/facebook/fbthrift/visit/232/"",""snapshot_url"":""https://archive.softwareheritage.org/api/1/snapshot/638cb19e14d9bbde8cf9fdf54bbb20b763056a33/""},""evidence"":[{""url"":""https://archive.softwareheritage.org/api/1/origin/https%3A%2F%2Fgithub.com%2Ffacebook%2Ffbthrift/visits/?per_page=100"",""fetched_at"":""2026-09-23T19:54:20Z"",""cache_file"":""89a7b4295ceac269c6001fc3e29fc3e50c9a37f8576f073d97292b4ca67222f4.json.gz"",""status"":200}]}],""incomplete_reasons"":[]}"
https://github.com/facebook/flow,archived_evidence_found,"[""snapshot""]",snapshot_found,observed,missing,1,0,"{""checked_at"":""2026-09-23T19:54:21Z"",""candidates"":[""https://github.com/facebook/flow"",""https://github.com/facebook/flow.git""],""observations"":[{""origin"":""https://github.com/facebook/flow"",""status"":""full"",""visit"":{""origin"":""https://github.com/facebook/flow"",""visit"":246,""date"":""2026-08-29T01:09:20.868000+00:00"",""status"":""full"",""snapshot"":""9a2333ad7c74418ecc08ad14c8f4e63c17d81331"",""type"":""git"",""metadata"":{},""origin_visit_url"":""https://archive.softwareheritage.org/api/1/origin/https://github.com/facebook/flow/visit/246/"",""snapshot_url"":""https://archive.softwareheritage.org/api/1/snapshot/9a2333ad7c74418ecc08ad14c8f4e63c17d81331/""},""evidence"":[{""url"":""https://archive.softwareheritage.org/api/1/origin/https%3A%2F%2Fgithub.com%2Ffacebook%2Fflow/visits/?per_page=100"",""fetched_at"":""2026-09-23T19:54:21Z"",""cache_file"":""f6f30418b2a624d994a47a54b9ec656e5acc03c8c78a8bf17e8343133f6ca830.json.gz"",""status"":200}]}],""incomplete_reasons"":[]}"
https://github.com/facebook/folly,archived_evidence_found,"[""snapshot"",""tag_target_revision"",""annotated_release""]",snapshot_found,observed,missing,1,0,"{""checked_at"":""2026-09-24T08:40:07Z"",""candidates"":[""https://github.com/facebook/folly"",""https://github.com/facebook/folly.git""],""observations"":[{""origin"":""https://github.com/facebook/folly"",""status"":""full"",""visit"":{""origin"":""https://github.com/facebook/folly"",""visit"":1862,""date"":""2026-09-23T23:11:20.081000+00:00"",""status"":""full"",""snapshot"":""877fa86ea6010fedcff44f3837f614c776d08c16"",""type"":""git-checkout"",""metadata"":{},""origin_visit_url"":""https://archive.softwareheritage.org/api/1/origin/https://github.com/facebook/folly/visit/1862/"",""snapshot_url"":""https://archive.softwareheritage.org/api/1/snapshot/877fa86ea6010fedcff44f3837f614c776d08c16/""},""evidence"":[{""url"":""https://archive.softwareheritage.org/api/1/origin/https%3A%2F%2Fgithub.com%2Ffacebook%2Ffolly/visits/?per_page=100"",""fetched_at"":""2026-09-24T08:40:07Z"",""cache_file"":""66fcf31cfc2480f894296b349dae575760216308e3d3ffc7fbdbc3f8386b965e.json.gz"",""status"":200}]}],""incomplete_reasons"":[]}"
https://github.com/facebookexperimental/edencommon,archived_evidence_found,"[""snapshot""]",snapshot_found,observed,missing,1,0,"{""checked_at"":""2026-09-23T19:54:21Z"",""candidates"":[""https://github.com/facebookexperimental/edencommon"",""https://github.com/facebookexperimental/edencommon.git""],""observations"":[{""origin"":""https://github.com/facebookexperimental/edencommon"",""status"":""full"",""visit"":{""origin"":""https://github.com/facebookexperimental/edencommon"",""visit"":14,""date"":""2026-06-08T22:48:51.291000+00:00"",""status"":""full"",""snapshot"":""b3297b62989060fd7f4af3f5c4a5a2067e98b20f"",""type"":""git"",""metadata"":{},""origin_visit_url"":""https://archive.softwareheritage.org/api/1/origin/https://github.com/facebookexperimental/edencommon/visit/14/"",""snapshot_url"":""https://archive.softwareheritage.org/api/1/snapshot/b3297b62989060fd7f4af3f5c4a5a2067e98b20f/""},""evidence"":[{""url"":""https://archive.softwareheritage.org/api/1/origin/https%3A%2F%2Fgithub.com%2Ffacebookexperimental%2Fedencommon/visits/?per_page=100"",""fetched_at"":""2026-09-23T19:54:21Z"",""cache_file"":""fda94ca82530c3286b737f3c28a5ed839db6d93676ea51800352e549b7811a3d.json.gz"",""status"":200}]}],""incomplete_reasons"":[]}"
https://github.com/fancy-regex/fancy-regex,archived_evidence_found,"[""snapshot""]",snapshot_found,observed,missing,1,0,"{""checked_at"":""2026-09-23T19:54:22Z"",""candidates"":[""https://github.com/fancy-regex/fancy-regex"",""https://github.com/fancy-regex/fancy-regex.git""],""observations"":[{""origin"":""https://github.com/fancy-regex/fancy-regex"",""status"":""full"",""visit"":{""origin"":""https://github.com/fancy-regex/fancy-regex"",""visit"":47,""date"":""2026-06-03T03:34:22.033000+00:00"",""status"":""full"",""snapshot"":""03c47fd836685125d927ccde18cc84c475ac96b0"",""type"":""git"",""metadata"":{},""origin_visit_url"":""https://archive.softwareheritage.org/api/1/origin/https://github.com/fancy-regex/fancy-regex/visit/47/"",""snapshot_url"":""https://archive.softwareheritage.org/api/1/snapshot/03c47fd836685125d927ccde18cc84c475ac96b0/""},""evidence"":[{""url"":""https://archive.softwareheritage.org/api/1/origin/https%3A%2F%2Fgithub.com%2Ffancy-regex%2Ffancy-regex/visits/?per_page=100"",""fetched_at"":""2026-09-23T19:54:22Z"",""cache_file"":""3a750ee5fbae3d5da3258b98bf2f62912442dab3272783156aa4feaf5c8511f9.json.gz"",""status"":200}]}],""incomplete_reasons"":[]}"
https://github.com/fasterxml/jackson-core,archived_evidence_found,"[""snapshot""]",snapshot_found,observed,missing,1,1,"{""checked_at"":""2026-09-23T19:54:23Z"",""candidates"":[""https://github.com/FasterXML/jackson-core"",""https://github.com/FasterXML/jackson-core.git"",""https://github.com/fasterxml/jackson-core"",""https://github.com/fasterxml/jackson-core.git""],""observations"":[{""origin"":""https://github.com/FasterXML/jackson-core"",""status"":""full"",""visit"":{""origin"":""https://github.com/FasterXML/jackson-core"",""visit"":204,""date"":""2026-09-03T17:14:45.093000+00:00"",""status"":""full"",""snapshot"":""0a44752b01ac36ba6b54584e1787c0dd8d039be5"",""type"":""git"",""metadata"":{},""origin_visit_url"":""https://archive.softwareheritage.org/api/1/origin/https://github.com/FasterXML/jackson-core/visit/204/"",""snapshot_url"":""https://archive.softwareheritage.org/api/1/snapshot/0a44752b01ac36ba6b54584e1787c0dd8d039be5/""},""evidence"":[{""url"":""https://archive.softwareheritage.org/api/1/origin/https%3A%2F%2Fgithub.com%2FFasterXML%2Fjackson-core/visits/?per_page=100"",""fetched_at"":""2026-09-23T19:54:23Z"",""cache_file"":""b6407d4b84a31b1564a35341b501f96038e767f2d7ed7b015e9a00b567411b8c.json.gz"",""status"":200}]}],""incomplete_reasons"":[]}"
https://github.com/fasterxml/jackson-databind,archived_evidence_found,"[""snapshot""]",snapshot_found,observed,missing,1,1,"{""checked_at"":""2026-09-23T19:54:23Z"",""candidates"":[""https://github.com/FasterXML/jackson-databind"",""https://github.com/FasterXML/jackson-databind.git"",""https://github.com/fasterxml/jackson-databind"",""https://github.com/fasterxml/jackson-databind.git""],""observations"":[{""origin"":""https://github.com/FasterXML/jackson-databind"",""status"":""full"",""visit"":{""origin"":""https://github.com/FasterXML/jackson-databind"",""visit"":218,""date"":""2026-09-02T10:45:32.494000+00:00"",""status"":""full"",""snapshot"":""b8d4e0116ec76c0931ae131928d01a358f16d106"",""type"":""git"",""metadata"":{},""origin_visit_url"":""https://archive.softwareheritage.org/api/1/origin/https://github.com/FasterXML/jackson-databind/visit/218/"",""snapshot_url"":""https://archive.softwareheritage.org/api/1/snapshot/b8d4e0116ec76c0931ae131928d01a358f16d106/""},""evidence"":[{""url"":""https://archive.softwareheritage.org/api/1/origin/https%3A%2F%2Fgithub.com%2FFasterXML%2Fjackson-databind/visits/?per_page=100"",""fetched_at"":""2026-09-23T19:54:23Z"",""cache_file"":""55446c0b0a53eee0a8e8e7cb21ebac155d63596fdfc0836e9f2eca1f4ad6464f.json.gz"",""status"":200}]}],""incomplete_reasons"":[]}"
https://github.com/fasterxml/jackson-dataformat-xml,archived_evidence_found,"[""snapshot""]",snapshot_found,observed,missing,1,1,"{""checked_at"":""2026-09-23T19:54:24Z"",""candidates"":[""https://github.com/FasterXML/jackson-dataformat-xml"",""https://github.com/FasterXML/jackson-dataformat-xml.git"",""https://github.com/fasterxml/jackson-dataformat-xml"",""https://github.com/fasterxml/jackson-dataformat-xml.git""],""observations"":[{""origin"":""https://github.com/FasterXML/jackson-dataformat-xml"",""status"":""full"",""visit"":{""origin"":""https://github.com/FasterXML/jackson-dataformat-xml"",""visit"":1821,""date"":""2026-09-23T11:48:57.634000+00:00"",""status"":""full"",""snapshot"":""5688a5f2ec2941d229aa2a93b65828413b35aef0"",""type"":""git-checkout"",""metadata"":{},""origin_visit_url"":""https://archive.softwareheritage.org/api/1/origin/https://github.com/FasterXML/jackson-dataformat-xml/visit/1821/"",""snapshot_url"":""https://archive.softwareheritage.org/api/1/snapshot/5688a5f2ec2941d229aa2a93b65828413b35aef0/""},""evidence"":[{""url"":""https://archive.softwareheritage.org/api/1/origin/https%3A%2F%2Fgithub.com%2FFasterXML%2Fjackson-dataformat-xml/visits/?per_page=100"",""fetched_at"":""2026-09-23T19:54:24Z"",""cache_file"":""4b9c68e44eace100580b51d10d07d2efef591480168f51f7a8c9b0c8374ff29a.json.gz"",""status"":200}]}],""incomplete_reasons"":[]}"
https://github.com/fastify/fast-uri,archived_evidence_found,"[""snapshot""]",snapshot_found,observed,missing,1,0,"{""checked_at"":""2026-09-23T19:54:24Z"",""candidates"":[""https://github.com/fastify/fast-uri"",""https://github.com/fastify/fast-uri.git""],""observations"":[{""origin"":""https://github.com/fastify/fast-uri"",""status"":""full"",""visit"":{""origin"":""https://github.com/fastify/fast-uri"",""visit"":30,""date"":""2026-09-11T10:25:11.344000+00:00"",""status"":""full"",""snapshot"":""fd960d511a5cb1123b39d0f438477eb6285dd418"",""type"":""git"",""metadata"":{},""origin_visit_url"":""https://archive.softwareheritage.org/api/1/origin/https://github.com/fastify/fast-uri/visit/30/"",""snapshot_url"":""https://archive.softwareheritage.org/api/1/snapshot/fd960d511a5cb1123b39d0f438477eb6285dd418/""},""evidence"":[{""url"":""https://archive.softwareheritage.org/api/1/origin/https%3A%2F%2Fgithub.com%2Ffastify%2Ffast-uri/visits/?per_page=100"",""fetched_at"":""2026-09-23T19:54:24Z"",""cache_file"":""b331704442c480ab6726f48bc63adc1affcf88aac963c456fca844d71c6b8125.json.gz"",""status"":200}]}],""incomplete_reasons"":[]}"
https://github.com/fastlane-community/security,archived_evidence_found,"[""snapshot""]",snapshot_found,observed,missing,1,1,"{""checked_at"":""2026-09-23T19:54:25Z"",""candidates"":[""https://github.com/fastlane-community/security"",""https://github.com/fastlane-community/security.git"",""https://github.com/mattt/security"",""https://github.com/mattt/security.git""],""observations"":[{""origin"":""https://github.com/fastlane-community/security"",""status"":""full"",""visit"":{""origin"":""https://github.com/fastlane-community/security"",""visit"":3,""date"":""2026-08-19T13:41:58.070000+00:00"",""status"":""full"",""snapshot"":""410919760ffad52fe0906d43c1e159b64770482d"",""type"":""git"",""metadata"":{},""origin_visit_url"":""https://archive.softwareheritage.org/api/1/origin/https://github.com/fastlane-community/security/visit/3/"",""snapshot_url"":""https://archive.softwareheritage.org/api/1/snapshot/410919760ffad52fe0906d43c1e159b64770482d/""},""evidence"":[{""url"":""https://archive.softwareheritage.org/api/1/origin/https%3A%2F%2Fgithub.com%2Ffastlane-community%2Fsecurity/visits/?per_page=100"",""fetched_at"":""2026-09-23T19:54:25Z"",""cache_file"":""e2e7523c9c82916d7fab4b4a5653e10d3072136bca02a424e416a096830e30b9.json.gz"",""status"":200}]}],""incomplete_reasons"":[]}"
https://github.com/fastlane/fastlane,archived_evidence_found,"[""head"",""tag_target_revision""]",unchecked,observed,present,0,1,
https://github.com/filp/whoops,archived_evidence_found,"[""snapshot""]",snapshot_found,observed,missing,1,0,"{""checked_at"":""2026-09-23T19:54:26Z"",""candidates"":[""https://github.com/filp/whoops"",""https://github.com/filp/whoops.git""],""observations"":[{""origin"":""https://github.com/filp/whoops"",""status"":""full"",""visit"":{""origin"":""https://github.com/filp/whoops"",""visit"":106,""date"":""2026-07-10T23:08:43.976000+00:00"",""status"":""full"",""snapshot"":""c4e7c6f87c1d2119deaace862baa6a18b3c2fc11"",""type"":""git"",""metadata"":{},""origin_visit_url"":""https://archive.softwareheritage.org/api/1/origin/https://github.com/filp/whoops/visit/106/"",""snapshot_url"":""https://archive.softwareheritage.org/api/1/snapshot/c4e7c6f87c1d2119deaace862baa6a18b3c2fc11/""},""evidence"":[{""url"":""https://archive.softwareheritage.org/api/1/origin/https%3A%2F%2Fgithub.com%2Ffilp%2Fwhoops/visits/?per_page=100"",""fetched_at"":""2026-09-23T19:54:26Z"",""cache_file"":""b21fc7515ec465cac4551ebb584cfd00a22ca784d0073074ca48a2522de39a4d.json.gz"",""status"":200}]}],""incomplete_reasons"":[]}"
https://github.com/firebase/firebase-ios-sdk,archived_evidence_found,"[""snapshot"",""tag_target_revision""]",snapshot_found,observed,missing,1,0,"{""checked_at"":""2026-09-24T08:40:25Z"",""candidates"":[""https://github.com/firebase/firebase-ios-sdk"",""https://github.com/firebase/firebase-ios-sdk.git""],""observations"":[{""origin"":""https://github.com/firebase/firebase-ios-sdk"",""status"":""full"",""visit"":{""origin"":""https://github.com/firebase/firebase-ios-sdk"",""visit"":230,""date"":""2026-08-29T17:51:13.900000+00:00"",""status"":""full"",""snapshot"":""26956ae069750b5c9837622f40032d3c3a692016"",""type"":""git"",""metadata"":{},""origin_visit_url"":""https://archive.softwareheritage.org/api/1/origin/https://github.com/firebase/firebase-ios-sdk/visit/230/"",""snapshot_url"":""https://archive.softwareheritage.org/api/1/snapshot/26956ae069750b5c9837622f40032d3c3a692016/""},""evidence"":[{""url"":""https://archive.softwareheritage.org/api/1/origin/https%3A%2F%2Fgithub.com%2Ffirebase%2Ffirebase-ios-sdk/visits/?per_page=100"",""fetched_at"":""2026-09-24T08:40:25Z"",""cache_file"":""00fff2b35777c2138437d1bea2ead920c0bbda78f124be5bd1ab82d382e6f907.json.gz"",""status"":200}]}],""incomplete_reasons"":[]}"
https://github.com/fivetran/great_expectations,archived_evidence_found,"[""snapshot""]",snapshot_found,observed,missing,1,1,"{""checked_at"":""2026-09-23T19:54:27Z"",""candidates"":[""https://github.com/fivetran/great_expectations"",""https://github.com/fivetran/great_expectations.git"",""https://github.com/great-expectations/great_expectations"",""https://github.com/great-expectations/great_expectations.git""],""observations"":[{""origin"":""https://github.com/fivetran/great_expectations"",""status"":""not_found"",""evidence"":[{""url"":""https://archive.softwareheritage.org/api/1/origin/https%3A%2F%2Fgithub.com%2Ffivetran%2Fgreat_expectations/visits/?per_page=100"",""fetched_at"":""2026-09-23T19:54:26Z"",""cache_file"":""be17a4f19b2c255489a40fc059f33c0e09fdca8c9ca3ce35faeaa93cd8b791ac.json.gz"",""status"":404}]},{""origin"":""https://github.com/fivetran/great_expectations.git"",""status"":""not_found"",""evidence"":[{""url"":""https://archive.softwareheritage.org/api/1/origin/https%3A%2F%2Fgithub.com%2Ffivetran%2Fgreat_expectations.git/visits/?per_page=100"",""fetched_at"":""2026-09-23T19:54:27Z"",""cache_file"":""9d127a666708a7abf28cc215f6cf8a879b4dd4326ec721ef140f93caa5e03bd9.json.gz"",""status"":404}]},{""origin"":""https://github.com/great-expectations/great_expectations"",""status"":""full"",""visit"":{""origin"":""https://github.com/great-expectations/great_expectations"",""visit"":190,""date"":""2026-09-16T15:57:11.511000+00:00"",""status"":""full"",""snapshot"":""8464648146d116f8c6b472348a8159fffb5b302d"",""type"":""git"",""metadata"":{},""origin_visit_url"":""https://archive.softwareheritage.org/api/1/origin/https://github.com/great-expectations/great_expectations/visit/190/"",""snapshot_url"":""https://archive.softwareheritage.org/api/1/snapshot/8464648146d116f8c6b472348a8159fffb5b302d/""},""evidence"":[{""url"":""https://archive.softwareheritage.org/api/1/origin/https%3A%2F%2Fgithub.com%2Fgreat-expectations%2Fgreat_expectations/visits/?per_page=100"",""fetched_at"":""2026-09-23T19:54:27Z"",""cache_file"":""501da79056e106d0710f03143829569dfe9575b354f6513fed5c36a0e9fe670b.json.gz"",""status"":200}]}],""incomplete_reasons"":[]}"
https://github.com/floraison/fugit,archived_evidence_found,"[""snapshot""]",snapshot_found,observed,missing,1,1,"{""checked_at"":""2026-09-23T19:54:28Z"",""candidates"":[""https://github.com/floraison/fugit"",""https://github.com/floraison/fugit.git""],""observations"":[{""origin"":""https://github.com/floraison/fugit"",""status"":""full"",""visit"":{""origin"":""https://github.com/floraison/fugit"",""visit"":114,""date"":""2026-09-13T18:48:07.992000+00:00"",""status"":""full"",""snapshot"":""21498902af36f18fa181283ee488e31eb85fd14d"",""type"":""git"",""metadata"":{},""origin_visit_url"":""https://archive.softwareheritage.org/api/1/origin/https://github.com/floraison/fugit/visit/114/"",""snapshot_url"":""https://archive.softwareheritage.org/api/1/snapshot/21498902af36f18fa181283ee488e31eb85fd14d/""},""evidence"":[{""url"":""https://archive.softwareheritage.org/api/1/origin/https%3A%2F%2Fgithub.com%2Ffloraison%2Ffugit/visits/?per_page=100"",""fetched_at"":""2026-09-23T19:54:28Z"",""cache_file"":""8e4f31e53a9592babdf37aa4d0c8a2e9b778eaeaf8d7416bcbe159cca38ec0b8.json.gz"",""status"":200}]}],""incomplete_reasons"":[]}"
https://github.com/flori/tins,archived_evidence_found,"[""snapshot""]",snapshot_found,observed,missing,1,1,"{""checked_at"":""2026-09-23T19:54:29Z"",""candidates"":[""https://github.com/flori/tins"",""https://github.com/flori/tins.git""],""observations"":[{""origin"":""https://github.com/flori/tins"",""status"":""full"",""visit"":{""origin"":""https://github.com/flori/tins"",""visit"":84,""date"":""2026-08-08T17:54:02.371000+00:00"",""status"":""full"",""snapshot"":""0a158690ce1ae0d7ff1e129a040529d9411d8e93"",""type"":""git"",""metadata"":{},""origin_visit_url"":""https://archive.softwareheritage.org/api/1/origin/https://github.com/flori/tins/visit/84/"",""snapshot_url"":""https://archive.softwareheritage.org/api/1/snapshot/0a158690ce1ae0d7ff1e129a040529d9411d8e93/""},""evidence"":[{""url"":""https://archive.softwareheritage.org/api/1/origin/https%3A%2F%2Fgithub.com%2Fflori%2Ftins/visits/?per_page=100"",""fetched_at"":""2026-09-23T19:54:29Z"",""cache_file"":""2777d0d4227d2c70ceb5001a801d3881feef8f3e21d4abfc1cdd26a03c779e2d.json.gz"",""status"":200}]}],""incomplete_reasons"":[]}"
https://github.com/fluent/fluent-plugin-s3,archived_evidence_found,"[""snapshot""]",snapshot_found,observed,missing,1,1,"{""checked_at"":""2026-09-23T19:54:29Z"",""candidates"":[""https://github.com/fluent/fluent-plugin-s3"",""https://github.com/fluent/fluent-plugin-s3.git""],""observations"":[{""origin"":""https://github.com/fluent/fluent-plugin-s3"",""status"":""full"",""visit"":{""origin"":""https://github.com/fluent/fluent-plugin-s3"",""visit"":119,""date"":""2026-08-26T16:10:49.667000+00:00"",""status"":""full"",""snapshot"":""e84be303eb29b81089e0a2cc0d6bd21204740d63"",""type"":""git"",""metadata"":{},""origin_visit_url"":""https://archive.softwareheritage.org/api/1/origin/https://github.com/fluent/fluent-plugin-s3/visit/119/"",""snapshot_url"":""https://archive.softwareheritage.org/api/1/snapshot/e84be303eb29b81089e0a2cc0d6bd21204740d63/""},""evidence"":[{""url"":""https://archive.softwareheritage.org/api/1/origin/https%3A%2F%2Fgithub.com%2Ffluent%2Ffluent-plugin-s3/visits/?per_page=100"",""fetched_at"":""2026-09-23T19:54:29Z"",""cache_file"":""2cedee53c0bef47fa782b34dab41e9a4a6f30e42a41e9e9de53f7735ec3f8827.json.gz"",""status"":200}]}],""incomplete_reasons"":[]}"
https://github.com/fluentassertions/fluentassertions,archived_evidence_found,"[""snapshot""]",snapshot_found,observed,missing,1,0,"{""checked_at"":""2026-09-23T19:54:30Z"",""candidates"":[""https://github.com/fluentassertions/fluentassertions"",""https://github.com/fluentassertions/fluentassertions.git""],""observations"":[{""origin"":""https://github.com/fluentassertions/fluentassertions"",""status"":""full"",""visit"":{""origin"":""https://github.com/fluentassertions/fluentassertions"",""visit"":101,""date"":""2026-07-05T03:49:44.565000+00:00"",""status"":""full"",""snapshot"":""495bbbef51c0c94cfc8376bda2c361dc1d84a7d5"",""type"":""git"",""metadata"":{},""origin_visit_url"":""https://archive.softwareheritage.org/api/1/origin/https://github.com/fluentassertions/fluentassertions/visit/101/"",""snapshot_url"":""https://archive.softwareheritage.org/api/1/snapshot/495bbbef51c0c94cfc8376bda2c361dc1d84a7d5/""},""evidence"":[{""url"":""https://archive.softwareheritage.org/api/1/origin/https%3A%2F%2Fgithub.com%2Ffluentassertions%2Ffluentassertions/visits/?per_page=100"",""fetched_at"":""2026-09-23T19:54:30Z"",""cache_file"":""4cb0cdbe6227d5bfd2aa9a467dd427443b84ab5d31b1f4238c7ce504736fcca3.json.gz"",""status"":200}]}],""incomplete_reasons"":[]}"
https://github.com/fmichonneau/foghorn,archived_evidence_found,"[""snapshot""]",snapshot_found,observed,missing,1,0,"{""checked_at"":""2026-09-23T19:54:31Z"",""candidates"":[""https://github.com/fmichonneau/foghorn"",""https://github.com/fmichonneau/foghorn.git""],""observations"":[{""origin"":""https://github.com/fmichonneau/foghorn"",""status"":""full"",""visit"":{""origin"":""https://github.com/fmichonneau/foghorn"",""visit"":13,""date"":""2025-07-31T21:22:36.827000+00:00"",""status"":""full"",""snapshot"":""d030600a02debc23f33e496e930364ec2810f3da"",""type"":""git"",""metadata"":{},""origin_visit_url"":""https://archive.softwareheritage.org/api/1/origin/https://github.com/fmichonneau/foghorn/visit/13/"",""snapshot_url"":""https://archive.softwareheritage.org/api/1/snapshot/d030600a02debc23f33e496e930364ec2810f3da/""},""evidence"":[{""url"":""https://archive.softwareheritage.org/api/1/origin/https%3A%2F%2Fgithub.com%2Ffmichonneau%2Ffoghorn/visits/?per_page=100"",""fetched_at"":""2026-09-23T19:54:31Z"",""cache_file"":""28a625b69aa41c79ffd025bf73feda6bb2c63807ee6dbaf539b4b08ac4a8b354.json.gz"",""status"":200}]}],""incomplete_reasons"":[]}"
https://github.com/fog/fog-aws,archived_evidence_found,"[""snapshot""]",snapshot_found,observed,missing,1,1,"{""checked_at"":""2026-09-23T19:54:31Z"",""candidates"":[""https://github.com/fog/fog-aws"",""https://github.com/fog/fog-aws.git""],""observations"":[{""origin"":""https://github.com/fog/fog-aws"",""status"":""full"",""visit"":{""origin"":""https://github.com/fog/fog-aws"",""visit"":153,""date"":""2026-08-10T04:28:01.095000+00:00"",""status"":""full"",""snapshot"":""2d2e101e5f2f0b7d9ccb3332fff1677414ffabe4"",""type"":""git"",""metadata"":{},""origin_visit_url"":""https://archive.softwareheritage.org/api/1/origin/https://github.com/fog/fog-aws/visit/153/"",""snapshot_url"":""https://archive.softwareheritage.org/api/1/snapshot/2d2e101e5f2f0b7d9ccb3332fff1677414ffabe4/""},""evidence"":[{""url"":""https://archive.softwareheritage.org/api/1/origin/https%3A%2F%2Fgithub.com%2Ffog%2Ffog-aws/visits/?per_page=100"",""fetched_at"":""2026-09-23T19:54:31Z"",""cache_file"":""c4eaf9d78efd278c8885afd925471608bca37ce1d80a397aaf826aa1312f2e8c.json.gz"",""status"":200}]}],""incomplete_reasons"":[]}"
https://github.com/fribidi/fribidi,archived_evidence_found,"[""snapshot"",""tag_target_revision"",""annotated_release""]",snapshot_found,observed,missing,1,1,"{""checked_at"":""2026-09-24T08:40:45Z"",""candidates"":[""https://github.com/fribidi/fribidi"",""https://github.com/fribidi/fribidi.git""],""observations"":[{""origin"":""https://github.com/fribidi/fribidi"",""status"":""full"",""visit"":{""origin"":""https://github.com/fribidi/fribidi"",""visit"":81,""date"":""2026-08-15T09:43:03.361000+00:00"",""status"":""full"",""snapshot"":""0782ad8e6cf810e82872c23a9c8a987db2ac8abf"",""type"":""git"",""metadata"":{},""origin_visit_url"":""https://archive.softwareheritage.org/api/1/origin/https://github.com/fribidi/fribidi/visit/81/"",""snapshot_url"":""https://archive.softwareheritage.org/api/1/snapshot/0782ad8e6cf810e82872c23a9c8a987db2ac8abf/""},""evidence"":[{""url"":""https://archive.softwareheritage.org/api/1/origin/https%3A%2F%2Fgithub.com%2Ffribidi%2Ffribidi/visits/?per_page=100"",""fetched_at"":""2026-09-24T08:40:45Z"",""cache_file"":""aa036e7af2d9b635e105242e347b95b207182018c21d41042cab5bcb9702f6dd.json.gz"",""status"":200}]}],""incomplete_reasons"":[]}"
https://github.com/fsspec/filesystem_spec,archived_evidence_found,"[""snapshot""]",snapshot_found,observed,missing,1,1,"{""checked_at"":""2026-09-23T19:54:32Z"",""candidates"":[""https://github.com/fsspec/filesystem_spec"",""https://github.com/fsspec/filesystem_spec.git"",""https://github.com/intake/filesystem_spec"",""https://github.com/intake/filesystem_spec.git""],""observations"":[{""origin"":""https://github.com/fsspec/filesystem_spec"",""status"":""full"",""visit"":{""origin"":""https://github.com/fsspec/filesystem_spec"",""visit"":1581,""date"":""2026-09-23T11:26:54.574000+00:00"",""status"":""full"",""snapshot"":""ab41c16df90adcadde543d17527e12591a5bacee"",""type"":""git-checkout"",""metadata"":{},""origin_visit_url"":""https://archive.softwareheritage.org/api/1/origin/https://github.com/fsspec/filesystem_spec/visit/1581/"",""snapshot_url"":""https://archive.softwareheritage.org/api/1/snapshot/ab41c16df90adcadde543d17527e12591a5bacee/""},""evidence"":[{""url"":""https://archive.softwareheritage.org/api/1/origin/https%3A%2F%2Fgithub.com%2Ffsspec%2Ffilesystem_spec/visits/?per_page=100"",""fetched_at"":""2026-09-23T19:54:32Z"",""cache_file"":""42452247619a7b035bd7e2363cea3a6f40dfbff4c9d994af29bade24e482ccbd.json.gz"",""status"":200}]}],""incomplete_reasons"":[]}"
https://github.com/fsspec/s3fs,archived_evidence_found,"[""snapshot""]",snapshot_found,observed,missing,1,1,"{""checked_at"":""2026-09-23T19:54:33Z"",""candidates"":[""https://github.com/dask/s3fs"",""https://github.com/dask/s3fs.git"",""https://github.com/fsspec/s3fs"",""https://github.com/fsspec/s3fs.git""],""observations"":[{""origin"":""https://github.com/dask/s3fs"",""status"":""full"",""visit"":{""origin"":""https://github.com/dask/s3fs"",""visit"":125,""date"":""2026-08-10T06:55:48.870000+00:00"",""status"":""full"",""snapshot"":""4c02899727005e3d15db71a3db86265aeacfcd65"",""type"":""git"",""metadata"":{},""origin_visit_url"":""https://archive.softwareheritage.org/api/1/origin/https://github.com/dask/s3fs/visit/125/"",""snapshot_url"":""https://archive.softwareheritage.org/api/1/snapshot/4c02899727005e3d15db71a3db86265aeacfcd65/""},""evidence"":[{""url"":""https://archive.softwareheritage.org/api/1/origin/https%3A%2F%2Fgithub.com%2Fdask%2Fs3fs/visits/?per_page=100"",""fetched_at"":""2026-09-23T19:54:33Z"",""cache_file"":""1ec064908f2aea9956fc8d7a37e156e25859ea68fe6019df4c6b263849c8397f.json.gz"",""status"":200}]}],""incomplete_reasons"":[]}"
https://github.com/futureverse/future.apply,no_snapshot_at_checked_origins,[],origin_not_found,observed,missing,1,1,"{""checked_at"":""2026-09-23T19:54:34Z"",""candidates"":[""https://github.com/futureverse/future.apply"",""https://github.com/futureverse/future.apply.git"",""https://github.com/henrikbengtsson/future.apply"",""https://github.com/henrikbengtsson/future.apply.git""],""observations"":[{""origin"":""https://github.com/futureverse/future.apply"",""status"":""not_found"",""evidence"":[{""url"":""https://archive.softwareheritage.org/api/1/origin/https%3A%2F%2Fgithub.com%2Ffutureverse%2Ffuture.apply/visits/?per_page=100"",""fetched_at"":""2026-09-23T19:54:33Z"",""cache_file"":""08e854640a1b6d2cc8e254183816058f9a975e3da95a9cc19035ce41b1aabd5b.json.gz"",""status"":404}]},{""origin"":""https://github.com/futureverse/future.apply.git"",""status"":""not_found"",""evidence"":[{""url"":""https://archive.softwareheritage.org/api/1/origin/https%3A%2F%2Fgithub.com%2Ffutureverse%2Ffuture.apply.git/visits/?per_page=100"",""fetched_at"":""2026-09-23T19:54:33Z"",""cache_file"":""f2a34269b9e25d011fd87e737c90c59ff1f6788a713c281eba192c331e6130e4.json.gz"",""status"":404}]},{""origin"":""https://github.com/henrikbengtsson/future.apply"",""status"":""not_found"",""evidence"":[{""url"":""https://archive.softwareheritage.org/api/1/origin/https%3A%2F%2Fgithub.com%2Fhenrikbengtsson%2Ffuture.apply/visits/?per_page=100"",""fetched_at"":""2026-09-23T19:54:34Z"",""cache_file"":""4b2ab749438222f2ebb3b9977d8ff2577eec5708afb61f8d11e95513f27d7c18.json.gz"",""status"":404}]},{""origin"":""https://github.com/henrikbengtsson/future.apply.git"",""status"":""not_found"",""evidence"":[{""url"":""https://archive.softwareheritage.org/api/1/origin/https%3A%2F%2Fgithub.com%2Fhenrikbengtsson%2Ffuture.apply.git/visits/?per_page=100"",""fetched_at"":""2026-09-23T19:54:34Z"",""cache_file"":""19997bd4b0567aae3ee7d40350f32642b877b2368a3f08308f9aced6e418e3c8.json.gz"",""status"":404}]}],""incomplete_reasons"":[]}"
https://github.com/futureverse/globals,no_snapshot_at_checked_origins,[],origin_not_found,observed,missing,1,1,"{""checked_at"":""2026-09-23T19:54:36Z"",""candidates"":[""https://github.com/futureverse/globals"",""https://github.com/futureverse/globals.git"",""https://github.com/henrikbengtsson/globals"",""https://github.com/henrikbengtsson/globals.git""],""observations"":[{""origin"":""https://github.com/futureverse/globals"",""status"":""not_found"",""evidence"":[{""url"":""https://archive.softwareheritage.org/api/1/origin/https%3A%2F%2Fgithub.com%2Ffutureverse%2Fglobals/visits/?per_page=100"",""fetched_at"":""2026-09-23T19:54:35Z"",""cache_file"":""1ccd123da1ae3983beb04745dc1b5ae4ab98fe26f13fa1b845c4451b5955910a.json.gz"",""status"":404}]},{""origin"":""https://github.com/futureverse/globals.git"",""status"":""not_found"",""evidence"":[{""url"":""https://archive.softwareheritage.org/api/1/origin/https%3A%2F%2Fgithub.com%2Ffutureverse%2Fglobals.git/visits/?per_page=100"",""fetched_at"":""2026-09-23T19:54:35Z"",""cache_file"":""8450884d626be322ceb72ba8c9474e57de652914b1694c5e3869d891956ceb42.json.gz"",""status"":404}]},{""origin"":""https://github.com/henrikbengtsson/globals"",""status"":""not_found"",""evidence"":[{""url"":""https://archive.softwareheritage.org/api/1/origin/https%3A%2F%2Fgithub.com%2Fhenrikbengtsson%2Fglobals/visits/?per_page=100"",""fetched_at"":""2026-09-23T19:54:36Z"",""cache_file"":""3c4b3a4639f3d5d5ab879fd15ef3880410815b97d973c8c16f33122000143d17.json.gz"",""status"":404}]},{""origin"":""https://github.com/henrikbengtsson/globals.git"",""status"":""not_found"",""evidence"":[{""url"":""https://archive.softwareheritage.org/api/1/origin/https%3A%2F%2Fgithub.com%2Fhenrikbengtsson%2Fglobals.git/visits/?per_page=100"",""fetched_at"":""2026-09-23T19:54:36Z"",""cache_file"":""71e8d54a6dafa8b97b1a2bb214520425287ac9b5e6d95a79668872eac80d627c.json.gz"",""status"":404}]}],""incomplete_reasons"":[]}"
https://github.com/futureverse/listenv,no_snapshot_at_checked_origins,[],origin_not_found,observed,missing,1,0,"{""checked_at"":""2026-09-23T19:54:38Z"",""candidates"":[""https://github.com/futureverse/listenv"",""https://github.com/futureverse/listenv.git"",""https://github.com/henrikbengtsson/listenv"",""https://github.com/henrikbengtsson/listenv.git""],""observations"":[{""origin"":""https://github.com/futureverse/listenv"",""status"":""not_found"",""evidence"":[{""url"":""https://archive.softwareheritage.org/api/1/origin/https%3A%2F%2Fgithub.com%2Ffutureverse%2Flistenv/visits/?per_page=100"",""fetched_at"":""2026-09-23T19:54:37Z"",""cache_file"":""bedf4d95dcb490cbd8f9dcf6b53874408388a84a09b530f52cc7677e79ab9896.json.gz"",""status"":404}]},{""origin"":""https://github.com/futureverse/listenv.git"",""status"":""not_found"",""evidence"":[{""url"":""https://archive.softwareheritage.org/api/1/origin/https%3A%2F%2Fgithub.com%2Ffutureverse%2Flistenv.git/visits/?per_page=100"",""fetched_at"":""2026-09-23T19:54:37Z"",""cache_file"":""3248016714452dc9c18c4fa51019dc2707a4dd926cf9e7f2077a4c8ce1ae1adb.json.gz"",""status"":404}]},{""origin"":""https://github.com/henrikbengtsson/listenv"",""status"":""not_found"",""evidence"":[{""url"":""https://archive.softwareheritage.org/api/1/origin/https%3A%2F%2Fgithub.com%2Fhenrikbengtsson%2Flistenv/visits/?per_page=100"",""fetched_at"":""2026-09-23T19:54:38Z"",""cache_file"":""0d1972b10daf27a0f87fabea5f9d980670b5b6b3141bc21e83f654440b1a43f2.json.gz"",""status"":404}]},{""origin"":""https://github.com/henrikbengtsson/listenv.git"",""status"":""not_found"",""evidence"":[{""url"":""https://archive.softwareheritage.org/api/1/origin/https%3A%2F%2Fgithub.com%2Fhenrikbengtsson%2Flistenv.git/visits/?per_page=100"",""fetched_at"":""2026-09-23T19:54:38Z"",""cache_file"":""37f03eab1be7a5e805021ccf37ecb1741a27187e2faedebe238ca6bd801a103d.json.gz"",""status"":404}]}],""incomplete_reasons"":[]}"
https://github.com/futureverse/parallelly,no_snapshot_at_checked_origins,[],origin_not_found,observed,missing,1,0,"{""checked_at"":""2026-09-23T19:54:40Z"",""candidates"":[""https://github.com/futureverse/parallelly"",""https://github.com/futureverse/parallelly.git"",""https://github.com/henrikbengtsson/parallelly"",""https://github.com/henrikbengtsson/parallelly.git""],""observations"":[{""origin"":""https://github.com/futureverse/parallelly"",""status"":""not_found"",""evidence"":[{""url"":""https://archive.softwareheritage.org/api/1/origin/https%3A%2F%2Fgithub.com%2Ffutureverse%2Fparallelly/visits/?per_page=100"",""fetched_at"":""2026-09-23T19:54:39Z"",""cache_file"":""2aba9025ee901dcb28091bafa1c0dc4c8565a0d3789770682367d96112195951.json.gz"",""status"":404}]},{""origin"":""https://github.com/futureverse/parallelly.git"",""status"":""not_found"",""evidence"":[{""url"":""https://archive.softwareheritage.org/api/1/origin/https%3A%2F%2Fgithub.com%2Ffutureverse%2Fparallelly.git/visits/?per_page=100"",""fetched_at"":""2026-09-23T19:54:39Z"",""cache_file"":""fb2cd89683d8bc9347e30abfb3b02d3fb5b41673ed69e277c5fd8f49625743a8.json.gz"",""status"":404}]},{""origin"":""https://github.com/henrikbengtsson/parallelly"",""status"":""not_found"",""evidence"":[{""url"":""https://archive.softwareheritage.org/api/1/origin/https%3A%2F%2Fgithub.com%2Fhenrikbengtsson%2Fparallelly/visits/?per_page=100"",""fetched_at"":""2026-09-23T19:54:40Z"",""cache_file"":""4539eafd2ed07c7ebeab6a32e772064d01205e9aff9364fb485068857cf97ed3.json.gz"",""status"":404}]},{""origin"":""https://github.com/henrikbengtsson/parallelly.git"",""status"":""not_found"",""evidence"":[{""url"":""https://archive.softwareheritage.org/api/1/origin/https%3A%2F%2Fgithub.com%2Fhenrikbengtsson%2Fparallelly.git/visits/?per_page=100"",""fetched_at"":""2026-09-23T19:54:40Z"",""cache_file"":""4bd8ce99bb4d5abfa2cbdf99284ab8726e9431c360969a44d9a0e9dfd56a7703.json.gz"",""status"":404}]}],""incomplete_reasons"":[]}"
https://github.com/futureverse/progressr,no_snapshot_at_checked_origins,[],origin_not_found,observed,missing,1,1,"{""checked_at"":""2026-09-23T19:54:42Z"",""candidates"":[""https://github.com/futureverse/progressr"",""https://github.com/futureverse/progressr.git"",""https://github.com/henrikbengtsson/progressr"",""https://github.com/henrikbengtsson/progressr.git""],""observations"":[{""origin"":""https://github.com/futureverse/progressr"",""status"":""not_found"",""evidence"":[{""url"":""https://archive.softwareheritage.org/api/1/origin/https%3A%2F%2Fgithub.com%2Ffutureverse%2Fprogressr/visits/?per_page=100"",""fetched_at"":""2026-09-23T19:54:40Z"",""cache_file"":""41ceb166635231ed4bfcb7142d1d36f5146ca582cfde3a67a718e78480d8d60c.json.gz"",""status"":404}]},{""origin"":""https://github.com/futureverse/progressr.git"",""status"":""not_found"",""evidence"":[{""url"":""https://archive.softwareheritage.org/api/1/origin/https%3A%2F%2Fgithub.com%2Ffutureverse%2Fprogressr.git/visits/?per_page=100"",""fetched_at"":""2026-09-23T19:54:41Z"",""cache_file"":""c21bee242ee63499d9642b333b4add2172876d049b4a2cecd387b5b4bc71fc40.json.gz"",""status"":404}]},{""origin"":""https://github.com/henrikbengtsson/progressr"",""status"":""not_found"",""evidence"":[{""url"":""https://archive.softwareheritage.org/api/1/origin/https%3A%2F%2Fgithub.com%2Fhenrikbengtsson%2Fprogressr/visits/?per_page=100"",""fetched_at"":""2026-09-23T19:54:41Z"",""cache_file"":""66a01d7d114ffb06e4bd3fbaeaf62d9b29e6ef73863882d9d62c4b8e2d858018.json.gz"",""status"":404}]},{""origin"":""https://github.com/henrikbengtsson/progressr.git"",""status"":""not_found"",""evidence"":[{""url"":""https://archive.softwareheritage.org/api/1/origin/https%3A%2F%2Fgithub.com%2Fhenrikbengtsson%2Fprogressr.git/visits/?per_page=100"",""fetched_at"":""2026-09-23T19:54:42Z"",""cache_file"":""4435eb74a0ecb4595cc769210615d8dd5a6038cbe5b54dbcefde9958704055bb.json.gz"",""status"":404}]}],""incomplete_reasons"":[]}"
https://github.com/getsentry/sentry-cocoa,archived_evidence_found,"[""snapshot""]",snapshot_found,observed,missing,1,0,"{""checked_at"":""2026-09-23T19:54:42Z"",""candidates"":[""https://github.com/getsentry/sentry-cocoa"",""https://github.com/getsentry/sentry-cocoa.git"",""https://github.com/getsentry/sentry-swift"",""https://github.com/getsentry/sentry-swift.git""],""observations"":[{""origin"":""https://github.com/getsentry/sentry-cocoa"",""status"":""full"",""visit"":{""origin"":""https://github.com/getsentry/sentry-cocoa"",""visit"":168,""date"":""2026-09-12T21:29:13.382000+00:00"",""status"":""full"",""snapshot"":""ee9dba4b8e9fd7a1c7520de70e1ddecb382acddf"",""type"":""git"",""metadata"":{},""origin_visit_url"":""https://archive.softwareheritage.org/api/1/origin/https://github.com/getsentry/sentry-cocoa/visit/168/"",""snapshot_url"":""https://archive.softwareheritage.org/api/1/snapshot/ee9dba4b8e9fd7a1c7520de70e1ddecb382acddf/""},""evidence"":[{""url"":""https://archive.softwareheritage.org/api/1/origin/https%3A%2F%2Fgithub.com%2Fgetsentry%2Fsentry-cocoa/visits/?per_page=100"",""fetched_at"":""2026-09-23T19:54:42Z"",""cache_file"":""e461cb09d451e43013c7febee7d10dba91ed7e8f5bb17ba1dd9b58715c91f25e.json.gz"",""status"":200}]}],""incomplete_reasons"":[]}"
https://github.com/getsentry/sentry-javascript,archived_evidence_found,"[""snapshot"",""tag_target_revision""]",snapshot_found,observed,missing,1,0,"{""checked_at"":""2026-09-24T08:40:54Z"",""candidates"":[""https://github.com/getsentry/raven-js"",""https://github.com/getsentry/raven-js.git"",""https://github.com/getsentry/sentry-javascript"",""https://github.com/getsentry/sentry-javascript.git""],""observations"":[{""origin"":""https://github.com/getsentry/raven-js"",""status"":""full"",""visit"":{""origin"":""https://github.com/getsentry/raven-js"",""visit"":44,""date"":""2026-02-06T21:01:29.874000+00:00"",""status"":""full"",""snapshot"":""2af478b8c1e11f8dc17385917f8764ff537d0956"",""type"":""git"",""metadata"":{},""origin_visit_url"":""https://archive.softwareheritage.org/api/1/origin/https://github.com/getsentry/raven-js/visit/44/"",""snapshot_url"":""https://archive.softwareheritage.org/api/1/snapshot/2af478b8c1e11f8dc17385917f8764ff537d0956/""},""evidence"":[{""url"":""https://archive.softwareheritage.org/api/1/origin/https%3A%2F%2Fgithub.com%2Fgetsentry%2Fraven-js/visits/?per_page=100"",""fetched_at"":""2026-09-24T08:40:54Z"",""cache_file"":""615644409377b40fb3fb7b541373e7dadcf4001afe774d5cbe11da1a236e96cf.json.gz"",""status"":200}]}],""incomplete_reasons"":[]}"
https://github.com/getsentry/sentry-python,archived_evidence_found,"[""snapshot""]",snapshot_found,observed,missing,1,0,"{""checked_at"":""2026-09-23T19:54:43Z"",""candidates"":[""https://github.com/getsentry/sentry-python"",""https://github.com/getsentry/sentry-python.git""],""observations"":[{""origin"":""https://github.com/getsentry/sentry-python"",""status"":""full"",""visit"":{""origin"":""https://github.com/getsentry/sentry-python"",""visit"":1755,""date"":""2026-09-23T11:26:17.854000+00:00"",""status"":""full"",""snapshot"":""eebcbf20002f04eb1d27d1a7a47f60a95c5568a8"",""type"":""git-checkout"",""metadata"":{},""origin_visit_url"":""https://archive.softwareheritage.org/api/1/origin/https://github.com/getsentry/sentry-python/visit/1755/"",""snapshot_url"":""https://archive.softwareheritage.org/api/1/snapshot/eebcbf20002f04eb1d27d1a7a47f60a95c5568a8/""},""evidence"":[{""url"":""https://archive.softwareheritage.org/api/1/origin/https%3A%2F%2Fgithub.com%2Fgetsentry%2Fsentry-python/visits/?per_page=100"",""fetched_at"":""2026-09-23T19:54:43Z"",""cache_file"":""cd6c8d8fe130697c6cd2fa7746bca7634410a98ff9c6ed732b26f81c339cfcb1.json.gz"",""status"":200}]}],""incomplete_reasons"":[]}"
https://github.com/getsentry/sentry-ruby,archived_evidence_found,"[""snapshot""]",snapshot_found,observed,missing,1,0,"{""checked_at"":""2026-09-23T19:54:44Z"",""candidates"":[""https://github.com/getsentry/raven-ruby"",""https://github.com/getsentry/raven-ruby.git"",""https://github.com/getsentry/sentry-ruby"",""https://github.com/getsentry/sentry-ruby.git""],""observations"":[{""origin"":""https://github.com/getsentry/raven-ruby"",""status"":""full"",""visit"":{""origin"":""https://github.com/getsentry/raven-ruby"",""visit"":24,""date"":""2026-02-01T01:41:28.910000+00:00"",""status"":""full"",""snapshot"":""f431577e71a87f609f215ae4b6474caa93edeea0"",""type"":""git"",""metadata"":{},""origin_visit_url"":""https://archive.softwareheritage.org/api/1/origin/https://github.com/getsentry/raven-ruby/visit/24/"",""snapshot_url"":""https://archive.softwareheritage.org/api/1/snapshot/f431577e71a87f609f215ae4b6474caa93edeea0/""},""evidence"":[{""url"":""https://archive.softwareheritage.org/api/1/origin/https%3A%2F%2Fgithub.com%2Fgetsentry%2Fraven-ruby/visits/?per_page=100"",""fetched_at"":""2026-09-23T19:54:44Z"",""cache_file"":""5399653cbbc8a5e435cb2ffeabc7dc8ab83319c8a2bbb5389d5ef53098948b5c.json.gz"",""status"":200}]}],""incomplete_reasons"":[]}"
https://github.com/gevent/gevent,archived_evidence_found,"[""snapshot""]",snapshot_found,observed,missing,1,1,"{""checked_at"":""2026-09-23T19:54:44Z"",""candidates"":[""https://github.com/gevent/gevent"",""https://github.com/gevent/gevent.git""],""observations"":[{""origin"":""https://github.com/gevent/gevent"",""status"":""full"",""visit"":{""origin"":""https://github.com/gevent/gevent"",""visit"":150,""date"":""2026-08-20T07:20:30.106000+00:00"",""status"":""full"",""snapshot"":""5217544c8eb82e55d671e5d93e8ce409d17fc0d2"",""type"":""git"",""metadata"":{},""origin_visit_url"":""https://archive.softwareheritage.org/api/1/origin/https://github.com/gevent/gevent/visit/150/"",""snapshot_url"":""https://archive.softwareheritage.org/api/1/snapshot/5217544c8eb82e55d671e5d93e8ce409d17fc0d2/""},""evidence"":[{""url"":""https://archive.softwareheritage.org/api/1/origin/https%3A%2F%2Fgithub.com%2Fgevent%2Fgevent/visits/?per_page=100"",""fetched_at"":""2026-09-23T19:54:44Z"",""cache_file"":""38c0a034b201ec2aaca23e9af2b91e08e6f97e6826144de23af0d722143b2482.json.gz"",""status"":200}]}],""incomplete_reasons"":[]}"
https://github.com/giggsey/libphonenumber-for-php,archived_evidence_found,"[""snapshot""]",snapshot_found,observed,missing,1,0,"{""checked_at"":""2026-09-23T19:54:45Z"",""candidates"":[""https://github.com/giggsey/libphonenumber-for-php"",""https://github.com/giggsey/libphonenumber-for-php.git""],""observations"":[{""origin"":""https://github.com/giggsey/libphonenumber-for-php"",""status"":""full"",""visit"":{""origin"":""https://github.com/giggsey/libphonenumber-for-php"",""visit"":218,""date"":""2026-08-31T00:18:00.122000+00:00"",""status"":""full"",""snapshot"":""ff82935a9df73a62da0c7137ec94cd65c1093bb0"",""type"":""git"",""metadata"":{},""origin_visit_url"":""https://archive.softwareheritage.org/api/1/origin/https://github.com/giggsey/libphonenumber-for-php/visit/218/"",""snapshot_url"":""https://archive.softwareheritage.org/api/1/snapshot/ff82935a9df73a62da0c7137ec94cd65c1093bb0/""},""evidence"":[{""url"":""https://archive.softwareheritage.org/api/1/origin/https%3A%2F%2Fgithub.com%2Fgiggsey%2Flibphonenumber-for-php/visits/?per_page=100"",""fetched_at"":""2026-09-23T19:54:45Z"",""cache_file"":""81ed2774873df8972ca8fde6fc0bcc270527ab0d2f556b913a67fa8ee14c2604.json.gz"",""status"":200}]}],""incomplete_reasons"":[]}"
https://github.com/gin-contrib/sse,archived_evidence_found,"[""snapshot""]",snapshot_found,observed,missing,1,1,"{""checked_at"":""2026-09-23T19:54:46Z"",""candidates"":[""https://github.com/gin-contrib/sse"",""https://github.com/gin-contrib/sse.git""],""observations"":[{""origin"":""https://github.com/gin-contrib/sse"",""status"":""full"",""visit"":{""origin"":""https://github.com/gin-contrib/sse"",""visit"":982,""date"":""2026-09-23T11:54:10.733000+00:00"",""status"":""full"",""snapshot"":""5b9bb2eb9a01f3d3a02929380e30f1af84b4b5fc"",""type"":""git-checkout"",""metadata"":{},""origin_visit_url"":""https://archive.softwareheritage.org/api/1/origin/https://github.com/gin-contrib/sse/visit/982/"",""snapshot_url"":""https://archive.softwareheritage.org/api/1/snapshot/5b9bb2eb9a01f3d3a02929380e30f1af84b4b5fc/""},""evidence"":[{""url"":""https://archive.softwareheritage.org/api/1/origin/https%3A%2F%2Fgithub.com%2Fgin-contrib%2Fsse/visits/?per_page=100"",""fetched_at"":""2026-09-23T19:54:46Z"",""cache_file"":""7b504699951b8d5d16ca052501e30dd445fb779c5f9c4c7b5751f80aae62f658.json.gz"",""status"":200}]}],""incomplete_reasons"":[]}"
https://github.com/go-openapi/jsonpointer,archived_evidence_found,"[""snapshot""]",snapshot_found,observed,missing,1,1,"{""checked_at"":""2026-09-23T19:54:46Z"",""candidates"":[""https://github.com/go-openapi/jsonpointer"",""https://github.com/go-openapi/jsonpointer.git""],""observations"":[{""origin"":""https://github.com/go-openapi/jsonpointer"",""status"":""full"",""visit"":{""origin"":""https://github.com/go-openapi/jsonpointer"",""visit"":1206,""date"":""2026-09-23T11:57:12.383000+00:00"",""status"":""full"",""snapshot"":""93adf33b9b44d48ccd0cbff05d9dfc317a4f0a47"",""type"":""git-checkout"",""metadata"":{},""origin_visit_url"":""https://archive.softwareheritage.org/api/1/origin/https://github.com/go-openapi/jsonpointer/visit/1206/"",""snapshot_url"":""https://archive.softwareheritage.org/api/1/snapshot/93adf33b9b44d48ccd0cbff05d9dfc317a4f0a47/""},""evidence"":[{""url"":""https://archive.softwareheritage.org/api/1/origin/https%3A%2F%2Fgithub.com%2Fgo-openapi%2Fjsonpointer/visits/?per_page=100"",""fetched_at"":""2026-09-23T19:54:46Z"",""cache_file"":""646704ff6aac22e1ca3d3ec2131366452e7c97b72b34a21eebdd2f6e22276a75.json.gz"",""status"":200}]}],""incomplete_reasons"":[]}"
https://github.com/go-openapi/jsonreference,archived_evidence_found,"[""snapshot""]",snapshot_found,observed,missing,1,1,"{""checked_at"":""2026-09-23T19:54:47Z"",""candidates"":[""https://github.com/go-openapi/jsonreference"",""https://github.com/go-openapi/jsonreference.git""],""observations"":[{""origin"":""https://github.com/go-openapi/jsonreference"",""status"":""full"",""visit"":{""origin"":""https://github.com/go-openapi/jsonreference"",""visit"":1272,""date"":""2026-09-23T11:54:22.464000+00:00"",""status"":""full"",""snapshot"":""8d2d9a16e0ae1c7aa22299ee5585d4f032bf80d8"",""type"":""git-checkout"",""metadata"":{},""origin_visit_url"":""https://archive.softwareheritage.org/api/1/origin/https://github.com/go-openapi/jsonreference/visit/1272/"",""snapshot_url"":""https://archive.softwareheritage.org/api/1/snapshot/8d2d9a16e0ae1c7aa22299ee5585d4f032bf80d8/""},""evidence"":[{""url"":""https://archive.softwareheritage.org/api/1/origin/https%3A%2F%2Fgithub.com%2Fgo-openapi%2Fjsonreference/visits/?per_page=100"",""fetched_at"":""2026-09-23T19:54:47Z"",""cache_file"":""b225ab2a894d30cd5e65030e303e71b6fc1a518d071180a7011194108409d947.json.gz"",""status"":200}]}],""incomplete_reasons"":[]}"
https://github.com/go-openapi/validate,archived_evidence_found,"[""snapshot""]",snapshot_found,observed,missing,1,1,"{""checked_at"":""2026-09-23T19:54:47Z"",""candidates"":[""https://github.com/go-openapi/validate"",""https://github.com/go-openapi/validate.git""],""observations"":[{""origin"":""https://github.com/go-openapi/validate"",""status"":""full"",""visit"":{""origin"":""https://github.com/go-openapi/validate"",""visit"":1285,""date"":""2026-09-23T11:47:36.537000+00:00"",""status"":""full"",""snapshot"":""81a8add62e9b0cb8263ca9552a905041f59fcb87"",""type"":""git-checkout"",""metadata"":{},""origin_visit_url"":""https://archive.softwareheritage.org/api/1/origin/https://github.com/go-openapi/validate/visit/1285/"",""snapshot_url"":""https://archive.softwareheritage.org/api/1/snapshot/81a8add62e9b0cb8263ca9552a905041f59fcb87/""},""evidence"":[{""url"":""https://archive.softwareheritage.org/api/1/origin/https%3A%2F%2Fgithub.com%2Fgo-openapi%2Fvalidate/visits/?per_page=100"",""fetched_at"":""2026-09-23T19:54:47Z"",""cache_file"":""ab7c607cde0798adfdd5f8df3422a37c01313838ec5e1ab28b3124d1a9b286e4.json.gz"",""status"":200}]}],""incomplete_reasons"":[]}"
https://github.com/go-playground/universal-translator,archived_evidence_found,"[""snapshot""]",snapshot_found,observed,missing,1,0,"{""checked_at"":""2026-09-23T19:54:48Z"",""candidates"":[""https://github.com/go-experimental/universal-translator"",""https://github.com/go-experimental/universal-translator.git"",""https://github.com/go-playground/universal-translator"",""https://github.com/go-playground/universal-translator.git""],""observations"":[{""origin"":""https://github.com/go-experimental/universal-translator"",""status"":""full"",""visit"":{""origin"":""https://github.com/go-experimental/universal-translator"",""visit"":18,""date"":""2021-01-23T12:46:55.166000+00:00"",""status"":""full"",""snapshot"":""87329e45e74fd9cad7afe6562545bfb8b0e2f875"",""type"":""git"",""metadata"":{},""origin_visit_url"":""https://archive.softwareheritage.org/api/1/origin/https://github.com/go-experimental/universal-translator/visit/18/"",""snapshot_url"":""https://archive.softwareheritage.org/api/1/snapshot/87329e45e74fd9cad7afe6562545bfb8b0e2f875/""},""evidence"":[{""url"":""https://archive.softwareheritage.org/api/1/origin/https%3A%2F%2Fgithub.com%2Fgo-experimental%2Funiversal-translator/visits/?per_page=100"",""fetched_at"":""2026-09-23T19:54:48Z"",""cache_file"":""31fe92101d5494148fec137b428773fd9f7bbad3fff9d92a9fe4a1783c4b80c9.json.gz"",""status"":200}]}],""incomplete_reasons"":[]}"
https://github.com/go-playground/validator,archived_evidence_found,"[""snapshot"",""tag_target_revision""]",snapshot_found,observed,missing,1,0,"{""checked_at"":""2026-09-24T08:41:06Z"",""candidates"":[""https://github.com/bluesuncorp/go-validate-yourself"",""https://github.com/bluesuncorp/go-validate-yourself.git"",""https://github.com/bluesuncorp/validator"",""https://github.com/bluesuncorp/validator.git"",""https://github.com/go-playground/validator"",""https://github.com/go-playground/validator.git"",""https://github.com/joeybloggs/go-validate-yourself"",""https://github.com/joeybloggs/go-validate-yourself.git""],""observations"":[{""origin"":""https://github.com/bluesuncorp/go-validate-yourself"",""status"":""not_found"",""evidence"":[{""url"":""https://archive.softwareheritage.org/api/1/origin/https%3A%2F%2Fgithub.com%2Fbluesuncorp%2Fgo-validate-yourself/visits/?per_page=100"",""fetched_at"":""2026-09-24T08:41:04Z"",""cache_file"":""56f0d80202fd833395c2f6458e04a45ff6720a3a500a4fae7ff27d3d6f00b3ca.json.gz"",""status"":404}]},{""origin"":""https://github.com/bluesuncorp/go-validate-yourself.git"",""status"":""not_found"",""evidence"":[{""url"":""https://archive.softwareheritage.org/api/1/origin/https%3A%2F%2Fgithub.com%2Fbluesuncorp%2Fgo-validate-yourself.git/visits/?per_page=100"",""fetched_at"":""2026-09-24T08:41:05Z"",""cache_file"":""9059eea1250149e9deb28046527ae62449ed620fc36496d47133e5bb3231a365.json.gz"",""status"":404}]},{""origin"":""https://github.com/bluesuncorp/validator"",""status"":""full"",""visit"":{""origin"":""https://github.com/bluesuncorp/validator"",""visit"":21,""date"":""2021-01-23T21:02:54.562000+00:00"",""status"":""full"",""snapshot"":""1973d8fd6fab1e250ae59b98c9d75000e51d737d"",""type"":""git"",""metadata"":{},""origin_visit_url"":""https://archive.softwareheritage.org/api/1/origin/https://github.com/bluesuncorp/validator/visit/21/"",""snapshot_url"":""https://archive.softwareheritage.org/api/1/snapshot/1973d8fd6fab1e250ae59b98c9d75000e51d737d/""},""evidence"":[{""url"":""https://archive.softwareheritage.org/api/1/origin/https%3A%2F%2Fgithub.com%2Fbluesuncorp%2Fvalidator/visits/?per_page=100"",""fetched_at"":""2026-09-24T08:41:06Z"",""cache_file"":""5d8858fc1ba3b137a6d681988d30de4362a502edd5f32bd24da09ba9dbe78baa.json.gz"",""status"":200}]}],""incomplete_reasons"":[]}"
https://github.com/gofrs/flock,archived_evidence_found,"[""snapshot""]",snapshot_found,observed,missing,1,1,"{""checked_at"":""2026-09-23T19:54:49Z"",""candidates"":[""https://github.com/gofrs/flock"",""https://github.com/gofrs/flock.git"",""https://github.com/gofrs/go-flock"",""https://github.com/gofrs/go-flock.git"",""https://github.com/theckman/go-flock"",""https://github.com/theckman/go-flock.git""],""observations"":[{""origin"":""https://github.com/gofrs/flock"",""status"":""full"",""visit"":{""origin"":""https://github.com/gofrs/flock"",""visit"":116,""date"":""2026-08-23T07:09:19.814000+00:00"",""status"":""full"",""snapshot"":""1e62e97b796e64615d4f5f82831607a6a851970e"",""type"":""git"",""metadata"":{},""origin_visit_url"":""https://archive.softwareheritage.org/api/1/origin/https://github.com/gofrs/flock/visit/116/"",""snapshot_url"":""https://archive.softwareheritage.org/api/1/snapshot/1e62e97b796e64615d4f5f82831607a6a851970e/""},""evidence"":[{""url"":""https://archive.softwareheritage.org/api/1/origin/https%3A%2F%2Fgithub.com%2Fgofrs%2Fflock/visits/?per_page=100"",""fetched_at"":""2026-09-23T19:54:49Z"",""cache_file"":""b2b76bea7b9fd703d66a6990eb3c4d860511e65a63afa4ca1933580917ae760e.json.gz"",""status"":200}]}],""incomplete_reasons"":[]}"
https://github.com/google/built_value.dart,archived_evidence_found,"[""snapshot""]",snapshot_found,observed,missing,1,0,"{""checked_at"":""2026-09-23T19:54:49Z"",""candidates"":[""https://github.com/google/built_value.dart"",""https://github.com/google/built_value.dart.git""],""observations"":[{""origin"":""https://github.com/google/built_value.dart"",""status"":""full"",""visit"":{""origin"":""https://github.com/google/built_value.dart"",""visit"":170,""date"":""2026-08-28T22:53:25.062000+00:00"",""status"":""full"",""snapshot"":""bc83b3818387fd1a51572073fb4a340cda605065"",""type"":""git"",""metadata"":{},""origin_visit_url"":""https://archive.softwareheritage.org/api/1/origin/https://github.com/google/built_value.dart/visit/170/"",""snapshot_url"":""https://archive.softwareheritage.org/api/1/snapshot/bc83b3818387fd1a51572073fb4a340cda605065/""},""evidence"":[{""url"":""https://archive.softwareheritage.org/api/1/origin/https%3A%2F%2Fgithub.com%2Fgoogle%2Fbuilt_value.dart/visits/?per_page=100"",""fetched_at"":""2026-09-23T19:54:49Z"",""cache_file"":""3fd2347d64c4c8e471142f9da85f122671d6e1f3b8c242c7275f4fcc351c17b0.json.gz"",""status"":200}]}],""incomplete_reasons"":[]}"
https://github.com/google/googleutilities,archived_evidence_found,"[""snapshot""]",snapshot_found,observed,missing,1,0,"{""checked_at"":""2026-09-23T19:54:50Z"",""candidates"":[""https://github.com/google/GoogleUtilities"",""https://github.com/google/GoogleUtilities.git"",""https://github.com/google/googleutilities"",""https://github.com/google/googleutilities.git""],""observations"":[{""origin"":""https://github.com/google/GoogleUtilities"",""status"":""full"",""visit"":{""origin"":""https://github.com/google/GoogleUtilities"",""visit"":21,""date"":""2026-08-20T08:16:15.179000+00:00"",""status"":""full"",""snapshot"":""75038bd4d05c6910def0509b482a71d3c038abbf"",""type"":""git"",""metadata"":{},""origin_visit_url"":""https://archive.softwareheritage.org/api/1/origin/https://github.com/google/GoogleUtilities/visit/21/"",""snapshot_url"":""https://archive.softwareheritage.org/api/1/snapshot/75038bd4d05c6910def0509b482a71d3c038abbf/""},""evidence"":[{""url"":""https://archive.softwareheritage.org/api/1/origin/https%3A%2F%2Fgithub.com%2Fgoogle%2FGoogleUtilities/visits/?per_page=100"",""fetched_at"":""2026-09-23T19:54:50Z"",""cache_file"":""f0cc62ca8802e91db881259c336503e6a055083fb8eb023e335cf95033b7ca55.json.gz"",""status"":200}]}],""incomplete_reasons"":[]}"
https://github.com/google/zerocopy,archived_evidence_found,"[""snapshot""]",snapshot_found,observed,missing,1,1,"{""checked_at"":""2026-09-23T19:54:50Z"",""candidates"":[""https://github.com/google/zerocopy"",""https://github.com/google/zerocopy.git""],""observations"":[{""origin"":""https://github.com/google/zerocopy"",""status"":""full"",""visit"":{""origin"":""https://github.com/google/zerocopy"",""visit"":43,""date"":""2026-08-09T08:43:10.947000+00:00"",""status"":""full"",""snapshot"":""35ee1ae0e1c6db8f5327c869d9d774bf1cda6e78"",""type"":""git"",""metadata"":{},""origin_visit_url"":""https://archive.softwareheritage.org/api/1/origin/https://github.com/google/zerocopy/visit/43/"",""snapshot_url"":""https://archive.softwareheritage.org/api/1/snapshot/35ee1ae0e1c6db8f5327c869d9d774bf1cda6e78/""},""evidence"":[{""url"":""https://archive.softwareheritage.org/api/1/origin/https%3A%2F%2Fgithub.com%2Fgoogle%2Fzerocopy/visits/?per_page=100"",""fetched_at"":""2026-09-23T19:54:50Z"",""cache_file"":""0eba8ecc1c1928813b5af381762ee450d486f8c7aa9184508947ad10d64d9dd6.json.gz"",""status"":200}]}],""incomplete_reasons"":[]}"
https://github.com/googleapis/common-protos-php,archived_evidence_found,"[""snapshot""]",snapshot_found,observed,missing,1,0,"{""checked_at"":""2026-09-23T19:54:51Z"",""candidates"":[""https://github.com/googleapis/common-protos-php"",""https://github.com/googleapis/common-protos-php.git""],""observations"":[{""origin"":""https://github.com/googleapis/common-protos-php"",""status"":""full"",""visit"":{""origin"":""https://github.com/googleapis/common-protos-php"",""visit"":146,""date"":""2026-09-14T18:10:23.733000+00:00"",""status"":""full"",""snapshot"":""ac947b88ae7e150e1f1ef24ae1222a46105d1c03"",""type"":""git"",""metadata"":{},""origin_visit_url"":""https://archive.softwareheritage.org/api/1/origin/https://github.com/googleapis/common-protos-php/visit/146/"",""snapshot_url"":""https://archive.softwareheritage.org/api/1/snapshot/ac947b88ae7e150e1f1ef24ae1222a46105d1c03/""},""evidence"":[{""url"":""https://archive.softwareheritage.org/api/1/origin/https%3A%2F%2Fgithub.com%2Fgoogleapis%2Fcommon-protos-php/visits/?per_page=100"",""fetched_at"":""2026-09-23T19:54:51Z"",""cache_file"":""248ad4789e44f37af27ad38500c01bbf9497950575e92aa0a7edbca2ac4ca1bb.json.gz"",""status"":200}]}],""incomplete_reasons"":[]}"
https://github.com/googleapis/gax-php,archived_evidence_found,"[""snapshot""]",snapshot_found,observed,missing,1,0,"{""checked_at"":""2026-09-23T19:54:52Z"",""candidates"":[""https://github.com/googleapis/gax-php"",""https://github.com/googleapis/gax-php.git""],""observations"":[{""origin"":""https://github.com/googleapis/gax-php"",""status"":""full"",""visit"":{""origin"":""https://github.com/googleapis/gax-php"",""visit"":185,""date"":""2026-09-01T05:09:14.193000+00:00"",""status"":""full"",""snapshot"":""a9a3d619528c7246bcbdd8cd6af4757bfc67e628"",""type"":""git"",""metadata"":{},""origin_visit_url"":""https://archive.softwareheritage.org/api/1/origin/https://github.com/googleapis/gax-php/visit/185/"",""snapshot_url"":""https://archive.softwareheritage.org/api/1/snapshot/a9a3d619528c7246bcbdd8cd6af4757bfc67e628/""},""evidence"":[{""url"":""https://archive.softwareheritage.org/api/1/origin/https%3A%2F%2Fgithub.com%2Fgoogleapis%2Fgax-php/visits/?per_page=100"",""fetched_at"":""2026-09-23T19:54:52Z"",""cache_file"":""2dd3d2a7c7af4e26de3fc618d25a646d315511c4d59211808fdb711a41a1f254.json.gz"",""status"":200}]}],""incomplete_reasons"":[]}"
https://github.com/googleapis/google-api-go-client,archived_evidence_found,"[""snapshot""]",snapshot_found,observed,missing,1,0,"{""checked_at"":""2026-09-23T19:54:52Z"",""candidates"":[""https://github.com/google/google-api-go-client"",""https://github.com/google/google-api-go-client.git"",""https://github.com/googleapis/google-api-go-client"",""https://github.com/googleapis/google-api-go-client.git""],""observations"":[{""origin"":""https://github.com/google/google-api-go-client"",""status"":""full"",""visit"":{""origin"":""https://github.com/google/google-api-go-client"",""visit"":28,""date"":""2026-02-01T07:56:47.805000+00:00"",""status"":""full"",""snapshot"":""7d736777981b5c2cbd8b16b8df4f653556358e82"",""type"":""git"",""metadata"":{},""origin_visit_url"":""https://archive.softwareheritage.org/api/1/origin/https://github.com/google/google-api-go-client/visit/28/"",""snapshot_url"":""https://archive.softwareheritage.org/api/1/snapshot/7d736777981b5c2cbd8b16b8df4f653556358e82/""},""evidence"":[{""url"":""https://archive.softwareheritage.org/api/1/origin/https%3A%2F%2Fgithub.com%2Fgoogle%2Fgoogle-api-go-client/visits/?per_page=100"",""fetched_at"":""2026-09-23T19:54:52Z"",""cache_file"":""1010b7a459c9e3c6dfd8ae9be21fb6d10ef2935541b7eda1f938fd4ae7f7677d.json.gz"",""status"":200}]}],""incomplete_reasons"":[]}"
https://github.com/googleapis/google-api-java-client,archived_evidence_found,"[""snapshot""]",snapshot_found,observed,missing,1,0,"{""checked_at"":""2026-09-23T19:54:53Z"",""candidates"":[""https://github.com/google/google-api-java-client"",""https://github.com/google/google-api-java-client.git"",""https://github.com/googleapis/google-api-java-client"",""https://github.com/googleapis/google-api-java-client.git""],""observations"":[{""origin"":""https://github.com/google/google-api-java-client"",""status"":""full"",""visit"":{""origin"":""https://github.com/google/google-api-java-client"",""visit"":24,""date"":""2023-03-11T02:09:07.441000+00:00"",""status"":""full"",""snapshot"":""ea40cf8ad8fdc2e066c5fe64bc40621a68b4bcbd"",""type"":""git"",""metadata"":{},""origin_visit_url"":""https://archive.softwareheritage.org/api/1/origin/https://github.com/google/google-api-java-client/visit/24/"",""snapshot_url"":""https://archive.softwareheritage.org/api/1/snapshot/ea40cf8ad8fdc2e066c5fe64bc40621a68b4bcbd/""},""evidence"":[{""url"":""https://archive.softwareheritage.org/api/1/origin/https%3A%2F%2Fgithub.com%2Fgoogle%2Fgoogle-api-java-client/visits/?per_page=100"",""fetched_at"":""2026-09-23T19:54:53Z"",""cache_file"":""0b77c1db3bcd92b0cdc4ebc5fff026ea409d400e285ca73d692031ff0178da0b.json.gz"",""status"":200}]}],""incomplete_reasons"":[]}"
https://github.com/googleapis/google-auth-library-ruby,archived_evidence_found,"[""snapshot""]",snapshot_found,observed,missing,1,0,"{""checked_at"":""2026-09-23T19:54:53Z"",""candidates"":[""https://github.com/google/google-auth-library-ruby"",""https://github.com/google/google-auth-library-ruby.git"",""https://github.com/googleapis/google-auth-library-ruby"",""https://github.com/googleapis/google-auth-library-ruby.git""],""observations"":[{""origin"":""https://github.com/google/google-auth-library-ruby"",""status"":""full"",""visit"":{""origin"":""https://github.com/google/google-auth-library-ruby"",""visit"":18,""date"":""2024-01-09T15:51:54.786000+00:00"",""status"":""full"",""snapshot"":""181b25410ee2d0f2031a5039d808f490df06235f"",""type"":""git"",""metadata"":{},""origin_visit_url"":""https://archive.softwareheritage.org/api/1/origin/https://github.com/google/google-auth-library-ruby/visit/18/"",""snapshot_url"":""https://archive.softwareheritage.org/api/1/snapshot/181b25410ee2d0f2031a5039d808f490df06235f/""},""evidence"":[{""url"":""https://archive.softwareheritage.org/api/1/origin/https%3A%2F%2Fgithub.com%2Fgoogle%2Fgoogle-auth-library-ruby/visits/?per_page=100"",""fetched_at"":""2026-09-23T19:54:53Z"",""cache_file"":""9042df934902e3def8299f5ec21702a63eff873bd834390e3be486d28e7fd412.json.gz"",""status"":200}]}],""incomplete_reasons"":[]}"
https://github.com/googleapis/google-cloud-php-storage,archived_evidence_found,"[""snapshot""]",snapshot_found,observed,missing,1,0,"{""checked_at"":""2026-09-23T19:54:54Z"",""candidates"":[""https://github.com/googleapis/google-cloud-php-storage"",""https://github.com/googleapis/google-cloud-php-storage.git"",""https://github.com/googlecloudplatform/google-cloud-php-storage"",""https://github.com/googlecloudplatform/google-cloud-php-storage.git""],""observations"":[{""origin"":""https://github.com/googleapis/google-cloud-php-storage"",""status"":""full"",""visit"":{""origin"":""https://github.com/googleapis/google-cloud-php-storage"",""visit"":160,""date"":""2026-09-13T23:34:05.924000+00:00"",""status"":""full"",""snapshot"":""2e26332818468ff32e015c67d8b9aa82a90f6df1"",""type"":""git"",""metadata"":{},""origin_visit_url"":""https://archive.softwareheritage.org/api/1/origin/https://github.com/googleapis/google-cloud-php-storage/visit/160/"",""snapshot_url"":""https://archive.softwareheritage.org/api/1/snapshot/2e26332818468ff32e015c67d8b9aa82a90f6df1/""},""evidence"":[{""url"":""https://archive.softwareheritage.org/api/1/origin/https%3A%2F%2Fgithub.com%2Fgoogleapis%2Fgoogle-cloud-php-storage/visits/?per_page=100"",""fetched_at"":""2026-09-23T19:54:54Z"",""cache_file"":""70cbb7bf348d9600fe1d5dc7df24509282a9925b150a55151e9e1edaacec3096.json.gz"",""status"":200}]}],""incomplete_reasons"":[]}"
https://github.com/googleapis/php-jwt,archived_evidence_found,"[""snapshot""]",snapshot_found,observed,missing,1,0,"{""checked_at"":""2026-09-23T19:54:55Z"",""candidates"":[""https://github.com/firebase/php-jwt"",""https://github.com/firebase/php-jwt.git"",""https://github.com/googleapis/php-jwt"",""https://github.com/googleapis/php-jwt.git""],""observations"":[{""origin"":""https://github.com/firebase/php-jwt"",""status"":""full"",""visit"":{""origin"":""https://github.com/firebase/php-jwt"",""visit"":192,""date"":""2026-09-14T08:20:13.005000+00:00"",""status"":""full"",""snapshot"":""53d77b37e570b0152e2eb097f2ad63c3ad7d70c5"",""type"":""git"",""metadata"":{},""origin_visit_url"":""https://archive.softwareheritage.org/api/1/origin/https://github.com/firebase/php-jwt/visit/192/"",""snapshot_url"":""https://archive.softwareheritage.org/api/1/snapshot/53d77b37e570b0152e2eb097f2ad63c3ad7d70c5/""},""evidence"":[{""url"":""https://archive.softwareheritage.org/api/1/origin/https%3A%2F%2Fgithub.com%2Ffirebase%2Fphp-jwt/visits/?per_page=100"",""fetched_at"":""2026-09-23T19:54:55Z"",""cache_file"":""9f52c55d1d2c491308eef32195dfda18b2107eb65d6d5c9c4cf593dbb1543582.json.gz"",""status"":200}]}],""incomplete_reasons"":[]}"
https://github.com/googleapis/python-aiplatform,archived_evidence_found,"[""snapshot""]",snapshot_found,observed,missing,1,0,"{""checked_at"":""2026-09-23T19:54:55Z"",""candidates"":[""https://github.com/googleapis/python-aiplatform"",""https://github.com/googleapis/python-aiplatform.git""],""observations"":[{""origin"":""https://github.com/googleapis/python-aiplatform"",""status"":""full"",""visit"":{""origin"":""https://github.com/googleapis/python-aiplatform"",""visit"":58,""date"":""2026-09-13T00:33:00.210000+00:00"",""status"":""full"",""snapshot"":""dc3e652ca853ff87c44b31c68b252e2096d21535"",""type"":""git"",""metadata"":{},""origin_visit_url"":""https://archive.softwareheritage.org/api/1/origin/https://github.com/googleapis/python-aiplatform/visit/58/"",""snapshot_url"":""https://archive.softwareheritage.org/api/1/snapshot/dc3e652ca853ff87c44b31c68b252e2096d21535/""},""evidence"":[{""url"":""https://archive.softwareheritage.org/api/1/origin/https%3A%2F%2Fgithub.com%2Fgoogleapis%2Fpython-aiplatform/visits/?per_page=100"",""fetched_at"":""2026-09-23T19:54:55Z"",""cache_file"":""ca5bdc581c0c77e892674019f8f715b6bb4b746cc0f44206d6f81cd21df7e37c.json.gz"",""status"":200}]}],""incomplete_reasons"":[]}"
https://github.com/googlecloudplatform/appengine-java-standard,archived_evidence_found,"[""snapshot""]",snapshot_found,observed,missing,1,0,"{""checked_at"":""2026-09-23T19:54:56Z"",""candidates"":[""https://github.com/GoogleCloudPlatform/appengine-java-standard"",""https://github.com/GoogleCloudPlatform/appengine-java-standard.git"",""https://github.com/googlecloudplatform/appengine-java-standard"",""https://github.com/googlecloudplatform/appengine-java-standard.git""],""observations"":[{""origin"":""https://github.com/GoogleCloudPlatform/appengine-java-standard"",""status"":""full"",""visit"":{""origin"":""https://github.com/GoogleCloudPlatform/appengine-java-standard"",""visit"":54,""date"":""2026-07-25T19:32:09.829000+00:00"",""status"":""full"",""snapshot"":""ca215658a9ee7d73a2cf3c6d06944a4a062d25af"",""type"":""git"",""metadata"":{},""origin_visit_url"":""https://archive.softwareheritage.org/api/1/origin/https://github.com/GoogleCloudPlatform/appengine-java-standard/visit/54/"",""snapshot_url"":""https://archive.softwareheritage.org/api/1/snapshot/ca215658a9ee7d73a2cf3c6d06944a4a062d25af/""},""evidence"":[{""url"":""https://archive.softwareheritage.org/api/1/origin/https%3A%2F%2Fgithub.com%2FGoogleCloudPlatform%2Fappengine-java-standard/visits/?per_page=100"",""fetched_at"":""2026-09-23T19:54:56Z"",""cache_file"":""95393012d1d8a04e6c3b1c85870158354d94e6d7f96c229ffb1448492b71d44c.json.gz"",""status"":200}]}],""incomplete_reasons"":[]}"
https://github.com/grahamcampbell/result-type,archived_evidence_found,"[""snapshot""]",snapshot_found,observed,missing,1,0,"{""checked_at"":""2026-09-23T19:54:56Z"",""candidates"":[""https://github.com/GrahamCampbell/Result-Type"",""https://github.com/GrahamCampbell/Result-Type.git"",""https://github.com/grahamcampbell/result-type"",""https://github.com/grahamcampbell/result-type.git""],""observations"":[{""origin"":""https://github.com/GrahamCampbell/Result-Type"",""status"":""full"",""visit"":{""origin"":""https://github.com/GrahamCampbell/Result-Type"",""visit"":20,""date"":""2026-05-14T04:28:51.415000+00:00"",""status"":""full"",""snapshot"":""9925010fd0634ea8cd1c43877767e61f04033f14"",""type"":""git"",""metadata"":{},""origin_visit_url"":""https://archive.softwareheritage.org/api/1/origin/https://github.com/GrahamCampbell/Result-Type/visit/20/"",""snapshot_url"":""https://archive.softwareheritage.org/api/1/snapshot/9925010fd0634ea8cd1c43877767e61f04033f14/""},""evidence"":[{""url"":""https://archive.softwareheritage.org/api/1/origin/https%3A%2F%2Fgithub.com%2FGrahamCampbell%2FResult-Type/visits/?per_page=100"",""fetched_at"":""2026-09-23T19:54:56Z"",""cache_file"":""119435dcae2c6d498b6021db45460eadda02db977e83993c70e8589d5d306386.json.gz"",""status"":200}]}],""incomplete_reasons"":[]}"
https://github.com/grosser/parallel_tests,archived_evidence_found,"[""snapshot""]",snapshot_found,observed,missing,1,1,"{""checked_at"":""2026-09-23T19:54:57Z"",""candidates"":[""https://github.com/grosser/parallel_tests"",""https://github.com/grosser/parallel_tests.git""],""observations"":[{""origin"":""https://github.com/grosser/parallel_tests"",""status"":""full"",""visit"":{""origin"":""https://github.com/grosser/parallel_tests"",""visit"":1732,""date"":""2026-09-23T11:26:51.790000+00:00"",""status"":""full"",""snapshot"":""ab13fd0f56758147d30fdade10576a009e83bba3"",""type"":""git-checkout"",""metadata"":{},""origin_visit_url"":""https://archive.softwareheritage.org/api/1/origin/https://github.com/grosser/parallel_tests/visit/1732/"",""snapshot_url"":""https://archive.softwareheritage.org/api/1/snapshot/ab13fd0f56758147d30fdade10576a009e83bba3/""},""evidence"":[{""url"":""https://archive.softwareheritage.org/api/1/origin/https%3A%2F%2Fgithub.com%2Fgrosser%2Fparallel_tests/visits/?per_page=100"",""fetched_at"":""2026-09-23T19:54:57Z"",""cache_file"":""d938af5952ba96aebf33738c911d475dad38c9296ea0811f94139418b5fd41dc.json.gz"",""status"":200}]}],""incomplete_reasons"":[]}"
https://github.com/grpc/grpc-ios,archived_evidence_found,"[""head"",""tag_target_revision""]",unchecked,observed,present,1,0,
https://github.com/grpc/grpc-node,archived_evidence_found,"[""head"",""tag_target_revision""]",unchecked,observed,present,1,0,
https://github.com/guybedford/es-module-lexer,archived_evidence_found,"[""snapshot""]",snapshot_found,observed,missing,1,0,"{""checked_at"":""2026-09-23T19:54:58Z"",""candidates"":[""https://github.com/guybedford/es-module-lexer"",""https://github.com/guybedford/es-module-lexer.git""],""observations"":[{""origin"":""https://github.com/guybedford/es-module-lexer"",""status"":""full"",""visit"":{""origin"":""https://github.com/guybedford/es-module-lexer"",""visit"":101,""date"":""2026-08-13T13:52:38.224000+00:00"",""status"":""full"",""snapshot"":""6220152bb55f3f3784cde347503d16775c9b1c35"",""type"":""git"",""metadata"":{},""origin_visit_url"":""https://archive.softwareheritage.org/api/1/origin/https://github.com/guybedford/es-module-lexer/visit/101/"",""snapshot_url"":""https://archive.softwareheritage.org/api/1/snapshot/6220152bb55f3f3784cde347503d16775c9b1c35/""},""evidence"":[{""url"":""https://archive.softwareheritage.org/api/1/origin/https%3A%2F%2Fgithub.com%2Fguybedford%2Fes-module-lexer/visits/?per_page=100"",""fetched_at"":""2026-09-23T19:54:58Z"",""cache_file"":""1893300836059a1f0cec94c3e53d667915100bc0ad3b395b2c56207f26758541.json.gz"",""status"":200}]}],""incomplete_reasons"":[]}"
https://github.com/guzzle/guzzle,archived_evidence_found,"[""snapshot""]",snapshot_found,observed,missing,1,0,"{""checked_at"":""2026-09-23T19:54:58Z"",""candidates"":[""https://github.com/guzzle/guzzle"",""https://github.com/guzzle/guzzle.git""],""observations"":[{""origin"":""https://github.com/guzzle/guzzle"",""status"":""full"",""visit"":{""origin"":""https://github.com/guzzle/guzzle"",""visit"":146,""date"":""2026-08-16T07:28:03.721000+00:00"",""status"":""full"",""snapshot"":""b189b13d5330c4e4ae8c59d66e833230e2b09ea0"",""type"":""git"",""metadata"":{},""origin_visit_url"":""https://archive.softwareheritage.org/api/1/origin/https://github.com/guzzle/guzzle/visit/146/"",""snapshot_url"":""https://archive.softwareheritage.org/api/1/snapshot/b189b13d5330c4e4ae8c59d66e833230e2b09ea0/""},""evidence"":[{""url"":""https://archive.softwareheritage.org/api/1/origin/https%3A%2F%2Fgithub.com%2Fguzzle%2Fguzzle/visits/?per_page=100"",""fetched_at"":""2026-09-23T19:54:58Z"",""cache_file"":""a2b781f68d21c84f421246674bd7c9a34bef7281a54b2b53b70671ef38e8dc19.json.gz"",""status"":200}]}],""incomplete_reasons"":[]}"
https://github.com/guzzle/uri-template,archived_evidence_found,"[""snapshot""]",snapshot_found,observed,missing,1,0,"{""checked_at"":""2026-09-23T19:54:59Z"",""candidates"":[""https://github.com/guzzle/uri-template"",""https://github.com/guzzle/uri-template.git""],""observations"":[{""origin"":""https://github.com/guzzle/uri-template"",""status"":""full"",""visit"":{""origin"":""https://github.com/guzzle/uri-template"",""visit"":12,""date"":""2026-08-08T19:49:16.354000+00:00"",""status"":""full"",""snapshot"":""be98719b148a27ca7e51dbf064a10d08dfc0068b"",""type"":""git"",""metadata"":{},""origin_visit_url"":""https://archive.softwareheritage.org/api/1/origin/https://github.com/guzzle/uri-template/visit/12/"",""snapshot_url"":""https://archive.softwareheritage.org/api/1/snapshot/be98719b148a27ca7e51dbf064a10d08dfc0068b/""},""evidence"":[{""url"":""https://archive.softwareheritage.org/api/1/origin/https%3A%2F%2Fgithub.com%2Fguzzle%2Furi-template/visits/?per_page=100"",""fetched_at"":""2026-09-23T19:54:59Z"",""cache_file"":""c56bbc9ef25a27560ea7e141860051af953edceb8438cff9d567463fd8ea1474.json.gz"",""status"":200}]}],""incomplete_reasons"":[]}"
https://github.com/haml/haml,archived_evidence_found,"[""snapshot""]",snapshot_found,observed,missing,1,0,"{""checked_at"":""2026-09-23T19:54:59Z"",""candidates"":[""https://github.com/haml/haml"",""https://github.com/haml/haml.git""],""observations"":[{""origin"":""https://github.com/haml/haml"",""status"":""full"",""visit"":{""origin"":""https://github.com/haml/haml"",""visit"":102,""date"":""2026-08-28T15:17:00.876000+00:00"",""status"":""full"",""snapshot"":""56d0199156c30b3d775c07c0c6da9dc331d03f7c"",""type"":""git"",""metadata"":{},""origin_visit_url"":""https://archive.softwareheritage.org/api/1/origin/https://github.com/haml/haml/visit/102/"",""snapshot_url"":""https://archive.softwareheritage.org/api/1/snapshot/56d0199156c30b3d775c07c0c6da9dc331d03f7c/""},""evidence"":[{""url"":""https://archive.softwareheritage.org/api/1/origin/https%3A%2F%2Fgithub.com%2Fhaml%2Fhaml/visits/?per_page=100"",""fetched_at"":""2026-09-23T19:54:59Z"",""cache_file"":""2bc7b7100499b8f2eb41e53506b927ab6058a6c66c784775fa19655ed7651f65.json.gz"",""status"":200}]}],""incomplete_reasons"":[]}"
https://github.com/hapijs/joi,archived_evidence_found,"[""snapshot""]",snapshot_found,observed,missing,1,1,"{""checked_at"":""2026-09-23T19:55:00Z"",""candidates"":[""https://github.com/hapijs/joi"",""https://github.com/hapijs/joi.git"",""https://github.com/sideway/joi"",""https://github.com/sideway/joi.git""],""observations"":[{""origin"":""https://github.com/hapijs/joi"",""status"":""full"",""visit"":{""origin"":""https://github.com/hapijs/joi"",""visit"":60,""date"":""2026-08-06T13:56:49.630000+00:00"",""status"":""full"",""snapshot"":""ca96f9a8b0bc23ae2a0e84e36854c9febcb900fe"",""type"":""git"",""metadata"":{},""origin_visit_url"":""https://archive.softwareheritage.org/api/1/origin/https://github.com/hapijs/joi/visit/60/"",""snapshot_url"":""https://archive.softwareheritage.org/api/1/snapshot/ca96f9a8b0bc23ae2a0e84e36854c9febcb900fe/""},""evidence"":[{""url"":""https://archive.softwareheritage.org/api/1/origin/https%3A%2F%2Fgithub.com%2Fhapijs%2Fjoi/visits/?per_page=100"",""fetched_at"":""2026-09-23T19:55:00Z"",""cache_file"":""8ed67be0f08d8843f4d2c156c910812fb46143ba82b61744e7e9b5f25e3aa70e.json.gz"",""status"":200}]}],""incomplete_reasons"":[]}"
https://github.com/hashicorp/go-uuid,archived_evidence_found,"[""snapshot""]",snapshot_found,observed,missing,1,0,"{""checked_at"":""2026-09-23T19:55:01Z"",""candidates"":[""https://github.com/hashicorp/go-uuid"",""https://github.com/hashicorp/go-uuid.git""],""observations"":[{""origin"":""https://github.com/hashicorp/go-uuid"",""status"":""full"",""visit"":{""origin"":""https://github.com/hashicorp/go-uuid"",""visit"":1626,""date"":""2026-09-23T11:51:19.809000+00:00"",""status"":""full"",""snapshot"":""e6778d60f0c0499ad2312d6555e883fd3cafb29b"",""type"":""git-checkout"",""metadata"":{},""origin_visit_url"":""https://archive.softwareheritage.org/api/1/origin/https://github.com/hashicorp/go-uuid/visit/1626/"",""snapshot_url"":""https://archive.softwareheritage.org/api/1/snapshot/e6778d60f0c0499ad2312d6555e883fd3cafb29b/""},""evidence"":[{""url"":""https://archive.softwareheritage.org/api/1/origin/https%3A%2F%2Fgithub.com%2Fhashicorp%2Fgo-uuid/visits/?per_page=100"",""fetched_at"":""2026-09-23T19:55:01Z"",""cache_file"":""3d97e568b65412c5e7ff8d13cbf35a7088380067d9a12c5b28b0b373a20552a5.json.gz"",""status"":200}]}],""incomplete_reasons"":[]}"
https://github.com/hashicorp/memberlist,archived_evidence_found,"[""snapshot""]",snapshot_found,observed,missing,1,0,"{""checked_at"":""2026-09-23T19:55:01Z"",""candidates"":[""https://github.com/hashicorp/memberlist"",""https://github.com/hashicorp/memberlist.git""],""observations"":[{""origin"":""https://github.com/hashicorp/memberlist"",""status"":""full"",""visit"":{""origin"":""https://github.com/hashicorp/memberlist"",""visit"":662,""date"":""2026-09-23T11:56:40.916000+00:00"",""status"":""full"",""snapshot"":""91e524a9256374b5eea5a7e0199daf8791857eac"",""type"":""git-checkout"",""metadata"":{},""origin_visit_url"":""https://archive.softwareheritage.org/api/1/origin/https://github.com/hashicorp/memberlist/visit/662/"",""snapshot_url"":""https://archive.softwareheritage.org/api/1/snapshot/91e524a9256374b5eea5a7e0199daf8791857eac/""},""evidence"":[{""url"":""https://archive.softwareheritage.org/api/1/origin/https%3A%2F%2Fgithub.com%2Fhashicorp%2Fmemberlist/visits/?per_page=100"",""fetched_at"":""2026-09-23T19:55:01Z"",""cache_file"":""cfbad3366acc16aedb3a8185e3b8efa2f3ecb87b426305cbeb1408442dac69b0.json.gz"",""status"":200}]}],""incomplete_reasons"":[]}"
https://github.com/haskell-party/haskell-src-meta,no_snapshot_at_checked_origins,[],origin_not_found,observed,missing,1,0,"{""checked_at"":""2026-09-23T19:55:02Z"",""candidates"":[""https://github.com/haskell-party/haskell-src-meta"",""https://github.com/haskell-party/haskell-src-meta.git""],""observations"":[{""origin"":""https://github.com/haskell-party/haskell-src-meta"",""status"":""not_found"",""evidence"":[{""url"":""https://archive.softwareheritage.org/api/1/origin/https%3A%2F%2Fgithub.com%2Fhaskell-party%2Fhaskell-src-meta/visits/?per_page=100"",""fetched_at"":""2026-09-23T19:55:02Z"",""cache_file"":""dffaa3435b74e4d4432f99385a502a73cb6773e5bb87f488af25d605b19c2c1f.json.gz"",""status"":404}]},{""origin"":""https://github.com/haskell-party/haskell-src-meta.git"",""status"":""not_found"",""evidence"":[{""url"":""https://archive.softwareheritage.org/api/1/origin/https%3A%2F%2Fgithub.com%2Fhaskell-party%2Fhaskell-src-meta.git/visits/?per_page=100"",""fetched_at"":""2026-09-23T19:55:02Z"",""cache_file"":""a414132134bc220ec19a520a59a1d53114a24ef0eb57fe5bf602028a734e296f.json.gz"",""status"":404}]}],""incomplete_reasons"":[]}"
https://github.com/haskell-pkg-janitors/aws,archived_evidence_found,"[""snapshot""]",snapshot_found,observed,missing,1,1,"{""checked_at"":""2026-09-23T19:55:03Z"",""candidates"":[""https://github.com/aristidb/aws"",""https://github.com/aristidb/aws.git"",""https://github.com/haskell-pkg-janitors/aws"",""https://github.com/haskell-pkg-janitors/aws.git""],""observations"":[{""origin"":""https://github.com/aristidb/aws"",""status"":""full"",""visit"":{""origin"":""https://github.com/aristidb/aws"",""visit"":35,""date"":""2025-12-22T14:23:38.101000+00:00"",""status"":""full"",""snapshot"":""12750ac7cff43d788bd2842ca05bc54be515bcc6"",""type"":""git"",""metadata"":{},""origin_visit_url"":""https://archive.softwareheritage.org/api/1/origin/https://github.com/aristidb/aws/visit/35/"",""snapshot_url"":""https://archive.softwareheritage.org/api/1/snapshot/12750ac7cff43d788bd2842ca05bc54be515bcc6/""},""evidence"":[{""url"":""https://archive.softwareheritage.org/api/1/origin/https%3A%2F%2Fgithub.com%2Faristidb%2Faws/visits/?per_page=100"",""fetched_at"":""2026-09-23T19:55:03Z"",""cache_file"":""9b213d24b8063819d4ffef03d58125dd7c608b0434df40bb243955369119e689.json.gz"",""status"":200}]}],""incomplete_reasons"":[]}"
https://github.com/haskell-pkg-janitors/cpphs,no_snapshot_at_checked_origins,[],origin_not_found,observed,missing,1,1,"{""checked_at"":""2026-09-23T19:55:04Z"",""candidates"":[""https://github.com/haskell-pkg-janitors/cpphs"",""https://github.com/haskell-pkg-janitors/cpphs.git""],""observations"":[{""origin"":""https://github.com/haskell-pkg-janitors/cpphs"",""status"":""not_found"",""evidence"":[{""url"":""https://archive.softwareheritage.org/api/1/origin/https%3A%2F%2Fgithub.com%2Fhaskell-pkg-janitors%2Fcpphs/visits/?per_page=100"",""fetched_at"":""2026-09-23T19:55:03Z"",""cache_file"":""9e91536dbdbb6851a19abd24a159175a4a7024fec5371cd04ad444bed6e2dae4.json.gz"",""status"":404}]},{""origin"":""https://github.com/haskell-pkg-janitors/cpphs.git"",""status"":""not_found"",""evidence"":[{""url"":""https://archive.softwareheritage.org/api/1/origin/https%3A%2F%2Fgithub.com%2Fhaskell-pkg-janitors%2Fcpphs.git/visits/?per_page=100"",""fetched_at"":""2026-09-23T19:55:04Z"",""cache_file"":""2ac7090d2865b5143fc5e79e32404429f03001c869f7f10af433253209a23b66.json.gz"",""status"":404}]}],""incomplete_reasons"":[]}"
https://github.com/haskell-pkg-janitors/polyparse,no_snapshot_at_checked_origins,[],origin_not_found,observed,missing,1,1,"{""checked_at"":""2026-09-23T19:55:05Z"",""candidates"":[""https://github.com/haskell-pkg-janitors/polyparse"",""https://github.com/haskell-pkg-janitors/polyparse.git""],""observations"":[{""origin"":""https://github.com/haskell-pkg-janitors/polyparse"",""status"":""not_found"",""evidence"":[{""url"":""https://archive.softwareheritage.org/api/1/origin/https%3A%2F%2Fgithub.com%2Fhaskell-pkg-janitors%2Fpolyparse/visits/?per_page=100"",""fetched_at"":""2026-09-23T19:55:04Z"",""cache_file"":""27abcbad6845844ceab9168134ac13454f27949e24b97f25cb69c9ea20c05443.json.gz"",""status"":404}]},{""origin"":""https://github.com/haskell-pkg-janitors/polyparse.git"",""status"":""not_found"",""evidence"":[{""url"":""https://archive.softwareheritage.org/api/1/origin/https%3A%2F%2Fgithub.com%2Fhaskell-pkg-janitors%2Fpolyparse.git/visits/?per_page=100"",""fetched_at"":""2026-09-23T19:55:05Z"",""cache_file"":""9dff3057fb6a1506ef9df4648ab9c32bff301c9b75b9015ac06ae4b1d8e046de.json.gz"",""status"":404}]}],""incomplete_reasons"":[]}"
https://github.com/haxml/haxml,no_snapshot_at_checked_origins,[],origin_not_found,observed,missing,1,0,"{""checked_at"":""2026-09-23T19:55:07Z"",""candidates"":[""https://github.com/HaXml/HaXml"",""https://github.com/HaXml/HaXml.git"",""https://github.com/haxml/haxml"",""https://github.com/haxml/haxml.git""],""observations"":[{""origin"":""https://github.com/HaXml/HaXml"",""status"":""not_found"",""evidence"":[{""url"":""https://archive.softwareheritage.org/api/1/origin/https%3A%2F%2Fgithub.com%2FHaXml%2FHaXml/visits/?per_page=100"",""fetched_at"":""2026-09-23T19:55:05Z"",""cache_file"":""db9f00f335247ff5d32449650d75a2fd7cf1fffa8167c07041c0930792e33bd2.json.gz"",""status"":404}]},{""origin"":""https://github.com/HaXml/HaXml.git"",""status"":""not_found"",""evidence"":[{""url"":""https://archive.softwareheritage.org/api/1/origin/https%3A%2F%2Fgithub.com%2FHaXml%2FHaXml.git/visits/?per_page=100"",""fetched_at"":""2026-09-23T19:55:06Z"",""cache_file"":""3c7169eb21cab245af0e7bea5b0c317f096156cd00b1ecc73cfdca1752cfe06f.json.gz"",""status"":404}]},{""origin"":""https://github.com/haxml/haxml"",""status"":""not_found"",""evidence"":[{""url"":""https://archive.softwareheritage.org/api/1/origin/https%3A%2F%2Fgithub.com%2Fhaxml%2Fhaxml/visits/?per_page=100"",""fetched_at"":""2026-09-23T19:55:06Z"",""cache_file"":""922555d0b027915f3e415a08b3a531c42a3c24339d5dbbd0c1d10af6a044419e.json.gz"",""status"":404}]},{""origin"":""https://github.com/haxml/haxml.git"",""status"":""not_found"",""evidence"":[{""url"":""https://archive.softwareheritage.org/api/1/origin/https%3A%2F%2Fgithub.com%2Fhaxml%2Fhaxml.git/visits/?per_page=100"",""fetched_at"":""2026-09-23T19:55:07Z"",""cache_file"":""fe1ab1707d8f7b13aa32bff323a7610538d55f36995b1345337776073350ba76.json.gz"",""status"":404}]}],""incomplete_reasons"":[]}"
https://github.com/heartcombo/responders,archived_evidence_found,"[""snapshot""]",snapshot_found,observed,missing,1,1,"{""checked_at"":""2026-09-23T19:55:07Z"",""candidates"":[""https://github.com/heartcombo/responders"",""https://github.com/heartcombo/responders.git"",""https://github.com/plataformatec/responders"",""https://github.com/plataformatec/responders.git""],""observations"":[{""origin"":""https://github.com/heartcombo/responders"",""status"":""full"",""visit"":{""origin"":""https://github.com/heartcombo/responders"",""visit"":72,""date"":""2026-08-25T05:15:48.730000+00:00"",""status"":""full"",""snapshot"":""9d7b1097c2cabe6b2dc64e8e157d240fe7e40790"",""type"":""git"",""metadata"":{},""origin_visit_url"":""https://archive.softwareheritage.org/api/1/origin/https://github.com/heartcombo/responders/visit/72/"",""snapshot_url"":""https://archive.softwareheritage.org/api/1/snapshot/9d7b1097c2cabe6b2dc64e8e157d240fe7e40790/""},""evidence"":[{""url"":""https://archive.softwareheritage.org/api/1/origin/https%3A%2F%2Fgithub.com%2Fheartcombo%2Fresponders/visits/?per_page=100"",""fetched_at"":""2026-09-23T19:55:07Z"",""cache_file"":""57057f48f3d08b891ac4f86b53e43190731823331c27de16e4e61bb3a917123b.json.gz"",""status"":200}]}],""incomplete_reasons"":[]}"
https://github.com/hibernate/hibernate-validator,archived_evidence_found,"[""head"",""tag_target_revision""]",unchecked,observed,present,1,0,
https://github.com/hickory-dns/resolv-conf,archived_evidence_found,"[""snapshot""]",snapshot_found,observed,missing,1,1,"{""checked_at"":""2026-09-23T19:55:09Z"",""candidates"":[""https://github.com/hickory-dns/resolv-conf"",""https://github.com/hickory-dns/resolv-conf.git"",""https://github.com/tailhook/resolv-conf"",""https://github.com/tailhook/resolv-conf.git""],""observations"":[{""origin"":""https://github.com/hickory-dns/resolv-conf"",""status"":""not_found"",""evidence"":[{""url"":""https://archive.softwareheritage.org/api/1/origin/https%3A%2F%2Fgithub.com%2Fhickory-dns%2Fresolv-conf/visits/?per_page=100"",""fetched_at"":""2026-09-23T19:55:08Z"",""cache_file"":""a708332489669001d0a35dc579886ca03d249ad6d5b5871f5e50f92344f3014b.json.gz"",""status"":404}]},{""origin"":""https://github.com/hickory-dns/resolv-conf.git"",""status"":""not_found"",""evidence"":[{""url"":""https://archive.softwareheritage.org/api/1/origin/https%3A%2F%2Fgithub.com%2Fhickory-dns%2Fresolv-conf.git/visits/?per_page=100"",""fetched_at"":""2026-09-23T19:55:08Z"",""cache_file"":""5252449a462a2513a872179317b3aa56465b169ec0c7dd7c28ea769327530417.json.gz"",""status"":404}]},{""origin"":""https://github.com/tailhook/resolv-conf"",""status"":""full"",""visit"":{""origin"":""https://github.com/tailhook/resolv-conf"",""visit"":12,""date"":""2024-03-24T15:27:15.240000+00:00"",""status"":""full"",""snapshot"":""c9c310cda514d4f3f3982aad460312c151b47f39"",""type"":""git"",""metadata"":{},""origin_visit_url"":""https://archive.softwareheritage.org/api/1/origin/https://github.com/tailhook/resolv-conf/visit/12/"",""snapshot_url"":""https://archive.softwareheritage.org/api/1/snapshot/c9c310cda514d4f3f3982aad460312c151b47f39/""},""evidence"":[{""url"":""https://archive.softwareheritage.org/api/1/origin/https%3A%2F%2Fgithub.com%2Ftailhook%2Fresolv-conf/visits/?per_page=100"",""fetched_at"":""2026-09-23T19:55:09Z"",""cache_file"":""606e6071ea428da40871da3f46d3f59e968233ceea9c87d230844e302c361ea3.json.gz"",""status"":200}]}],""incomplete_reasons"":[]}"
https://github.com/holepunchto/bare-events,no_snapshot_at_checked_origins,[],origin_not_found,observed,missing,1,1,"{""checked_at"":""2026-09-23T19:55:10Z"",""candidates"":[""https://github.com/holepunchto/bare-events"",""https://github.com/holepunchto/bare-events.git"",""https://github.com/holepunchto/pearjs-events"",""https://github.com/holepunchto/pearjs-events.git""],""observations"":[{""origin"":""https://github.com/holepunchto/bare-events"",""status"":""not_found"",""evidence"":[{""url"":""https://archive.softwareheritage.org/api/1/origin/https%3A%2F%2Fgithub.com%2Fholepunchto%2Fbare-events/visits/?per_page=100"",""fetched_at"":""2026-09-23T19:55:09Z"",""cache_file"":""e041f8fbd6d1a7cd9aa399569b676a40141a6e0fb5eca1a92a282a46c310568c.json.gz"",""status"":404}]},{""origin"":""https://github.com/holepunchto/bare-events.git"",""status"":""not_found"",""evidence"":[{""url"":""https://archive.softwareheritage.org/api/1/origin/https%3A%2F%2Fgithub.com%2Fholepunchto%2Fbare-events.git/visits/?per_page=100"",""fetched_at"":""2026-09-23T19:55:10Z"",""cache_file"":""5d9ff98a5b4fd9ef8faac4a925ac75ca4b2162eaed4284c05e75f3d97c7046d0.json.gz"",""status"":404}]},{""origin"":""https://github.com/holepunchto/pearjs-events"",""status"":""not_found"",""evidence"":[{""url"":""https://archive.softwareheritage.org/api/1/origin/https%3A%2F%2Fgithub.com%2Fholepunchto%2Fpearjs-events/visits/?per_page=100"",""fetched_at"":""2026-09-23T19:55:10Z"",""cache_file"":""6136cbf4502c3397077d0d2737b268269540a573a2c287d3edb8706a951b91e5.json.gz"",""status"":404}]},{""origin"":""https://github.com/holepunchto/pearjs-events.git"",""status"":""not_found"",""evidence"":[{""url"":""https://archive.softwareheritage.org/api/1/origin/https%3A%2F%2Fgithub.com%2Fholepunchto%2Fpearjs-events.git/visits/?per_page=100"",""fetched_at"":""2026-09-23T19:55:10Z"",""cache_file"":""8bdb054e5c1782c695cc385af22f00c9a718dfb624447a3a36679536758b3ba2.json.gz"",""status"":404}]}],""incomplete_reasons"":[]}"
https://github.com/homebrew/ruby-macho,archived_evidence_found,"[""snapshot""]",snapshot_found,observed,missing,1,0,"{""checked_at"":""2026-09-23T19:55:11Z"",""candidates"":[""https://github.com/Homebrew/ruby-macho"",""https://github.com/Homebrew/ruby-macho.git"",""https://github.com/homebrew/ruby-macho"",""https://github.com/homebrew/ruby-macho.git""],""observations"":[{""origin"":""https://github.com/Homebrew/ruby-macho"",""status"":""full"",""visit"":{""origin"":""https://github.com/Homebrew/ruby-macho"",""visit"":143,""date"":""2026-09-01T07:48:40.981000+00:00"",""status"":""full"",""snapshot"":""0baa5d5a1767ed4d79606e6ce39d2456c48d891d"",""type"":""git"",""metadata"":{},""origin_visit_url"":""https://archive.softwareheritage.org/api/1/origin/https://github.com/Homebrew/ruby-macho/visit/143/"",""snapshot_url"":""https://archive.softwareheritage.org/api/1/snapshot/0baa5d5a1767ed4d79606e6ce39d2456c48d891d/""},""evidence"":[{""url"":""https://archive.softwareheritage.org/api/1/origin/https%3A%2F%2Fgithub.com%2FHomebrew%2Fruby-macho/visits/?per_page=100"",""fetched_at"":""2026-09-23T19:55:11Z"",""cache_file"":""765d5a44c0aa20b0b170cff773d734b0faba3be8a5aed99ec4a2343ffed7ef77.json.gz"",""status"":200}]}],""incomplete_reasons"":[]}"
https://github.com/houseabsolute/datetime.pm,archived_evidence_found,"[""head"",""tag_target_revision""]",unchecked,observed,present,0,1,
https://github.com/huandu/xstrings,archived_evidence_found,"[""snapshot""]",snapshot_found,observed,missing,1,0,"{""checked_at"":""2026-09-23T19:55:12Z"",""candidates"":[""https://github.com/huandu/xstrings"",""https://github.com/huandu/xstrings.git""],""observations"":[{""origin"":""https://github.com/huandu/xstrings"",""status"":""full"",""visit"":{""origin"":""https://github.com/huandu/xstrings"",""visit"":1615,""date"":""2026-09-23T11:49:11.859000+00:00"",""status"":""full"",""snapshot"":""be7774edd3a467d21e76f7346108ab667af8c1c0"",""type"":""git-checkout"",""metadata"":{},""origin_visit_url"":""https://archive.softwareheritage.org/api/1/origin/https://github.com/huandu/xstrings/visit/1615/"",""snapshot_url"":""https://archive.softwareheritage.org/api/1/snapshot/be7774edd3a467d21e76f7346108ab667af8c1c0/""},""evidence"":[{""url"":""https://archive.softwareheritage.org/api/1/origin/https%3A%2F%2Fgithub.com%2Fhuandu%2Fxstrings/visits/?per_page=100"",""fetched_at"":""2026-09-23T19:55:12Z"",""cache_file"":""18d124bf5b8fb3b5ac0d69eb3ee0d9c8775a82f1c283746fbf22a347489ea552.json.gz"",""status"":200}]}],""incomplete_reasons"":[]}"
https://github.com/huggingface/huggingface_hub,archived_evidence_found,"[""snapshot""]",snapshot_found,observed,missing,1,1,"{""checked_at"":""2026-09-23T19:55:12Z"",""candidates"":[""https://github.com/huggingface/huggingface_hub"",""https://github.com/huggingface/huggingface_hub.git""],""observations"":[{""origin"":""https://github.com/huggingface/huggingface_hub"",""status"":""full"",""visit"":{""origin"":""https://github.com/huggingface/huggingface_hub"",""visit"":1585,""date"":""2026-09-23T11:49:55.661000+00:00"",""status"":""full"",""snapshot"":""178a6910ed24ccb205dbb30a59049d9cdc8cbfd2"",""type"":""git-checkout"",""metadata"":{},""origin_visit_url"":""https://archive.softwareheritage.org/api/1/origin/https://github.com/huggingface/huggingface_hub/visit/1585/"",""snapshot_url"":""https://archive.softwareheritage.org/api/1/snapshot/178a6910ed24ccb205dbb30a59049d9cdc8cbfd2/""},""evidence"":[{""url"":""https://archive.softwareheritage.org/api/1/origin/https%3A%2F%2Fgithub.com%2Fhuggingface%2Fhuggingface_hub/visits/?per_page=100"",""fetched_at"":""2026-09-23T19:55:12Z"",""cache_file"":""e61b4cee3bb02e1fd04d1f6ede98cce1cdb02d2f15468ff028d7dc6a070df873.json.gz"",""status"":200}]}],""incomplete_reasons"":[]}"
https://github.com/huggingface/safetensors,archived_evidence_found,"[""snapshot""]",snapshot_found,observed,missing,1,0,"{""checked_at"":""2026-09-23T19:55:13Z"",""candidates"":[""https://github.com/huggingface/safetensors"",""https://github.com/huggingface/safetensors.git"",""https://github.com/safetensors/safetensors"",""https://github.com/safetensors/safetensors.git""],""observations"":[{""origin"":""https://github.com/huggingface/safetensors"",""status"":""full"",""visit"":{""origin"":""https://github.com/huggingface/safetensors"",""visit"":30,""date"":""2026-04-06T03:33:10.552000+00:00"",""status"":""full"",""snapshot"":""0fdf7a99331ec29bae0e31e6b4027e5e1e9669e1"",""type"":""git"",""metadata"":{},""origin_visit_url"":""https://archive.softwareheritage.org/api/1/origin/https://github.com/huggingface/safetensors/visit/30/"",""snapshot_url"":""https://archive.softwareheritage.org/api/1/snapshot/0fdf7a99331ec29bae0e31e6b4027e5e1e9669e1/""},""evidence"":[{""url"":""https://archive.softwareheritage.org/api/1/origin/https%3A%2F%2Fgithub.com%2Fhuggingface%2Fsafetensors/visits/?per_page=100"",""fetched_at"":""2026-09-23T19:55:13Z"",""cache_file"":""e75f2dd5fde601e6913f933153a8a066c36659ec0805aa22e69001d78b8dc590.json.gz"",""status"":200}]}],""incomplete_reasons"":[]}"
https://github.com/huggingface/tokenizers,archived_evidence_found,"[""snapshot""]",snapshot_found,observed,missing,1,0,"{""checked_at"":""2026-09-23T19:55:14Z"",""candidates"":[""https://github.com/huggingface/tokenizers"",""https://github.com/huggingface/tokenizers.git""],""observations"":[{""origin"":""https://github.com/huggingface/tokenizers"",""status"":""full"",""visit"":{""origin"":""https://github.com/huggingface/tokenizers"",""visit"":176,""date"":""2026-08-30T02:01:16.282000+00:00"",""status"":""full"",""snapshot"":""25a20c03958a045d517e5943e1eb4f8e218735c8"",""type"":""git"",""metadata"":{},""origin_visit_url"":""https://archive.softwareheritage.org/api/1/origin/https://github.com/huggingface/tokenizers/visit/176/"",""snapshot_url"":""https://archive.softwareheritage.org/api/1/snapshot/25a20c03958a045d517e5943e1eb4f8e218735c8/""},""evidence"":[{""url"":""https://archive.softwareheritage.org/api/1/origin/https%3A%2F%2Fgithub.com%2Fhuggingface%2Ftokenizers/visits/?per_page=100"",""fetched_at"":""2026-09-23T19:55:14Z"",""cache_file"":""a0408d6a6c771b20158be3d018a7e659c5738225143a5be2018f86770caf8bb3.json.gz"",""status"":200}]}],""incomplete_reasons"":[]}"
https://github.com/ia0/data-encoding,archived_evidence_found,"[""snapshot""]",snapshot_found,observed,missing,1,0,"{""checked_at"":""2026-09-23T19:55:14Z"",""candidates"":[""https://github.com/ia0/data-encoding"",""https://github.com/ia0/data-encoding.git""],""observations"":[{""origin"":""https://github.com/ia0/data-encoding"",""status"":""full"",""visit"":{""origin"":""https://github.com/ia0/data-encoding"",""visit"":56,""date"":""2026-05-16T02:43:22.291000+00:00"",""status"":""full"",""snapshot"":""316e9bddc3d214381f4f09a21e01e58ca667c352"",""type"":""git"",""metadata"":{},""origin_visit_url"":""https://archive.softwareheritage.org/api/1/origin/https://github.com/ia0/data-encoding/visit/56/"",""snapshot_url"":""https://archive.softwareheritage.org/api/1/snapshot/316e9bddc3d214381f4f09a21e01e58ca667c352/""},""evidence"":[{""url"":""https://archive.softwareheritage.org/api/1/origin/https%3A%2F%2Fgithub.com%2Fia0%2Fdata-encoding/visits/?per_page=100"",""fetched_at"":""2026-09-23T19:55:14Z"",""cache_file"":""8a80d11db0d8d5f13d1caf003f2528fded0eb212c9f8f64ff33ea25ebc5f4e33.json.gz"",""status"":200}]}],""incomplete_reasons"":[]}"
https://github.com/illuminate/collections,archived_evidence_found,"[""head""]",unchecked,observed,present,1,0,
https://github.com/illuminate/container,archived_evidence_found,"[""head""]",unchecked,observed,present,1,0,
https://github.com/illuminate/contracts,archived_evidence_found,"[""head""]",unchecked,observed,present,1,0,
https://github.com/illuminate/database,archived_evidence_found,"[""head""]",unchecked,observed,present,1,0,
https://github.com/illuminate/filesystem,archived_evidence_found,"[""head""]",unchecked,observed,present,1,0,
https://github.com/image-rs/weezl,archived_evidence_found,"[""snapshot""]",snapshot_found,observed,missing,1,1,"{""checked_at"":""2026-09-23T19:55:15Z"",""candidates"":[""https://github.com/image-rs/lzw"",""https://github.com/image-rs/lzw.git"",""https://github.com/image-rs/weezl"",""https://github.com/image-rs/weezl.git""],""observations"":[{""origin"":""https://github.com/image-rs/lzw"",""status"":""full"",""visit"":{""origin"":""https://github.com/image-rs/lzw"",""visit"":48,""date"":""2025-12-04T05:46:21.865000+00:00"",""status"":""full"",""snapshot"":""1886a5a638b6b780fa50fdcfd53273e82bbac9a2"",""type"":""git"",""metadata"":{},""origin_visit_url"":""https://archive.softwareheritage.org/api/1/origin/https://github.com/image-rs/lzw/visit/48/"",""snapshot_url"":""https://archive.softwareheritage.org/api/1/snapshot/1886a5a638b6b780fa50fdcfd53273e82bbac9a2/""},""evidence"":[{""url"":""https://archive.softwareheritage.org/api/1/origin/https%3A%2F%2Fgithub.com%2Fimage-rs%2Flzw/visits/?per_page=100"",""fetched_at"":""2026-09-23T19:55:15Z"",""cache_file"":""e8fefd595bd84708a4749839e8bd134383d126c933219015225ca04e971a0b9e.json.gz"",""status"":200}]}],""incomplete_reasons"":[]}"
https://github.com/imagemagick/imagemagick,archived_evidence_found,"[""snapshot""]",snapshot_found,observed,missing,1,1,"{""checked_at"":""2026-09-23T19:55:16Z"",""candidates"":[""https://github.com/ImageMagick/ImageMagick"",""https://github.com/ImageMagick/ImageMagick.git"",""https://github.com/imagemagick/imagemagick"",""https://github.com/imagemagick/imagemagick.git""],""observations"":[{""origin"":""https://github.com/ImageMagick/ImageMagick"",""status"":""full"",""visit"":{""origin"":""https://github.com/ImageMagick/ImageMagick"",""visit"":254,""date"":""2026-09-02T17:02:29.183000+00:00"",""status"":""full"",""snapshot"":""c0d0f234e26206b181cf24981c60671a659dffbc"",""type"":""git"",""metadata"":{},""origin_visit_url"":""https://archive.softwareheritage.org/api/1/origin/https://github.com/ImageMagick/ImageMagick/visit/254/"",""snapshot_url"":""https://archive.softwareheritage.org/api/1/snapshot/c0d0f234e26206b181cf24981c60671a659dffbc/""},""evidence"":[{""url"":""https://archive.softwareheritage.org/api/1/origin/https%3A%2F%2Fgithub.com%2FImageMagick%2FImageMagick/visits/?per_page=100"",""fetched_at"":""2026-09-23T19:55:15Z"",""cache_file"":""a72841998b9596a38ac2cdeb70fa0ed25fe2e93df63ba5db670925fbd8410c93.json.gz"",""status"":200}]}],""incomplete_reasons"":[]}"
https://github.com/immerjs/immer,archived_evidence_found,"[""snapshot""]",snapshot_found,observed,missing,1,0,"{""checked_at"":""2026-09-23T19:55:16Z"",""candidates"":[""https://github.com/immerjs/immer"",""https://github.com/immerjs/immer.git"",""https://github.com/mweststrate/immer"",""https://github.com/mweststrate/immer.git""],""observations"":[{""origin"":""https://github.com/immerjs/immer"",""status"":""full"",""visit"":{""origin"":""https://github.com/immerjs/immer"",""visit"":121,""date"":""2026-08-11T10:46:22.699000+00:00"",""status"":""full"",""snapshot"":""6da882b2783327fc1bf17d089cbdb63e98904a1e"",""type"":""git"",""metadata"":{},""origin_visit_url"":""https://archive.softwareheritage.org/api/1/origin/https://github.com/immerjs/immer/visit/121/"",""snapshot_url"":""https://archive.softwareheritage.org/api/1/snapshot/6da882b2783327fc1bf17d089cbdb63e98904a1e/""},""evidence"":[{""url"":""https://archive.softwareheritage.org/api/1/origin/https%3A%2F%2Fgithub.com%2Fimmerjs%2Fimmer/visits/?per_page=100"",""fetched_at"":""2026-09-23T19:55:16Z"",""cache_file"":""2d40ad4a0357e8ebf168589444a2dfcebdb2c3600a03f7a19f2adeaa12ebd803.json.gz"",""status"":200}]}],""incomplete_reasons"":[]}"
https://github.com/informatikr/hedis,archived_evidence_found,"[""snapshot""]",snapshot_found,observed,missing,1,1,"{""checked_at"":""2026-09-23T19:55:17Z"",""candidates"":[""https://github.com/informatikr/hedis"",""https://github.com/informatikr/hedis.git""],""observations"":[{""origin"":""https://github.com/informatikr/hedis"",""status"":""full"",""visit"":{""origin"":""https://github.com/informatikr/hedis"",""visit"":132,""date"":""2026-08-21T12:00:33.597000+00:00"",""status"":""full"",""snapshot"":""b37c368b19eb0c0a2dfbcaed3ec53575f2a98391"",""type"":""git"",""metadata"":{},""origin_visit_url"":""https://archive.softwareheritage.org/api/1/origin/https://github.com/informatikr/hedis/visit/132/"",""snapshot_url"":""https://archive.softwareheritage.org/api/1/snapshot/b37c368b19eb0c0a2dfbcaed3ec53575f2a98391/""},""evidence"":[{""url"":""https://archive.softwareheritage.org/api/1/origin/https%3A%2F%2Fgithub.com%2Finformatikr%2Fhedis/visits/?per_page=100"",""fetched_at"":""2026-09-23T19:55:17Z"",""cache_file"":""6516c958a5a5cdf62d9abec1cf2c6bea76dbc791934fb7acc61ad23a024bbaf7.json.gz"",""status"":200}]}],""incomplete_reasons"":[]}"
https://github.com/inspect-js/data-view-buffer,archived_evidence_found,"[""snapshot""]",snapshot_found,observed,missing,1,1,"{""checked_at"":""2026-09-23T19:55:18Z"",""candidates"":[""https://github.com/inspect-js/data-view-buffer"",""https://github.com/inspect-js/data-view-buffer.git"",""https://github.com/ljharb/data-view-buffer"",""https://github.com/ljharb/data-view-buffer.git""],""observations"":[{""origin"":""https://github.com/inspect-js/data-view-buffer"",""status"":""not_found"",""evidence"":[{""url"":""https://archive.softwareheritage.org/api/1/origin/https%3A%2F%2Fgithub.com%2Finspect-js%2Fdata-view-buffer/visits/?per_page=100"",""fetched_at"":""2026-09-23T19:55:17Z"",""cache_file"":""7fa144798cb057f399f7888f41977e7cb3bcba9fa002664f477afd70c4e2bf09.json.gz"",""status"":404}]},{""origin"":""https://github.com/inspect-js/data-view-buffer.git"",""status"":""not_found"",""evidence"":[{""url"":""https://archive.softwareheritage.org/api/1/origin/https%3A%2F%2Fgithub.com%2Finspect-js%2Fdata-view-buffer.git/visits/?per_page=100"",""fetched_at"":""2026-09-23T19:55:18Z"",""cache_file"":""b20f1b4e08bd44cc740d4cb552003c5a4d2c042983bb23e4065900b7e0307546.json.gz"",""status"":404}]},{""origin"":""https://github.com/ljharb/data-view-buffer"",""status"":""full"",""visit"":{""origin"":""https://github.com/ljharb/data-view-buffer"",""visit"":1,""date"":""2024-05-18T21:09:24.653000+00:00"",""status"":""full"",""snapshot"":""07f78a054728147a131956ab24b2b56fee112f2b"",""type"":""git"",""metadata"":{},""origin_visit_url"":""https://archive.softwareheritage.org/api/1/origin/https://github.com/ljharb/data-view-buffer/visit/1/"",""snapshot_url"":""https://archive.softwareheritage.org/api/1/snapshot/07f78a054728147a131956ab24b2b56fee112f2b/""},""evidence"":[{""url"":""https://archive.softwareheritage.org/api/1/origin/https%3A%2F%2Fgithub.com%2Fljharb%2Fdata-view-buffer/visits/?per_page=100"",""fetched_at"":""2026-09-23T19:55:18Z"",""cache_file"":""2fb63c2df4bdcb4108e425af340a8eb6509268ee8d160a67a0148123d999358f.json.gz"",""status"":200}]}],""incomplete_reasons"":[]}"
https://github.com/inspect-js/data-view-byte-length,archived_evidence_found,"[""snapshot""]",snapshot_found,observed,missing,1,1,"{""checked_at"":""2026-09-23T19:55:20Z"",""candidates"":[""https://github.com/inspect-js/data-view-byte-length"",""https://github.com/inspect-js/data-view-byte-length.git"",""https://github.com/ljharb/data-view-byte-length"",""https://github.com/ljharb/data-view-byte-length.git""],""observations"":[{""origin"":""https://github.com/inspect-js/data-view-byte-length"",""status"":""not_found"",""evidence"":[{""url"":""https://archive.softwareheritage.org/api/1/origin/https%3A%2F%2Fgithub.com%2Finspect-js%2Fdata-view-byte-length/visits/?per_page=100"",""fetched_at"":""2026-09-23T19:55:19Z"",""cache_file"":""0736490186bc347c08cb5dcda1b3126b9c310505bcc509c36ebcdfcab4b5b5c8.json.gz"",""status"":404}]},{""origin"":""https://github.com/inspect-js/data-view-byte-length.git"",""status"":""not_found"",""evidence"":[{""url"":""https://archive.softwareheritage.org/api/1/origin/https%3A%2F%2Fgithub.com%2Finspect-js%2Fdata-view-byte-length.git/visits/?per_page=100"",""fetched_at"":""2026-09-23T19:55:19Z"",""cache_file"":""7dd0ee0983aafdb4c607aec5b24409c320e3bd7c5146a929e73d2be7612360d4.json.gz"",""status"":404}]},{""origin"":""https://github.com/ljharb/data-view-byte-length"",""status"":""full"",""visit"":{""origin"":""https://github.com/ljharb/data-view-byte-length"",""visit"":1,""date"":""2024-05-17T21:03:45.769000+00:00"",""status"":""full"",""snapshot"":""a599e1772e9406b750751435d5db800b7665fce7"",""type"":""git"",""metadata"":{},""origin_visit_url"":""https://archive.softwareheritage.org/api/1/origin/https://github.com/ljharb/data-view-byte-length/visit/1/"",""snapshot_url"":""https://archive.softwareheritage.org/api/1/snapshot/a599e1772e9406b750751435d5db800b7665fce7/""},""evidence"":[{""url"":""https://archive.softwareheritage.org/api/1/origin/https%3A%2F%2Fgithub.com%2Fljharb%2Fdata-view-byte-length/visits/?per_page=100"",""fetched_at"":""2026-09-23T19:55:20Z"",""cache_file"":""fd872f0bbf669e041f966831ccb2bb9cc91155dbea99ee6b11af87298542e751.json.gz"",""status"":200}]}],""incomplete_reasons"":[]}"
https://github.com/inspect-js/data-view-byte-offset,archived_evidence_found,"[""snapshot""]",snapshot_found,observed,missing,1,1,"{""checked_at"":""2026-09-23T19:55:21Z"",""candidates"":[""https://github.com/inspect-js/data-view-byte-offset"",""https://github.com/inspect-js/data-view-byte-offset.git"",""https://github.com/ljharb/data-view-byte-offset"",""https://github.com/ljharb/data-view-byte-offset.git""],""observations"":[{""origin"":""https://github.com/inspect-js/data-view-byte-offset"",""status"":""not_found"",""evidence"":[{""url"":""https://archive.softwareheritage.org/api/1/origin/https%3A%2F%2Fgithub.com%2Finspect-js%2Fdata-view-byte-offset/visits/?per_page=100"",""fetched_at"":""2026-09-23T19:55:20Z"",""cache_file"":""4454492a857dd86ef84b1081d17b0b2ea48e8bb63ae4f2744d09e9834cf2e9d4.json.gz"",""status"":404}]},{""origin"":""https://github.com/inspect-js/data-view-byte-offset.git"",""status"":""not_found"",""evidence"":[{""url"":""https://archive.softwareheritage.org/api/1/origin/https%3A%2F%2Fgithub.com%2Finspect-js%2Fdata-view-byte-offset.git/visits/?per_page=100"",""fetched_at"":""2026-09-23T19:55:21Z"",""cache_file"":""2673ab2c9b0fef7a4ca20b576e7feb58d8bb9f3c18111e4e0fb47178841e7823.json.gz"",""status"":404}]},{""origin"":""https://github.com/ljharb/data-view-byte-offset"",""status"":""full"",""visit"":{""origin"":""https://github.com/ljharb/data-view-byte-offset"",""visit"":1,""date"":""2024-05-17T07:40:44.781000+00:00"",""status"":""full"",""snapshot"":""8c2a306655b4f5b5e5db6fb9920b7dc715f085e9"",""type"":""git"",""metadata"":{},""origin_visit_url"":""https://archive.softwareheritage.org/api/1/origin/https://github.com/ljharb/data-view-byte-offset/visit/1/"",""snapshot_url"":""https://archive.softwareheritage.org/api/1/snapshot/8c2a306655b4f5b5e5db6fb9920b7dc715f085e9/""},""evidence"":[{""url"":""https://archive.softwareheritage.org/api/1/origin/https%3A%2F%2Fgithub.com%2Fljharb%2Fdata-view-byte-offset/visits/?per_page=100"",""fetched_at"":""2026-09-23T19:55:21Z"",""cache_file"":""707ccecb935e89334dd1ca3008b3ca1b189b662298f68c09373bad773f0e3f5f.json.gz"",""status"":200}]}],""incomplete_reasons"":[]}"
https://github.com/inspect-js/is-core-module,archived_evidence_found,"[""snapshot""]",snapshot_found,observed,missing,1,1,"{""checked_at"":""2026-09-23T19:55:22Z"",""candidates"":[""https://github.com/inspect-js/is-core-module"",""https://github.com/inspect-js/is-core-module.git"",""https://github.com/meandavejustice/is-core-module"",""https://github.com/meandavejustice/is-core-module.git""],""observations"":[{""origin"":""https://github.com/inspect-js/is-core-module"",""status"":""full"",""visit"":{""origin"":""https://github.com/inspect-js/is-core-module"",""visit"":25,""date"":""2026-06-09T04:27:34.887000+00:00"",""status"":""full"",""snapshot"":""eeaf11acd89ccf7c45704e1e9edd488fe2ce8437"",""type"":""git"",""metadata"":{},""origin_visit_url"":""https://archive.softwareheritage.org/api/1/origin/https://github.com/inspect-js/is-core-module/visit/25/"",""snapshot_url"":""https://archive.softwareheritage.org/api/1/snapshot/eeaf11acd89ccf7c45704e1e9edd488fe2ce8437/""},""evidence"":[{""url"":""https://archive.softwareheritage.org/api/1/origin/https%3A%2F%2Fgithub.com%2Finspect-js%2Fis-core-module/visits/?per_page=100"",""fetched_at"":""2026-09-23T19:55:22Z"",""cache_file"":""3b6b7a6bbafa8d48e8c79a2b609478f68b6140002f7e99c47e8b83cd9af5b3b3.json.gz"",""status"":200}]}],""incomplete_reasons"":[]}"
https://github.com/inspect-js/is-data-view,no_snapshot_at_checked_origins,[],origin_not_found,observed,missing,1,1,"{""checked_at"":""2026-09-23T19:55:23Z"",""candidates"":[""https://github.com/inspect-js/is-data-view"",""https://github.com/inspect-js/is-data-view.git""],""observations"":[{""origin"":""https://github.com/inspect-js/is-data-view"",""status"":""not_found"",""evidence"":[{""url"":""https://archive.softwareheritage.org/api/1/origin/https%3A%2F%2Fgithub.com%2Finspect-js%2Fis-data-view/visits/?per_page=100"",""fetched_at"":""2026-09-23T19:55:22Z"",""cache_file"":""45d57be1704b4ec2479ed8ff9ffd3cf138178e073dc27ea900f04ccd7fba42c1.json.gz"",""status"":404}]},{""origin"":""https://github.com/inspect-js/is-data-view.git"",""status"":""not_found"",""evidence"":[{""url"":""https://archive.softwareheritage.org/api/1/origin/https%3A%2F%2Fgithub.com%2Finspect-js%2Fis-data-view.git/visits/?per_page=100"",""fetched_at"":""2026-09-23T19:55:23Z"",""cache_file"":""043a593a4e0d937d93491298a712efe670846bfc6f4bb58c60f9f10a254d4019.json.gz"",""status"":404}]}],""incomplete_reasons"":[]}"
https://github.com/inspect-js/typed-array-byte-offset,archived_evidence_found,"[""snapshot""]",snapshot_found,observed,missing,1,1,"{""checked_at"":""2026-09-23T19:55:23Z"",""candidates"":[""https://github.com/inspect-js/typed-array-byte-offset"",""https://github.com/inspect-js/typed-array-byte-offset.git""],""observations"":[{""origin"":""https://github.com/inspect-js/typed-array-byte-offset"",""status"":""full"",""visit"":{""origin"":""https://github.com/inspect-js/typed-array-byte-offset"",""visit"":3,""date"":""2024-12-27T05:49:59.048000+00:00"",""status"":""full"",""snapshot"":""12ec08cc8ce057ab0c9d62fdb925ff9e4ca5b358"",""type"":""git"",""metadata"":{},""origin_visit_url"":""https://archive.softwareheritage.org/api/1/origin/https://github.com/inspect-js/typed-array-byte-offset/visit/3/"",""snapshot_url"":""https://archive.softwareheritage.org/api/1/snapshot/12ec08cc8ce057ab0c9d62fdb925ff9e4ca5b358/""},""evidence"":[{""url"":""https://archive.softwareheritage.org/api/1/origin/https%3A%2F%2Fgithub.com%2Finspect-js%2Ftyped-array-byte-offset/visits/?per_page=100"",""fetched_at"":""2026-09-23T19:55:23Z"",""cache_file"":""27b253f8b73ca44b36a75baac108d0f42bce514b32d5e330e1ebe0f53d9b8a50.json.gz"",""status"":200}]}],""incomplete_reasons"":[]}"
https://github.com/inspect-js/which-typed-array,archived_evidence_found,"[""snapshot""]",snapshot_found,observed,missing,1,1,"{""checked_at"":""2026-09-23T19:55:24Z"",""candidates"":[""https://github.com/inspect-js/which-typed-array"",""https://github.com/inspect-js/which-typed-array.git"",""https://github.com/ljharb/which-typed-array"",""https://github.com/ljharb/which-typed-array.git""],""observations"":[{""origin"":""https://github.com/inspect-js/which-typed-array"",""status"":""full"",""visit"":{""origin"":""https://github.com/inspect-js/which-typed-array"",""visit"":64,""date"":""2026-06-17T04:17:37.405000+00:00"",""status"":""full"",""snapshot"":""77a7cd34c696dd1d5a7efa12d956e15ab4974bd6"",""type"":""git"",""metadata"":{},""origin_visit_url"":""https://archive.softwareheritage.org/api/1/origin/https://github.com/inspect-js/which-typed-array/visit/64/"",""snapshot_url"":""https://archive.softwareheritage.org/api/1/snapshot/77a7cd34c696dd1d5a7efa12d956e15ab4974bd6/""},""evidence"":[{""url"":""https://archive.softwareheritage.org/api/1/origin/https%3A%2F%2Fgithub.com%2Finspect-js%2Fwhich-typed-array/visits/?per_page=100"",""fetched_at"":""2026-09-23T19:55:24Z"",""cache_file"":""6349a6e15d039b5720ce8c12f8b0a1062662e8898fdeeee34ad136bb0328a41d.json.gz"",""status"":200}]}],""incomplete_reasons"":[]}"
https://github.com/intervention/image,archived_evidence_found,"[""snapshot""]",snapshot_found,observed,missing,1,0,"{""checked_at"":""2026-09-23T19:55:24Z"",""candidates"":[""https://github.com/Intervention/image"",""https://github.com/Intervention/image.git"",""https://github.com/intervention/image"",""https://github.com/intervention/image.git""],""observations"":[{""origin"":""https://github.com/Intervention/image"",""status"":""full"",""visit"":{""origin"":""https://github.com/Intervention/image"",""visit"":154,""date"":""2026-08-14T22:13:48.789000+00:00"",""status"":""full"",""snapshot"":""457b75669a1e5cbfcee84b41829530afa0a6ef31"",""type"":""git"",""metadata"":{},""origin_visit_url"":""https://archive.softwareheritage.org/api/1/origin/https://github.com/Intervention/image/visit/154/"",""snapshot_url"":""https://archive.softwareheritage.org/api/1/snapshot/457b75669a1e5cbfcee84b41829530afa0a6ef31/""},""evidence"":[{""url"":""https://archive.softwareheritage.org/api/1/origin/https%3A%2F%2Fgithub.com%2FIntervention%2Fimage/visits/?per_page=100"",""fetched_at"":""2026-09-23T19:55:24Z"",""cache_file"":""d71785c869e599e4cb33b199eab78529ec2207aa29eae7d1d2b41de6e8e6b358.json.gz"",""status"":200}]}],""incomplete_reasons"":[]}"
https://github.com/ipython/ipython,archived_evidence_found,"[""snapshot"",""tag_target_revision"",""annotated_release""]",snapshot_found,observed,missing,1,1,"{""checked_at"":""2026-09-24T08:42:24Z"",""candidates"":[""https://github.com/ipython/ipython"",""https://github.com/ipython/ipython.git""],""observations"":[{""origin"":""https://github.com/ipython/ipython"",""status"":""full"",""visit"":{""origin"":""https://github.com/ipython/ipython"",""visit"":1225,""date"":""2026-09-23T23:59:09.984000+00:00"",""status"":""full"",""snapshot"":""9e762d7190d63ed81831f5c165a80eb9af52c2ab"",""type"":""git-checkout"",""metadata"":{},""origin_visit_url"":""https://archive.softwareheritage.org/api/1/origin/https://github.com/ipython/ipython/visit/1225/"",""snapshot_url"":""https://archive.softwareheritage.org/api/1/snapshot/9e762d7190d63ed81831f5c165a80eb9af52c2ab/""},""evidence"":[{""url"":""https://archive.softwareheritage.org/api/1/origin/https%3A%2F%2Fgithub.com%2Fipython%2Fipython/visits/?per_page=100"",""fetched_at"":""2026-09-24T08:42:24Z"",""cache_file"":""2cba4500352ea3858fd11bd18aa0485a8421de38f2fe71a5d48ea3becdde4958.json.gz"",""status"":200}]}],""incomplete_reasons"":[]}"
https://github.com/isaacs/node-lru-cache,archived_evidence_found,"[""snapshot""]",snapshot_found,observed,missing,1,1,"{""checked_at"":""2026-09-23T19:55:25Z"",""candidates"":[""https://github.com/isaacs/node-lru-cache"",""https://github.com/isaacs/node-lru-cache.git""],""observations"":[{""origin"":""https://github.com/isaacs/node-lru-cache"",""status"":""full"",""visit"":{""origin"":""https://github.com/isaacs/node-lru-cache"",""visit"":603,""date"":""2026-09-23T12:20:27.730000+00:00"",""status"":""full"",""snapshot"":""f84a0ed07030a754ff90b2fed66a4e6b3abff2cc"",""type"":""git-checkout"",""metadata"":{},""origin_visit_url"":""https://archive.softwareheritage.org/api/1/origin/https://github.com/isaacs/node-lru-cache/visit/603/"",""snapshot_url"":""https://archive.softwareheritage.org/api/1/snapshot/f84a0ed07030a754ff90b2fed66a4e6b3abff2cc/""},""evidence"":[{""url"":""https://archive.softwareheritage.org/api/1/origin/https%3A%2F%2Fgithub.com%2Fisaacs%2Fnode-lru-cache/visits/?per_page=100"",""fetched_at"":""2026-09-23T19:55:25Z"",""cache_file"":""e3c9b3d10f59c8e8761d00548179ddaf6f823079222019412444a7555f3e13d0.json.gz"",""status"":200}]}],""incomplete_reasons"":[]}"
https://github.com/isaacs/sax-js,archived_evidence_found,"[""snapshot""]",snapshot_found,observed,missing,1,1,"{""checked_at"":""2026-09-23T19:55:25Z"",""candidates"":[""https://github.com/isaacs/sax-js"",""https://github.com/isaacs/sax-js.git""],""observations"":[{""origin"":""https://github.com/isaacs/sax-js"",""status"":""full"",""visit"":{""origin"":""https://github.com/isaacs/sax-js"",""visit"":111,""date"":""2026-07-23T11:59:46.530000+00:00"",""status"":""full"",""snapshot"":""8e7622dd0393cac16ea995051ff352d461703c58"",""type"":""git"",""metadata"":{},""origin_visit_url"":""https://archive.softwareheritage.org/api/1/origin/https://github.com/isaacs/sax-js/visit/111/"",""snapshot_url"":""https://archive.softwareheritage.org/api/1/snapshot/8e7622dd0393cac16ea995051ff352d461703c58/""},""evidence"":[{""url"":""https://archive.softwareheritage.org/api/1/origin/https%3A%2F%2Fgithub.com%2Fisaacs%2Fsax-js/visits/?per_page=100"",""fetched_at"":""2026-09-23T19:55:25Z"",""cache_file"":""2c929b55462a74a37bfe6242ea0d2a4fc14f3281bed1d67f924b283d307dc19d.json.gz"",""status"":200}]}],""incomplete_reasons"":[]}"
https://github.com/janko/image_processing,archived_evidence_found,"[""snapshot""]",snapshot_found,observed,missing,1,1,"{""checked_at"":""2026-09-23T19:55:26Z"",""candidates"":[""https://github.com/janko/image_processing"",""https://github.com/janko/image_processing.git""],""observations"":[{""origin"":""https://github.com/janko/image_processing"",""status"":""full"",""visit"":{""origin"":""https://github.com/janko/image_processing"",""visit"":47,""date"":""2026-08-12T23:45:24.067000+00:00"",""status"":""full"",""snapshot"":""5c41eaf0c20278aa3e0c3e3f44bde90604460275"",""type"":""git"",""metadata"":{},""origin_visit_url"":""https://archive.softwareheritage.org/api/1/origin/https://github.com/janko/image_processing/visit/47/"",""snapshot_url"":""https://archive.softwareheritage.org/api/1/snapshot/5c41eaf0c20278aa3e0c3e3f44bde90604460275/""},""evidence"":[{""url"":""https://archive.softwareheritage.org/api/1/origin/https%3A%2F%2Fgithub.com%2Fjanko%2Fimage_processing/visits/?per_page=100"",""fetched_at"":""2026-09-23T19:55:26Z"",""cache_file"":""c6bbcc4f766965dd25c31f30ee284d38b4110bf18625cc1d174493bcd3e65efe.json.gz"",""status"":200}]}],""incomplete_reasons"":[]}"
https://github.com/janlelis/unicode-display_width,archived_evidence_found,"[""snapshot""]",snapshot_found,observed,missing,1,0,"{""checked_at"":""2026-09-23T19:55:27Z"",""candidates"":[""https://github.com/janlelis/unicode-display_width"",""https://github.com/janlelis/unicode-display_width.git""],""observations"":[{""origin"":""https://github.com/janlelis/unicode-display_width"",""status"":""full"",""visit"":{""origin"":""https://github.com/janlelis/unicode-display_width"",""visit"":79,""date"":""2026-09-14T00:26:54.136000+00:00"",""status"":""full"",""snapshot"":""0300b97bda0e2d74d5a08d153c241af8bb76dae4"",""type"":""git"",""metadata"":{},""origin_visit_url"":""https://archive.softwareheritage.org/api/1/origin/https://github.com/janlelis/unicode-display_width/visit/79/"",""snapshot_url"":""https://archive.softwareheritage.org/api/1/snapshot/0300b97bda0e2d74d5a08d153c241af8bb76dae4/""},""evidence"":[{""url"":""https://archive.softwareheritage.org/api/1/origin/https%3A%2F%2Fgithub.com%2Fjanlelis%2Funicode-display_width/visits/?per_page=100"",""fetched_at"":""2026-09-23T19:55:27Z"",""cache_file"":""fdd368fa0fbde7e1ca5efc3a70072dbe1f964ecc000b9c7457185417e632e34e.json.gz"",""status"":200}]}],""incomplete_reasons"":[]}"
https://github.com/javan/whenever,archived_evidence_found,"[""snapshot""]",snapshot_found,observed,missing,1,1,"{""checked_at"":""2026-09-23T19:55:27Z"",""candidates"":[""https://github.com/javan/whenever"",""https://github.com/javan/whenever.git""],""observations"":[{""origin"":""https://github.com/javan/whenever"",""status"":""full"",""visit"":{""origin"":""https://github.com/javan/whenever"",""visit"":107,""date"":""2026-09-07T05:56:29.420000+00:00"",""status"":""full"",""snapshot"":""c4dc04ef21965a4d492f2bbc994a77cfb9fff964"",""type"":""git"",""metadata"":{},""origin_visit_url"":""https://archive.softwareheritage.org/api/1/origin/https://github.com/javan/whenever/visit/107/"",""snapshot_url"":""https://archive.softwareheritage.org/api/1/snapshot/c4dc04ef21965a4d492f2bbc994a77cfb9fff964/""},""evidence"":[{""url"":""https://archive.softwareheritage.org/api/1/origin/https%3A%2F%2Fgithub.com%2Fjavan%2Fwhenever/visits/?per_page=100"",""fetched_at"":""2026-09-23T19:55:27Z"",""cache_file"":""3134c35e8df8757aa523aa6ad287ffdb1fe1566911368dea55c0fd66840d65a7.json.gz"",""status"":200}]}],""incomplete_reasons"":[]}"
https://github.com/jcranch/cond,no_snapshot_at_checked_origins,[],origin_not_found,observed,missing,1,0,"{""checked_at"":""2026-09-23T19:55:28Z"",""candidates"":[""https://github.com/jcranch/cond"",""https://github.com/jcranch/cond.git""],""observations"":[{""origin"":""https://github.com/jcranch/cond"",""status"":""not_found"",""evidence"":[{""url"":""https://archive.softwareheritage.org/api/1/origin/https%3A%2F%2Fgithub.com%2Fjcranch%2Fcond/visits/?per_page=100"",""fetched_at"":""2026-09-23T19:55:28Z"",""cache_file"":""ab69dd0188867dae5df7f44d1198a7a2b8e76bc16dc4cf38c56c5e31da9aff2c.json.gz"",""status"":404}]},{""origin"":""https://github.com/jcranch/cond.git"",""status"":""not_found"",""evidence"":[{""url"":""https://archive.softwareheritage.org/api/1/origin/https%3A%2F%2Fgithub.com%2Fjcranch%2Fcond.git/visits/?per_page=100"",""fetched_at"":""2026-09-23T19:55:28Z"",""cache_file"":""07303fa4f497c1b93dc3e032cc6701f972376c7c426d44e5ef0e48dbb34942c9.json.gz"",""status"":404}]}],""incomplete_reasons"":[]}"
https://github.com/jeremyevans/sequel,archived_evidence_found,"[""snapshot"",""tag_target_revision""]",snapshot_found,observed,missing,0,1,"{""checked_at"":""2026-09-24T08:42:35Z"",""candidates"":[""https://github.com/jeremyevans/sequel"",""https://github.com/jeremyevans/sequel.git""],""observations"":[{""origin"":""https://github.com/jeremyevans/sequel"",""status"":""full"",""visit"":{""origin"":""https://github.com/jeremyevans/sequel"",""visit"":184,""date"":""2026-08-16T21:40:23.730000+00:00"",""status"":""full"",""snapshot"":""916a30413aebf06e993db7108a99a49b00dba58e"",""type"":""git"",""metadata"":{},""origin_visit_url"":""https://archive.softwareheritage.org/api/1/origin/https://github.com/jeremyevans/sequel/visit/184/"",""snapshot_url"":""https://archive.softwareheritage.org/api/1/snapshot/916a30413aebf06e993db7108a99a49b00dba58e/""},""evidence"":[{""url"":""https://archive.softwareheritage.org/api/1/origin/https%3A%2F%2Fgithub.com%2Fjeremyevans%2Fsequel/visits/?per_page=100"",""fetched_at"":""2026-09-24T08:42:35Z"",""cache_file"":""4a1e78f8c920b7d45f917d8a0e0541f0c23ecb4511292519b7a491a5d0504071.json.gz"",""status"":200}]}],""incomplete_reasons"":[]}"
https://github.com/jeremyevans/tilt,archived_evidence_found,"[""snapshot""]",snapshot_found,observed,missing,1,1,"{""checked_at"":""2026-09-23T19:55:29Z"",""candidates"":[""https://github.com/jeremyevans/tilt"",""https://github.com/jeremyevans/tilt.git""],""observations"":[{""origin"":""https://github.com/jeremyevans/tilt"",""status"":""full"",""visit"":{""origin"":""https://github.com/jeremyevans/tilt"",""visit"":689,""date"":""2026-09-23T11:56:52.346000+00:00"",""status"":""full"",""snapshot"":""eaab98857f4a30bb9a5a35fe3badb805bcfb5e8c"",""type"":""git-checkout"",""metadata"":{},""origin_visit_url"":""https://archive.softwareheritage.org/api/1/origin/https://github.com/jeremyevans/tilt/visit/689/"",""snapshot_url"":""https://archive.softwareheritage.org/api/1/snapshot/eaab98857f4a30bb9a5a35fe3badb805bcfb5e8c/""},""evidence"":[{""url"":""https://archive.softwareheritage.org/api/1/origin/https%3A%2F%2Fgithub.com%2Fjeremyevans%2Ftilt/visits/?per_page=100"",""fetched_at"":""2026-09-23T19:55:29Z"",""cache_file"":""02082f3f6a8448a8a53e8823583bf019cd0e7ab7dc920536ae7fb22af7f11b54.json.gz"",""status"":200}]}],""incomplete_reasons"":[]}"
https://github.com/jeremyjh/dialyxir,archived_evidence_found,"[""snapshot""]",snapshot_found,observed,missing,1,0,"{""checked_at"":""2026-09-23T19:55:30Z"",""candidates"":[""https://github.com/jeremyjh/dialyxir"",""https://github.com/jeremyjh/dialyxir.git""],""observations"":[{""origin"":""https://github.com/jeremyjh/dialyxir"",""status"":""full"",""visit"":{""origin"":""https://github.com/jeremyjh/dialyxir"",""visit"":173,""date"":""2026-09-02T22:48:05.042000+00:00"",""status"":""full"",""snapshot"":""9403cd61553bbd7d6600e031b5b489f21f8d0ddc"",""type"":""git"",""metadata"":{},""origin_visit_url"":""https://archive.softwareheritage.org/api/1/origin/https://github.com/jeremyjh/dialyxir/visit/173/"",""snapshot_url"":""https://archive.softwareheritage.org/api/1/snapshot/9403cd61553bbd7d6600e031b5b489f21f8d0ddc/""},""evidence"":[{""url"":""https://archive.softwareheritage.org/api/1/origin/https%3A%2F%2Fgithub.com%2Fjeremyjh%2Fdialyxir/visits/?per_page=100"",""fetched_at"":""2026-09-23T19:55:30Z"",""cache_file"":""1e123fb80a8764a1c3a85ec2e16d2a4bd86b15aa5081ec6cc75886decdef493d.json.gz"",""status"":200}]}],""incomplete_reasons"":[]}"
https://github.com/jeromefroe/lru-rs,archived_evidence_found,"[""snapshot""]",snapshot_found,observed,missing,1,1,"{""checked_at"":""2026-09-23T19:55:30Z"",""candidates"":[""https://github.com/jeromefroe/lru-rs"",""https://github.com/jeromefroe/lru-rs.git""],""observations"":[{""origin"":""https://github.com/jeromefroe/lru-rs"",""status"":""full"",""visit"":{""origin"":""https://github.com/jeromefroe/lru-rs"",""visit"":41,""date"":""2026-09-14T19:31:16.462000+00:00"",""status"":""full"",""snapshot"":""89cd5b51f01e22f0e87c4fd13aaca769cc1bb9d1"",""type"":""git"",""metadata"":{},""origin_visit_url"":""https://archive.softwareheritage.org/api/1/origin/https://github.com/jeromefroe/lru-rs/visit/41/"",""snapshot_url"":""https://archive.softwareheritage.org/api/1/snapshot/89cd5b51f01e22f0e87c4fd13aaca769cc1bb9d1/""},""evidence"":[{""url"":""https://archive.softwareheritage.org/api/1/origin/https%3A%2F%2Fgithub.com%2Fjeromefroe%2Flru-rs/visits/?per_page=100"",""fetched_at"":""2026-09-23T19:55:30Z"",""cache_file"":""cd68f399eebf6b19b206049b004f0998e7227593f77627306fc153f5acaa8741.json.gz"",""status"":200}]}],""incomplete_reasons"":[]}"
https://github.com/jestjs/jest,archived_evidence_found,"[""snapshot"",""tag_target_revision"",""annotated_release""]",snapshot_found,observed,missing,1,1,"{""checked_at"":""2026-09-24T08:42:38Z"",""candidates"":[""https://github.com/facebook/jest"",""https://github.com/facebook/jest.git"",""https://github.com/jestjs/jest"",""https://github.com/jestjs/jest.git""],""observations"":[{""origin"":""https://github.com/facebook/jest"",""status"":""full"",""visit"":{""origin"":""https://github.com/facebook/jest"",""visit"":202,""date"":""2026-09-08T15:35:36.840000+00:00"",""status"":""full"",""snapshot"":""38f713a3b27a6aa0bc36f7317c99c8aeb146b45e"",""type"":""git"",""metadata"":{},""origin_visit_url"":""https://archive.softwareheritage.org/api/1/origin/https://github.com/facebook/jest/visit/202/"",""snapshot_url"":""https://archive.softwareheritage.org/api/1/snapshot/38f713a3b27a6aa0bc36f7317c99c8aeb146b45e/""},""evidence"":[{""url"":""https://archive.softwareheritage.org/api/1/origin/https%3A%2F%2Fgithub.com%2Ffacebook%2Fjest/visits/?per_page=100"",""fetched_at"":""2026-09-24T08:40:08Z"",""cache_file"":""1682c0c3de92e9c9963b546d2dedddb98f5af9b1fb32fb39e18cae62604bbd37.json.gz"",""status"":200}]}],""incomplete_reasons"":[]}"
https://github.com/jgm/texmath,archived_evidence_found,"[""snapshot""]",snapshot_found,observed,missing,1,0,"{""checked_at"":""2026-09-23T19:55:31Z"",""candidates"":[""https://github.com/jgm/texmath"",""https://github.com/jgm/texmath.git""],""observations"":[{""origin"":""https://github.com/jgm/texmath"",""status"":""full"",""visit"":{""origin"":""https://github.com/jgm/texmath"",""visit"":162,""date"":""2026-09-03T19:30:51.080000+00:00"",""status"":""full"",""snapshot"":""fe9a8c125e82826bfa0224c5d79ff022aa162f99"",""type"":""git"",""metadata"":{},""origin_visit_url"":""https://archive.softwareheritage.org/api/1/origin/https://github.com/jgm/texmath/visit/162/"",""snapshot_url"":""https://archive.softwareheritage.org/api/1/snapshot/fe9a8c125e82826bfa0224c5d79ff022aa162f99/""},""evidence"":[{""url"":""https://archive.softwareheritage.org/api/1/origin/https%3A%2F%2Fgithub.com%2Fjgm%2Ftexmath/visits/?per_page=100"",""fetched_at"":""2026-09-23T19:55:31Z"",""cache_file"":""13245cbc82f976429b92c567deea66c099dc88cbc587376f740c9e17f41ea611.json.gz"",""status"":200}]}],""incomplete_reasons"":[]}"
https://github.com/jhpratt/num-conv,no_snapshot_at_checked_origins,[],origin_not_found,observed,missing,1,0,"{""checked_at"":""2026-09-23T19:55:32Z"",""candidates"":[""https://github.com/jhpratt/num-conv"",""https://github.com/jhpratt/num-conv.git""],""observations"":[{""origin"":""https://github.com/jhpratt/num-conv"",""status"":""not_found"",""evidence"":[{""url"":""https://archive.softwareheritage.org/api/1/origin/https%3A%2F%2Fgithub.com%2Fjhpratt%2Fnum-conv/visits/?per_page=100"",""fetched_at"":""2026-09-23T19:55:31Z"",""cache_file"":""8b3a05f74978415d83ba827721e01ed9dede3c07f465e1e3017823043a0f30db.json.gz"",""status"":404}]},{""origin"":""https://github.com/jhpratt/num-conv.git"",""status"":""not_found"",""evidence"":[{""url"":""https://archive.softwareheritage.org/api/1/origin/https%3A%2F%2Fgithub.com%2Fjhpratt%2Fnum-conv.git/visits/?per_page=100"",""fetched_at"":""2026-09-23T19:55:32Z"",""cache_file"":""80c9de48617a014f5e6ba6de306ab6d1d6cdbb3991c8e47052fe758498be57b2.json.gz"",""status"":404}]}],""incomplete_reasons"":[]}"
https://github.com/jhurliman/node-rate-limiter,archived_evidence_found,"[""snapshot""]",snapshot_found,observed,missing,1,0,"{""checked_at"":""2026-09-23T19:55:32Z"",""candidates"":[""https://github.com/jhurliman/node-rate-limiter"",""https://github.com/jhurliman/node-rate-limiter.git""],""observations"":[{""origin"":""https://github.com/jhurliman/node-rate-limiter"",""status"":""full"",""visit"":{""origin"":""https://github.com/jhurliman/node-rate-limiter"",""visit"":58,""date"":""2026-08-21T02:01:42.805000+00:00"",""status"":""full"",""snapshot"":""9bf610fb040a388ee31f355ff21d6b6bc703c3cc"",""type"":""git"",""metadata"":{},""origin_visit_url"":""https://archive.softwareheritage.org/api/1/origin/https://github.com/jhurliman/node-rate-limiter/visit/58/"",""snapshot_url"":""https://archive.softwareheritage.org/api/1/snapshot/9bf610fb040a388ee31f355ff21d6b6bc703c3cc/""},""evidence"":[{""url"":""https://archive.softwareheritage.org/api/1/origin/https%3A%2F%2Fgithub.com%2Fjhurliman%2Fnode-rate-limiter/visits/?per_page=100"",""fetched_at"":""2026-09-23T19:55:32Z"",""cache_file"":""01d9fd7323bc08626fa74582284525ee4fdd7b23de2c9b6690517651f2d67de5.json.gz"",""status"":200}]}],""incomplete_reasons"":[]}"
https://github.com/joblib/threadpoolctl,archived_evidence_found,"[""snapshot"",""tag_target_revision"",""annotated_release""]",snapshot_found,observed,missing,1,1,"{""checked_at"":""2026-09-24T08:42:45Z"",""candidates"":[""https://github.com/joblib/threadpoolctl"",""https://github.com/joblib/threadpoolctl.git""],""observations"":[{""origin"":""https://github.com/joblib/threadpoolctl"",""status"":""full"",""visit"":{""origin"":""https://github.com/joblib/threadpoolctl"",""visit"":352,""date"":""2026-09-24T00:47:34.748000+00:00"",""status"":""full"",""snapshot"":""a10f4f80a4c2ca96e5159f22b69ce4860fd87106"",""type"":""git-checkout"",""metadata"":{},""origin_visit_url"":""https://archive.softwareheritage.org/api/1/origin/https://github.com/joblib/threadpoolctl/visit/352/"",""snapshot_url"":""https://archive.softwareheritage.org/api/1/snapshot/a10f4f80a4c2ca96e5159f22b69ce4860fd87106/""},""evidence"":[{""url"":""https://archive.softwareheritage.org/api/1/origin/https%3A%2F%2Fgithub.com%2Fjoblib%2Fthreadpoolctl/visits/?per_page=100"",""fetched_at"":""2026-09-24T08:42:45Z"",""cache_file"":""500ef2959fbabd08c648a4b233210b641e9e1cda2a59129f104361bc4137bfda.json.gz"",""status"":200}]}],""incomplete_reasons"":[]}"
https://github.com/jodaorg/joda-time,archived_evidence_found,"[""snapshot""]",snapshot_found,observed,missing,1,0,"{""checked_at"":""2026-09-23T19:55:33Z"",""candidates"":[""https://github.com/JodaOrg/joda-time"",""https://github.com/JodaOrg/joda-time.git"",""https://github.com/jodaorg/joda-time"",""https://github.com/jodaorg/joda-time.git""],""observations"":[{""origin"":""https://github.com/JodaOrg/joda-time"",""status"":""full"",""visit"":{""origin"":""https://github.com/JodaOrg/joda-time"",""visit"":190,""date"":""2026-08-26T03:12:28.829000+00:00"",""status"":""full"",""snapshot"":""4213cf139a92b0298c2f7d9cd426c4260db6c1a6"",""type"":""git"",""metadata"":{},""origin_visit_url"":""https://archive.softwareheritage.org/api/1/origin/https://github.com/JodaOrg/joda-time/visit/190/"",""snapshot_url"":""https://archive.softwareheritage.org/api/1/snapshot/4213cf139a92b0298c2f7d9cd426c4260db6c1a6/""},""evidence"":[{""url"":""https://archive.softwareheritage.org/api/1/origin/https%3A%2F%2Fgithub.com%2FJodaOrg%2Fjoda-time/visits/?per_page=100"",""fetched_at"":""2026-09-23T19:55:33Z"",""cache_file"":""3bc7e0da637d792d46c0ca66da00e85c313d6e0c1e0ecaff110cb028619394e0.json.gz"",""status"":200}]}],""incomplete_reasons"":[]}"
https://github.com/jolokia/jolokia,archived_evidence_found,"[""snapshot""]",snapshot_found,observed,missing,1,1,"{""checked_at"":""2026-09-23T19:55:34Z"",""candidates"":[""https://github.com/jolokia/jolokia"",""https://github.com/jolokia/jolokia.git"",""https://github.com/rhuss/jolokia"",""https://github.com/rhuss/jolokia.git""],""observations"":[{""origin"":""https://github.com/jolokia/jolokia"",""status"":""full"",""visit"":{""origin"":""https://github.com/jolokia/jolokia"",""visit"":52,""date"":""2026-07-11T12:04:29.808000+00:00"",""status"":""full"",""snapshot"":""e92e0d650ecd8b7eb01680e79137abf52b2a99bd"",""type"":""git"",""metadata"":{},""origin_visit_url"":""https://archive.softwareheritage.org/api/1/origin/https://github.com/jolokia/jolokia/visit/52/"",""snapshot_url"":""https://archive.softwareheritage.org/api/1/snapshot/e92e0d650ecd8b7eb01680e79137abf52b2a99bd/""},""evidence"":[{""url"":""https://archive.softwareheritage.org/api/1/origin/https%3A%2F%2Fgithub.com%2Fjolokia%2Fjolokia/visits/?per_page=100"",""fetched_at"":""2026-09-23T19:55:34Z"",""cache_file"":""29e04651340b852cce2039f600b22d332b02d865931011ba60718884c8793569.json.gz"",""status"":200}]}],""incomplete_reasons"":[]}"
https://github.com/jonasbb/serde_with,archived_evidence_found,"[""snapshot""]",snapshot_found,observed,missing,1,1,"{""checked_at"":""2026-09-23T19:55:34Z"",""candidates"":[""https://github.com/jonasbb/serde_with"",""https://github.com/jonasbb/serde_with.git""],""observations"":[{""origin"":""https://github.com/jonasbb/serde_with"",""status"":""full"",""visit"":{""origin"":""https://github.com/jonasbb/serde_with"",""visit"":84,""date"":""2026-05-21T01:49:34.631000+00:00"",""status"":""full"",""snapshot"":""c764b100cfd1cb45cf72db9bf6adeea95c4caebf"",""type"":""git"",""metadata"":{},""origin_visit_url"":""https://archive.softwareheritage.org/api/1/origin/https://github.com/jonasbb/serde_with/visit/84/"",""snapshot_url"":""https://archive.softwareheritage.org/api/1/snapshot/c764b100cfd1cb45cf72db9bf6adeea95c4caebf/""},""evidence"":[{""url"":""https://archive.softwareheritage.org/api/1/origin/https%3A%2F%2Fgithub.com%2Fjonasbb%2Fserde_with/visits/?per_page=100"",""fetched_at"":""2026-09-23T19:55:34Z"",""cache_file"":""d4f827843c78ba96c850fc5b453a182a9f62fca720e6daaf838e7b1b1f9caaf8.json.gz"",""status"":200}]}],""incomplete_reasons"":[]}"
https://github.com/jonschlinkert/isobject,archived_evidence_found,"[""snapshot""]",snapshot_found,observed,missing,1,0,"{""checked_at"":""2026-09-23T19:55:35Z"",""candidates"":[""https://github.com/jonschlinkert/isobject"",""https://github.com/jonschlinkert/isobject.git""],""observations"":[{""origin"":""https://github.com/jonschlinkert/isobject"",""status"":""full"",""visit"":{""origin"":""https://github.com/jonschlinkert/isobject"",""visit"":56,""date"":""2026-08-12T12:47:13.704000+00:00"",""status"":""full"",""snapshot"":""7a2c8fffa2eb8a3071b7a2b54ba74d6bfa7fee7a"",""type"":""git"",""metadata"":{},""origin_visit_url"":""https://archive.softwareheritage.org/api/1/origin/https://github.com/jonschlinkert/isobject/visit/56/"",""snapshot_url"":""https://archive.softwareheritage.org/api/1/snapshot/7a2c8fffa2eb8a3071b7a2b54ba74d6bfa7fee7a/""},""evidence"":[{""url"":""https://archive.softwareheritage.org/api/1/origin/https%3A%2F%2Fgithub.com%2Fjonschlinkert%2Fisobject/visits/?per_page=100"",""fetched_at"":""2026-09-23T19:55:35Z"",""cache_file"":""8dc8800ef4f7b5eda622374999d85bd1daa369a7199d3afc61f759e74c5171b2.json.gz"",""status"":200}]}],""incomplete_reasons"":[]}"
https://github.com/jprichardson/node-fs-extra,archived_evidence_found,"[""snapshot""]",snapshot_found,observed,missing,1,0,"{""checked_at"":""2026-09-23T19:55:36Z"",""candidates"":[""https://github.com/jprichardson/node-fs-extra"",""https://github.com/jprichardson/node-fs-extra.git""],""observations"":[{""origin"":""https://github.com/jprichardson/node-fs-extra"",""status"":""full"",""visit"":{""origin"":""https://github.com/jprichardson/node-fs-extra"",""visit"":124,""date"":""2026-08-04T19:10:14.948000+00:00"",""status"":""full"",""snapshot"":""8672fc4db4547319b20826a236e3cb2d9a4e3722"",""type"":""git"",""metadata"":{},""origin_visit_url"":""https://archive.softwareheritage.org/api/1/origin/https://github.com/jprichardson/node-fs-extra/visit/124/"",""snapshot_url"":""https://archive.softwareheritage.org/api/1/snapshot/8672fc4db4547319b20826a236e3cb2d9a4e3722/""},""evidence"":[{""url"":""https://archive.softwareheritage.org/api/1/origin/https%3A%2F%2Fgithub.com%2Fjprichardson%2Fnode-fs-extra/visits/?per_page=100"",""fetched_at"":""2026-09-23T19:55:36Z"",""cache_file"":""88c7c08f9f1dafe3524121ce004375364efa390ac708bfa141cf7934cc2f61db.json.gz"",""status"":200}]}],""incomplete_reasons"":[]}"
https://github.com/jquast/wcwidth,archived_evidence_found,"[""snapshot"",""tag_target_revision""]",snapshot_found,observed,missing,1,0,"{""checked_at"":""2026-09-24T08:42:50Z"",""candidates"":[""https://github.com/jquast/wcwidth"",""https://github.com/jquast/wcwidth.git""],""observations"":[{""origin"":""https://github.com/jquast/wcwidth"",""status"":""full"",""visit"":{""origin"":""https://github.com/jquast/wcwidth"",""visit"":131,""date"":""2026-09-02T04:05:21.972000+00:00"",""status"":""full"",""snapshot"":""4280248145a4641f2583a94c0d77e1d8c5aef918"",""type"":""git"",""metadata"":{},""origin_visit_url"":""https://archive.softwareheritage.org/api/1/origin/https://github.com/jquast/wcwidth/visit/131/"",""snapshot_url"":""https://archive.softwareheritage.org/api/1/snapshot/4280248145a4641f2583a94c0d77e1d8c5aef918/""},""evidence"":[{""url"":""https://archive.softwareheritage.org/api/1/origin/https%3A%2F%2Fgithub.com%2Fjquast%2Fwcwidth/visits/?per_page=100"",""fetched_at"":""2026-09-24T08:42:50Z"",""cache_file"":""6c8e614e9ad1d730cd56e44ad335fffd09409f7240607711c5279620ce280887.json.gz"",""status"":200}]}],""incomplete_reasons"":[]}"
https://github.com/jquery-ui-rails/jquery-ui-rails,archived_evidence_found,"[""snapshot""]",snapshot_found,observed,missing,1,0,"{""checked_at"":""2026-09-23T19:55:36Z"",""candidates"":[""https://github.com/joliss/jquery-ui-rails"",""https://github.com/joliss/jquery-ui-rails.git"",""https://github.com/jquery-ui-rails/jquery-ui-rails"",""https://github.com/jquery-ui-rails/jquery-ui-rails.git""],""observations"":[{""origin"":""https://github.com/joliss/jquery-ui-rails"",""status"":""full"",""visit"":{""origin"":""https://github.com/joliss/jquery-ui-rails"",""visit"":16,""date"":""2021-05-25T09:23:27.306000+00:00"",""status"":""full"",""snapshot"":""1a6aef50c517fec0cdcd58e781c4443e5ac93dd1"",""type"":""git"",""metadata"":{},""origin_visit_url"":""https://archive.softwareheritage.org/api/1/origin/https://github.com/joliss/jquery-ui-rails/visit/16/"",""snapshot_url"":""https://archive.softwareheritage.org/api/1/snapshot/1a6aef50c517fec0cdcd58e781c4443e5ac93dd1/""},""evidence"":[{""url"":""https://archive.softwareheritage.org/api/1/origin/https%3A%2F%2Fgithub.com%2Fjoliss%2Fjquery-ui-rails/visits/?per_page=100"",""fetched_at"":""2026-09-23T19:55:36Z"",""cache_file"":""b6ae6cd4f127fa854eeeabdf80bb747bae5941ed66fabaf61b41645b00a7a82b.json.gz"",""status"":200}]}],""incomplete_reasons"":[]}"
https://github.com/jsdom/html-encoding-sniffer,archived_evidence_found,"[""snapshot""]",snapshot_found,observed,missing,1,1,"{""checked_at"":""2026-09-23T19:55:37Z"",""candidates"":[""https://github.com/jsdom/html-encoding-sniffer"",""https://github.com/jsdom/html-encoding-sniffer.git""],""observations"":[{""origin"":""https://github.com/jsdom/html-encoding-sniffer"",""status"":""full"",""visit"":{""origin"":""https://github.com/jsdom/html-encoding-sniffer"",""visit"":42,""date"":""2026-08-22T18:22:13.247000+00:00"",""status"":""full"",""snapshot"":""3c7a7647b2db123b8674fd657b796723c7acd1a0"",""type"":""git"",""metadata"":{},""origin_visit_url"":""https://archive.softwareheritage.org/api/1/origin/https://github.com/jsdom/html-encoding-sniffer/visit/42/"",""snapshot_url"":""https://archive.softwareheritage.org/api/1/snapshot/3c7a7647b2db123b8674fd657b796723c7acd1a0/""},""evidence"":[{""url"":""https://archive.softwareheritage.org/api/1/origin/https%3A%2F%2Fgithub.com%2Fjsdom%2Fhtml-encoding-sniffer/visits/?per_page=100"",""fetched_at"":""2026-09-23T19:55:37Z"",""cache_file"":""91eda851ba422aebe865afb64a8a33c5df19bc0c76adc2f43ae2b9967473ff86.json.gz"",""status"":200}]}],""incomplete_reasons"":[]}"
https://github.com/jsdom/jsdom,archived_evidence_found,"[""snapshot""]",snapshot_found,observed,missing,1,1,"{""checked_at"":""2026-09-23T19:55:38Z"",""candidates"":[""https://github.com/jsdom/jsdom"",""https://github.com/jsdom/jsdom.git"",""https://github.com/tmpvar/jsdom"",""https://github.com/tmpvar/jsdom.git""],""observations"":[{""origin"":""https://github.com/jsdom/jsdom"",""status"":""full"",""visit"":{""origin"":""https://github.com/jsdom/jsdom"",""visit"":182,""date"":""2026-08-30T17:10:04.546000+00:00"",""status"":""full"",""snapshot"":""2b766b1cee879b040e37cd25dc4d8a2549f25034"",""type"":""git"",""metadata"":{},""origin_visit_url"":""https://archive.softwareheritage.org/api/1/origin/https://github.com/jsdom/jsdom/visit/182/"",""snapshot_url"":""https://archive.softwareheritage.org/api/1/snapshot/2b766b1cee879b040e37cd25dc4d8a2549f25034/""},""evidence"":[{""url"":""https://archive.softwareheritage.org/api/1/origin/https%3A%2F%2Fgithub.com%2Fjsdom%2Fjsdom/visits/?per_page=100"",""fetched_at"":""2026-09-23T19:55:38Z"",""cache_file"":""01c34833484002e8d4e83e720101d70b3999e6ad337cd527b2b14b2619e17402.json.gz"",""status"":200}]}],""incomplete_reasons"":[]}"
https://github.com/jsdom/w3c-xmlserializer,archived_evidence_found,"[""snapshot""]",snapshot_found,observed,missing,1,1,"{""checked_at"":""2026-09-23T19:55:38Z"",""candidates"":[""https://github.com/jsdom/w3c-xmlserializer"",""https://github.com/jsdom/w3c-xmlserializer.git""],""observations"":[{""origin"":""https://github.com/jsdom/w3c-xmlserializer"",""status"":""full"",""visit"":{""origin"":""https://github.com/jsdom/w3c-xmlserializer"",""visit"":47,""date"":""2026-09-18T23:17:34.013000+00:00"",""status"":""full"",""snapshot"":""2bee58386d93bd5ae309a437e5991c53bb0a5b64"",""type"":""git"",""metadata"":{},""origin_visit_url"":""https://archive.softwareheritage.org/api/1/origin/https://github.com/jsdom/w3c-xmlserializer/visit/47/"",""snapshot_url"":""https://archive.softwareheritage.org/api/1/snapshot/2bee58386d93bd5ae309a437e5991c53bb0a5b64/""},""evidence"":[{""url"":""https://archive.softwareheritage.org/api/1/origin/https%3A%2F%2Fgithub.com%2Fjsdom%2Fw3c-xmlserializer/visits/?per_page=100"",""fetched_at"":""2026-09-23T19:55:38Z"",""cache_file"":""76b4c40afcc9a6ded6e95bdbd24c329e875ec405018ecf11a1ae7d5765df6ce5.json.gz"",""status"":200}]}],""incomplete_reasons"":[]}"
https://github.com/jsdom/whatwg-url,archived_evidence_found,"[""snapshot""]",snapshot_found,observed,missing,1,1,"{""checked_at"":""2026-09-23T19:55:39Z"",""candidates"":[""https://github.com/jsdom/whatwg-url"",""https://github.com/jsdom/whatwg-url.git""],""observations"":[{""origin"":""https://github.com/jsdom/whatwg-url"",""status"":""full"",""visit"":{""origin"":""https://github.com/jsdom/whatwg-url"",""visit"":106,""date"":""2026-09-13T16:38:35.760000+00:00"",""status"":""full"",""snapshot"":""87e43133d0b402be3ae66bf6a92808371decec08"",""type"":""git"",""metadata"":{},""origin_visit_url"":""https://archive.softwareheritage.org/api/1/origin/https://github.com/jsdom/whatwg-url/visit/106/"",""snapshot_url"":""https://archive.softwareheritage.org/api/1/snapshot/87e43133d0b402be3ae66bf6a92808371decec08/""},""evidence"":[{""url"":""https://archive.softwareheritage.org/api/1/origin/https%3A%2F%2Fgithub.com%2Fjsdom%2Fwhatwg-url/visits/?per_page=100"",""fetched_at"":""2026-09-23T19:55:39Z"",""cache_file"":""6e6c3539021319405de9a9c6c6b10d95e37ac1d6af9655423d6edcafa0afd679.json.gz"",""status"":200}]}],""incomplete_reasons"":[]}"
https://github.com/jshttp/proxy-addr,archived_evidence_found,"[""snapshot""]",snapshot_found,observed,missing,1,0,"{""checked_at"":""2026-09-23T19:55:39Z"",""candidates"":[""https://github.com/expressjs/proxy-addr"",""https://github.com/expressjs/proxy-addr.git"",""https://github.com/jshttp/proxy-addr"",""https://github.com/jshttp/proxy-addr.git""],""observations"":[{""origin"":""https://github.com/expressjs/proxy-addr"",""status"":""full"",""visit"":{""origin"":""https://github.com/expressjs/proxy-addr"",""visit"":1,""date"":""2025-07-31T13:59:44.073000+00:00"",""status"":""full"",""snapshot"":""d985a4612c5703fd4fafdb4660e966c3744e7099"",""type"":""git"",""metadata"":{},""origin_visit_url"":""https://archive.softwareheritage.org/api/1/origin/https://github.com/expressjs/proxy-addr/visit/1/"",""snapshot_url"":""https://archive.softwareheritage.org/api/1/snapshot/d985a4612c5703fd4fafdb4660e966c3744e7099/""},""evidence"":[{""url"":""https://archive.softwareheritage.org/api/1/origin/https%3A%2F%2Fgithub.com%2Fexpressjs%2Fproxy-addr/visits/?per_page=100"",""fetched_at"":""2026-09-23T19:55:39Z"",""cache_file"":""c8e5dc57994305f122eaa82c40741c76d7537e329338b13354219a3f83a8fcc3.json.gz"",""status"":200}]}],""incomplete_reasons"":[]}"
https://github.com/jshttp/type-is,archived_evidence_found,"[""snapshot""]",snapshot_found,observed,missing,1,1,"{""checked_at"":""2026-09-23T19:55:41Z"",""candidates"":[""https://github.com/expressjs/type-is"",""https://github.com/expressjs/type-is.git"",""https://github.com/jshttp/type-is"",""https://github.com/jshttp/type-is.git""],""observations"":[{""origin"":""https://github.com/expressjs/type-is"",""status"":""not_found"",""evidence"":[{""url"":""https://archive.softwareheritage.org/api/1/origin/https%3A%2F%2Fgithub.com%2Fexpressjs%2Ftype-is/visits/?per_page=100"",""fetched_at"":""2026-09-23T19:55:40Z"",""cache_file"":""17929802dfc66b31217557acffde5dadb519dc9ec3d48c35e10cf32b0b353bd9.json.gz"",""status"":404}]},{""origin"":""https://github.com/expressjs/type-is.git"",""status"":""not_found"",""evidence"":[{""url"":""https://archive.softwareheritage.org/api/1/origin/https%3A%2F%2Fgithub.com%2Fexpressjs%2Ftype-is.git/visits/?per_page=100"",""fetched_at"":""2026-09-23T19:55:40Z"",""cache_file"":""7d156db6c3baa3a5bb295928ebe31cf3b7d0959bf26a40aee0f5d67a2e0d22c9.json.gz"",""status"":404}]},{""origin"":""https://github.com/jshttp/type-is"",""status"":""full"",""visit"":{""origin"":""https://github.com/jshttp/type-is"",""visit"":87,""date"":""2026-09-21T19:26:40.505000+00:00"",""status"":""full"",""snapshot"":""0e039e65f54c160de36b045b076dd4ab30f4898d"",""type"":""git"",""metadata"":{},""origin_visit_url"":""https://archive.softwareheritage.org/api/1/origin/https://github.com/jshttp/type-is/visit/87/"",""snapshot_url"":""https://archive.softwareheritage.org/api/1/snapshot/0e039e65f54c160de36b045b076dd4ab30f4898d/""},""evidence"":[{""url"":""https://archive.softwareheritage.org/api/1/origin/https%3A%2F%2Fgithub.com%2Fjshttp%2Ftype-is/visits/?per_page=100"",""fetched_at"":""2026-09-23T19:55:41Z"",""cache_file"":""1a3ccf7948298a025517ba8e7e3b90b82ea49bbc2cdb776f8e26b6a570d40404.json.gz"",""status"":200}]}],""incomplete_reasons"":[]}"
https://github.com/juliagraphics/colorbrewer.jl,no_snapshot_at_checked_origins,[],origin_not_found,observed,missing,1,1,"{""checked_at"":""2026-09-23T19:55:44Z"",""candidates"":[""https://github.com/JuliaGraphics/ColorBrewer.jl"",""https://github.com/JuliaGraphics/ColorBrewer.jl.git"",""https://github.com/juliagraphics/colorbrewer.jl"",""https://github.com/juliagraphics/colorbrewer.jl.git"",""https://github.com/timothyrenner/colorbrewer.jl"",""https://github.com/timothyrenner/colorbrewer.jl.git""],""observations"":[{""origin"":""https://github.com/JuliaGraphics/ColorBrewer.jl"",""status"":""not_found"",""evidence"":[{""url"":""https://archive.softwareheritage.org/api/1/origin/https%3A%2F%2Fgithub.com%2FJuliaGraphics%2FColorBrewer.jl/visits/?per_page=100"",""fetched_at"":""2026-09-23T19:55:41Z"",""cache_file"":""fd0b0f1a46b69b3f6b1da6f61ddb67d801317d78a6e1778c59610a7d83ba4259.json.gz"",""status"":404}]},{""origin"":""https://github.com/JuliaGraphics/ColorBrewer.jl.git"",""status"":""not_found"",""evidence"":[{""url"":""https://archive.softwareheritage.org/api/1/origin/https%3A%2F%2Fgithub.com%2FJuliaGraphics%2FColorBrewer.jl.git/visits/?per_page=100"",""fetched_at"":""2026-09-23T19:55:42Z"",""cache_file"":""2c389b6bdd6c5bcf4e8d023847efb319ce7520f73387b8546082c52dca966c61.json.gz"",""status"":404}]},{""origin"":""https://github.com/juliagraphics/colorbrewer.jl"",""status"":""not_found"",""evidence"":[{""url"":""https://archive.softwareheritage.org/api/1/origin/https%3A%2F%2Fgithub.com%2Fjuliagraphics%2Fcolorbrewer.jl/visits/?per_page=100"",""fetched_at"":""2026-09-23T19:55:42Z"",""cache_file"":""e973ae6766bbcc22c38850994454bf0ff634020149a26f35dc464110f98f55e6.json.gz"",""status"":404}]},{""origin"":""https://github.com/juliagraphics/colorbrewer.jl.git"",""status"":""not_found"",""evidence"":[{""url"":""https://archive.softwareheritage.org/api/1/origin/https%3A%2F%2Fgithub.com%2Fjuliagraphics%2Fcolorbrewer.jl.git/visits/?per_page=100"",""fetched_at"":""2026-09-23T19:55:43Z"",""cache_file"":""79a32e04828b225c6262e1316800d6054817364aef782823ee4851bac3359190.json.gz"",""status"":404}]},{""origin"":""https://github.com/timothyrenner/colorbrewer.jl"",""status"":""not_found"",""evidence"":[{""url"":""https://archive.softwareheritage.org/api/1/origin/https%3A%2F%2Fgithub.com%2Ftimothyrenner%2Fcolorbrewer.jl/visits/?per_page=100"",""fetched_at"":""2026-09-23T19:55:43Z"",""cache_file"":""5a4f1b4f6deb076a0f2896d5fb6c5251b38f0d6ab1b46c93c42fcfa14110b998.json.gz"",""status"":404}]},{""origin"":""https://github.com/timothyrenner/colorbrewer.jl.git"",""status"":""not_found"",""evidence"":[{""url"":""https://archive.softwareheritage.org/api/1/origin/https%3A%2F%2Fgithub.com%2Ftimothyrenner%2Fcolorbrewer.jl.git/visits/?per_page=100"",""fetched_at"":""2026-09-23T19:55:44Z"",""cache_file"":""343fe97043aa9fd3d53e9b70f6d097ca2e972204f0c4170714cae9aab980f555.json.gz"",""status"":404}]}],""incomplete_reasons"":[]}"
https://github.com/juliangruber/brace-expansion,archived_evidence_found,"[""snapshot""]",snapshot_found,observed,missing,1,1,"{""checked_at"":""2026-09-23T19:55:44Z"",""candidates"":[""https://github.com/juliangruber/brace-expansion"",""https://github.com/juliangruber/brace-expansion.git""],""observations"":[{""origin"":""https://github.com/juliangruber/brace-expansion"",""status"":""full"",""visit"":{""origin"":""https://github.com/juliangruber/brace-expansion"",""visit"":567,""date"":""2026-09-23T10:43:13.151000+00:00"",""status"":""full"",""snapshot"":""d293c43647e6408590b455d756efc5b94cf27036"",""type"":""git-checkout"",""metadata"":{},""origin_visit_url"":""https://archive.softwareheritage.org/api/1/origin/https://github.com/juliangruber/brace-expansion/visit/567/"",""snapshot_url"":""https://archive.softwareheritage.org/api/1/snapshot/d293c43647e6408590b455d756efc5b94cf27036/""},""evidence"":[{""url"":""https://archive.softwareheritage.org/api/1/origin/https%3A%2F%2Fgithub.com%2Fjuliangruber%2Fbrace-expansion/visits/?per_page=100"",""fetched_at"":""2026-09-23T19:55:44Z"",""cache_file"":""14feadea56172a6ff87db1eadb643e0065ed10b5f9415f10b20e3ca23d7beb1d.json.gz"",""status"":200}]}],""incomplete_reasons"":[]}"
https://github.com/jupyter/notebook,archived_evidence_found,"[""snapshot"",""tag_target_revision"",""annotated_release""]",snapshot_found,observed,missing,1,1,"{""checked_at"":""2026-09-24T08:43:05Z"",""candidates"":[""https://github.com/jupyter/notebook"",""https://github.com/jupyter/notebook.git""],""observations"":[{""origin"":""https://github.com/jupyter/notebook"",""status"":""full"",""visit"":{""origin"":""https://github.com/jupyter/notebook"",""visit"":169,""date"":""2026-09-09T04:48:05.339000+00:00"",""status"":""full"",""snapshot"":""2b8153839f47da89e0725720f0fecda3580f969a"",""type"":""git"",""metadata"":{},""origin_visit_url"":""https://archive.softwareheritage.org/api/1/origin/https://github.com/jupyter/notebook/visit/169/"",""snapshot_url"":""https://archive.softwareheritage.org/api/1/snapshot/2b8153839f47da89e0725720f0fecda3580f969a/""},""evidence"":[{""url"":""https://archive.softwareheritage.org/api/1/origin/https%3A%2F%2Fgithub.com%2Fjupyter%2Fnotebook/visits/?per_page=100"",""fetched_at"":""2026-09-24T08:43:05Z"",""cache_file"":""dc930f28ca7e5ab1536012ffad0a12f4b4238162041da59e9241b9a88c449d7f.json.gz"",""status"":200}]}],""incomplete_reasons"":[]}"
https://github.com/jupyterlab/jupyterlab_server,archived_evidence_found,"[""snapshot"",""tag_target_revision"",""annotated_release""]",snapshot_found,observed,missing,1,1,"{""checked_at"":""2026-09-24T08:43:06Z"",""candidates"":[""https://github.com/jupyterlab/jupyterlab_launcher"",""https://github.com/jupyterlab/jupyterlab_launcher.git"",""https://github.com/jupyterlab/jupyterlab_server"",""https://github.com/jupyterlab/jupyterlab_server.git""],""observations"":[{""origin"":""https://github.com/jupyterlab/jupyterlab_launcher"",""status"":""full"",""visit"":{""origin"":""https://github.com/jupyterlab/jupyterlab_launcher"",""visit"":7,""date"":""2021-01-19T23:00:12.079000+00:00"",""status"":""full"",""snapshot"":""af5a74a6f5631dc7a356658d0fc487c49fc445fc"",""type"":""git"",""metadata"":{},""origin_visit_url"":""https://archive.softwareheritage.org/api/1/origin/https://github.com/jupyterlab/jupyterlab_launcher/visit/7/"",""snapshot_url"":""https://archive.softwareheritage.org/api/1/snapshot/af5a74a6f5631dc7a356658d0fc487c49fc445fc/""},""evidence"":[{""url"":""https://archive.softwareheritage.org/api/1/origin/https%3A%2F%2Fgithub.com%2Fjupyterlab%2Fjupyterlab_launcher/visits/?per_page=100"",""fetched_at"":""2026-09-24T08:43:06Z"",""cache_file"":""b4d4730cea4bc6c2ff700a147fcc6563ccc7d62586d1ba37b26e7c1eeff0c8aa.json.gz"",""status"":200}]}],""incomplete_reasons"":[]}"
https://github.com/jviereck/regjsparser,archived_evidence_found,"[""snapshot""]",snapshot_found,observed,missing,1,1,"{""checked_at"":""2026-09-23T19:55:46Z"",""candidates"":[""https://github.com/jviereck/regexp.js-parser"",""https://github.com/jviereck/regexp.js-parser.git"",""https://github.com/jviereck/regjsparser"",""https://github.com/jviereck/regjsparser.git""],""observations"":[{""origin"":""https://github.com/jviereck/regexp.js-parser"",""status"":""not_found"",""evidence"":[{""url"":""https://archive.softwareheritage.org/api/1/origin/https%3A%2F%2Fgithub.com%2Fjviereck%2Fregexp.js-parser/visits/?per_page=100"",""fetched_at"":""2026-09-23T19:55:45Z"",""cache_file"":""b070fabb420166a8ccdb08e9ef7e734c669dd296ef902cba99af2f0da66fb0f4.json.gz"",""status"":404}]},{""origin"":""https://github.com/jviereck/regexp.js-parser.git"",""status"":""not_found"",""evidence"":[{""url"":""https://archive.softwareheritage.org/api/1/origin/https%3A%2F%2Fgithub.com%2Fjviereck%2Fregexp.js-parser.git/visits/?per_page=100"",""fetched_at"":""2026-09-23T19:55:45Z"",""cache_file"":""af1493991a8c82a416d1cc164c0fac053fd2a6d2c465a078fd39c5c94edab2d4.json.gz"",""status"":404}]},{""origin"":""https://github.com/jviereck/regjsparser"",""status"":""full"",""visit"":{""origin"":""https://github.com/jviereck/regjsparser"",""visit"":102,""date"":""2026-09-16T11:16:28.877000+00:00"",""status"":""full"",""snapshot"":""4a08bec24e96db9ebc7820de0bbb4ea1be651697"",""type"":""git"",""metadata"":{},""origin_visit_url"":""https://archive.softwareheritage.org/api/1/origin/https://github.com/jviereck/regjsparser/visit/102/"",""snapshot_url"":""https://archive.softwareheritage.org/api/1/snapshot/4a08bec24e96db9ebc7820de0bbb4ea1be651697/""},""evidence"":[{""url"":""https://archive.softwareheritage.org/api/1/origin/https%3A%2F%2Fgithub.com%2Fjviereck%2Fregjsparser/visits/?per_page=100"",""fetched_at"":""2026-09-23T19:55:46Z"",""cache_file"":""07950a7440281cce131045a2646b2b25ae111e0a174fbc344f831cc74c32730a.json.gz"",""status"":200}]}],""incomplete_reasons"":[]}"
https://github.com/kaelzhang/node-ignore,archived_evidence_found,"[""snapshot""]",snapshot_found,observed,missing,1,0,"{""checked_at"":""2026-09-23T19:55:47Z"",""candidates"":[""https://github.com/kaelzhang/node-ignore"",""https://github.com/kaelzhang/node-ignore.git""],""observations"":[{""origin"":""https://github.com/kaelzhang/node-ignore"",""status"":""full"",""visit"":{""origin"":""https://github.com/kaelzhang/node-ignore"",""visit"":104,""date"":""2026-08-15T21:27:47.460000+00:00"",""status"":""full"",""snapshot"":""6fdfc3f2c12d5249a272db96f860aa9498e8e14d"",""type"":""git"",""metadata"":{},""origin_visit_url"":""https://archive.softwareheritage.org/api/1/origin/https://github.com/kaelzhang/node-ignore/visit/104/"",""snapshot_url"":""https://archive.softwareheritage.org/api/1/snapshot/6fdfc3f2c12d5249a272db96f860aa9498e8e14d/""},""evidence"":[{""url"":""https://archive.softwareheritage.org/api/1/origin/https%3A%2F%2Fgithub.com%2Fkaelzhang%2Fnode-ignore/visits/?per_page=100"",""fetched_at"":""2026-09-23T19:55:47Z"",""cache_file"":""75c47dd4c484eca2d7cd1b594ef19c8f74c9d8e858dedb170209a2cca47a57cb.json.gz"",""status"":200}]}],""incomplete_reasons"":[]}"
https://github.com/kafkaex/kafka_ex,archived_evidence_found,"[""snapshot""]",snapshot_found,observed,missing,1,0,"{""checked_at"":""2026-09-23T19:55:47Z"",""candidates"":[""https://github.com/jacklund/kafka_ex"",""https://github.com/jacklund/kafka_ex.git"",""https://github.com/kafkaex/kafka_ex"",""https://github.com/kafkaex/kafka_ex.git""],""observations"":[{""origin"":""https://github.com/jacklund/kafka_ex"",""status"":""full"",""visit"":{""origin"":""https://github.com/jacklund/kafka_ex"",""visit"":15,""date"":""2020-05-21T20:13:23.399000+00:00"",""status"":""full"",""snapshot"":""2b2e09d4be537972e187a8c7872de36b7813e3b5"",""type"":""git"",""metadata"":{},""origin_visit_url"":""https://archive.softwareheritage.org/api/1/origin/https://github.com/jacklund/kafka_ex/visit/15/"",""snapshot_url"":""https://archive.softwareheritage.org/api/1/snapshot/2b2e09d4be537972e187a8c7872de36b7813e3b5/""},""evidence"":[{""url"":""https://archive.softwareheritage.org/api/1/origin/https%3A%2F%2Fgithub.com%2Fjacklund%2Fkafka_ex/visits/?per_page=100"",""fetched_at"":""2026-09-23T19:55:47Z"",""cache_file"":""a9086e612c0311cb6acb2f3e88f88bf9bcdb55dc8a16de81488e5607277d19fb.json.gz"",""status"":200}]}],""incomplete_reasons"":[]}"
https://github.com/kafkaex/kayrock,archived_evidence_found,"[""snapshot""]",snapshot_found,observed,missing,1,0,"{""checked_at"":""2026-09-23T19:55:48Z"",""candidates"":[""https://github.com/dantswain/kayrock"",""https://github.com/dantswain/kayrock.git"",""https://github.com/kafkaex/kayrock"",""https://github.com/kafkaex/kayrock.git""],""observations"":[{""origin"":""https://github.com/dantswain/kayrock"",""status"":""full"",""visit"":{""origin"":""https://github.com/dantswain/kayrock"",""visit"":6,""date"":""2022-11-12T08:30:47.627000+00:00"",""status"":""full"",""snapshot"":""2bc730ab88b626a748b9d3936ed4572be9083b63"",""type"":""git"",""metadata"":{},""origin_visit_url"":""https://archive.softwareheritage.org/api/1/origin/https://github.com/dantswain/kayrock/visit/6/"",""snapshot_url"":""https://archive.softwareheritage.org/api/1/snapshot/2bc730ab88b626a748b9d3936ed4572be9083b63/""},""evidence"":[{""url"":""https://archive.softwareheritage.org/api/1/origin/https%3A%2F%2Fgithub.com%2Fdantswain%2Fkayrock/visits/?per_page=100"",""fetched_at"":""2026-09-23T19:55:48Z"",""cache_file"":""2d28271dfd84eee51622473db8a5a86946665c5a69a523c2dbaaf45f3c9c9749.json.gz"",""status"":200}]}],""incomplete_reasons"":[]}"
https://github.com/keats/jsonwebtoken,archived_evidence_found,"[""snapshot""]",snapshot_found,observed,missing,1,0,"{""checked_at"":""2026-09-23T19:55:48Z"",""candidates"":[""https://github.com/Keats/jsonwebtoken"",""https://github.com/Keats/jsonwebtoken.git"",""https://github.com/keats/jsonwebtoken"",""https://github.com/keats/jsonwebtoken.git"",""https://github.com/keats/rust-jwt"",""https://github.com/keats/rust-jwt.git""],""observations"":[{""origin"":""https://github.com/Keats/jsonwebtoken"",""status"":""full"",""visit"":{""origin"":""https://github.com/Keats/jsonwebtoken"",""visit"":107,""date"":""2026-09-01T16:36:39.228000+00:00"",""status"":""full"",""snapshot"":""ccf4f122f9ab415f26e03eb89f3aa70497d18dc3"",""type"":""git"",""metadata"":{},""origin_visit_url"":""https://archive.softwareheritage.org/api/1/origin/https://github.com/Keats/jsonwebtoken/visit/107/"",""snapshot_url"":""https://archive.softwareheritage.org/api/1/snapshot/ccf4f122f9ab415f26e03eb89f3aa70497d18dc3/""},""evidence"":[{""url"":""https://archive.softwareheritage.org/api/1/origin/https%3A%2F%2Fgithub.com%2FKeats%2Fjsonwebtoken/visits/?per_page=100"",""fetched_at"":""2026-09-23T19:55:48Z"",""cache_file"":""d951eea9bf55aa4211c9d33a88a277499fd94dac97db307eee552eac97db1d3a.json.gz"",""status"":200}]}],""incomplete_reasons"":[]}"
https://github.com/keruspe/async-global-executor,no_snapshot_at_checked_origins,[],origin_not_found,observed,missing,1,0,"{""checked_at"":""2026-09-23T19:55:51Z"",""candidates"":[""https://github.com/Keruspe/async-global-executor"",""https://github.com/Keruspe/async-global-executor.git"",""https://github.com/async-rs/async-global-executor"",""https://github.com/async-rs/async-global-executor.git"",""https://github.com/keruspe/async-global-executor"",""https://github.com/keruspe/async-global-executor.git""],""observations"":[{""origin"":""https://github.com/Keruspe/async-global-executor"",""status"":""not_found"",""evidence"":[{""url"":""https://archive.softwareheritage.org/api/1/origin/https%3A%2F%2Fgithub.com%2FKeruspe%2Fasync-global-executor/visits/?per_page=100"",""fetched_at"":""2026-09-23T19:55:49Z"",""cache_file"":""14fb4a6abedadac962f9a92a9c0e2dc29d7b3ae98d916a0dd0b9604947b1add5.json.gz"",""status"":404}]},{""origin"":""https://github.com/Keruspe/async-global-executor.git"",""status"":""not_found"",""evidence"":[{""url"":""https://archive.softwareheritage.org/api/1/origin/https%3A%2F%2Fgithub.com%2FKeruspe%2Fasync-global-executor.git/visits/?per_page=100"",""fetched_at"":""2026-09-23T19:55:49Z"",""cache_file"":""4723942e412c60e939a257211b95157c6235ea305eaef44e964efb063b977480.json.gz"",""status"":404}]},{""origin"":""https://github.com/async-rs/async-global-executor"",""status"":""not_found"",""evidence"":[{""url"":""https://archive.softwareheritage.org/api/1/origin/https%3A%2F%2Fgithub.com%2Fasync-rs%2Fasync-global-executor/visits/?per_page=100"",""fetched_at"":""2026-09-23T19:55:50Z"",""cache_file"":""d701b3bd301bdd675d32c5a737d711af8888d92b91bf54b0fc67948bca87b200.json.gz"",""status"":404}]},{""origin"":""https://github.com/async-rs/async-global-executor.git"",""status"":""not_found"",""evidence"":[{""url"":""https://archive.softwareheritage.org/api/1/origin/https%3A%2F%2Fgithub.com%2Fasync-rs%2Fasync-global-executor.git/visits/?per_page=100"",""fetched_at"":""2026-09-23T19:55:50Z"",""cache_file"":""ac607cf9155878e6f1b177b197652b222623b3436d63024bb3bbe83531b66da1.json.gz"",""status"":404}]},{""origin"":""https://github.com/keruspe/async-global-executor"",""status"":""not_found"",""evidence"":[{""url"":""https://archive.softwareheritage.org/api/1/origin/https%3A%2F%2Fgithub.com%2Fkeruspe%2Fasync-global-executor/visits/?per_page=100"",""fetched_at"":""2026-09-23T19:55:51Z"",""cache_file"":""1a9d4ee304464eade5dec03232dead08586c4eaa9097e17c54f2066e65d4bf3d.json.gz"",""status"":404}]},{""origin"":""https://github.com/keruspe/async-global-executor.git"",""status"":""not_found"",""evidence"":[{""url"":""https://archive.softwareheritage.org/api/1/origin/https%3A%2F%2Fgithub.com%2Fkeruspe%2Fasync-global-executor.git/visits/?per_page=100"",""fetched_at"":""2026-09-23T19:55:51Z"",""cache_file"":""6b3f8c0d848f10a8520f89d9343c4807b70fe8f715f38ec2ce9280e5dfd1b19c.json.gz"",""status"":404}]}],""incomplete_reasons"":[]}"
https://github.com/kilian/electron-to-chromium,archived_evidence_found,"[""snapshot""]",snapshot_found,observed,missing,1,1,"{""checked_at"":""2026-09-23T19:55:52Z"",""candidates"":[""https://github.com/Kilian/electron-to-chromium"",""https://github.com/Kilian/electron-to-chromium.git"",""https://github.com/kilian/electron-to-chromium"",""https://github.com/kilian/electron-to-chromium.git""],""observations"":[{""origin"":""https://github.com/Kilian/electron-to-chromium"",""status"":""full"",""visit"":{""origin"":""https://github.com/Kilian/electron-to-chromium"",""visit"":93,""date"":""2026-09-21T08:55:29.068000+00:00"",""status"":""full"",""snapshot"":""d9375a4b99c87c3d9e87c4992a624489ee686159"",""type"":""git"",""metadata"":{},""origin_visit_url"":""https://archive.softwareheritage.org/api/1/origin/https://github.com/Kilian/electron-to-chromium/visit/93/"",""snapshot_url"":""https://archive.softwareheritage.org/api/1/snapshot/d9375a4b99c87c3d9e87c4992a624489ee686159/""},""evidence"":[{""url"":""https://archive.softwareheritage.org/api/1/origin/https%3A%2F%2Fgithub.com%2FKilian%2Felectron-to-chromium/visits/?per_page=100"",""fetched_at"":""2026-09-23T19:55:52Z"",""cache_file"":""e45b01f30e75a610a6a02b762da8e5424f3af6968e16bae4c1b352d3fac98785.json.gz"",""status"":200}]}],""incomplete_reasons"":[]}"
https://github.com/kludex/starlette,archived_evidence_found,"[""snapshot""]",snapshot_found,observed,missing,1,0,"{""checked_at"":""2026-09-23T19:55:52Z"",""candidates"":[""https://github.com/Kludex/starlette"",""https://github.com/Kludex/starlette.git"",""https://github.com/kludex/starlette"",""https://github.com/kludex/starlette.git""],""observations"":[{""origin"":""https://github.com/Kludex/starlette"",""status"":""full"",""visit"":{""origin"":""https://github.com/Kludex/starlette"",""visit"":17,""date"":""2026-08-13T15:53:15.597000+00:00"",""status"":""full"",""snapshot"":""2d663b9b57738d4d8694d0159f10c94a33862342"",""type"":""git"",""metadata"":{},""origin_visit_url"":""https://archive.softwareheritage.org/api/1/origin/https://github.com/Kludex/starlette/visit/17/"",""snapshot_url"":""https://archive.softwareheritage.org/api/1/snapshot/2d663b9b57738d4d8694d0159f10c94a33862342/""},""evidence"":[{""url"":""https://archive.softwareheritage.org/api/1/origin/https%3A%2F%2Fgithub.com%2FKludex%2Fstarlette/visits/?per_page=100"",""fetched_at"":""2026-09-23T19:55:52Z"",""cache_file"":""b51f6dccdf63d918acea84b96133060f678e2cf88db7ee411a87a1b672bcd9cf.json.gz"",""status"":200}]}],""incomplete_reasons"":[]}"
https://github.com/knu/ruby-domain_name,archived_evidence_found,"[""snapshot""]",snapshot_found,observed,missing,1,0,"{""checked_at"":""2026-09-23T19:55:53Z"",""candidates"":[""https://github.com/knu/ruby-domain_name"",""https://github.com/knu/ruby-domain_name.git""],""observations"":[{""origin"":""https://github.com/knu/ruby-domain_name"",""status"":""full"",""visit"":{""origin"":""https://github.com/knu/ruby-domain_name"",""visit"":60,""date"":""2026-09-03T11:36:55.038000+00:00"",""status"":""full"",""snapshot"":""4753857cd1cf9c071e6710bd14e0f840a76a11f4"",""type"":""git"",""metadata"":{},""origin_visit_url"":""https://archive.softwareheritage.org/api/1/origin/https://github.com/knu/ruby-domain_name/visit/60/"",""snapshot_url"":""https://archive.softwareheritage.org/api/1/snapshot/4753857cd1cf9c071e6710bd14e0f840a76a11f4/""},""evidence"":[{""url"":""https://archive.softwareheritage.org/api/1/origin/https%3A%2F%2Fgithub.com%2Fknu%2Fruby-domain_name/visits/?per_page=100"",""fetched_at"":""2026-09-23T19:55:53Z"",""cache_file"":""efdf070a40c451133e859c8ebd55c481a8f5b2e810b562ddc3de7e3071025828.json.gz"",""status"":200}]}],""incomplete_reasons"":[]}"
https://github.com/kubernetes-sigs/controller-runtime,archived_evidence_found,"[""snapshot""]",snapshot_found,observed,missing,1,0,"{""checked_at"":""2026-09-23T19:55:54Z"",""candidates"":[""https://github.com/kubernetes-sigs/controller-runtime"",""https://github.com/kubernetes-sigs/controller-runtime.git""],""observations"":[{""origin"":""https://github.com/kubernetes-sigs/controller-runtime"",""status"":""full"",""visit"":{""origin"":""https://github.com/kubernetes-sigs/controller-runtime"",""visit"":422,""date"":""2026-09-23T12:43:07.339000+00:00"",""status"":""full"",""snapshot"":""c222bf53657df227ad9e90501e8412e87b21493e"",""type"":""git-checkout"",""metadata"":{},""origin_visit_url"":""https://archive.softwareheritage.org/api/1/origin/https://github.com/kubernetes-sigs/controller-runtime/visit/422/"",""snapshot_url"":""https://archive.softwareheritage.org/api/1/snapshot/c222bf53657df227ad9e90501e8412e87b21493e/""},""evidence"":[{""url"":""https://archive.softwareheritage.org/api/1/origin/https%3A%2F%2Fgithub.com%2Fkubernetes-sigs%2Fcontroller-runtime/visits/?per_page=100"",""fetched_at"":""2026-09-23T19:55:54Z"",""cache_file"":""bcfe8aca593b3ef56b61244bef3d715d0ff3d57b8770b8bfc560f8f0ff81c586.json.gz"",""status"":200}]}],""incomplete_reasons"":[]}"
https://github.com/ladjs/superagent,archived_evidence_found,"[""snapshot""]",snapshot_found,observed,missing,1,1,"{""checked_at"":""2026-09-23T19:55:54Z"",""candidates"":[""https://github.com/forwardemail/superagent"",""https://github.com/forwardemail/superagent.git"",""https://github.com/ladjs/superagent"",""https://github.com/ladjs/superagent.git"",""https://github.com/visionmedia/superagent"",""https://github.com/visionmedia/superagent.git""],""observations"":[{""origin"":""https://github.com/forwardemail/superagent"",""status"":""full"",""visit"":{""origin"":""https://github.com/forwardemail/superagent"",""visit"":2,""date"":""2026-01-20T12:18:22.364000+00:00"",""status"":""full"",""snapshot"":""a7970d1648f2cf8ffe080ec2f95b4503d2e53bf2"",""type"":""git"",""metadata"":{},""origin_visit_url"":""https://archive.softwareheritage.org/api/1/origin/https://github.com/forwardemail/superagent/visit/2/"",""snapshot_url"":""https://archive.softwareheritage.org/api/1/snapshot/a7970d1648f2cf8ffe080ec2f95b4503d2e53bf2/""},""evidence"":[{""url"":""https://archive.softwareheritage.org/api/1/origin/https%3A%2F%2Fgithub.com%2Fforwardemail%2Fsuperagent/visits/?per_page=100"",""fetched_at"":""2026-09-23T19:55:54Z"",""cache_file"":""64c73159d4f6885982226ac73d24bf50efb294bc52e1eea2b28eeb61e17e168e.json.gz"",""status"":200}]}],""incomplete_reasons"":[]}"
https://github.com/laravel/framework,archived_evidence_found,"[""snapshot""]",snapshot_found,observed,missing,1,0,"{""checked_at"":""2026-09-23T19:55:55Z"",""candidates"":[""https://github.com/laravel/framework"",""https://github.com/laravel/framework.git""],""observations"":[{""origin"":""https://github.com/laravel/framework"",""status"":""full"",""visit"":{""origin"":""https://github.com/laravel/framework"",""visit"":233,""date"":""2026-09-14T02:18:24.755000+00:00"",""status"":""full"",""snapshot"":""d673f23f42f9fa9169087e5460ab7596f3b7f994"",""type"":""git"",""metadata"":{},""origin_visit_url"":""https://archive.softwareheritage.org/api/1/origin/https://github.com/laravel/framework/visit/233/"",""snapshot_url"":""https://archive.softwareheritage.org/api/1/snapshot/d673f23f42f9fa9169087e5460ab7596f3b7f994/""},""evidence"":[{""url"":""https://archive.softwareheritage.org/api/1/origin/https%3A%2F%2Fgithub.com%2Flaravel%2Fframework/visits/?per_page=100"",""fetched_at"":""2026-09-23T19:55:55Z"",""cache_file"":""a30a05b865417db55eb3f3bcda6eedbf5434a504b852ba155c0cdb68f2722def.json.gz"",""status"":200}]}],""incomplete_reasons"":[]}"
https://github.com/laravel/pint,archived_evidence_found,"[""snapshot""]",snapshot_found,observed,missing,1,1,"{""checked_at"":""2026-09-23T19:55:55Z"",""candidates"":[""https://github.com/laravel/pint"",""https://github.com/laravel/pint.git""],""observations"":[{""origin"":""https://github.com/laravel/pint"",""status"":""full"",""visit"":{""origin"":""https://github.com/laravel/pint"",""visit"":36,""date"":""2026-06-16T13:14:41.034000+00:00"",""status"":""full"",""snapshot"":""854fca50eabf571d0d79671bac20acc0d76b990a"",""type"":""git"",""metadata"":{},""origin_visit_url"":""https://archive.softwareheritage.org/api/1/origin/https://github.com/laravel/pint/visit/36/"",""snapshot_url"":""https://archive.softwareheritage.org/api/1/snapshot/854fca50eabf571d0d79671bac20acc0d76b990a/""},""evidence"":[{""url"":""https://archive.softwareheritage.org/api/1/origin/https%3A%2F%2Fgithub.com%2Flaravel%2Fpint/visits/?per_page=100"",""fetched_at"":""2026-09-23T19:55:55Z"",""cache_file"":""34ec4caf16febbdabccd9769d054c33f641ce71d354657d4b10b1d816cdb67fb.json.gz"",""status"":200}]}],""incomplete_reasons"":[]}"
https://github.com/laravel/serializable-closure,archived_evidence_found,"[""snapshot""]",snapshot_found,observed,missing,1,0,"{""checked_at"":""2026-09-23T19:55:56Z"",""candidates"":[""https://github.com/laravel/serializable-closure"",""https://github.com/laravel/serializable-closure.git""],""observations"":[{""origin"":""https://github.com/laravel/serializable-closure"",""status"":""full"",""visit"":{""origin"":""https://github.com/laravel/serializable-closure"",""visit"":21,""date"":""2026-08-14T03:24:50.763000+00:00"",""status"":""full"",""snapshot"":""de7982fb3ad358a46758d27541efbc0749e9633f"",""type"":""git"",""metadata"":{},""origin_visit_url"":""https://archive.softwareheritage.org/api/1/origin/https://github.com/laravel/serializable-closure/visit/21/"",""snapshot_url"":""https://archive.softwareheritage.org/api/1/snapshot/de7982fb3ad358a46758d27541efbc0749e9633f/""},""evidence"":[{""url"":""https://archive.softwareheritage.org/api/1/origin/https%3A%2F%2Fgithub.com%2Flaravel%2Fserializable-closure/visits/?per_page=100"",""fetched_at"":""2026-09-23T19:55:56Z"",""cache_file"":""b2dd201722cfad216b15fa086afbda8448fba464c454a63f272fd180ac33b96a.json.gz"",""status"":200}]}],""incomplete_reasons"":[]}"
https://github.com/laravel/socialite,archived_evidence_found,"[""snapshot""]",snapshot_found,observed,missing,1,0,"{""checked_at"":""2026-09-23T19:55:56Z"",""candidates"":[""https://github.com/laravel/socialite"",""https://github.com/laravel/socialite.git""],""observations"":[{""origin"":""https://github.com/laravel/socialite"",""status"":""full"",""visit"":{""origin"":""https://github.com/laravel/socialite"",""visit"":164,""date"":""2026-08-29T07:59:35.674000+00:00"",""status"":""full"",""snapshot"":""a19acaf58c1bddf79ff953b6350a0d99443fa7ba"",""type"":""git"",""metadata"":{},""origin_visit_url"":""https://archive.softwareheritage.org/api/1/origin/https://github.com/laravel/socialite/visit/164/"",""snapshot_url"":""https://archive.softwareheritage.org/api/1/snapshot/a19acaf58c1bddf79ff953b6350a0d99443fa7ba/""},""evidence"":[{""url"":""https://archive.softwareheritage.org/api/1/origin/https%3A%2F%2Fgithub.com%2Flaravel%2Fsocialite/visits/?per_page=100"",""fetched_at"":""2026-09-23T19:55:56Z"",""cache_file"":""e3b144b0d81654703359d0e6bf02d0d80037517d55c85d4233b2b4917cd15581.json.gz"",""status"":200}]}],""incomplete_reasons"":[]}"
https://github.com/lau/tzdata,archived_evidence_found,"[""snapshot""]",snapshot_found,observed,missing,1,0,"{""checked_at"":""2026-09-23T19:55:57Z"",""candidates"":[""https://github.com/lau/tzdata"",""https://github.com/lau/tzdata.git""],""observations"":[{""origin"":""https://github.com/lau/tzdata"",""status"":""full"",""visit"":{""origin"":""https://github.com/lau/tzdata"",""visit"":35,""date"":""2026-09-01T05:42:16.286000+00:00"",""status"":""full"",""snapshot"":""75133997f8d7ce82a863c34f7d0635c00058caf5"",""type"":""git"",""metadata"":{},""origin_visit_url"":""https://archive.softwareheritage.org/api/1/origin/https://github.com/lau/tzdata/visit/35/"",""snapshot_url"":""https://archive.softwareheritage.org/api/1/snapshot/75133997f8d7ce82a863c34f7d0635c00058caf5/""},""evidence"":[{""url"":""https://archive.softwareheritage.org/api/1/origin/https%3A%2F%2Fgithub.com%2Flau%2Ftzdata/visits/?per_page=100"",""fetched_at"":""2026-09-23T19:55:57Z"",""cache_file"":""2d546eaae30f22fdcdce92d18bbdfa52b8c8083995cebb1b177054fbf75a3d95.json.gz"",""status"":200}]}],""incomplete_reasons"":[]}"
https://github.com/liip/liipimaginebundle,archived_evidence_found,"[""snapshot""]",snapshot_found,observed,missing,1,0,"{""checked_at"":""2026-09-23T19:55:58Z"",""candidates"":[""https://github.com/liip/LiipImagineBundle"",""https://github.com/liip/LiipImagineBundle.git"",""https://github.com/liip/liipimaginebundle"",""https://github.com/liip/liipimaginebundle.git""],""observations"":[{""origin"":""https://github.com/liip/LiipImagineBundle"",""status"":""full"",""visit"":{""origin"":""https://github.com/liip/LiipImagineBundle"",""visit"":149,""date"":""2026-07-13T19:07:57.066000+00:00"",""status"":""full"",""snapshot"":""9aad253c76cd5e180fbb3786d426aa13bd342309"",""type"":""git"",""metadata"":{},""origin_visit_url"":""https://archive.softwareheritage.org/api/1/origin/https://github.com/liip/LiipImagineBundle/visit/149/"",""snapshot_url"":""https://archive.softwareheritage.org/api/1/snapshot/9aad253c76cd5e180fbb3786d426aa13bd342309/""},""evidence"":[{""url"":""https://archive.softwareheritage.org/api/1/origin/https%3A%2F%2Fgithub.com%2Fliip%2FLiipImagineBundle/visits/?per_page=100"",""fetched_at"":""2026-09-23T19:55:58Z"",""cache_file"":""edca1855ebef832b97f82b9217373816a2ad27a0c16202fd010244137a4a7ec1.json.gz"",""status"":200}]}],""incomplete_reasons"":[]}"
https://github.com/livewire/livewire,archived_evidence_found,"[""snapshot""]",snapshot_found,observed,missing,1,0,"{""checked_at"":""2026-09-23T19:55:58Z"",""candidates"":[""https://github.com/livewire/livewire"",""https://github.com/livewire/livewire.git""],""observations"":[{""origin"":""https://github.com/livewire/livewire"",""status"":""full"",""visit"":{""origin"":""https://github.com/livewire/livewire"",""visit"":196,""date"":""2026-07-28T09:09:15.891000+00:00"",""status"":""full"",""snapshot"":""2929618768a4e9c33dde3f14c58d7a7854bdba34"",""type"":""git"",""metadata"":{},""origin_visit_url"":""https://archive.softwareheritage.org/api/1/origin/https://github.com/livewire/livewire/visit/196/"",""snapshot_url"":""https://archive.softwareheritage.org/api/1/snapshot/2929618768a4e9c33dde3f14c58d7a7854bdba34/""},""evidence"":[{""url"":""https://archive.softwareheritage.org/api/1/origin/https%3A%2F%2Fgithub.com%2Flivewire%2Flivewire/visits/?per_page=100"",""fetched_at"":""2026-09-23T19:55:58Z"",""cache_file"":""2c6a7daeb2a4fd855e7203dfa2bf5de8464064077ed518365e4d4ddbb0dd5f0c.json.gz"",""status"":200}]}],""incomplete_reasons"":[]}"
https://github.com/ljharb/ent,no_snapshot_at_checked_origins,[],origin_not_found,observed,missing,1,1,"{""checked_at"":""2026-09-23T19:55:59Z"",""candidates"":[""https://github.com/ljharb/ent"",""https://github.com/ljharb/ent.git""],""observations"":[{""origin"":""https://github.com/ljharb/ent"",""status"":""not_found"",""evidence"":[{""url"":""https://archive.softwareheritage.org/api/1/origin/https%3A%2F%2Fgithub.com%2Fljharb%2Fent/visits/?per_page=100"",""fetched_at"":""2026-09-23T19:55:59Z"",""cache_file"":""6e86c791eb70bc78f1ce2e29081c86e9faff917eed5d06ad93f810ea14f309ba.json.gz"",""status"":404}]},{""origin"":""https://github.com/ljharb/ent.git"",""status"":""not_found"",""evidence"":[{""url"":""https://archive.softwareheritage.org/api/1/origin/https%3A%2F%2Fgithub.com%2Fljharb%2Fent.git/visits/?per_page=100"",""fetched_at"":""2026-09-23T19:55:59Z"",""cache_file"":""f9d6e57e80136a70f60a80b9c311bca57489b77efcf4ff9377c5320a4668faed.json.gz"",""status"":404}]}],""incomplete_reasons"":[]}"
https://github.com/ljharb/es-object-atoms,archived_evidence_found,"[""snapshot""]",snapshot_found,observed,missing,1,1,"{""checked_at"":""2026-09-23T19:56:01Z"",""candidates"":[""https://github.com/es-shims/es-object-atoms"",""https://github.com/es-shims/es-object-atoms.git"",""https://github.com/ljharb/es-object"",""https://github.com/ljharb/es-object-atoms"",""https://github.com/ljharb/es-object-atoms.git"",""https://github.com/ljharb/es-object.git""],""observations"":[{""origin"":""https://github.com/es-shims/es-object-atoms"",""status"":""not_found"",""evidence"":[{""url"":""https://archive.softwareheritage.org/api/1/origin/https%3A%2F%2Fgithub.com%2Fes-shims%2Fes-object-atoms/visits/?per_page=100"",""fetched_at"":""2026-09-23T19:56:00Z"",""cache_file"":""461008b6208796ef204c1ed70484142d4633b4bf83639edd47997fc9ae065e24.json.gz"",""status"":404}]},{""origin"":""https://github.com/es-shims/es-object-atoms.git"",""status"":""not_found"",""evidence"":[{""url"":""https://archive.softwareheritage.org/api/1/origin/https%3A%2F%2Fgithub.com%2Fes-shims%2Fes-object-atoms.git/visits/?per_page=100"",""fetched_at"":""2026-09-23T19:56:00Z"",""cache_file"":""1d3b34d7618c0938dd999263f07b824f83c2783b208734eeb8aa5c962f932dfd.json.gz"",""status"":404}]},{""origin"":""https://github.com/ljharb/es-object"",""status"":""not_found"",""evidence"":[{""url"":""https://archive.softwareheritage.org/api/1/origin/https%3A%2F%2Fgithub.com%2Fljharb%2Fes-object/visits/?per_page=100"",""fetched_at"":""2026-09-23T19:56:00Z"",""cache_file"":""877f3bd333ba6c47dc1707adf40423e1ffeb81e6c5327668f71f89ab27002327.json.gz"",""status"":404}]},{""origin"":""https://github.com/ljharb/es-object-atoms"",""status"":""full"",""visit"":{""origin"":""https://github.com/ljharb/es-object-atoms"",""visit"":1,""date"":""2025-11-29T20:52:56.672000+00:00"",""status"":""full"",""snapshot"":""02a64eee1b3b8c91b83a35f8e43114126199d213"",""type"":""git"",""metadata"":{},""origin_visit_url"":""https://archive.softwareheritage.org/api/1/origin/https://github.com/ljharb/es-object-atoms/visit/1/"",""snapshot_url"":""https://archive.softwareheritage.org/api/1/snapshot/02a64eee1b3b8c91b83a35f8e43114126199d213/""},""evidence"":[{""url"":""https://archive.softwareheritage.org/api/1/origin/https%3A%2F%2Fgithub.com%2Fljharb%2Fes-object-atoms/visits/?per_page=100"",""fetched_at"":""2026-09-23T19:56:01Z"",""cache_file"":""fdc7954ed6dc026a23abfed630c305c5d39382a26cd5a192ffe0e2ba0da8ab58.json.gz"",""status"":200}]}],""incomplete_reasons"":[]}"
https://github.com/ljharb/possible-typed-array-names,no_snapshot_at_checked_origins,[],origin_not_found,observed,missing,1,1,"{""checked_at"":""2026-09-23T19:56:02Z"",""candidates"":[""https://github.com/ljharb/possible-typed-array-names"",""https://github.com/ljharb/possible-typed-array-names.git""],""observations"":[{""origin"":""https://github.com/ljharb/possible-typed-array-names"",""status"":""not_found"",""evidence"":[{""url"":""https://archive.softwareheritage.org/api/1/origin/https%3A%2F%2Fgithub.com%2Fljharb%2Fpossible-typed-array-names/visits/?per_page=100"",""fetched_at"":""2026-09-23T19:56:01Z"",""cache_file"":""c6f326fde5e6b461c7f350e325e45350874355c0aeb46fd9ebb049cf42d9ae91.json.gz"",""status"":404}]},{""origin"":""https://github.com/ljharb/possible-typed-array-names.git"",""status"":""not_found"",""evidence"":[{""url"":""https://archive.softwareheritage.org/api/1/origin/https%3A%2F%2Fgithub.com%2Fljharb%2Fpossible-typed-array-names.git/visits/?per_page=100"",""fetched_at"":""2026-09-23T19:56:02Z"",""cache_file"":""c047d8263f6bd010babc5ea2471b517b6dce10092ca301d53e6ad207d83fc85b.json.gz"",""status"":404}]}],""incomplete_reasons"":[]}"
https://github.com/lokathor/tinyvec,archived_evidence_found,"[""snapshot""]",snapshot_found,observed,missing,1,1,"{""checked_at"":""2026-09-23T19:56:03Z"",""candidates"":[""https://github.com/Lokathor/tinyvec"",""https://github.com/Lokathor/tinyvec.git"",""https://github.com/lokathor/tinyvec"",""https://github.com/lokathor/tinyvec.git""],""observations"":[{""origin"":""https://github.com/Lokathor/tinyvec"",""status"":""full"",""visit"":{""origin"":""https://github.com/Lokathor/tinyvec"",""visit"":31,""date"":""2026-08-07T07:42:36.496000+00:00"",""status"":""full"",""snapshot"":""9738bf6e44fb50d99826d4688b086a7185ab6120"",""type"":""git"",""metadata"":{},""origin_visit_url"":""https://archive.softwareheritage.org/api/1/origin/https://github.com/Lokathor/tinyvec/visit/31/"",""snapshot_url"":""https://archive.softwareheritage.org/api/1/snapshot/9738bf6e44fb50d99826d4688b086a7185ab6120/""},""evidence"":[{""url"":""https://archive.softwareheritage.org/api/1/origin/https%3A%2F%2Fgithub.com%2FLokathor%2Ftinyvec/visits/?per_page=100"",""fetched_at"":""2026-09-23T19:56:02Z"",""cache_file"":""691db5597a8754ddeedadaddd5fd26c6c30451719269fdb7dfecf031c1d9d822.json.gz"",""status"":200}]}],""incomplete_reasons"":[]}"
https://github.com/magiconair/properties,archived_evidence_found,"[""snapshot""]",snapshot_found,observed,missing,1,1,"{""checked_at"":""2026-09-23T19:56:05Z"",""candidates"":[""https://github.com/magiconair/go-properties"",""https://github.com/magiconair/go-properties.git"",""https://github.com/magiconair/goproperties"",""https://github.com/magiconair/goproperties.git"",""https://github.com/magiconair/properties"",""https://github.com/magiconair/properties.git""],""observations"":[{""origin"":""https://github.com/magiconair/go-properties"",""status"":""not_found"",""evidence"":[{""url"":""https://archive.softwareheritage.org/api/1/origin/https%3A%2F%2Fgithub.com%2Fmagiconair%2Fgo-properties/visits/?per_page=100"",""fetched_at"":""2026-09-23T19:56:03Z"",""cache_file"":""9f496e74278fa26f214f0166562e7bac0a0fb8a91aa35a871012678a4062697d.json.gz"",""status"":404}]},{""origin"":""https://github.com/magiconair/go-properties.git"",""status"":""not_found"",""evidence"":[{""url"":""https://archive.softwareheritage.org/api/1/origin/https%3A%2F%2Fgithub.com%2Fmagiconair%2Fgo-properties.git/visits/?per_page=100"",""fetched_at"":""2026-09-23T19:56:03Z"",""cache_file"":""061c3f3fac6142a76d50e0a6936c90641f86fe8a6949b113de4ad2171b690f9d.json.gz"",""status"":404}]},{""origin"":""https://github.com/magiconair/goproperties"",""status"":""not_found"",""evidence"":[{""url"":""https://archive.softwareheritage.org/api/1/origin/https%3A%2F%2Fgithub.com%2Fmagiconair%2Fgoproperties/visits/?per_page=100"",""fetched_at"":""2026-09-23T19:56:04Z"",""cache_file"":""98fe35233b3d9e28003e32b8d4d8a349da280d01322b6ab26b6721a65df7e3e5.json.gz"",""status"":404}]},{""origin"":""https://github.com/magiconair/goproperties.git"",""status"":""not_found"",""evidence"":[{""url"":""https://archive.softwareheritage.org/api/1/origin/https%3A%2F%2Fgithub.com%2Fmagiconair%2Fgoproperties.git/visits/?per_page=100"",""fetched_at"":""2026-09-23T19:56:04Z"",""cache_file"":""5142b2cde9ea97efe033edfae38e6c9717144795a86b2b42c2d90ec6349b17ce.json.gz"",""status"":404}]},{""origin"":""https://github.com/magiconair/properties"",""status"":""full"",""visit"":{""origin"":""https://github.com/magiconair/properties"",""visit"":1624,""date"":""2026-09-23T11:50:07.257000+00:00"",""status"":""full"",""snapshot"":""7727b1d35c779f74aa00f4b9e15f1beb256262b1"",""type"":""git-checkout"",""metadata"":{},""origin_visit_url"":""https://archive.softwareheritage.org/api/1/origin/https://github.com/magiconair/properties/visit/1624/"",""snapshot_url"":""https://archive.softwareheritage.org/api/1/snapshot/7727b1d35c779f74aa00f4b9e15f1beb256262b1/""},""evidence"":[{""url"":""https://archive.softwareheritage.org/api/1/origin/https%3A%2F%2Fgithub.com%2Fmagiconair%2Fproperties/visits/?per_page=100"",""fetched_at"":""2026-09-23T19:56:05Z"",""cache_file"":""2bc80bb8a50172ac271915ab252a91298a945908059d8a1569cb11c8709cf3c1.json.gz"",""status"":200}]}],""incomplete_reasons"":[]}"
https://github.com/markedjs/marked,archived_evidence_found,"[""snapshot""]",snapshot_found,observed,missing,1,0,"{""checked_at"":""2026-09-23T19:56:06Z"",""candidates"":[""https://github.com/chjj/marked"",""https://github.com/chjj/marked.git"",""https://github.com/markedjs/marked"",""https://github.com/markedjs/marked.git""],""observations"":[{""origin"":""https://github.com/chjj/marked"",""status"":""full"",""visit"":{""origin"":""https://github.com/chjj/marked"",""visit"":28,""date"":""2026-04-15T17:11:26.887000+00:00"",""status"":""full"",""snapshot"":""a59fb8b14f54fcb7490ffd14c16e7a0fc248fe6e"",""type"":""git"",""metadata"":{},""origin_visit_url"":""https://archive.softwareheritage.org/api/1/origin/https://github.com/chjj/marked/visit/28/"",""snapshot_url"":""https://archive.softwareheritage.org/api/1/snapshot/a59fb8b14f54fcb7490ffd14c16e7a0fc248fe6e/""},""evidence"":[{""url"":""https://archive.softwareheritage.org/api/1/origin/https%3A%2F%2Fgithub.com%2Fchjj%2Fmarked/visits/?per_page=100"",""fetched_at"":""2026-09-23T19:56:06Z"",""cache_file"":""3e6aef0d31dbfa7566e15317a1cc958199e80460a67c4277f263b0d668513bea.json.gz"",""status"":200}]}],""incomplete_reasons"":[]}"
https://github.com/mathiasbynens/emoji-regex,archived_evidence_found,"[""snapshot""]",snapshot_found,observed,missing,1,1,"{""checked_at"":""2026-09-23T19:56:06Z"",""candidates"":[""https://github.com/mathiasbynens/emoji-regex"",""https://github.com/mathiasbynens/emoji-regex.git""],""observations"":[{""origin"":""https://github.com/mathiasbynens/emoji-regex"",""status"":""full"",""visit"":{""origin"":""https://github.com/mathiasbynens/emoji-regex"",""visit"":67,""date"":""2026-05-20T18:44:14.073000+00:00"",""status"":""full"",""snapshot"":""07bcfb6fd86bb779f1156bc9f1b5eb00c89786c7"",""type"":""git"",""metadata"":{},""origin_visit_url"":""https://archive.softwareheritage.org/api/1/origin/https://github.com/mathiasbynens/emoji-regex/visit/67/"",""snapshot_url"":""https://archive.softwareheritage.org/api/1/snapshot/07bcfb6fd86bb779f1156bc9f1b5eb00c89786c7/""},""evidence"":[{""url"":""https://archive.softwareheritage.org/api/1/origin/https%3A%2F%2Fgithub.com%2Fmathiasbynens%2Femoji-regex/visits/?per_page=100"",""fetched_at"":""2026-09-23T19:56:06Z"",""cache_file"":""4f14b4ad343cf910e44d47ed9fe69306bd4cc90e2998843ab43c507438c5de5d.json.gz"",""status"":200}]}],""incomplete_reasons"":[]}"
https://github.com/matplotlib/matplotlib,archived_evidence_found,"[""snapshot"",""tag_target_revision"",""annotated_release""]",snapshot_found,observed,missing,0,1,"{""checked_at"":""2026-09-24T08:44:08Z"",""candidates"":[""https://github.com/matplotlib/matplotlib"",""https://github.com/matplotlib/matplotlib.git""],""observations"":[{""origin"":""https://github.com/matplotlib/matplotlib"",""status"":""full"",""visit"":{""origin"":""https://github.com/matplotlib/matplotlib"",""visit"":755,""date"":""2026-09-24T00:26:56.299000+00:00"",""status"":""full"",""snapshot"":""c1566a7b6c37d6b04a4dcfc47717c84821dc7051"",""type"":""git-checkout"",""metadata"":{},""origin_visit_url"":""https://archive.softwareheritage.org/api/1/origin/https://github.com/matplotlib/matplotlib/visit/755/"",""snapshot_url"":""https://archive.softwareheritage.org/api/1/snapshot/c1566a7b6c37d6b04a4dcfc47717c84821dc7051/""},""evidence"":[{""url"":""https://archive.softwareheritage.org/api/1/origin/https%3A%2F%2Fgithub.com%2Fmatplotlib%2Fmatplotlib/visits/?per_page=100"",""fetched_at"":""2026-09-24T08:44:07Z"",""cache_file"":""a58a93ea177ce5dacc011f174ed9a6b9d900f729dcdfc957e89ff99aae7c6982.json.gz"",""status"":200}]}],""incomplete_reasons"":[]}"
https://github.com/mattn/go-shellwords,archived_evidence_found,"[""snapshot""]",snapshot_found,observed,missing,1,0,"{""checked_at"":""2026-09-23T19:56:07Z"",""candidates"":[""https://github.com/mattn/go-shellwords"",""https://github.com/mattn/go-shellwords.git""],""observations"":[{""origin"":""https://github.com/mattn/go-shellwords"",""status"":""full"",""visit"":{""origin"":""https://github.com/mattn/go-shellwords"",""visit"":1567,""date"":""2026-09-23T11:05:42.305000+00:00"",""status"":""full"",""snapshot"":""95c10d868c2c1426e6211119b1cf820d7cacbcdc"",""type"":""git-checkout"",""metadata"":{},""origin_visit_url"":""https://archive.softwareheritage.org/api/1/origin/https://github.com/mattn/go-shellwords/visit/1567/"",""snapshot_url"":""https://archive.softwareheritage.org/api/1/snapshot/95c10d868c2c1426e6211119b1cf820d7cacbcdc/""},""evidence"":[{""url"":""https://archive.softwareheritage.org/api/1/origin/https%3A%2F%2Fgithub.com%2Fmattn%2Fgo-shellwords/visits/?per_page=100"",""fetched_at"":""2026-09-23T19:56:07Z"",""cache_file"":""dfcdb5db89675239e87b5c30f054a87231ef9cf63d91127bcba6ef63e159f410.json.gz"",""status"":200}]}],""incomplete_reasons"":[]}"
https://github.com/mesqueeb/copy-anything,archived_evidence_found,"[""snapshot""]",snapshot_found,observed,missing,1,1,"{""checked_at"":""2026-09-23T19:56:12Z"",""candidates"":[""https://github.com/mesqueeb/copy-anything"",""https://github.com/mesqueeb/copy-anything.git""],""observations"":[{""origin"":""https://github.com/mesqueeb/copy-anything"",""status"":""full"",""visit"":{""origin"":""https://github.com/mesqueeb/copy-anything"",""visit"":47,""date"":""2026-09-10T18:29:02.491000+00:00"",""status"":""full"",""snapshot"":""f01e55b245682bf6979e1d8a1845f55ff48831c4"",""type"":""git"",""metadata"":{},""origin_visit_url"":""https://archive.softwareheritage.org/api/1/origin/https://github.com/mesqueeb/copy-anything/visit/47/"",""snapshot_url"":""https://archive.softwareheritage.org/api/1/snapshot/f01e55b245682bf6979e1d8a1845f55ff48831c4/""},""evidence"":[{""url"":""https://archive.softwareheritage.org/api/1/origin/https%3A%2F%2Fgithub.com%2Fmesqueeb%2Fcopy-anything/visits/?per_page=100"",""fetched_at"":""2026-09-23T19:56:12Z"",""cache_file"":""04528bef9f73ce8cd84bfcddcee36ecf591d60647fe9f893bcfd7f3e184e5b17.json.gz"",""status"":200}]}],""incomplete_reasons"":[]}"
https://github.com/metosin/jsonista,archived_evidence_found,"[""snapshot""]",snapshot_found,observed,missing,1,0,"{""checked_at"":""2026-09-23T19:56:13Z"",""candidates"":[""https://github.com/metosin/jsonista"",""https://github.com/metosin/jsonista.git""],""observations"":[{""origin"":""https://github.com/metosin/jsonista"",""status"":""full"",""visit"":{""origin"":""https://github.com/metosin/jsonista"",""visit"":80,""date"":""2026-08-30T17:45:24.171000+00:00"",""status"":""full"",""snapshot"":""3a4f96e01fcd1c5a00513199bb14b5369788ac2f"",""type"":""git"",""metadata"":{},""origin_visit_url"":""https://archive.softwareheritage.org/api/1/origin/https://github.com/metosin/jsonista/visit/80/"",""snapshot_url"":""https://archive.softwareheritage.org/api/1/snapshot/3a4f96e01fcd1c5a00513199bb14b5369788ac2f/""},""evidence"":[{""url"":""https://archive.softwareheritage.org/api/1/origin/https%3A%2F%2Fgithub.com%2Fmetosin%2Fjsonista/visits/?per_page=100"",""fetched_at"":""2026-09-23T19:56:13Z"",""cache_file"":""becae334023db75667cdb155a81b247423d34316c5339d3aa8ae614b56830179.json.gz"",""status"":200}]}],""incomplete_reasons"":[]}"
https://github.com/metosin/reitit,archived_evidence_found,"[""snapshot""]",snapshot_found,observed,missing,1,0,"{""checked_at"":""2026-09-23T19:56:14Z"",""candidates"":[""https://github.com/metosin/reitit"",""https://github.com/metosin/reitit.git""],""observations"":[{""origin"":""https://github.com/metosin/reitit"",""status"":""full"",""visit"":{""origin"":""https://github.com/metosin/reitit"",""visit"":194,""date"":""2026-09-03T03:38:42.488000+00:00"",""status"":""full"",""snapshot"":""ec278111c77d70e6cb2426dc6836c957d700786b"",""type"":""git"",""metadata"":{},""origin_visit_url"":""https://archive.softwareheritage.org/api/1/origin/https://github.com/metosin/reitit/visit/194/"",""snapshot_url"":""https://archive.softwareheritage.org/api/1/snapshot/ec278111c77d70e6cb2426dc6836c957d700786b/""},""evidence"":[{""url"":""https://archive.softwareheritage.org/api/1/origin/https%3A%2F%2Fgithub.com%2Fmetosin%2Freitit/visits/?per_page=100"",""fetched_at"":""2026-09-23T19:56:14Z"",""cache_file"":""3ba5c0b5abcb37225a6391738e5148285a5c75148ae3d89de0c1f3f50bc812e2.json.gz"",""status"":200}]}],""incomplete_reasons"":[]}"
https://github.com/metosin/schema-tools,archived_evidence_found,"[""snapshot""]",snapshot_found,observed,missing,1,0,"{""checked_at"":""2026-09-23T19:56:14Z"",""candidates"":[""https://github.com/metosin/schema-tools"",""https://github.com/metosin/schema-tools.git""],""observations"":[{""origin"":""https://github.com/metosin/schema-tools"",""status"":""full"",""visit"":{""origin"":""https://github.com/metosin/schema-tools"",""visit"":39,""date"":""2026-08-10T19:38:59.013000+00:00"",""status"":""full"",""snapshot"":""ed5a748563dbc431ddac947acbce12df6e52cae2"",""type"":""git"",""metadata"":{},""origin_visit_url"":""https://archive.softwareheritage.org/api/1/origin/https://github.com/metosin/schema-tools/visit/39/"",""snapshot_url"":""https://archive.softwareheritage.org/api/1/snapshot/ed5a748563dbc431ddac947acbce12df6e52cae2/""},""evidence"":[{""url"":""https://archive.softwareheritage.org/api/1/origin/https%3A%2F%2Fgithub.com%2Fmetosin%2Fschema-tools/visits/?per_page=100"",""fetched_at"":""2026-09-23T19:56:14Z"",""cache_file"":""7671a594c466ac1077b876353caa4d7797fe907d83bc39a64a1a1d647b81f92b.json.gz"",""status"":200}]}],""incomplete_reasons"":[]}"
https://github.com/mgeisler/smawk,no_snapshot_at_checked_origins,[],no_snapshot,observed,missing,1,0,"{""checked_at"":""2026-09-23T19:56:15Z"",""candidates"":[""https://github.com/mgeisler/smawk"",""https://github.com/mgeisler/smawk.git""],""observations"":[{""origin"":""https://github.com/mgeisler/smawk"",""status"":""no_snapshot"",""evidence"":[{""url"":""https://archive.softwareheritage.org/api/1/origin/https%3A%2F%2Fgithub.com%2Fmgeisler%2Fsmawk/visits/?per_page=100"",""fetched_at"":""2026-09-23T19:56:15Z"",""cache_file"":""53703af171f586a402eb6829d5259be94503a62e06482f0e35cc35c05c40578e.json.gz"",""status"":200}]},{""origin"":""https://github.com/mgeisler/smawk.git"",""status"":""not_found"",""evidence"":[{""url"":""https://archive.softwareheritage.org/api/1/origin/https%3A%2F%2Fgithub.com%2Fmgeisler%2Fsmawk.git/visits/?per_page=100"",""fetched_at"":""2026-09-23T19:56:15Z"",""cache_file"":""c8f2af31708870543caca69aba24d62739c0aab9591f7668731df36627313e4a.json.gz"",""status"":404}]}],""incomplete_reasons"":[]}"
https://github.com/microsoft/playwright,archived_evidence_found,"[""snapshot""]",snapshot_found,observed,missing,1,0,"{""checked_at"":""2026-09-23T19:56:16Z"",""candidates"":[""https://github.com/microsoft/playwright"",""https://github.com/microsoft/playwright.git""],""observations"":[{""origin"":""https://github.com/microsoft/playwright"",""status"":""full"",""visit"":{""origin"":""https://github.com/microsoft/playwright"",""visit"":702,""date"":""2026-09-23T12:20:26.746000+00:00"",""status"":""full"",""snapshot"":""be2b5f5c952032a7278172ce7ada890730134556"",""type"":""git-checkout"",""metadata"":{},""origin_visit_url"":""https://archive.softwareheritage.org/api/1/origin/https://github.com/microsoft/playwright/visit/702/"",""snapshot_url"":""https://archive.softwareheritage.org/api/1/snapshot/be2b5f5c952032a7278172ce7ada890730134556/""},""evidence"":[{""url"":""https://archive.softwareheritage.org/api/1/origin/https%3A%2F%2Fgithub.com%2Fmicrosoft%2Fplaywright/visits/?per_page=100"",""fetched_at"":""2026-09-23T19:56:16Z"",""cache_file"":""9308ad318082fd7ec516c58918104e4e60728cc43df64dce518f8cbe1c2e6ebc.json.gz"",""status"":200}]}],""incomplete_reasons"":[]}"
https://github.com/microsoft/testfx,archived_evidence_found,"[""snapshot""]",snapshot_found,observed,missing,1,1,"{""checked_at"":""2026-09-23T19:56:16Z"",""candidates"":[""https://github.com/microsoft/testfx"",""https://github.com/microsoft/testfx.git""],""observations"":[{""origin"":""https://github.com/microsoft/testfx"",""status"":""full"",""visit"":{""origin"":""https://github.com/microsoft/testfx"",""visit"":202,""date"":""2026-08-11T20:17:52.212000+00:00"",""status"":""full"",""snapshot"":""59242c2f28ec498fb1ceb3979a8df604e55dea33"",""type"":""git"",""metadata"":{},""origin_visit_url"":""https://archive.softwareheritage.org/api/1/origin/https://github.com/microsoft/testfx/visit/202/"",""snapshot_url"":""https://archive.softwareheritage.org/api/1/snapshot/59242c2f28ec498fb1ceb3979a8df604e55dea33/""},""evidence"":[{""url"":""https://archive.softwareheritage.org/api/1/origin/https%3A%2F%2Fgithub.com%2Fmicrosoft%2Ftestfx/visits/?per_page=100"",""fetched_at"":""2026-09-23T19:56:16Z"",""cache_file"":""400d15d59edd92d2f5664b018a113286eccd2bf70a7dfa0c0814bfe7b4b5a383.json.gz"",""status"":200}]}],""incomplete_reasons"":[]}"
https://github.com/microsoft/vstest,archived_evidence_found,"[""snapshot""]",snapshot_found,observed,missing,1,0,"{""checked_at"":""2026-09-23T19:56:17Z"",""candidates"":[""https://github.com/microsoft/vstest"",""https://github.com/microsoft/vstest.git""],""observations"":[{""origin"":""https://github.com/microsoft/vstest"",""status"":""full"",""visit"":{""origin"":""https://github.com/microsoft/vstest"",""visit"":179,""date"":""2026-09-12T11:42:07.120000+00:00"",""status"":""full"",""snapshot"":""acbe89ed17d2533927c42f95e4a560c3a50a45c8"",""type"":""git"",""metadata"":{},""origin_visit_url"":""https://archive.softwareheritage.org/api/1/origin/https://github.com/microsoft/vstest/visit/179/"",""snapshot_url"":""https://archive.softwareheritage.org/api/1/snapshot/acbe89ed17d2533927c42f95e4a560c3a50a45c8/""},""evidence"":[{""url"":""https://archive.softwareheritage.org/api/1/origin/https%3A%2F%2Fgithub.com%2Fmicrosoft%2Fvstest/visits/?per_page=100"",""fetched_at"":""2026-09-23T19:56:17Z"",""cache_file"":""928268f3905637967926ba4f5d716dc3cae1c55bd4908c207cf44de5fa2be750.json.gz"",""status"":200}]}],""incomplete_reasons"":[]}"
https://github.com/minimagick/minimagick,archived_evidence_found,"[""snapshot""]",snapshot_found,observed,missing,1,1,"{""checked_at"":""2026-09-23T19:56:18Z"",""candidates"":[""https://github.com/minimagick/minimagick"",""https://github.com/minimagick/minimagick.git""],""observations"":[{""origin"":""https://github.com/minimagick/minimagick"",""status"":""full"",""visit"":{""origin"":""https://github.com/minimagick/minimagick"",""visit"":100,""date"":""2026-07-30T02:37:47.576000+00:00"",""status"":""full"",""snapshot"":""c81f6d615743ddcbe5b7f414a9549286f5e3251f"",""type"":""git"",""metadata"":{},""origin_visit_url"":""https://archive.softwareheritage.org/api/1/origin/https://github.com/minimagick/minimagick/visit/100/"",""snapshot_url"":""https://archive.softwareheritage.org/api/1/snapshot/c81f6d615743ddcbe5b7f414a9549286f5e3251f/""},""evidence"":[{""url"":""https://archive.softwareheritage.org/api/1/origin/https%3A%2F%2Fgithub.com%2Fminimagick%2Fminimagick/visits/?per_page=100"",""fetched_at"":""2026-09-23T19:56:18Z"",""cache_file"":""6a035d2d2e021180b9b1d989796ec3a716b00c22f65dd2304c67a91346f821e7.json.gz"",""status"":200}]}],""incomplete_reasons"":[]}"
https://github.com/moby/buildkit,archived_evidence_found,"[""snapshot"",""tag_target_revision""]",snapshot_found,observed,missing,0,1,"{""checked_at"":""2026-09-24T08:44:28Z"",""candidates"":[""https://github.com/moby/buildkit"",""https://github.com/moby/buildkit.git""],""observations"":[{""origin"":""https://github.com/moby/buildkit"",""status"":""full"",""visit"":{""origin"":""https://github.com/moby/buildkit"",""visit"":192,""date"":""2026-09-02T12:09:26.686000+00:00"",""status"":""full"",""snapshot"":""c4a19953e483d32e27d4fbd93a69f80a3f96ca34"",""type"":""git"",""metadata"":{},""origin_visit_url"":""https://archive.softwareheritage.org/api/1/origin/https://github.com/moby/buildkit/visit/192/"",""snapshot_url"":""https://archive.softwareheritage.org/api/1/snapshot/c4a19953e483d32e27d4fbd93a69f80a3f96ca34/""},""evidence"":[{""url"":""https://archive.softwareheritage.org/api/1/origin/https%3A%2F%2Fgithub.com%2Fmoby%2Fbuildkit/visits/?per_page=100"",""fetched_at"":""2026-09-24T08:44:28Z"",""cache_file"":""79e30de92acc1b4c1045b436ecba36bc26afb06ef252fa0c7aef38cf2e3be840.json.gz"",""status"":200}]}],""incomplete_reasons"":[]}"
https://github.com/mochajs/mocha,archived_evidence_found,"[""snapshot"",""tag_target_revision""]",snapshot_found,observed,missing,1,0,"{""checked_at"":""2026-09-24T08:44:39Z"",""candidates"":[""https://github.com/mochajs/mocha"",""https://github.com/mochajs/mocha.git"",""https://github.com/visionmedia/mocha"",""https://github.com/visionmedia/mocha.git""],""observations"":[{""origin"":""https://github.com/mochajs/mocha"",""status"":""full"",""visit"":{""origin"":""https://github.com/mochajs/mocha"",""visit"":172,""date"":""2026-09-03T17:00:08.954000+00:00"",""status"":""full"",""snapshot"":""eb3d16c626f156ed609809d21d2088a9b5b883ad"",""type"":""git"",""metadata"":{},""origin_visit_url"":""https://archive.softwareheritage.org/api/1/origin/https://github.com/mochajs/mocha/visit/172/"",""snapshot_url"":""https://archive.softwareheritage.org/api/1/snapshot/eb3d16c626f156ed609809d21d2088a9b5b883ad/""},""evidence"":[{""url"":""https://archive.softwareheritage.org/api/1/origin/https%3A%2F%2Fgithub.com%2Fmochajs%2Fmocha/visits/?per_page=100"",""fetched_at"":""2026-09-24T08:44:39Z"",""cache_file"":""d9251373e62e33f21cd37bd698dcd3b8a89df314ee5bae4fe32777a1daa26eb2.json.gz"",""status"":200}]}],""incomplete_reasons"":[]}"
https://github.com/mongodb/js-bson,archived_evidence_found,"[""snapshot""]",snapshot_found,observed,missing,1,0,"{""checked_at"":""2026-09-23T19:56:18Z"",""candidates"":[""https://github.com/mongodb/js-bson"",""https://github.com/mongodb/js-bson.git""],""observations"":[{""origin"":""https://github.com/mongodb/js-bson"",""status"":""full"",""visit"":{""origin"":""https://github.com/mongodb/js-bson"",""visit"":208,""date"":""2026-08-30T20:49:33.245000+00:00"",""status"":""full"",""snapshot"":""9a324c5af33fc46af5e17e51f0e863f59bcdf6a9"",""type"":""git"",""metadata"":{},""origin_visit_url"":""https://archive.softwareheritage.org/api/1/origin/https://github.com/mongodb/js-bson/visit/208/"",""snapshot_url"":""https://archive.softwareheritage.org/api/1/snapshot/9a324c5af33fc46af5e17e51f0e863f59bcdf6a9/""},""evidence"":[{""url"":""https://archive.softwareheritage.org/api/1/origin/https%3A%2F%2Fgithub.com%2Fmongodb%2Fjs-bson/visits/?per_page=100"",""fetched_at"":""2026-09-23T19:56:18Z"",""cache_file"":""8e8fae725d3139c24008917132eecbe79cd65d7918570c9ce5955131b49d25bb.json.gz"",""status"":200}]}],""incomplete_reasons"":[]}"
https://github.com/mongodb/mongo-csharp-driver,archived_evidence_found,"[""snapshot"",""tag_target_revision"",""annotated_release""]",snapshot_found,observed,missing,1,1,"{""checked_at"":""2026-09-24T08:44:41Z"",""candidates"":[""https://github.com/mongodb/mongo-csharp-driver"",""https://github.com/mongodb/mongo-csharp-driver.git""],""observations"":[{""origin"":""https://github.com/mongodb/mongo-csharp-driver"",""status"":""full"",""visit"":{""origin"":""https://github.com/mongodb/mongo-csharp-driver"",""visit"":201,""date"":""2026-08-21T07:22:40.005000+00:00"",""status"":""full"",""snapshot"":""ed22f3c152520e940cd526de6c8d730a2cbe19e5"",""type"":""git"",""metadata"":{},""origin_visit_url"":""https://archive.softwareheritage.org/api/1/origin/https://github.com/mongodb/mongo-csharp-driver/visit/201/"",""snapshot_url"":""https://archive.softwareheritage.org/api/1/snapshot/ed22f3c152520e940cd526de6c8d730a2cbe19e5/""},""evidence"":[{""url"":""https://archive.softwareheritage.org/api/1/origin/https%3A%2F%2Fgithub.com%2Fmongodb%2Fmongo-csharp-driver/visits/?per_page=100"",""fetched_at"":""2026-09-24T08:44:41Z"",""cache_file"":""40a446691147623b5d8f43655fe9babc4e4946dca9929e55e657be8316dae466.json.gz"",""status"":200}]}],""incomplete_reasons"":[]}"
https://github.com/mongodb/mongo-ruby-driver,archived_evidence_found,"[""snapshot""]",snapshot_found,observed,missing,1,1,"{""checked_at"":""2026-09-23T19:56:19Z"",""candidates"":[""https://github.com/mongodb/mongo-ruby-driver"",""https://github.com/mongodb/mongo-ruby-driver.git""],""observations"":[{""origin"":""https://github.com/mongodb/mongo-ruby-driver"",""status"":""full"",""visit"":{""origin"":""https://github.com/mongodb/mongo-ruby-driver"",""visit"":199,""date"":""2026-09-02T19:50:29.415000+00:00"",""status"":""full"",""snapshot"":""2a274403979592f009eab04b35dfadc0965db116"",""type"":""git"",""metadata"":{},""origin_visit_url"":""https://archive.softwareheritage.org/api/1/origin/https://github.com/mongodb/mongo-ruby-driver/visit/199/"",""snapshot_url"":""https://archive.softwareheritage.org/api/1/snapshot/2a274403979592f009eab04b35dfadc0965db116/""},""evidence"":[{""url"":""https://archive.softwareheritage.org/api/1/origin/https%3A%2F%2Fgithub.com%2Fmongodb%2Fmongo-ruby-driver/visits/?per_page=100"",""fetched_at"":""2026-09-23T19:56:19Z"",""cache_file"":""d940f436015e2adc2e34c63126efccc1ad1c1e44153f5fa1b9d414920af1106a.json.gz"",""status"":200}]}],""incomplete_reasons"":[]}"
https://github.com/mongodb/node-mongodb-native,archived_evidence_found,"[""snapshot""]",snapshot_found,observed,missing,1,0,"{""checked_at"":""2026-09-23T19:56:20Z"",""candidates"":[""https://github.com/mongodb/node-mongodb-native"",""https://github.com/mongodb/node-mongodb-native.git""],""observations"":[{""origin"":""https://github.com/mongodb/node-mongodb-native"",""status"":""full"",""visit"":{""origin"":""https://github.com/mongodb/node-mongodb-native"",""visit"":235,""date"":""2026-08-21T07:31:38.697000+00:00"",""status"":""full"",""snapshot"":""43391a12104d22c81e5b00a074eb182d7a87fc2a"",""type"":""git"",""metadata"":{},""origin_visit_url"":""https://archive.softwareheritage.org/api/1/origin/https://github.com/mongodb/node-mongodb-native/visit/235/"",""snapshot_url"":""https://archive.softwareheritage.org/api/1/snapshot/43391a12104d22c81e5b00a074eb182d7a87fc2a/""},""evidence"":[{""url"":""https://archive.softwareheritage.org/api/1/origin/https%3A%2F%2Fgithub.com%2Fmongodb%2Fnode-mongodb-native/visits/?per_page=100"",""fetched_at"":""2026-09-23T19:56:20Z"",""cache_file"":""d0d0f40fb641e41135e63960bb120331e58a9a5f9ac55c67b212fab5581d5014.json.gz"",""status"":200}]}],""incomplete_reasons"":[]}"
https://github.com/montanaflynn/stats,archived_evidence_found,"[""snapshot""]",snapshot_found,observed,missing,1,1,"{""checked_at"":""2026-09-23T19:56:20Z"",""candidates"":[""https://github.com/montanaflynn/stats"",""https://github.com/montanaflynn/stats.git""],""observations"":[{""origin"":""https://github.com/montanaflynn/stats"",""status"":""full"",""visit"":{""origin"":""https://github.com/montanaflynn/stats"",""visit"":1335,""date"":""2026-09-23T11:56:26.191000+00:00"",""status"":""full"",""snapshot"":""8b1d13cc78bcea98b62fc473c3c74fc1e61fb8a9"",""type"":""git-checkout"",""metadata"":{},""origin_visit_url"":""https://archive.softwareheritage.org/api/1/origin/https://github.com/montanaflynn/stats/visit/1335/"",""snapshot_url"":""https://archive.softwareheritage.org/api/1/snapshot/8b1d13cc78bcea98b62fc473c3c74fc1e61fb8a9/""},""evidence"":[{""url"":""https://archive.softwareheritage.org/api/1/origin/https%3A%2F%2Fgithub.com%2Fmontanaflynn%2Fstats/visits/?per_page=100"",""fetched_at"":""2026-09-23T19:56:20Z"",""cache_file"":""64caae2b8bb125409480ec5e7e922289c49727f500e4ebd86027603601c76330.json.gz"",""status"":200}]}],""incomplete_reasons"":[]}"
https://github.com/moox/caniuse-api,archived_evidence_found,"[""snapshot""]",snapshot_found,observed,missing,1,1,"{""checked_at"":""2026-09-23T19:56:23Z"",""candidates"":[""https://github.com/MoOx/caniuse-api"",""https://github.com/MoOx/caniuse-api.git"",""https://github.com/moox/caniuse-api"",""https://github.com/moox/caniuse-api.git"",""https://github.com/nyalab/caniuse-api"",""https://github.com/nyalab/caniuse-api.git""],""observations"":[{""origin"":""https://github.com/MoOx/caniuse-api"",""status"":""not_found"",""evidence"":[{""url"":""https://archive.softwareheritage.org/api/1/origin/https%3A%2F%2Fgithub.com%2FMoOx%2Fcaniuse-api/visits/?per_page=100"",""fetched_at"":""2026-09-23T19:56:21Z"",""cache_file"":""0620cdf5383a721a214fcd2b79a82a651c2022e0b4eaccc42f60e2f12d8358f6.json.gz"",""status"":404}]},{""origin"":""https://github.com/MoOx/caniuse-api.git"",""status"":""not_found"",""evidence"":[{""url"":""https://archive.softwareheritage.org/api/1/origin/https%3A%2F%2Fgithub.com%2FMoOx%2Fcaniuse-api.git/visits/?per_page=100"",""fetched_at"":""2026-09-23T19:56:21Z"",""cache_file"":""3f0a33a1d41e6fd18e81ad2bc86c1c710931d1f06f33b215f7dd7e3df14aacea.json.gz"",""status"":404}]},{""origin"":""https://github.com/moox/caniuse-api"",""status"":""not_found"",""evidence"":[{""url"":""https://archive.softwareheritage.org/api/1/origin/https%3A%2F%2Fgithub.com%2Fmoox%2Fcaniuse-api/visits/?per_page=100"",""fetched_at"":""2026-09-23T19:56:22Z"",""cache_file"":""19ee66be329486869cde772f70cafc75620dd0f01fb8a5654915542147990c52.json.gz"",""status"":404}]},{""origin"":""https://github.com/moox/caniuse-api.git"",""status"":""not_found"",""evidence"":[{""url"":""https://archive.softwareheritage.org/api/1/origin/https%3A%2F%2Fgithub.com%2Fmoox%2Fcaniuse-api.git/visits/?per_page=100"",""fetched_at"":""2026-09-23T19:56:22Z"",""cache_file"":""e0acf024c2469fbb6c67163795695443939830b25215b495d28bdcaa9052a67f.json.gz"",""status"":404}]},{""origin"":""https://github.com/nyalab/caniuse-api"",""status"":""full"",""visit"":{""origin"":""https://github.com/nyalab/caniuse-api"",""visit"":4,""date"":""2026-05-21T23:03:08.323000+00:00"",""status"":""full"",""snapshot"":""c72a785d0e09d4086ef3d230de0919a1de4a865c"",""type"":""git"",""metadata"":{},""origin_visit_url"":""https://archive.softwareheritage.org/api/1/origin/https://github.com/nyalab/caniuse-api/visit/4/"",""snapshot_url"":""https://archive.softwareheritage.org/api/1/snapshot/c72a785d0e09d4086ef3d230de0919a1de4a865c/""},""evidence"":[{""url"":""https://archive.softwareheritage.org/api/1/origin/https%3A%2F%2Fgithub.com%2Fnyalab%2Fcaniuse-api/visits/?per_page=100"",""fetched_at"":""2026-09-23T19:56:23Z"",""cache_file"":""b0c284076af2c764dddd4ae4803419a31a7f13f0252896ea139cbd4b177c8385.json.gz"",""status"":200}]}],""incomplete_reasons"":[]}"
https://github.com/motdotla/dotenv,archived_evidence_found,"[""snapshot""]",snapshot_found,observed,missing,1,1,"{""checked_at"":""2026-09-23T19:56:23Z"",""candidates"":[""https://github.com/motdotla/dotenv"",""https://github.com/motdotla/dotenv.git"",""https://github.com/scottmotte/dotenv"",""https://github.com/scottmotte/dotenv.git""],""observations"":[{""origin"":""https://github.com/motdotla/dotenv"",""status"":""full"",""visit"":{""origin"":""https://github.com/motdotla/dotenv"",""visit"":578,""date"":""2026-09-23T12:21:52.342000+00:00"",""status"":""full"",""snapshot"":""3dbb9f3698cfeae84cbdd27bf05600196bae23dd"",""type"":""git-checkout"",""metadata"":{},""origin_visit_url"":""https://archive.softwareheritage.org/api/1/origin/https://github.com/motdotla/dotenv/visit/578/"",""snapshot_url"":""https://archive.softwareheritage.org/api/1/snapshot/3dbb9f3698cfeae84cbdd27bf05600196bae23dd/""},""evidence"":[{""url"":""https://archive.softwareheritage.org/api/1/origin/https%3A%2F%2Fgithub.com%2Fmotdotla%2Fdotenv/visits/?per_page=100"",""fetched_at"":""2026-09-23T19:56:23Z"",""cache_file"":""fb2dbab1806f3678cf6a8dba547b0d3a31728dfc9342e4d8b687093267d40c91.json.gz"",""status"":200}]}],""incomplete_reasons"":[]}"
https://github.com/mrabarnett/mrab-regex,archived_evidence_found,"[""snapshot""]",snapshot_found,observed,missing,1,0,"{""checked_at"":""2026-09-23T19:56:24Z"",""candidates"":[""https://github.com/mrabarnett/mrab-regex"",""https://github.com/mrabarnett/mrab-regex.git""],""observations"":[{""origin"":""https://github.com/mrabarnett/mrab-regex"",""status"":""full"",""visit"":{""origin"":""https://github.com/mrabarnett/mrab-regex"",""visit"":244,""date"":""2026-09-23T12:41:53.976000+00:00"",""status"":""full"",""snapshot"":""7cf59eb4a91011aa4f3665242ecbabf43bf3a3f0"",""type"":""git-checkout"",""metadata"":{},""origin_visit_url"":""https://archive.softwareheritage.org/api/1/origin/https://github.com/mrabarnett/mrab-regex/visit/244/"",""snapshot_url"":""https://archive.softwareheritage.org/api/1/snapshot/7cf59eb4a91011aa4f3665242ecbabf43bf3a3f0/""},""evidence"":[{""url"":""https://archive.softwareheritage.org/api/1/origin/https%3A%2F%2Fgithub.com%2Fmrabarnett%2Fmrab-regex/visits/?per_page=100"",""fetched_at"":""2026-09-23T19:56:24Z"",""cache_file"":""fc9ef192030dade3cefe40a2b9a0573b2244016615cdc55c3d4ea5741b31af5c.json.gz"",""status"":200}]}],""incomplete_reasons"":[]}"
https://github.com/msgpack/msgpack-ruby,archived_evidence_found,"[""snapshot""]",snapshot_found,observed,missing,1,1,"{""checked_at"":""2026-09-23T19:56:25Z"",""candidates"":[""https://github.com/msgpack/msgpack-ruby"",""https://github.com/msgpack/msgpack-ruby.git""],""observations"":[{""origin"":""https://github.com/msgpack/msgpack-ruby"",""status"":""full"",""visit"":{""origin"":""https://github.com/msgpack/msgpack-ruby"",""visit"":1658,""date"":""2026-09-23T11:26:40.697000+00:00"",""status"":""full"",""snapshot"":""8c5167f41c699d43d1fb44982807ef32feaef3d2"",""type"":""git-checkout"",""metadata"":{},""origin_visit_url"":""https://archive.softwareheritage.org/api/1/origin/https://github.com/msgpack/msgpack-ruby/visit/1658/"",""snapshot_url"":""https://archive.softwareheritage.org/api/1/snapshot/8c5167f41c699d43d1fb44982807ef32feaef3d2/""},""evidence"":[{""url"":""https://archive.softwareheritage.org/api/1/origin/https%3A%2F%2Fgithub.com%2Fmsgpack%2Fmsgpack-ruby/visits/?per_page=100"",""fetched_at"":""2026-09-23T19:56:25Z"",""cache_file"":""1cfbb5f9f32df1dfec09590407acedae6136af7886e358e7280db2fe5ac63a8e.json.gz"",""status"":200}]}],""incomplete_reasons"":[]}"
https://github.com/myintervals/php-css-parser,archived_evidence_found,"[""snapshot""]",snapshot_found,observed,missing,1,1,"{""checked_at"":""2026-09-23T19:56:25Z"",""candidates"":[""https://github.com/MyIntervals/PHP-CSS-Parser"",""https://github.com/MyIntervals/PHP-CSS-Parser.git"",""https://github.com/myintervals/php-css-parser"",""https://github.com/myintervals/php-css-parser.git"",""https://github.com/sabberworm/php-css-parser"",""https://github.com/sabberworm/php-css-parser.git""],""observations"":[{""origin"":""https://github.com/MyIntervals/PHP-CSS-Parser"",""status"":""full"",""visit"":{""origin"":""https://github.com/MyIntervals/PHP-CSS-Parser"",""visit"":44,""date"":""2026-08-26T20:45:44.753000+00:00"",""status"":""full"",""snapshot"":""e2db5d02fae228fab21f51a794cc2edbde78f0df"",""type"":""git"",""metadata"":{},""origin_visit_url"":""https://archive.softwareheritage.org/api/1/origin/https://github.com/MyIntervals/PHP-CSS-Parser/visit/44/"",""snapshot_url"":""https://archive.softwareheritage.org/api/1/snapshot/e2db5d02fae228fab21f51a794cc2edbde78f0df/""},""evidence"":[{""url"":""https://archive.softwareheritage.org/api/1/origin/https%3A%2F%2Fgithub.com%2FMyIntervals%2FPHP-CSS-Parser/visits/?per_page=100"",""fetched_at"":""2026-09-23T19:56:25Z"",""cache_file"":""ef161fc120ae05e66dbecba4af274d6f17b6b346299732ea9656298a23bc7954.json.gz"",""status"":200}]}],""incomplete_reasons"":[]}"
https://github.com/nats-io/nats-server,archived_evidence_found,"[""snapshot""]",snapshot_found,observed,missing,1,1,"{""checked_at"":""2026-09-23T19:56:26Z"",""candidates"":[""https://github.com/apcera/gnatsd"",""https://github.com/apcera/gnatsd.git"",""https://github.com/nats-io/gnatsd"",""https://github.com/nats-io/gnatsd.git"",""https://github.com/nats-io/nats-server"",""https://github.com/nats-io/nats-server.git""],""observations"":[{""origin"":""https://github.com/apcera/gnatsd"",""status"":""full"",""visit"":{""origin"":""https://github.com/apcera/gnatsd"",""visit"":27,""date"":""2026-02-26T09:31:07.545000+00:00"",""status"":""full"",""snapshot"":""d340ba04bf1c975773bbe22a2a8b3a542416b2ca"",""type"":""git"",""metadata"":{},""origin_visit_url"":""https://archive.softwareheritage.org/api/1/origin/https://github.com/apcera/gnatsd/visit/27/"",""snapshot_url"":""https://archive.softwareheritage.org/api/1/snapshot/d340ba04bf1c975773bbe22a2a8b3a542416b2ca/""},""evidence"":[{""url"":""https://archive.softwareheritage.org/api/1/origin/https%3A%2F%2Fgithub.com%2Fapcera%2Fgnatsd/visits/?per_page=100"",""fetched_at"":""2026-09-23T19:56:26Z"",""cache_file"":""880f2edd9bda85e680d9f67c04965623abcfbe0ee9d0552cedf3208abe36ac57.json.gz"",""status"":200}]}],""incomplete_reasons"":[]}"
https://github.com/nats-io/nats.go,archived_evidence_found,"[""snapshot""]",snapshot_found,observed,missing,1,0,"{""checked_at"":""2026-09-23T19:56:26Z"",""candidates"":[""https://github.com/apcera/nats"",""https://github.com/apcera/nats.git"",""https://github.com/nats-io/nats"",""https://github.com/nats-io/nats.git"",""https://github.com/nats-io/nats.go"",""https://github.com/nats-io/nats.go.git""],""observations"":[{""origin"":""https://github.com/apcera/nats"",""status"":""full"",""visit"":{""origin"":""https://github.com/apcera/nats"",""visit"":21,""date"":""2021-01-23T16:42:16.627000+00:00"",""status"":""full"",""snapshot"":""630323f76402c91235e792c67b5040c6f694335b"",""type"":""git"",""metadata"":{},""origin_visit_url"":""https://archive.softwareheritage.org/api/1/origin/https://github.com/apcera/nats/visit/21/"",""snapshot_url"":""https://archive.softwareheritage.org/api/1/snapshot/630323f76402c91235e792c67b5040c6f694335b/""},""evidence"":[{""url"":""https://archive.softwareheritage.org/api/1/origin/https%3A%2F%2Fgithub.com%2Fapcera%2Fnats/visits/?per_page=100"",""fetched_at"":""2026-09-23T19:56:26Z"",""cache_file"":""63198bffa91a48f5a321ad44c060a6a7b2666fc23c47f2e0adf5586acfb6e146.json.gz"",""status"":200}]}],""incomplete_reasons"":[]}"
https://github.com/ncr/rack-proxy,archived_evidence_found,"[""snapshot""]",snapshot_found,observed,missing,1,1,"{""checked_at"":""2026-09-23T19:56:27Z"",""candidates"":[""https://github.com/ncr/rack-proxy"",""https://github.com/ncr/rack-proxy.git""],""observations"":[{""origin"":""https://github.com/ncr/rack-proxy"",""status"":""full"",""visit"":{""origin"":""https://github.com/ncr/rack-proxy"",""visit"":62,""date"":""2026-09-15T16:38:49.817000+00:00"",""status"":""full"",""snapshot"":""ff6a9d5593dbc910bb3a9222dd57c20a650033b7"",""type"":""git"",""metadata"":{},""origin_visit_url"":""https://archive.softwareheritage.org/api/1/origin/https://github.com/ncr/rack-proxy/visit/62/"",""snapshot_url"":""https://archive.softwareheritage.org/api/1/snapshot/ff6a9d5593dbc910bb3a9222dd57c20a650033b7/""},""evidence"":[{""url"":""https://archive.softwareheritage.org/api/1/origin/https%3A%2F%2Fgithub.com%2Fncr%2Frack-proxy/visits/?per_page=100"",""fetched_at"":""2026-09-23T19:56:27Z"",""cache_file"":""45a7b6f5fc8ea5b00a29c324cd6369503b2196f1c6590820f95f5b78b87cefee.json.gz"",""status"":200}]}],""incomplete_reasons"":[]}"
https://github.com/nelmio/nelmioapidocbundle,archived_evidence_found,"[""snapshot""]",snapshot_found,observed,missing,1,0,"{""checked_at"":""2026-09-23T19:56:28Z"",""candidates"":[""https://github.com/nelmio/NelmioApiDocBundle"",""https://github.com/nelmio/NelmioApiDocBundle.git"",""https://github.com/nelmio/nelmioapidocbundle"",""https://github.com/nelmio/nelmioapidocbundle.git""],""observations"":[{""origin"":""https://github.com/nelmio/NelmioApiDocBundle"",""status"":""full"",""visit"":{""origin"":""https://github.com/nelmio/NelmioApiDocBundle"",""visit"":206,""date"":""2026-08-18T04:37:34.289000+00:00"",""status"":""full"",""snapshot"":""7ac70fd90ca1a5a8586e8f61f74b8ae80e82be0d"",""type"":""git"",""metadata"":{},""origin_visit_url"":""https://archive.softwareheritage.org/api/1/origin/https://github.com/nelmio/NelmioApiDocBundle/visit/206/"",""snapshot_url"":""https://archive.softwareheritage.org/api/1/snapshot/7ac70fd90ca1a5a8586e8f61f74b8ae80e82be0d/""},""evidence"":[{""url"":""https://archive.softwareheritage.org/api/1/origin/https%3A%2F%2Fgithub.com%2Fnelmio%2FNelmioApiDocBundle/visits/?per_page=100"",""fetched_at"":""2026-09-23T19:56:28Z"",""cache_file"":""af4cb8a9e0e73ca860649be2be902463c6fbb964a0094b81fa705448c1f137ae.json.gz"",""status"":200}]}],""incomplete_reasons"":[]}"
https://github.com/newrelic/newrelic-ruby-agent,archived_evidence_found,"[""snapshot""]",snapshot_found,observed,missing,1,0,"{""checked_at"":""2026-09-23T19:56:28Z"",""candidates"":[""https://github.com/newrelic/newrelic-ruby-agent"",""https://github.com/newrelic/newrelic-ruby-agent.git"",""https://github.com/newrelic/rpm"",""https://github.com/newrelic/rpm.git""],""observations"":[{""origin"":""https://github.com/newrelic/newrelic-ruby-agent"",""status"":""full"",""visit"":{""origin"":""https://github.com/newrelic/newrelic-ruby-agent"",""visit"":148,""date"":""2026-08-24T08:55:04.309000+00:00"",""status"":""full"",""snapshot"":""e9314af51810e021538240f0afd2a50351586e74"",""type"":""git"",""metadata"":{},""origin_visit_url"":""https://archive.softwareheritage.org/api/1/origin/https://github.com/newrelic/newrelic-ruby-agent/visit/148/"",""snapshot_url"":""https://archive.softwareheritage.org/api/1/snapshot/e9314af51810e021538240f0afd2a50351586e74/""},""evidence"":[{""url"":""https://archive.softwareheritage.org/api/1/origin/https%3A%2F%2Fgithub.com%2Fnewrelic%2Fnewrelic-ruby-agent/visits/?per_page=100"",""fetched_at"":""2026-09-23T19:56:28Z"",""cache_file"":""2e92d2c67486c32a42cd86abb463afd8fea8651e26c1da4515ab2835b09c01fa.json.gz"",""status"":200}]}],""incomplete_reasons"":[]}"
https://github.com/nikic/php-parser,archived_evidence_found,"[""snapshot""]",snapshot_found,observed,missing,1,1,"{""checked_at"":""2026-09-23T19:56:29Z"",""candidates"":[""https://github.com/nikic/PHP-Parser"",""https://github.com/nikic/PHP-Parser.git"",""https://github.com/nikic/php-parser"",""https://github.com/nikic/php-parser.git""],""observations"":[{""origin"":""https://github.com/nikic/PHP-Parser"",""status"":""full"",""visit"":{""origin"":""https://github.com/nikic/PHP-Parser"",""visit"":163,""date"":""2026-08-25T13:38:08.958000+00:00"",""status"":""full"",""snapshot"":""8d49b12a5d4808c226d8775dd41556c5cd106396"",""type"":""git"",""metadata"":{},""origin_visit_url"":""https://archive.softwareheritage.org/api/1/origin/https://github.com/nikic/PHP-Parser/visit/163/"",""snapshot_url"":""https://archive.softwareheritage.org/api/1/snapshot/8d49b12a5d4808c226d8775dd41556c5cd106396/""},""evidence"":[{""url"":""https://archive.softwareheritage.org/api/1/origin/https%3A%2F%2Fgithub.com%2Fnikic%2FPHP-Parser/visits/?per_page=100"",""fetched_at"":""2026-09-23T19:56:29Z"",""cache_file"":""b90f2a7b9bde7a7f083b18bc49d1c31b24e7eccfa7f5b57f42c09ef8568c18f0.json.gz"",""status"":200}]}],""incomplete_reasons"":[]}"
https://github.com/ninenines/cowboy,archived_evidence_found,"[""snapshot""]",snapshot_found,observed,missing,1,1,"{""checked_at"":""2026-09-23T19:56:29Z"",""candidates"":[""https://github.com/extend/cowboy"",""https://github.com/extend/cowboy.git"",""https://github.com/ninenines/cowboy"",""https://github.com/ninenines/cowboy.git""],""observations"":[{""origin"":""https://github.com/extend/cowboy"",""status"":""full"",""visit"":{""origin"":""https://github.com/extend/cowboy"",""visit"":1,""date"":""2025-07-30T20:03:54.804000+00:00"",""status"":""full"",""snapshot"":""ac56949817a2b082e2f28b388be68ddac22f00bc"",""type"":""git"",""metadata"":{},""origin_visit_url"":""https://archive.softwareheritage.org/api/1/origin/https://github.com/extend/cowboy/visit/1/"",""snapshot_url"":""https://archive.softwareheritage.org/api/1/snapshot/ac56949817a2b082e2f28b388be68ddac22f00bc/""},""evidence"":[{""url"":""https://archive.softwareheritage.org/api/1/origin/https%3A%2F%2Fgithub.com%2Fextend%2Fcowboy/visits/?per_page=100"",""fetched_at"":""2026-09-23T19:56:29Z"",""cache_file"":""dcf8e06a908f0bc4685d21516b155707b050cd58970d86f021b685f550ffeaee.json.gz"",""status"":200}]}],""incomplete_reasons"":[]}"
https://github.com/ninenines/cowlib,archived_evidence_found,"[""snapshot""]",snapshot_found,observed,missing,1,1,"{""checked_at"":""2026-09-23T19:56:30Z"",""candidates"":[""https://github.com/extend/cowlib"",""https://github.com/extend/cowlib.git"",""https://github.com/ninenines/cowlib"",""https://github.com/ninenines/cowlib.git""],""observations"":[{""origin"":""https://github.com/extend/cowlib"",""status"":""full"",""visit"":{""origin"":""https://github.com/extend/cowlib"",""visit"":1,""date"":""2025-07-30T17:26:23.535000+00:00"",""status"":""full"",""snapshot"":""e353a75e111e70ae6182466bb72058c676593827"",""type"":""git"",""metadata"":{},""origin_visit_url"":""https://archive.softwareheritage.org/api/1/origin/https://github.com/extend/cowlib/visit/1/"",""snapshot_url"":""https://archive.softwareheritage.org/api/1/snapshot/e353a75e111e70ae6182466bb72058c676593827/""},""evidence"":[{""url"":""https://archive.softwareheritage.org/api/1/origin/https%3A%2F%2Fgithub.com%2Fextend%2Fcowlib/visits/?per_page=100"",""fetched_at"":""2026-09-23T19:56:30Z"",""cache_file"":""bcbf30c517875e63323812e9138802bb80257cab0256330071fc4d8cb4251508.json.gz"",""status"":200}]}],""incomplete_reasons"":[]}"
https://github.com/nlog/nlog,archived_evidence_found,"[""snapshot""]",snapshot_found,observed,missing,1,0,"{""checked_at"":""2026-09-23T19:56:30Z"",""candidates"":[""https://github.com/NLog/NLog"",""https://github.com/NLog/NLog.git"",""https://github.com/nlog/nlog"",""https://github.com/nlog/nlog.git""],""observations"":[{""origin"":""https://github.com/NLog/NLog"",""status"":""full"",""visit"":{""origin"":""https://github.com/NLog/NLog"",""visit"":183,""date"":""2026-08-17T06:15:10+00:00"",""status"":""full"",""snapshot"":""dd0b1278272675ad7348982b035e12cce14a65eb"",""type"":""git"",""metadata"":{},""origin_visit_url"":""https://archive.softwareheritage.org/api/1/origin/https://github.com/NLog/NLog/visit/183/"",""snapshot_url"":""https://archive.softwareheritage.org/api/1/snapshot/dd0b1278272675ad7348982b035e12cce14a65eb/""},""evidence"":[{""url"":""https://archive.softwareheritage.org/api/1/origin/https%3A%2F%2Fgithub.com%2FNLog%2FNLog/visits/?per_page=100"",""fetched_at"":""2026-09-23T19:56:30Z"",""cache_file"":""7f8b0d76203619369497c93db7ee0ca763a1d08bc8131716bf5aa733e7423d40.json.gz"",""status"":200}]}],""incomplete_reasons"":[]}"
https://github.com/nodejs/nan,archived_evidence_found,"[""snapshot""]",snapshot_found,observed,missing,1,0,"{""checked_at"":""2026-09-23T19:56:31Z"",""candidates"":[""https://github.com/nodejs/nan"",""https://github.com/nodejs/nan.git"",""https://github.com/rvagg/nan"",""https://github.com/rvagg/nan.git""],""observations"":[{""origin"":""https://github.com/nodejs/nan"",""status"":""full"",""visit"":{""origin"":""https://github.com/nodejs/nan"",""visit"":1659,""date"":""2026-09-23T11:03:39.589000+00:00"",""status"":""full"",""snapshot"":""5e2d4013056d75fa203fcbc8936c6e3524c71ad6"",""type"":""git-checkout"",""metadata"":{},""origin_visit_url"":""https://archive.softwareheritage.org/api/1/origin/https://github.com/nodejs/nan/visit/1659/"",""snapshot_url"":""https://archive.softwareheritage.org/api/1/snapshot/5e2d4013056d75fa203fcbc8936c6e3524c71ad6/""},""evidence"":[{""url"":""https://archive.softwareheritage.org/api/1/origin/https%3A%2F%2Fgithub.com%2Fnodejs%2Fnan/visits/?per_page=100"",""fetched_at"":""2026-09-23T19:56:31Z"",""cache_file"":""79ee23a64753e858a867310d4d714ee90e38c9fbedaaac52a45d9f3b14486476.json.gz"",""status"":200}]}],""incomplete_reasons"":[]}"
https://github.com/nodejs/node,archived_evidence_found,"[""snapshot"",""tag_target_revision"",""annotated_release""]",snapshot_found,observed,missing,0,1,"{""checked_at"":""2026-09-24T08:45:04Z"",""candidates"":[""https://github.com/iojs/io.js"",""https://github.com/iojs/io.js.git"",""https://github.com/nodejs/node"",""https://github.com/nodejs/node.git""],""observations"":[{""origin"":""https://github.com/iojs/io.js"",""status"":""full"",""visit"":{""origin"":""https://github.com/iojs/io.js"",""visit"":29,""date"":""2026-09-23T18:33:39.115000+00:00"",""status"":""full"",""snapshot"":""5cbd28a8472e56eb19bd6c516fc97a24018e8b13"",""type"":""git"",""metadata"":{},""origin_visit_url"":""https://archive.softwareheritage.org/api/1/origin/https://github.com/iojs/io.js/visit/29/"",""snapshot_url"":""https://archive.softwareheritage.org/api/1/snapshot/5cbd28a8472e56eb19bd6c516fc97a24018e8b13/""},""evidence"":[{""url"":""https://archive.softwareheritage.org/api/1/origin/https%3A%2F%2Fgithub.com%2Fiojs%2Fio.js/visits/?per_page=100"",""fetched_at"":""2026-09-24T08:45:04Z"",""cache_file"":""2baabfe7bf217a88cae798985e90ae58d31f2f79327a103664cd4af2a149d1d0.json.gz"",""status"":200}]}],""incomplete_reasons"":[]}"
https://github.com/nodejs/undici,archived_evidence_found,"[""snapshot""]",snapshot_found,observed,missing,1,0,"{""checked_at"":""2026-09-23T19:56:32Z"",""candidates"":[""https://github.com/mcollina/undici"",""https://github.com/mcollina/undici.git"",""https://github.com/nodejs/undici"",""https://github.com/nodejs/undici.git""],""observations"":[{""origin"":""https://github.com/mcollina/undici"",""status"":""full"",""visit"":{""origin"":""https://github.com/mcollina/undici"",""visit"":121,""date"":""2026-08-31T15:16:45.234000+00:00"",""status"":""full"",""snapshot"":""0fd48aa2e3834e478f8f725a2cd0e917a532023e"",""type"":""git"",""metadata"":{},""origin_visit_url"":""https://archive.softwareheritage.org/api/1/origin/https://github.com/mcollina/undici/visit/121/"",""snapshot_url"":""https://archive.softwareheritage.org/api/1/snapshot/0fd48aa2e3834e478f8f725a2cd0e917a532023e/""},""evidence"":[{""url"":""https://archive.softwareheritage.org/api/1/origin/https%3A%2F%2Fgithub.com%2Fmcollina%2Fundici/visits/?per_page=100"",""fetched_at"":""2026-09-23T19:56:32Z"",""cache_file"":""8df714691e94dc23aa6e8d1e76275bbfffebd218f4a832ffe71ff430cc5b74f3.json.gz"",""status"":200}]}],""incomplete_reasons"":[]}"
https://github.com/npm/cli,archived_evidence_found,"[""snapshot""]",snapshot_found,observed,missing,1,0,"{""checked_at"":""2026-09-23T19:56:32Z"",""candidates"":[""https://github.com/npm/cli"",""https://github.com/npm/cli.git""],""observations"":[{""origin"":""https://github.com/npm/cli"",""status"":""full"",""visit"":{""origin"":""https://github.com/npm/cli"",""visit"":184,""date"":""2026-08-31T21:36:03.005000+00:00"",""status"":""full"",""snapshot"":""c7b89ccbd22d000a6886d6f5c2525eaa9f148b56"",""type"":""git"",""metadata"":{},""origin_visit_url"":""https://archive.softwareheritage.org/api/1/origin/https://github.com/npm/cli/visit/184/"",""snapshot_url"":""https://archive.softwareheritage.org/api/1/snapshot/c7b89ccbd22d000a6886d6f5c2525eaa9f148b56/""},""evidence"":[{""url"":""https://archive.softwareheritage.org/api/1/origin/https%3A%2F%2Fgithub.com%2Fnpm%2Fcli/visits/?per_page=100"",""fetched_at"":""2026-09-23T19:56:32Z"",""cache_file"":""89d1665d9da58741d94999e033f3e4614112866567dcef20a38c0cce483c26a4.json.gz"",""status"":200}]}],""incomplete_reasons"":[]}"
https://github.com/npm/fs,archived_evidence_found,"[""snapshot""]",snapshot_found,observed,missing,1,0,"{""checked_at"":""2026-09-23T19:56:33Z"",""candidates"":[""https://github.com/npm/fs"",""https://github.com/npm/fs.git""],""observations"":[{""origin"":""https://github.com/npm/fs"",""status"":""full"",""visit"":{""origin"":""https://github.com/npm/fs"",""visit"":18,""date"":""2026-05-09T00:56:02.680000+00:00"",""status"":""full"",""snapshot"":""2111241daac008f9ac3a2cda24401a1e0090cacf"",""type"":""git"",""metadata"":{},""origin_visit_url"":""https://archive.softwareheritage.org/api/1/origin/https://github.com/npm/fs/visit/18/"",""snapshot_url"":""https://archive.softwareheritage.org/api/1/snapshot/2111241daac008f9ac3a2cda24401a1e0090cacf/""},""evidence"":[{""url"":""https://archive.softwareheritage.org/api/1/origin/https%3A%2F%2Fgithub.com%2Fnpm%2Ffs/visits/?per_page=100"",""fetched_at"":""2026-09-23T19:56:33Z"",""cache_file"":""05588676a1d3f8b938e50019ee4ae989f98ae8a9556391351d742beeadca5b39.json.gz"",""status"":200}]}],""incomplete_reasons"":[]}"
https://github.com/nvm-sh/nvm,archived_evidence_found,"[""head"",""tag_target_revision""]",unchecked,observed,present,0,1,
https://github.com/oconnor663/blake2_simd,archived_evidence_found,"[""snapshot""]",snapshot_found,observed,missing,1,0,"{""checked_at"":""2026-09-23T19:56:33Z"",""candidates"":[""https://github.com/oconnor663/blake2_simd"",""https://github.com/oconnor663/blake2_simd.git"",""https://github.com/oconnor663/blake2b_simd"",""https://github.com/oconnor663/blake2b_simd.git""],""observations"":[{""origin"":""https://github.com/oconnor663/blake2_simd"",""status"":""full"",""visit"":{""origin"":""https://github.com/oconnor663/blake2_simd"",""visit"":16,""date"":""2026-01-21T07:52:00.731000+00:00"",""status"":""full"",""snapshot"":""8ea9f76a506d0f3f794474bca8c3f3e0dfcde35c"",""type"":""git"",""metadata"":{},""origin_visit_url"":""https://archive.softwareheritage.org/api/1/origin/https://github.com/oconnor663/blake2_simd/visit/16/"",""snapshot_url"":""https://archive.softwareheritage.org/api/1/snapshot/8ea9f76a506d0f3f794474bca8c3f3e0dfcde35c/""},""evidence"":[{""url"":""https://archive.softwareheritage.org/api/1/origin/https%3A%2F%2Fgithub.com%2Foconnor663%2Fblake2_simd/visits/?per_page=100"",""fetched_at"":""2026-09-23T19:56:33Z"",""cache_file"":""215a1841b9c714eced1388a9b6c8285856902e8999c43cc565f20af090e0d96c.json.gz"",""status"":200}]}],""incomplete_reasons"":[]}"
https://github.com/octokit/endpoint.js,archived_evidence_found,"[""snapshot""]",snapshot_found,observed,missing,1,0,"{""checked_at"":""2026-09-23T19:56:34Z"",""candidates"":[""https://github.com/octokit/endpoint.js"",""https://github.com/octokit/endpoint.js.git""],""observations"":[{""origin"":""https://github.com/octokit/endpoint.js"",""status"":""full"",""visit"":{""origin"":""https://github.com/octokit/endpoint.js"",""visit"":150,""date"":""2026-08-18T22:34:16.388000+00:00"",""status"":""full"",""snapshot"":""c227229ba1af982222cb008e9d056b83324411c8"",""type"":""git"",""metadata"":{},""origin_visit_url"":""https://archive.softwareheritage.org/api/1/origin/https://github.com/octokit/endpoint.js/visit/150/"",""snapshot_url"":""https://archive.softwareheritage.org/api/1/snapshot/c227229ba1af982222cb008e9d056b83324411c8/""},""evidence"":[{""url"":""https://archive.softwareheritage.org/api/1/origin/https%3A%2F%2Fgithub.com%2Foctokit%2Fendpoint.js/visits/?per_page=100"",""fetched_at"":""2026-09-23T19:56:34Z"",""cache_file"":""326b7417415c9b3cfea8289e4f59fe15ffa19be0656cfec91a238b4706dbc3d3.json.gz"",""status"":200}]}],""incomplete_reasons"":[]}"
https://github.com/octokit/openapi-types.ts,archived_evidence_found,"[""snapshot""]",snapshot_found,observed,missing,1,0,"{""checked_at"":""2026-09-23T19:56:35Z"",""candidates"":[""https://github.com/octokit/openapi-types.ts"",""https://github.com/octokit/openapi-types.ts.git""],""observations"":[{""origin"":""https://github.com/octokit/openapi-types.ts"",""status"":""full"",""visit"":{""origin"":""https://github.com/octokit/openapi-types.ts"",""visit"":37,""date"":""2026-05-18T02:09:39.199000+00:00"",""status"":""full"",""snapshot"":""01fd17ea180977d8232289011741dc69197704e1"",""type"":""git"",""metadata"":{},""origin_visit_url"":""https://archive.softwareheritage.org/api/1/origin/https://github.com/octokit/openapi-types.ts/visit/37/"",""snapshot_url"":""https://archive.softwareheritage.org/api/1/snapshot/01fd17ea180977d8232289011741dc69197704e1/""},""evidence"":[{""url"":""https://archive.softwareheritage.org/api/1/origin/https%3A%2F%2Fgithub.com%2Foctokit%2Fopenapi-types.ts/visits/?per_page=100"",""fetched_at"":""2026-09-23T19:56:35Z"",""cache_file"":""d360b111c7d8cb48e97a040f5725add7a351dffd30dd4322090d2c511ec37f8b.json.gz"",""status"":200}]}],""incomplete_reasons"":[]}"
https://github.com/octokit/request-error.js,archived_evidence_found,"[""snapshot""]",snapshot_found,observed,missing,1,0,"{""checked_at"":""2026-09-23T19:56:35Z"",""candidates"":[""https://github.com/octokit/request-error.js"",""https://github.com/octokit/request-error.js.git""],""observations"":[{""origin"":""https://github.com/octokit/request-error.js"",""status"":""full"",""visit"":{""origin"":""https://github.com/octokit/request-error.js"",""visit"":160,""date"":""2026-08-23T11:27:55.053000+00:00"",""status"":""full"",""snapshot"":""a87e5638d6793f179bcde10d568dcb9f7f6728a7"",""type"":""git"",""metadata"":{},""origin_visit_url"":""https://archive.softwareheritage.org/api/1/origin/https://github.com/octokit/request-error.js/visit/160/"",""snapshot_url"":""https://archive.softwareheritage.org/api/1/snapshot/a87e5638d6793f179bcde10d568dcb9f7f6728a7/""},""evidence"":[{""url"":""https://archive.softwareheritage.org/api/1/origin/https%3A%2F%2Fgithub.com%2Foctokit%2Frequest-error.js/visits/?per_page=100"",""fetched_at"":""2026-09-23T19:56:35Z"",""cache_file"":""692e372a6424c89cc33e553350064b7e5825f2c07ed55411e4b4df1c95717b26.json.gz"",""status"":200}]}],""incomplete_reasons"":[]}"
https://github.com/olekukonko/tablewriter,archived_evidence_found,"[""snapshot""]",snapshot_found,observed,missing,1,1,"{""checked_at"":""2026-09-23T19:56:37Z"",""candidates"":[""https://github.com/olekukonko/table"",""https://github.com/olekukonko/table.git"",""https://github.com/olekukonko/tablewriter"",""https://github.com/olekukonko/tablewriter.git""],""observations"":[{""origin"":""https://github.com/olekukonko/table"",""status"":""not_found"",""evidence"":[{""url"":""https://archive.softwareheritage.org/api/1/origin/https%3A%2F%2Fgithub.com%2Folekukonko%2Ftable/visits/?per_page=100"",""fetched_at"":""2026-09-23T19:56:36Z"",""cache_file"":""d716ad426ed66134687f2a5080ba59b421ea54a046994683e80a3d985882aed5.json.gz"",""status"":404}]},{""origin"":""https://github.com/olekukonko/table.git"",""status"":""not_found"",""evidence"":[{""url"":""https://archive.softwareheritage.org/api/1/origin/https%3A%2F%2Fgithub.com%2Folekukonko%2Ftable.git/visits/?per_page=100"",""fetched_at"":""2026-09-23T19:56:36Z"",""cache_file"":""68949d0fd4ac89149cf5479ab75c968b7d2b110b37fc24091d1d2cf90fe2cdd0.json.gz"",""status"":404}]},{""origin"":""https://github.com/olekukonko/tablewriter"",""status"":""full"",""visit"":{""origin"":""https://github.com/olekukonko/tablewriter"",""visit"":1738,""date"":""2026-09-23T10:42:20.131000+00:00"",""status"":""full"",""snapshot"":""cd4a77b8d688c750b3ea5bdad518ee9d6349aaa0"",""type"":""git-checkout"",""metadata"":{},""origin_visit_url"":""https://archive.softwareheritage.org/api/1/origin/https://github.com/olekukonko/tablewriter/visit/1738/"",""snapshot_url"":""https://archive.softwareheritage.org/api/1/snapshot/cd4a77b8d688c750b3ea5bdad518ee9d6349aaa0/""},""evidence"":[{""url"":""https://archive.softwareheritage.org/api/1/origin/https%3A%2F%2Fgithub.com%2Folekukonko%2Ftablewriter/visits/?per_page=100"",""fetched_at"":""2026-09-23T19:56:37Z"",""cache_file"":""83e2d6b252f6be7fbf1e82c38e93e9d9e68834971051afc49d82e4ce7b001c8e.json.gz"",""status"":200}]}],""incomplete_reasons"":[]}"
https://github.com/onsi/ginkgo,archived_evidence_found,"[""snapshot"",""tag_target_revision""]",snapshot_found,observed,missing,1,0,"{""checked_at"":""2026-09-24T08:45:26Z"",""candidates"":[""https://github.com/onsi/ginkgo"",""https://github.com/onsi/ginkgo.git""],""observations"":[{""origin"":""https://github.com/onsi/ginkgo"",""status"":""full"",""visit"":{""origin"":""https://github.com/onsi/ginkgo"",""visit"":1787,""date"":""2026-09-23T22:50:58.942000+00:00"",""status"":""full"",""snapshot"":""eb91dc5a45f143837aee9a00f477c4b6723ab525"",""type"":""git-checkout"",""metadata"":{},""origin_visit_url"":""https://archive.softwareheritage.org/api/1/origin/https://github.com/onsi/ginkgo/visit/1787/"",""snapshot_url"":""https://archive.softwareheritage.org/api/1/snapshot/eb91dc5a45f143837aee9a00f477c4b6723ab525/""},""evidence"":[{""url"":""https://archive.softwareheritage.org/api/1/origin/https%3A%2F%2Fgithub.com%2Fonsi%2Fginkgo/visits/?per_page=100"",""fetched_at"":""2026-09-24T08:45:26Z"",""cache_file"":""184060ad55fe1623cfd56c8e9c214f223b6656a422e4db2824cd5772c0bbbd7a.json.gz"",""status"":200}]}],""incomplete_reasons"":[]}"
https://github.com/onsi/gomega,archived_evidence_found,"[""snapshot""]",snapshot_found,observed,missing,1,0,"{""checked_at"":""2026-09-23T19:56:37Z"",""candidates"":[""https://github.com/onsi/gomega"",""https://github.com/onsi/gomega.git""],""observations"":[{""origin"":""https://github.com/onsi/gomega"",""status"":""full"",""visit"":{""origin"":""https://github.com/onsi/gomega"",""visit"":1793,""date"":""2026-09-23T11:49:27.321000+00:00"",""status"":""full"",""snapshot"":""ec2e38e4ed07bb679e079cb1d7d10c2ff2a20fcb"",""type"":""git-checkout"",""metadata"":{},""origin_visit_url"":""https://archive.softwareheritage.org/api/1/origin/https://github.com/onsi/gomega/visit/1793/"",""snapshot_url"":""https://archive.softwareheritage.org/api/1/snapshot/ec2e38e4ed07bb679e079cb1d7d10c2ff2a20fcb/""},""evidence"":[{""url"":""https://archive.softwareheritage.org/api/1/origin/https%3A%2F%2Fgithub.com%2Fonsi%2Fgomega/visits/?per_page=100"",""fetched_at"":""2026-09-23T19:56:37Z"",""cache_file"":""5d09aca4b9a75e46467ddc1fdd631fe7089999835a7e62985606653debafe338.json.gz"",""status"":200}]}],""incomplete_reasons"":[]}"
https://github.com/open-telemetry/opentelemetry-rust,archived_evidence_found,"[""snapshot""]",snapshot_found,observed,missing,1,1,"{""checked_at"":""2026-09-23T19:56:38Z"",""candidates"":[""https://github.com/open-telemetry/opentelemetry-rust"",""https://github.com/open-telemetry/opentelemetry-rust.git""],""observations"":[{""origin"":""https://github.com/open-telemetry/opentelemetry-rust"",""status"":""full"",""visit"":{""origin"":""https://github.com/open-telemetry/opentelemetry-rust"",""visit"":174,""date"":""2026-09-16T14:11:16.835000+00:00"",""status"":""full"",""snapshot"":""370adc586161fa94035d27e2b4c147bb3ad73b72"",""type"":""git"",""metadata"":{},""origin_visit_url"":""https://archive.softwareheritage.org/api/1/origin/https://github.com/open-telemetry/opentelemetry-rust/visit/174/"",""snapshot_url"":""https://archive.softwareheritage.org/api/1/snapshot/370adc586161fa94035d27e2b4c147bb3ad73b72/""},""evidence"":[{""url"":""https://archive.softwareheritage.org/api/1/origin/https%3A%2F%2Fgithub.com%2Fopen-telemetry%2Fopentelemetry-rust/visits/?per_page=100"",""fetched_at"":""2026-09-23T19:56:38Z"",""cache_file"":""ad3e98d24de93e3a924a635d66b66784ca02b568c211a4180f0145f504893b7c.json.gz"",""status"":200}]}],""incomplete_reasons"":[]}"
https://github.com/openai/tiktoken,archived_evidence_found,"[""snapshot""]",snapshot_found,observed,missing,1,0,"{""checked_at"":""2026-09-23T19:56:39Z"",""candidates"":[""https://github.com/openai/tiktoken"",""https://github.com/openai/tiktoken.git""],""observations"":[{""origin"":""https://github.com/openai/tiktoken"",""status"":""full"",""visit"":{""origin"":""https://github.com/openai/tiktoken"",""visit"":18,""date"":""2026-07-03T06:03:29.271000+00:00"",""status"":""full"",""snapshot"":""1333846fa41fe83dcbe3b35519da1855c735ee1f"",""type"":""git"",""metadata"":{},""origin_visit_url"":""https://archive.softwareheritage.org/api/1/origin/https://github.com/openai/tiktoken/visit/18/"",""snapshot_url"":""https://archive.softwareheritage.org/api/1/snapshot/1333846fa41fe83dcbe3b35519da1855c735ee1f/""},""evidence"":[{""url"":""https://archive.softwareheritage.org/api/1/origin/https%3A%2F%2Fgithub.com%2Fopenai%2Ftiktoken/visits/?per_page=100"",""fetched_at"":""2026-09-23T19:56:39Z"",""cache_file"":""d07105afc9ee28207c0b51ca0ddbd7cf9dd6dbfdd7e628984accc740acec53e0.json.gz"",""status"":200}]}],""incomplete_reasons"":[]}"
https://github.com/orkon/base-x-rs,archived_evidence_found,"[""snapshot""]",snapshot_found,observed,missing,1,0,"{""checked_at"":""2026-09-23T19:56:39Z"",""candidates"":[""https://github.com/OrKoN/base-x-rs"",""https://github.com/OrKoN/base-x-rs.git"",""https://github.com/orkon/base-x-rs"",""https://github.com/orkon/base-x-rs.git""],""observations"":[{""origin"":""https://github.com/OrKoN/base-x-rs"",""status"":""full"",""visit"":{""origin"":""https://github.com/OrKoN/base-x-rs"",""visit"":34,""date"":""2026-04-17T12:27:21.054000+00:00"",""status"":""full"",""snapshot"":""8989eccbeee83a8958bd08e21e07a43c86cb409e"",""type"":""git"",""metadata"":{},""origin_visit_url"":""https://archive.softwareheritage.org/api/1/origin/https://github.com/OrKoN/base-x-rs/visit/34/"",""snapshot_url"":""https://archive.softwareheritage.org/api/1/snapshot/8989eccbeee83a8958bd08e21e07a43c86cb409e/""},""evidence"":[{""url"":""https://archive.softwareheritage.org/api/1/origin/https%3A%2F%2Fgithub.com%2FOrKoN%2Fbase-x-rs/visits/?per_page=100"",""fetched_at"":""2026-09-23T19:56:39Z"",""cache_file"":""65942893e68711fb5406ed3d68b6f38e0d7d169a39597a2485c7d8e28e134a70.json.gz"",""status"":200}]}],""incomplete_reasons"":[]}"
https://github.com/pallets-eco/cachelib,archived_evidence_found,"[""snapshot""]",snapshot_found,observed,missing,1,1,"{""checked_at"":""2026-09-23T19:56:40Z"",""candidates"":[""https://github.com/pallets-eco/cachelib"",""https://github.com/pallets-eco/cachelib.git"",""https://github.com/pallets/cachelib"",""https://github.com/pallets/cachelib.git""],""observations"":[{""origin"":""https://github.com/pallets-eco/cachelib"",""status"":""full"",""visit"":{""origin"":""https://github.com/pallets-eco/cachelib"",""visit"":9,""date"":""2026-07-15T10:09:59.567000+00:00"",""status"":""full"",""snapshot"":""4741d5a86bccd0060b3601a0cf6f7b72c7d55332"",""type"":""git"",""metadata"":{},""origin_visit_url"":""https://archive.softwareheritage.org/api/1/origin/https://github.com/pallets-eco/cachelib/visit/9/"",""snapshot_url"":""https://archive.softwareheritage.org/api/1/snapshot/4741d5a86bccd0060b3601a0cf6f7b72c7d55332/""},""evidence"":[{""url"":""https://archive.softwareheritage.org/api/1/origin/https%3A%2F%2Fgithub.com%2Fpallets-eco%2Fcachelib/visits/?per_page=100"",""fetched_at"":""2026-09-23T19:56:40Z"",""cache_file"":""1a148025701a3221206ce7d6f3747d3e6cf6b87abc3c24b5a4152dfffd7ce821.json.gz"",""status"":200}]}],""incomplete_reasons"":[]}"
https://github.com/pallets-eco/flask-caching,archived_evidence_found,"[""snapshot""]",snapshot_found,observed,missing,1,1,"{""checked_at"":""2026-09-23T19:56:40Z"",""candidates"":[""https://github.com/pallets-eco/flask-caching"",""https://github.com/pallets-eco/flask-caching.git"",""https://github.com/sh4nks/flask-caching"",""https://github.com/sh4nks/flask-caching.git""],""observations"":[{""origin"":""https://github.com/pallets-eco/flask-caching"",""status"":""full"",""visit"":{""origin"":""https://github.com/pallets-eco/flask-caching"",""visit"":5,""date"":""2026-08-29T13:07:04.111000+00:00"",""status"":""full"",""snapshot"":""c663f8b8881e332d63079c1b938f459fa248f818"",""type"":""git"",""metadata"":{},""origin_visit_url"":""https://archive.softwareheritage.org/api/1/origin/https://github.com/pallets-eco/flask-caching/visit/5/"",""snapshot_url"":""https://archive.softwareheritage.org/api/1/snapshot/c663f8b8881e332d63079c1b938f459fa248f818/""},""evidence"":[{""url"":""https://archive.softwareheritage.org/api/1/origin/https%3A%2F%2Fgithub.com%2Fpallets-eco%2Fflask-caching/visits/?per_page=100"",""fetched_at"":""2026-09-23T19:56:40Z"",""cache_file"":""884e0f1184b07b63d6063c50475658d76d2bd4fe7a75377e58390727ffa07f36.json.gz"",""status"":200}]}],""incomplete_reasons"":[]}"
https://github.com/patrickjuchli/basic-ftp,archived_evidence_found,"[""snapshot""]",snapshot_found,observed,missing,1,0,"{""checked_at"":""2026-09-23T19:56:41Z"",""candidates"":[""https://github.com/patrickjuchli/basic-ftp"",""https://github.com/patrickjuchli/basic-ftp.git""],""observations"":[{""origin"":""https://github.com/patrickjuchli/basic-ftp"",""status"":""full"",""visit"":{""origin"":""https://github.com/patrickjuchli/basic-ftp"",""visit"":107,""date"":""2026-08-25T23:15:35.261000+00:00"",""status"":""full"",""snapshot"":""6bc94f040fcd324610c1b658d20ced9172970ad7"",""type"":""git"",""metadata"":{},""origin_visit_url"":""https://archive.softwareheritage.org/api/1/origin/https://github.com/patrickjuchli/basic-ftp/visit/107/"",""snapshot_url"":""https://archive.softwareheritage.org/api/1/snapshot/6bc94f040fcd324610c1b658d20ced9172970ad7/""},""evidence"":[{""url"":""https://archive.softwareheritage.org/api/1/origin/https%3A%2F%2Fgithub.com%2Fpatrickjuchli%2Fbasic-ftp/visits/?per_page=100"",""fetched_at"":""2026-09-23T19:56:41Z"",""cache_file"":""db6ac2e70c9260aeb4b67adfd9e482152de162da71213402dfff065ca7914f66.json.gz"",""status"":200}]}],""incomplete_reasons"":[]}"
https://github.com/paupino/rust-decimal,archived_evidence_found,"[""head""]",unchecked,observed,present,1,0,
https://github.com/pest-parser/pest,archived_evidence_found,"[""snapshot""]",snapshot_found,observed,missing,1,0,"{""checked_at"":""2026-09-23T19:56:41Z"",""candidates"":[""https://github.com/pest-parser/pest"",""https://github.com/pest-parser/pest.git""],""observations"":[{""origin"":""https://github.com/pest-parser/pest"",""status"":""full"",""visit"":{""origin"":""https://github.com/pest-parser/pest"",""visit"":186,""date"":""2026-09-01T04:08:24.286000+00:00"",""status"":""full"",""snapshot"":""c9629623f1653d002f424ac35d4a0d838fdfca00"",""type"":""git"",""metadata"":{},""origin_visit_url"":""https://archive.softwareheritage.org/api/1/origin/https://github.com/pest-parser/pest/visit/186/"",""snapshot_url"":""https://archive.softwareheritage.org/api/1/snapshot/c9629623f1653d002f424ac35d4a0d838fdfca00/""},""evidence"":[{""url"":""https://archive.softwareheritage.org/api/1/origin/https%3A%2F%2Fgithub.com%2Fpest-parser%2Fpest/visits/?per_page=100"",""fetched_at"":""2026-09-23T19:56:41Z"",""cache_file"":""0cb2139511ee6e496ade304e85a9082418097e58e4e4d91cec0e439fedcf5c67.json.gz"",""status"":200}]}],""incomplete_reasons"":[]}"
https://github.com/pganalyze/pg_query,archived_evidence_found,"[""snapshot""]",snapshot_found,observed,missing,1,1,"{""checked_at"":""2026-09-23T19:56:42Z"",""candidates"":[""https://github.com/lfittl/pg_query"",""https://github.com/lfittl/pg_query.git"",""https://github.com/pganalyze/pg_query"",""https://github.com/pganalyze/pg_query.git""],""observations"":[{""origin"":""https://github.com/lfittl/pg_query"",""status"":""full"",""visit"":{""origin"":""https://github.com/lfittl/pg_query"",""visit"":66,""date"":""2026-08-05T21:18:23.950000+00:00"",""status"":""full"",""snapshot"":""98129cfdcfba246aa973379d981e613c22db9b07"",""type"":""git"",""metadata"":{},""origin_visit_url"":""https://archive.softwareheritage.org/api/1/origin/https://github.com/lfittl/pg_query/visit/66/"",""snapshot_url"":""https://archive.softwareheritage.org/api/1/snapshot/98129cfdcfba246aa973379d981e613c22db9b07/""},""evidence"":[{""url"":""https://archive.softwareheritage.org/api/1/origin/https%3A%2F%2Fgithub.com%2Flfittl%2Fpg_query/visits/?per_page=100"",""fetched_at"":""2026-09-23T19:56:42Z"",""cache_file"":""e72baba860fcb43d84b5434be33bae9cd5e7022a2ad8c8d7a601f455bcdbc43c.json.gz"",""status"":200}]}],""incomplete_reasons"":[]}"
https://github.com/phoenixframework/phoenix,archived_evidence_found,"[""snapshot""]",snapshot_found,observed,missing,1,0,"{""checked_at"":""2026-09-23T19:56:43Z"",""candidates"":[""https://github.com/phoenixframework/phoenix"",""https://github.com/phoenixframework/phoenix.git""],""observations"":[{""origin"":""https://github.com/phoenixframework/phoenix"",""status"":""full"",""visit"":{""origin"":""https://github.com/phoenixframework/phoenix"",""visit"":188,""date"":""2026-08-15T07:08:22.403000+00:00"",""status"":""full"",""snapshot"":""df4dc356206032e46aa9d86648fe0cc9fb4efb2b"",""type"":""git"",""metadata"":{},""origin_visit_url"":""https://archive.softwareheritage.org/api/1/origin/https://github.com/phoenixframework/phoenix/visit/188/"",""snapshot_url"":""https://archive.softwareheritage.org/api/1/snapshot/df4dc356206032e46aa9d86648fe0cc9fb4efb2b/""},""evidence"":[{""url"":""https://archive.softwareheritage.org/api/1/origin/https%3A%2F%2Fgithub.com%2Fphoenixframework%2Fphoenix/visits/?per_page=100"",""fetched_at"":""2026-09-23T19:56:43Z"",""cache_file"":""b15d798659487e9b20912f32fa0d1f898af15e66fc16c1dceea576c14db1dd1b.json.gz"",""status"":200}]}],""incomplete_reasons"":[]}"
https://github.com/phoenixframework/phoenix_live_view,archived_evidence_found,"[""snapshot""]",snapshot_found,observed,missing,1,0,"{""checked_at"":""2026-09-23T19:56:43Z"",""candidates"":[""https://github.com/phoenixframework/phoenix_live_view"",""https://github.com/phoenixframework/phoenix_live_view.git""],""observations"":[{""origin"":""https://github.com/phoenixframework/phoenix_live_view"",""status"":""full"",""visit"":{""origin"":""https://github.com/phoenixframework/phoenix_live_view"",""visit"":263,""date"":""2026-08-14T23:05:52.018000+00:00"",""status"":""full"",""snapshot"":""f5da797f5222d61c9b4fff40113f08f19a9f6bd3"",""type"":""git"",""metadata"":{},""origin_visit_url"":""https://archive.softwareheritage.org/api/1/origin/https://github.com/phoenixframework/phoenix_live_view/visit/263/"",""snapshot_url"":""https://archive.softwareheritage.org/api/1/snapshot/f5da797f5222d61c9b4fff40113f08f19a9f6bd3/""},""evidence"":[{""url"":""https://archive.softwareheritage.org/api/1/origin/https%3A%2F%2Fgithub.com%2Fphoenixframework%2Fphoenix_live_view/visits/?per_page=100"",""fetched_at"":""2026-09-23T19:56:43Z"",""cache_file"":""b7d95ec99d542ddbd8a81691b0684c606c85b18e9aa419ce280f588a583591a6.json.gz"",""status"":200}]}],""incomplete_reasons"":[]}"
https://github.com/phoenixframework/phoenix_pubsub,archived_evidence_found,"[""snapshot""]",snapshot_found,observed,missing,1,0,"{""checked_at"":""2026-09-23T19:56:44Z"",""candidates"":[""https://github.com/phoenixframework/phoenix_pubsub"",""https://github.com/phoenixframework/phoenix_pubsub.git""],""observations"":[{""origin"":""https://github.com/phoenixframework/phoenix_pubsub"",""status"":""full"",""visit"":{""origin"":""https://github.com/phoenixframework/phoenix_pubsub"",""visit"":74,""date"":""2026-05-16T08:15:25.613000+00:00"",""status"":""full"",""snapshot"":""8974c962239edeabfb47a058493f2030d777716d"",""type"":""git"",""metadata"":{},""origin_visit_url"":""https://archive.softwareheritage.org/api/1/origin/https://github.com/phoenixframework/phoenix_pubsub/visit/74/"",""snapshot_url"":""https://archive.softwareheritage.org/api/1/snapshot/8974c962239edeabfb47a058493f2030d777716d/""},""evidence"":[{""url"":""https://archive.softwareheritage.org/api/1/origin/https%3A%2F%2Fgithub.com%2Fphoenixframework%2Fphoenix_pubsub/visits/?per_page=100"",""fetched_at"":""2026-09-23T19:56:44Z"",""cache_file"":""3ffc24e5d8fb878cf6a5eedf1b45950c874e06b56ace36e67089ad9c1d7e7ead.json.gz"",""status"":200}]}],""incomplete_reasons"":[]}"
https://github.com/php-cs-fixer/php-cs-fixer,archived_evidence_found,"[""snapshot""]",snapshot_found,observed,missing,1,1,"{""checked_at"":""2026-09-23T19:56:44Z"",""candidates"":[""https://github.com/PHP-CS-Fixer/PHP-CS-Fixer"",""https://github.com/PHP-CS-Fixer/PHP-CS-Fixer.git"",""https://github.com/friendsofphp/php-cs-fixer"",""https://github.com/friendsofphp/php-cs-fixer.git"",""https://github.com/php-cs-fixer/php-cs-fixer"",""https://github.com/php-cs-fixer/php-cs-fixer.git""],""observations"":[{""origin"":""https://github.com/PHP-CS-Fixer/PHP-CS-Fixer"",""status"":""full"",""visit"":{""origin"":""https://github.com/PHP-CS-Fixer/PHP-CS-Fixer"",""visit"":129,""date"":""2026-09-16T14:04:53.073000+00:00"",""status"":""full"",""snapshot"":""4a19f4caee26dc3fd9e0ae4d0d4ede360df95c0e"",""type"":""git"",""metadata"":{},""origin_visit_url"":""https://archive.softwareheritage.org/api/1/origin/https://github.com/PHP-CS-Fixer/PHP-CS-Fixer/visit/129/"",""snapshot_url"":""https://archive.softwareheritage.org/api/1/snapshot/4a19f4caee26dc3fd9e0ae4d0d4ede360df95c0e/""},""evidence"":[{""url"":""https://archive.softwareheritage.org/api/1/origin/https%3A%2F%2Fgithub.com%2FPHP-CS-Fixer%2FPHP-CS-Fixer/visits/?per_page=100"",""fetched_at"":""2026-09-23T19:56:44Z"",""cache_file"":""8b880eee12e910ea75dca3fc6d0dfb4c02172b9c7bdd77082597438a6d1b885e.json.gz"",""status"":200}]}],""incomplete_reasons"":[]}"
https://github.com/phpcsstandards/php_codesniffer,archived_evidence_found,"[""snapshot"",""tag_target_revision""]",snapshot_found,observed,missing,0,1,"{""checked_at"":""2026-09-24T08:46:18Z"",""candidates"":[""https://github.com/PHPCSStandards/PHP_CodeSniffer"",""https://github.com/PHPCSStandards/PHP_CodeSniffer.git"",""https://github.com/phpcsstandards/php_codesniffer"",""https://github.com/phpcsstandards/php_codesniffer.git""],""observations"":[{""origin"":""https://github.com/PHPCSStandards/PHP_CodeSniffer"",""status"":""full"",""visit"":{""origin"":""https://github.com/PHPCSStandards/PHP_CodeSniffer"",""visit"":45,""date"":""2026-05-30T13:42:30.109000+00:00"",""status"":""full"",""snapshot"":""c91afdc9b786c1c2b4cfedd360eb3ed4002d10ab"",""type"":""git"",""metadata"":{},""origin_visit_url"":""https://archive.softwareheritage.org/api/1/origin/https://github.com/PHPCSStandards/PHP_CodeSniffer/visit/45/"",""snapshot_url"":""https://archive.softwareheritage.org/api/1/snapshot/c91afdc9b786c1c2b4cfedd360eb3ed4002d10ab/""},""evidence"":[{""url"":""https://archive.softwareheritage.org/api/1/origin/https%3A%2F%2Fgithub.com%2FPHPCSStandards%2FPHP_CodeSniffer/visits/?per_page=100"",""fetched_at"":""2026-09-24T08:46:18Z"",""cache_file"":""c21496e61f749e22efa8597ab18967d6e92ff84139bb41bf8a80077f2dd8e098.json.gz"",""status"":200}]}],""incomplete_reasons"":[]}"
https://github.com/phpoffice/phpspreadsheet,archived_evidence_found,"[""snapshot"",""tag_target_revision""]",snapshot_found,observed,missing,0,1,"{""checked_at"":""2026-09-24T08:46:20Z"",""candidates"":[""https://github.com/PHPOffice/PhpSpreadsheet"",""https://github.com/PHPOffice/PhpSpreadsheet.git"",""https://github.com/phpoffice/phpspreadsheet"",""https://github.com/phpoffice/phpspreadsheet.git""],""observations"":[{""origin"":""https://github.com/PHPOffice/PhpSpreadsheet"",""status"":""full"",""visit"":{""origin"":""https://github.com/PHPOffice/PhpSpreadsheet"",""visit"":208,""date"":""2026-09-16T21:14:35.539000+00:00"",""status"":""full"",""snapshot"":""80a419f499d6a7e66dbe94996763e7882acbd229"",""type"":""git"",""metadata"":{},""origin_visit_url"":""https://archive.softwareheritage.org/api/1/origin/https://github.com/PHPOffice/PhpSpreadsheet/visit/208/"",""snapshot_url"":""https://archive.softwareheritage.org/api/1/snapshot/80a419f499d6a7e66dbe94996763e7882acbd229/""},""evidence"":[{""url"":""https://archive.softwareheritage.org/api/1/origin/https%3A%2F%2Fgithub.com%2FPHPOffice%2FPhpSpreadsheet/visits/?per_page=100"",""fetched_at"":""2026-09-24T08:46:20Z"",""cache_file"":""e8a29dfb21c97155a2a3f4bfce5fb74531a24e90ea19c6661ce61f379fcf3412.json.gz"",""status"":200}]}],""incomplete_reasons"":[]}"
https://github.com/phpstan/phpdoc-parser,archived_evidence_found,"[""snapshot""]",snapshot_found,observed,missing,1,1,"{""checked_at"":""2026-09-23T19:56:45Z"",""candidates"":[""https://github.com/phpstan/phpdoc-parser"",""https://github.com/phpstan/phpdoc-parser.git""],""observations"":[{""origin"":""https://github.com/phpstan/phpdoc-parser"",""status"":""full"",""visit"":{""origin"":""https://github.com/phpstan/phpdoc-parser"",""visit"":195,""date"":""2026-08-29T21:03:49.651000+00:00"",""status"":""full"",""snapshot"":""f3f5482bef1d82b21190a9cc6ff57a5979f1fd00"",""type"":""git"",""metadata"":{},""origin_visit_url"":""https://archive.softwareheritage.org/api/1/origin/https://github.com/phpstan/phpdoc-parser/visit/195/"",""snapshot_url"":""https://archive.softwareheritage.org/api/1/snapshot/f3f5482bef1d82b21190a9cc6ff57a5979f1fd00/""},""evidence"":[{""url"":""https://archive.softwareheritage.org/api/1/origin/https%3A%2F%2Fgithub.com%2Fphpstan%2Fphpdoc-parser/visits/?per_page=100"",""fetched_at"":""2026-09-23T19:56:45Z"",""cache_file"":""b635c09e41be5e7e47048906c0d5aef759d8a3890a1e2e7f0128db29b3d09402.json.gz"",""status"":200}]}],""incomplete_reasons"":[]}"
https://github.com/piskvorky/smart_open,archived_evidence_found,"[""snapshot""]",snapshot_found,observed,missing,1,0,"{""checked_at"":""2026-09-23T19:56:46Z"",""candidates"":[""https://github.com/piskvorky/smart_open"",""https://github.com/piskvorky/smart_open.git"",""https://github.com/rare-technologies/smart_open"",""https://github.com/rare-technologies/smart_open.git""],""observations"":[{""origin"":""https://github.com/piskvorky/smart_open"",""status"":""full"",""visit"":{""origin"":""https://github.com/piskvorky/smart_open"",""visit"":578,""date"":""2026-09-23T10:43:12.387000+00:00"",""status"":""full"",""snapshot"":""ded8c3785fec1c7fc38bb0ba51f391537376510b"",""type"":""git-checkout"",""metadata"":{},""origin_visit_url"":""https://archive.softwareheritage.org/api/1/origin/https://github.com/piskvorky/smart_open/visit/578/"",""snapshot_url"":""https://archive.softwareheritage.org/api/1/snapshot/ded8c3785fec1c7fc38bb0ba51f391537376510b/""},""evidence"":[{""url"":""https://archive.softwareheritage.org/api/1/origin/https%3A%2F%2Fgithub.com%2Fpiskvorky%2Fsmart_open/visits/?per_page=100"",""fetched_at"":""2026-09-23T19:56:46Z"",""cache_file"":""49790d57f61a3c7f12205ab7225d6fc60af4aba85f234015123472baf3b2ef06.json.gz"",""status"":200}]}],""incomplete_reasons"":[]}"
https://github.com/plataformatec/faraday-http-cache,archived_evidence_found,"[""snapshot""]",snapshot_found,observed,missing,1,0,"{""checked_at"":""2026-09-23T19:56:46Z"",""candidates"":[""https://github.com/plataformatec/faraday-http-cache"",""https://github.com/plataformatec/faraday-http-cache.git"",""https://github.com/sourcelevel/faraday-http-cache"",""https://github.com/sourcelevel/faraday-http-cache.git""],""observations"":[{""origin"":""https://github.com/plataformatec/faraday-http-cache"",""status"":""full"",""visit"":{""origin"":""https://github.com/plataformatec/faraday-http-cache"",""visit"":14,""date"":""2020-04-16T17:02:53.069000+00:00"",""status"":""full"",""snapshot"":""51ae921daf9820781dd47fcbb83c5ac82f72ac03"",""type"":""git"",""metadata"":{},""origin_visit_url"":""https://archive.softwareheritage.org/api/1/origin/https://github.com/plataformatec/faraday-http-cache/visit/14/"",""snapshot_url"":""https://archive.softwareheritage.org/api/1/snapshot/51ae921daf9820781dd47fcbb83c5ac82f72ac03/""},""evidence"":[{""url"":""https://archive.softwareheritage.org/api/1/origin/https%3A%2F%2Fgithub.com%2Fplataformatec%2Ffaraday-http-cache/visits/?per_page=100"",""fetched_at"":""2026-09-23T19:56:46Z"",""cache_file"":""761c5c6cd9ee454c985e0ed56712e91525e1e514af18e23e6a063e801fb5f9a5.json.gz"",""status"":200}]}],""incomplete_reasons"":[]}"
https://github.com/plotly/plotly.py,archived_evidence_found,"[""snapshot"",""tag_target_revision""]",snapshot_found,observed,missing,1,0,"{""checked_at"":""2026-09-24T10:04:22Z"",""candidates"":[""https://github.com/plotly/plotly.py"",""https://github.com/plotly/plotly.py.git"",""https://github.com/plotly/python-api"",""https://github.com/plotly/python-api.git""],""observations"":[{""origin"":""https://github.com/plotly/plotly.py"",""status"":""full"",""visit"":{""origin"":""https://github.com/plotly/plotly.py"",""visit"":1793,""date"":""2026-09-23T22:51:42.213000+00:00"",""status"":""full"",""snapshot"":""0fdbb3fd0c07586013f63c991008abee51796ed1"",""type"":""git-checkout"",""metadata"":{},""origin_visit_url"":""https://archive.softwareheritage.org/api/1/origin/https://github.com/plotly/plotly.py/visit/1793/"",""snapshot_url"":""https://archive.softwareheritage.org/api/1/snapshot/0fdbb3fd0c07586013f63c991008abee51796ed1/""},""evidence"":[{""url"":""https://archive.softwareheritage.org/api/1/origin/https%3A%2F%2Fgithub.com%2Fplotly%2Fplotly.py/visits/?per_page=100"",""fetched_at"":""2026-09-24T10:04:22Z"",""cache_file"":""c390c9eded3dc67ebb3849212292c14f3131ec566ae7b119289ac723084a4d0f.json.gz"",""status"":200}]}],""incomplete_reasons"":[]}"
https://github.com/pmmmwh/react-refresh-webpack-plugin,archived_evidence_found,"[""snapshot""]",snapshot_found,observed,missing,1,0,"{""checked_at"":""2026-09-23T19:56:47Z"",""candidates"":[""https://github.com/pmmmwh/react-refresh-webpack-plugin"",""https://github.com/pmmmwh/react-refresh-webpack-plugin.git""],""observations"":[{""origin"":""https://github.com/pmmmwh/react-refresh-webpack-plugin"",""status"":""full"",""visit"":{""origin"":""https://github.com/pmmmwh/react-refresh-webpack-plugin"",""visit"":124,""date"":""2026-05-20T11:02:19.303000+00:00"",""status"":""full"",""snapshot"":""88ba6be8703fe727a56853b57aca947d21a19fec"",""type"":""git"",""metadata"":{},""origin_visit_url"":""https://archive.softwareheritage.org/api/1/origin/https://github.com/pmmmwh/react-refresh-webpack-plugin/visit/124/"",""snapshot_url"":""https://archive.softwareheritage.org/api/1/snapshot/88ba6be8703fe727a56853b57aca947d21a19fec/""},""evidence"":[{""url"":""https://archive.softwareheritage.org/api/1/origin/https%3A%2F%2Fgithub.com%2Fpmmmwh%2Freact-refresh-webpack-plugin/visits/?per_page=100"",""fetched_at"":""2026-09-23T19:56:47Z"",""cache_file"":""58e4196b6b8bc2417c2cce041cfc95aa3d1a4c97f372246e876ae94faacc0c7f.json.gz"",""status"":200}]}],""incomplete_reasons"":[]}"
https://github.com/pnpm/pnpm,archived_evidence_found,"[""snapshot""]",snapshot_found,observed,missing,1,1,"{""checked_at"":""2026-09-23T19:56:48Z"",""candidates"":[""https://github.com/pnpm/pnpm"",""https://github.com/pnpm/pnpm.git"",""https://github.com/rstacruz/pnpm"",""https://github.com/rstacruz/pnpm.git""],""observations"":[{""origin"":""https://github.com/pnpm/pnpm"",""status"":""full"",""visit"":{""origin"":""https://github.com/pnpm/pnpm"",""visit"":166,""date"":""2026-08-31T20:29:10.985000+00:00"",""status"":""full"",""snapshot"":""13d9da6b47d5f29a36014dc615d3beb576f59c49"",""type"":""git"",""metadata"":{},""origin_visit_url"":""https://archive.softwareheritage.org/api/1/origin/https://github.com/pnpm/pnpm/visit/166/"",""snapshot_url"":""https://archive.softwareheritage.org/api/1/snapshot/13d9da6b47d5f29a36014dc615d3beb576f59c49/""},""evidence"":[{""url"":""https://archive.softwareheritage.org/api/1/origin/https%3A%2F%2Fgithub.com%2Fpnpm%2Fpnpm/visits/?per_page=100"",""fetched_at"":""2026-09-23T19:56:48Z"",""cache_file"":""7a41e3dd814f0a235ce78511695932e3be72df9170017e46fed4378dc5db8f71.json.gz"",""status"":200}]}],""incomplete_reasons"":[]}"
https://github.com/pointfreeco/combine-schedulers,no_snapshot_at_checked_origins,[],origin_not_found,observed,missing,1,0,"{""checked_at"":""2026-09-23T19:56:49Z"",""candidates"":[""https://github.com/pointfreeco/combine-schedulers"",""https://github.com/pointfreeco/combine-schedulers.git""],""observations"":[{""origin"":""https://github.com/pointfreeco/combine-schedulers"",""status"":""not_found"",""evidence"":[{""url"":""https://archive.softwareheritage.org/api/1/origin/https%3A%2F%2Fgithub.com%2Fpointfreeco%2Fcombine-schedulers/visits/?per_page=100"",""fetched_at"":""2026-09-23T19:56:48Z"",""cache_file"":""2f04a65705b39a2e861e4cbfc89fde33b698038ca7ad1e8490ed7a10aab32747.json.gz"",""status"":404}]},{""origin"":""https://github.com/pointfreeco/combine-schedulers.git"",""status"":""not_found"",""evidence"":[{""url"":""https://archive.softwareheritage.org/api/1/origin/https%3A%2F%2Fgithub.com%2Fpointfreeco%2Fcombine-schedulers.git/visits/?per_page=100"",""fetched_at"":""2026-09-23T19:56:49Z"",""cache_file"":""68362c768b9eb57cb3ce160672b7f634cc3d9a3144ef42dc808e65f770ad1ead.json.gz"",""status"":404}]}],""incomplete_reasons"":[]}"
https://github.com/pointfreeco/swift-clocks,no_snapshot_at_checked_origins,[],origin_not_found,observed,missing,1,0,"{""checked_at"":""2026-09-23T19:56:50Z"",""candidates"":[""https://github.com/pointfreeco/swift-clocks"",""https://github.com/pointfreeco/swift-clocks.git""],""observations"":[{""origin"":""https://github.com/pointfreeco/swift-clocks"",""status"":""not_found"",""evidence"":[{""url"":""https://archive.softwareheritage.org/api/1/origin/https%3A%2F%2Fgithub.com%2Fpointfreeco%2Fswift-clocks/visits/?per_page=100"",""fetched_at"":""2026-09-23T19:56:50Z"",""cache_file"":""e5e202a91bc8fcd6cd2ed682de8094be22a991ba4e0ef7e8688bf25a3716f8cc.json.gz"",""status"":404}]},{""origin"":""https://github.com/pointfreeco/swift-clocks.git"",""status"":""not_found"",""evidence"":[{""url"":""https://archive.softwareheritage.org/api/1/origin/https%3A%2F%2Fgithub.com%2Fpointfreeco%2Fswift-clocks.git/visits/?per_page=100"",""fetched_at"":""2026-09-23T19:56:50Z"",""cache_file"":""063339d63facfdedb713dffb61b2550e2c8408e02d4ee55df08b7a669626c39f.json.gz"",""status"":404}]}],""incomplete_reasons"":[]}"
https://github.com/pointfreeco/swift-custom-dump,no_snapshot_at_checked_origins,[],origin_not_found,observed,missing,1,0,"{""checked_at"":""2026-09-23T19:56:51Z"",""candidates"":[""https://github.com/pointfreeco/swift-custom-dump"",""https://github.com/pointfreeco/swift-custom-dump.git""],""observations"":[{""origin"":""https://github.com/pointfreeco/swift-custom-dump"",""status"":""not_found"",""evidence"":[{""url"":""https://archive.softwareheritage.org/api/1/origin/https%3A%2F%2Fgithub.com%2Fpointfreeco%2Fswift-custom-dump/visits/?per_page=100"",""fetched_at"":""2026-09-23T19:56:50Z"",""cache_file"":""206e3257d556ad4476866ff728dafbbfe9a2f0c05b4499c6512a5b4f786f84b4.json.gz"",""status"":404}]},{""origin"":""https://github.com/pointfreeco/swift-custom-dump.git"",""status"":""not_found"",""evidence"":[{""url"":""https://archive.softwareheritage.org/api/1/origin/https%3A%2F%2Fgithub.com%2Fpointfreeco%2Fswift-custom-dump.git/visits/?per_page=100"",""fetched_at"":""2026-09-23T19:56:51Z"",""cache_file"":""0919df1b7e5bd4c5054620d0245cab0501b005ce4aa067e8e0648ac4b5fa7045.json.gz"",""status"":404}]}],""incomplete_reasons"":[]}"
https://github.com/pointfreeco/swift-dependencies,no_snapshot_at_checked_origins,[],origin_not_found,observed,missing,1,0,"{""checked_at"":""2026-09-23T19:56:52Z"",""candidates"":[""https://github.com/pointfreeco/swift-dependencies"",""https://github.com/pointfreeco/swift-dependencies.git""],""observations"":[{""origin"":""https://github.com/pointfreeco/swift-dependencies"",""status"":""not_found"",""evidence"":[{""url"":""https://archive.softwareheritage.org/api/1/origin/https%3A%2F%2Fgithub.com%2Fpointfreeco%2Fswift-dependencies/visits/?per_page=100"",""fetched_at"":""2026-09-23T19:56:51Z"",""cache_file"":""cee35689ec7110d1ee35f5a14bd87eef44054e0bd68ef0fb1d45e1b78f626ef5.json.gz"",""status"":404}]},{""origin"":""https://github.com/pointfreeco/swift-dependencies.git"",""status"":""not_found"",""evidence"":[{""url"":""https://archive.softwareheritage.org/api/1/origin/https%3A%2F%2Fgithub.com%2Fpointfreeco%2Fswift-dependencies.git/visits/?per_page=100"",""fetched_at"":""2026-09-23T19:56:52Z"",""cache_file"":""0ec9db49bbf2da0a248dd1f4d168b4ec8fdebaddf66782e08996b54cd109f879.json.gz"",""status"":404}]}],""incomplete_reasons"":[]}"
https://github.com/pointfreeco/swift-identified-collections,no_snapshot_at_checked_origins,[],origin_not_found,observed,missing,1,0,"{""checked_at"":""2026-09-23T19:56:53Z"",""candidates"":[""https://github.com/pointfreeco/swift-identified-collections"",""https://github.com/pointfreeco/swift-identified-collections.git""],""observations"":[{""origin"":""https://github.com/pointfreeco/swift-identified-collections"",""status"":""not_found"",""evidence"":[{""url"":""https://archive.softwareheritage.org/api/1/origin/https%3A%2F%2Fgithub.com%2Fpointfreeco%2Fswift-identified-collections/visits/?per_page=100"",""fetched_at"":""2026-09-23T19:56:52Z"",""cache_file"":""429a166ac4d6ad8552b08b694a33580b5d486d5c2253108814d07b04c3f8d2f7.json.gz"",""status"":404}]},{""origin"":""https://github.com/pointfreeco/swift-identified-collections.git"",""status"":""not_found"",""evidence"":[{""url"":""https://archive.softwareheritage.org/api/1/origin/https%3A%2F%2Fgithub.com%2Fpointfreeco%2Fswift-identified-collections.git/visits/?per_page=100"",""fetched_at"":""2026-09-23T19:56:53Z"",""cache_file"":""1c3c88488c50e722a833d06e98bbb3445624c63fe0734de0d3705eda384dc607.json.gz"",""status"":404}]}],""incomplete_reasons"":[]}"
https://github.com/postcss/autoprefixer,archived_evidence_found,"[""snapshot""]",snapshot_found,observed,missing,1,1,"{""checked_at"":""2026-09-23T19:56:54Z"",""candidates"":[""https://github.com/ai/autoprefixer"",""https://github.com/ai/autoprefixer.git"",""https://github.com/postcss/autoprefixer"",""https://github.com/postcss/autoprefixer.git""],""observations"":[{""origin"":""https://github.com/ai/autoprefixer"",""status"":""not_found"",""evidence"":[{""url"":""https://archive.softwareheritage.org/api/1/origin/https%3A%2F%2Fgithub.com%2Fai%2Fautoprefixer/visits/?per_page=100"",""fetched_at"":""2026-09-23T19:56:53Z"",""cache_file"":""3c77b5be242c7a2cbea4acb6479ebc3db3ac8dc64f64848a406be51c109238ea.json.gz"",""status"":404}]},{""origin"":""https://github.com/ai/autoprefixer.git"",""status"":""not_found"",""evidence"":[{""url"":""https://archive.softwareheritage.org/api/1/origin/https%3A%2F%2Fgithub.com%2Fai%2Fautoprefixer.git/visits/?per_page=100"",""fetched_at"":""2026-09-23T19:56:54Z"",""cache_file"":""e12794949abbee162f4b47155d3a8ba32bbbbc53d730deee3e97e7353f38a29e.json.gz"",""status"":404}]},{""origin"":""https://github.com/postcss/autoprefixer"",""status"":""full"",""visit"":{""origin"":""https://github.com/postcss/autoprefixer"",""visit"":128,""date"":""2026-09-07T03:08:36.535000+00:00"",""status"":""full"",""snapshot"":""ea5b03b2e3e2b718be80bcd1123b0f5bcbc6aca7"",""type"":""git"",""metadata"":{},""origin_visit_url"":""https://archive.softwareheritage.org/api/1/origin/https://github.com/postcss/autoprefixer/visit/128/"",""snapshot_url"":""https://archive.softwareheritage.org/api/1/snapshot/ea5b03b2e3e2b718be80bcd1123b0f5bcbc6aca7/""},""evidence"":[{""url"":""https://archive.softwareheritage.org/api/1/origin/https%3A%2F%2Fgithub.com%2Fpostcss%2Fautoprefixer/visits/?per_page=100"",""fetched_at"":""2026-09-23T19:56:54Z"",""cache_file"":""575afc2181e1d061adf51c8e20858926af5fefe91df758239a1bc8b80e2a95de.json.gz"",""status"":200}]}],""incomplete_reasons"":[]}"
https://github.com/postcss/postcss-calc,archived_evidence_found,"[""snapshot""]",snapshot_found,observed,missing,1,0,"{""checked_at"":""2026-09-23T19:56:55Z"",""candidates"":[""https://github.com/postcss/postcss-calc"",""https://github.com/postcss/postcss-calc.git""],""observations"":[{""origin"":""https://github.com/postcss/postcss-calc"",""status"":""full"",""visit"":{""origin"":""https://github.com/postcss/postcss-calc"",""visit"":94,""date"":""2026-09-13T03:42:35.845000+00:00"",""status"":""full"",""snapshot"":""3665c78d8ca5138e85fbab5a84a3358ffd53a3fd"",""type"":""git"",""metadata"":{},""origin_visit_url"":""https://archive.softwareheritage.org/api/1/origin/https://github.com/postcss/postcss-calc/visit/94/"",""snapshot_url"":""https://archive.softwareheritage.org/api/1/snapshot/3665c78d8ca5138e85fbab5a84a3358ffd53a3fd/""},""evidence"":[{""url"":""https://archive.softwareheritage.org/api/1/origin/https%3A%2F%2Fgithub.com%2Fpostcss%2Fpostcss-calc/visits/?per_page=100"",""fetched_at"":""2026-09-23T19:56:55Z"",""cache_file"":""a22731098e9b6f2586ad7425bb5bd616f4bbde9964768d8f24f79df9a23860e1.json.gz"",""status"":200}]}],""incomplete_reasons"":[]}"
https://github.com/postcss/postcss-selector-parser,archived_evidence_found,"[""snapshot""]",snapshot_found,observed,missing,1,1,"{""checked_at"":""2026-09-23T19:56:56Z"",""candidates"":[""https://github.com/postcss/postcss-selector-parser"",""https://github.com/postcss/postcss-selector-parser.git""],""observations"":[{""origin"":""https://github.com/postcss/postcss-selector-parser"",""status"":""full"",""visit"":{""origin"":""https://github.com/postcss/postcss-selector-parser"",""visit"":125,""date"":""2026-08-22T04:22:33.931000+00:00"",""status"":""full"",""snapshot"":""26b8c2eeffbfc7ff31a6c1cee879538afa387055"",""type"":""git"",""metadata"":{},""origin_visit_url"":""https://archive.softwareheritage.org/api/1/origin/https://github.com/postcss/postcss-selector-parser/visit/125/"",""snapshot_url"":""https://archive.softwareheritage.org/api/1/snapshot/26b8c2eeffbfc7ff31a6c1cee879538afa387055/""},""evidence"":[{""url"":""https://archive.softwareheritage.org/api/1/origin/https%3A%2F%2Fgithub.com%2Fpostcss%2Fpostcss-selector-parser/visits/?per_page=100"",""fetched_at"":""2026-09-23T19:56:56Z"",""cache_file"":""ed7f0891e4ea18c3d1c9bff070b12f309b40d4f8251b06491ad0d7d6c19d06b7.json.gz"",""status"":200}]}],""incomplete_reasons"":[]}"
https://github.com/premailer/css_parser,archived_evidence_found,"[""snapshot""]",snapshot_found,observed,missing,1,1,"{""checked_at"":""2026-09-23T19:56:57Z"",""candidates"":[""https://github.com/alexdunae/css_parser"",""https://github.com/alexdunae/css_parser.git"",""https://github.com/premailer/css_parser"",""https://github.com/premailer/css_parser.git""],""observations"":[{""origin"":""https://github.com/alexdunae/css_parser"",""status"":""not_found"",""evidence"":[{""url"":""https://archive.softwareheritage.org/api/1/origin/https%3A%2F%2Fgithub.com%2Falexdunae%2Fcss_parser/visits/?per_page=100"",""fetched_at"":""2026-09-23T19:56:56Z"",""cache_file"":""de795ad0910b33c4e669e967c1287674a531c42fc40fced880508e7aa920ecf7.json.gz"",""status"":404}]},{""origin"":""https://github.com/alexdunae/css_parser.git"",""status"":""not_found"",""evidence"":[{""url"":""https://archive.softwareheritage.org/api/1/origin/https%3A%2F%2Fgithub.com%2Falexdunae%2Fcss_parser.git/visits/?per_page=100"",""fetched_at"":""2026-09-23T19:56:57Z"",""cache_file"":""3925110fb66bad5d8494950dde2dd836a2ba4937888e8665057f7d75f6cfb91c.json.gz"",""status"":404}]},{""origin"":""https://github.com/premailer/css_parser"",""status"":""full"",""visit"":{""origin"":""https://github.com/premailer/css_parser"",""visit"":93,""date"":""2026-09-09T22:52:22.791000+00:00"",""status"":""full"",""snapshot"":""b023f93c8e4e84676b7cf74e98dca869ec0129e8"",""type"":""git"",""metadata"":{},""origin_visit_url"":""https://archive.softwareheritage.org/api/1/origin/https://github.com/premailer/css_parser/visit/93/"",""snapshot_url"":""https://archive.softwareheritage.org/api/1/snapshot/b023f93c8e4e84676b7cf74e98dca869ec0129e8/""},""evidence"":[{""url"":""https://archive.softwareheritage.org/api/1/origin/https%3A%2F%2Fgithub.com%2Fpremailer%2Fcss_parser/visits/?per_page=100"",""fetched_at"":""2026-09-23T19:56:57Z"",""cache_file"":""ea439bb2f6fc6cfdb3e8eefc40cfc47688ed16e5186dacde9b6feb9a86769bc7.json.gz"",""status"":200}]}],""incomplete_reasons"":[]}"
https://github.com/premailer/premailer,archived_evidence_found,"[""snapshot""]",snapshot_found,observed,missing,1,1,"{""checked_at"":""2026-09-23T19:56:58Z"",""candidates"":[""https://github.com/premailer/premailer"",""https://github.com/premailer/premailer.git""],""observations"":[{""origin"":""https://github.com/premailer/premailer"",""status"":""full"",""visit"":{""origin"":""https://github.com/premailer/premailer"",""visit"":113,""date"":""2026-08-31T21:06:49.848000+00:00"",""status"":""full"",""snapshot"":""c543e0bc352cf034e439d586d2a9d2bf773e8baa"",""type"":""git"",""metadata"":{},""origin_visit_url"":""https://archive.softwareheritage.org/api/1/origin/https://github.com/premailer/premailer/visit/113/"",""snapshot_url"":""https://archive.softwareheritage.org/api/1/snapshot/c543e0bc352cf034e439d586d2a9d2bf773e8baa/""},""evidence"":[{""url"":""https://archive.softwareheritage.org/api/1/origin/https%3A%2F%2Fgithub.com%2Fpremailer%2Fpremailer/visits/?per_page=100"",""fetched_at"":""2026-09-23T19:56:58Z"",""cache_file"":""9b918482f1e30a1aa562cf7059f6f0c0c37d396fe79f17651981cac43d5e005d.json.gz"",""status"":200}]}],""incomplete_reasons"":[]}"
https://github.com/prettier/prettier,archived_evidence_found,"[""snapshot""]",snapshot_found,observed,missing,1,1,"{""checked_at"":""2026-09-23T19:56:59Z"",""candidates"":[""https://github.com/jlongster/prettier"",""https://github.com/jlongster/prettier.git"",""https://github.com/prettier/prettier"",""https://github.com/prettier/prettier.git""],""observations"":[{""origin"":""https://github.com/jlongster/prettier"",""status"":""not_found"",""evidence"":[{""url"":""https://archive.softwareheritage.org/api/1/origin/https%3A%2F%2Fgithub.com%2Fjlongster%2Fprettier/visits/?per_page=100"",""fetched_at"":""2026-09-23T19:56:58Z"",""cache_file"":""910ba09b36a88ab0901dcf1372845eb50d1f113fe164e916c9ddd0c015eb0e32.json.gz"",""status"":404}]},{""origin"":""https://github.com/jlongster/prettier.git"",""status"":""not_found"",""evidence"":[{""url"":""https://archive.softwareheritage.org/api/1/origin/https%3A%2F%2Fgithub.com%2Fjlongster%2Fprettier.git/visits/?per_page=100"",""fetched_at"":""2026-09-23T19:56:59Z"",""cache_file"":""f92351741770d5f40d755fed0da3a08552d806d9668db45a86072eb93fd2c997.json.gz"",""status"":404}]},{""origin"":""https://github.com/prettier/prettier"",""status"":""full"",""visit"":{""origin"":""https://github.com/prettier/prettier"",""visit"":257,""date"":""2026-09-13T17:21:01.758000+00:00"",""status"":""full"",""snapshot"":""d407ebd7c8fe3c7a0d1b201601edf4c8857d45db"",""type"":""git"",""metadata"":{},""origin_visit_url"":""https://archive.softwareheritage.org/api/1/origin/https://github.com/prettier/prettier/visit/257/"",""snapshot_url"":""https://archive.softwareheritage.org/api/1/snapshot/d407ebd7c8fe3c7a0d1b201601edf4c8857d45db/""},""evidence"":[{""url"":""https://archive.softwareheritage.org/api/1/origin/https%3A%2F%2Fgithub.com%2Fprettier%2Fprettier/visits/?per_page=100"",""fetched_at"":""2026-09-23T19:56:59Z"",""cache_file"":""f8bd39c6e884a3fd666d8595012db8f18127debc598d550157da88e09241da04.json.gz"",""status"":200}]}],""incomplete_reasons"":[]}"
https://github.com/protocolbuffers/protobuf-php,archived_evidence_found,"[""snapshot""]",snapshot_found,observed,missing,1,1,"{""checked_at"":""2026-09-23T19:57:00Z"",""candidates"":[""https://github.com/protocolbuffers/protobuf-php"",""https://github.com/protocolbuffers/protobuf-php.git""],""observations"":[{""origin"":""https://github.com/protocolbuffers/protobuf-php"",""status"":""full"",""visit"":{""origin"":""https://github.com/protocolbuffers/protobuf-php"",""visit"":159,""date"":""2026-08-26T15:47:09.911000+00:00"",""status"":""full"",""snapshot"":""fb96dde579fa8e92f1a6579badb791762a0bc4fa"",""type"":""git"",""metadata"":{},""origin_visit_url"":""https://archive.softwareheritage.org/api/1/origin/https://github.com/protocolbuffers/protobuf-php/visit/159/"",""snapshot_url"":""https://archive.softwareheritage.org/api/1/snapshot/fb96dde579fa8e92f1a6579badb791762a0bc4fa/""},""evidence"":[{""url"":""https://archive.softwareheritage.org/api/1/origin/https%3A%2F%2Fgithub.com%2Fprotocolbuffers%2Fprotobuf-php/visits/?per_page=100"",""fetched_at"":""2026-09-23T19:57:00Z"",""cache_file"":""3da2dd63b4be953d7d434c62b6d5e98468dd2725851cc387728f87461416b817.json.gz"",""status"":200}]}],""incomplete_reasons"":[]}"
https://github.com/puppetlabs/puppetlabs-concat,archived_evidence_found,"[""snapshot""]",snapshot_found,observed,missing,1,0,"{""checked_at"":""2026-09-23T19:57:01Z"",""candidates"":[""https://github.com/puppetlabs/puppetlabs-concat"",""https://github.com/puppetlabs/puppetlabs-concat.git""],""observations"":[{""origin"":""https://github.com/puppetlabs/puppetlabs-concat"",""status"":""full"",""visit"":{""origin"":""https://github.com/puppetlabs/puppetlabs-concat"",""visit"":140,""date"":""2026-07-19T20:01:47.315000+00:00"",""status"":""full"",""snapshot"":""ac5eadf719ace6882c27606a78a7f6ee1001a645"",""type"":""git"",""metadata"":{},""origin_visit_url"":""https://archive.softwareheritage.org/api/1/origin/https://github.com/puppetlabs/puppetlabs-concat/visit/140/"",""snapshot_url"":""https://archive.softwareheritage.org/api/1/snapshot/ac5eadf719ace6882c27606a78a7f6ee1001a645/""},""evidence"":[{""url"":""https://archive.softwareheritage.org/api/1/origin/https%3A%2F%2Fgithub.com%2Fpuppetlabs%2Fpuppetlabs-concat/visits/?per_page=100"",""fetched_at"":""2026-09-23T19:57:01Z"",""cache_file"":""ab94a40e1a4e61cb3e58c955acd59afbf4111ad9467cb5ad7be3c4822373a4f8.json.gz"",""status"":200}]}],""incomplete_reasons"":[]}"
https://github.com/puppetlabs/puppetlabs-haproxy,archived_evidence_found,"[""snapshot""]",snapshot_found,observed,missing,1,0,"{""checked_at"":""2026-09-23T19:57:01Z"",""candidates"":[""https://github.com/puppetlabs/puppetlabs-haproxy"",""https://github.com/puppetlabs/puppetlabs-haproxy.git""],""observations"":[{""origin"":""https://github.com/puppetlabs/puppetlabs-haproxy"",""status"":""full"",""visit"":{""origin"":""https://github.com/puppetlabs/puppetlabs-haproxy"",""visit"":145,""date"":""2026-09-05T05:58:59.416000+00:00"",""status"":""full"",""snapshot"":""fb72979f6788c5f497fd66d01e09afdaef9899a2"",""type"":""git"",""metadata"":{},""origin_visit_url"":""https://archive.softwareheritage.org/api/1/origin/https://github.com/puppetlabs/puppetlabs-haproxy/visit/145/"",""snapshot_url"":""https://archive.softwareheritage.org/api/1/snapshot/fb72979f6788c5f497fd66d01e09afdaef9899a2/""},""evidence"":[{""url"":""https://archive.softwareheritage.org/api/1/origin/https%3A%2F%2Fgithub.com%2Fpuppetlabs%2Fpuppetlabs-haproxy/visits/?per_page=100"",""fetched_at"":""2026-09-23T19:57:01Z"",""cache_file"":""7d6f1f09bb3148630bd8f6d558c623985b50a3366f2520f342c9c18188fa723d.json.gz"",""status"":200}]}],""incomplete_reasons"":[]}"
https://github.com/puppetlabs/puppetlabs-mysql,archived_evidence_found,"[""snapshot""]",snapshot_found,observed,missing,1,0,"{""checked_at"":""2026-09-23T19:57:02Z"",""candidates"":[""https://github.com/puppetlabs/puppetlabs-mysql"",""https://github.com/puppetlabs/puppetlabs-mysql.git""],""observations"":[{""origin"":""https://github.com/puppetlabs/puppetlabs-mysql"",""status"":""full"",""visit"":{""origin"":""https://github.com/puppetlabs/puppetlabs-mysql"",""visit"":179,""date"":""2026-09-15T11:51:17.729000+00:00"",""status"":""full"",""snapshot"":""85034caeb458c3164057b2bfb8dbbe8b4b112612"",""type"":""git"",""metadata"":{},""origin_visit_url"":""https://archive.softwareheritage.org/api/1/origin/https://github.com/puppetlabs/puppetlabs-mysql/visit/179/"",""snapshot_url"":""https://archive.softwareheritage.org/api/1/snapshot/85034caeb458c3164057b2bfb8dbbe8b4b112612/""},""evidence"":[{""url"":""https://archive.softwareheritage.org/api/1/origin/https%3A%2F%2Fgithub.com%2Fpuppetlabs%2Fpuppetlabs-mysql/visits/?per_page=100"",""fetched_at"":""2026-09-23T19:57:02Z"",""cache_file"":""af02822855882df57cf6c3218be98b39e05ee6a97e42cb2aa8ce4516ef389fa7.json.gz"",""status"":200}]}],""incomplete_reasons"":[]}"
https://github.com/puppetlabs/puppetlabs-ntp,archived_evidence_found,"[""snapshot""]",snapshot_found,observed,missing,1,0,"{""checked_at"":""2026-09-23T19:57:03Z"",""candidates"":[""https://github.com/puppetlabs/puppetlabs-ntp"",""https://github.com/puppetlabs/puppetlabs-ntp.git""],""observations"":[{""origin"":""https://github.com/puppetlabs/puppetlabs-ntp"",""status"":""full"",""visit"":{""origin"":""https://github.com/puppetlabs/puppetlabs-ntp"",""visit"":148,""date"":""2026-08-24T05:36:01.411000+00:00"",""status"":""full"",""snapshot"":""275b0dc6cb918d52b64e348e3ac80c9beda3aadc"",""type"":""git"",""metadata"":{},""origin_visit_url"":""https://archive.softwareheritage.org/api/1/origin/https://github.com/puppetlabs/puppetlabs-ntp/visit/148/"",""snapshot_url"":""https://archive.softwareheritage.org/api/1/snapshot/275b0dc6cb918d52b64e348e3ac80c9beda3aadc/""},""evidence"":[{""url"":""https://archive.softwareheritage.org/api/1/origin/https%3A%2F%2Fgithub.com%2Fpuppetlabs%2Fpuppetlabs-ntp/visits/?per_page=100"",""fetched_at"":""2026-09-23T19:57:03Z"",""cache_file"":""97002101d5f3d4034947392876a28b8e43633615fd0029ccf44fe37d5e531f4a.json.gz"",""status"":200}]}],""incomplete_reasons"":[]}"
https://github.com/pycqa/flake8,archived_evidence_found,"[""snapshot"",""tag_target_revision"",""annotated_release""]",snapshot_found,observed,missing,1,1,"{""checked_at"":""2026-09-24T10:04:39Z"",""candidates"":[""https://github.com/PyCQA/flake8"",""https://github.com/PyCQA/flake8.git"",""https://github.com/pycqa/flake8"",""https://github.com/pycqa/flake8.git""],""observations"":[{""origin"":""https://github.com/PyCQA/flake8"",""status"":""full"",""visit"":{""origin"":""https://github.com/PyCQA/flake8"",""visit"":215,""date"":""2026-08-29T19:08:04+00:00"",""status"":""full"",""snapshot"":""23f13b2e459867b42b1f227d0f85556cb7693e61"",""type"":""git"",""metadata"":{},""origin_visit_url"":""https://archive.softwareheritage.org/api/1/origin/https://github.com/PyCQA/flake8/visit/215/"",""snapshot_url"":""https://archive.softwareheritage.org/api/1/snapshot/23f13b2e459867b42b1f227d0f85556cb7693e61/""},""evidence"":[{""url"":""https://archive.softwareheritage.org/api/1/origin/https%3A%2F%2Fgithub.com%2FPyCQA%2Fflake8/visits/?per_page=100"",""fetched_at"":""2026-09-24T10:04:39Z"",""cache_file"":""9b67e4a3c835acd322bb795b07ae0bcd949b46f9285d6f30a787a881bcc1c490.json.gz"",""status"":200}]}],""incomplete_reasons"":[]}"
https://github.com/pycqa/pycodestyle,archived_evidence_found,"[""snapshot"",""tag_target_revision"",""annotated_release""]",snapshot_found,observed,missing,1,1,"{""checked_at"":""2026-09-24T10:04:40Z"",""candidates"":[""https://github.com/PyCQA/pycodestyle"",""https://github.com/PyCQA/pycodestyle.git"",""https://github.com/jcrocholl/pep8"",""https://github.com/jcrocholl/pep8.git"",""https://github.com/pycqa/pep8"",""https://github.com/pycqa/pep8.git"",""https://github.com/pycqa/pycodestyle"",""https://github.com/pycqa/pycodestyle.git""],""observations"":[{""origin"":""https://github.com/PyCQA/pycodestyle"",""status"":""full"",""visit"":{""origin"":""https://github.com/PyCQA/pycodestyle"",""visit"":157,""date"":""2026-09-05T00:51:54.542000+00:00"",""status"":""full"",""snapshot"":""e41ccc6b89f8429b525285a1d1a8c0b8a9a4b223"",""type"":""git"",""metadata"":{},""origin_visit_url"":""https://archive.softwareheritage.org/api/1/origin/https://github.com/PyCQA/pycodestyle/visit/157/"",""snapshot_url"":""https://archive.softwareheritage.org/api/1/snapshot/e41ccc6b89f8429b525285a1d1a8c0b8a9a4b223/""},""evidence"":[{""url"":""https://archive.softwareheritage.org/api/1/origin/https%3A%2F%2Fgithub.com%2FPyCQA%2Fpycodestyle/visits/?per_page=100"",""fetched_at"":""2026-09-24T10:04:40Z"",""cache_file"":""c4c8f1ee85a981015962790463e748c4ce70f33e3b22141f76597fabb5965660.json.gz"",""status"":200}]}],""incomplete_reasons"":[]}"
https://github.com/pymysql/pymysql,archived_evidence_found,"[""snapshot""]",snapshot_found,observed,missing,1,0,"{""checked_at"":""2026-09-23T19:57:03Z"",""candidates"":[""https://github.com/PyMySQL/PyMySQL"",""https://github.com/PyMySQL/PyMySQL.git"",""https://github.com/petehunt/pymysql"",""https://github.com/petehunt/pymysql.git"",""https://github.com/pymysql/pymysql"",""https://github.com/pymysql/pymysql.git""],""observations"":[{""origin"":""https://github.com/PyMySQL/PyMySQL"",""status"":""full"",""visit"":{""origin"":""https://github.com/PyMySQL/PyMySQL"",""visit"":163,""date"":""2026-08-10T18:39:13.261000+00:00"",""status"":""full"",""snapshot"":""63805edc3470af54f2c9264a93f14b265f36b6cb"",""type"":""git"",""metadata"":{},""origin_visit_url"":""https://archive.softwareheritage.org/api/1/origin/https://github.com/PyMySQL/PyMySQL/visit/163/"",""snapshot_url"":""https://archive.softwareheritage.org/api/1/snapshot/63805edc3470af54f2c9264a93f14b265f36b6cb/""},""evidence"":[{""url"":""https://archive.softwareheritage.org/api/1/origin/https%3A%2F%2Fgithub.com%2FPyMySQL%2FPyMySQL/visits/?per_page=100"",""fetched_at"":""2026-09-23T19:57:03Z"",""cache_file"":""b88cd4f4f97d82207262f2f8f0b235286ed2586b15c26eae690234e82c74b094.json.gz"",""status"":200}]}],""incomplete_reasons"":[]}"
https://github.com/pypa/pipx,archived_evidence_found,"[""snapshot""]",snapshot_found,observed,missing,1,0,"{""checked_at"":""2026-09-23T19:57:04Z"",""candidates"":[""https://github.com/pypa/pipx"",""https://github.com/pypa/pipx.git""],""observations"":[{""origin"":""https://github.com/pypa/pipx"",""status"":""full"",""visit"":{""origin"":""https://github.com/pypa/pipx"",""visit"":110,""date"":""2026-08-26T16:53:30.652000+00:00"",""status"":""full"",""snapshot"":""8f0dfdfc1c4682fcc2a5b564bca2e2d29a3423b0"",""type"":""git"",""metadata"":{},""origin_visit_url"":""https://archive.softwareheritage.org/api/1/origin/https://github.com/pypa/pipx/visit/110/"",""snapshot_url"":""https://archive.softwareheritage.org/api/1/snapshot/8f0dfdfc1c4682fcc2a5b564bca2e2d29a3423b0/""},""evidence"":[{""url"":""https://archive.softwareheritage.org/api/1/origin/https%3A%2F%2Fgithub.com%2Fpypa%2Fpipx/visits/?per_page=100"",""fetched_at"":""2026-09-23T19:57:04Z"",""cache_file"":""de39d6d7e80552cbd4d8b80beabb335a2d6b205ef38117a7db796e50bc46564c.json.gz"",""status"":200}]}],""incomplete_reasons"":[]}"
https://github.com/pypa/pyproject-hooks,archived_evidence_found,"[""snapshot""]",snapshot_found,observed,missing,1,0,"{""checked_at"":""2026-09-23T19:57:05Z"",""candidates"":[""https://github.com/pypa/pep517"",""https://github.com/pypa/pep517.git"",""https://github.com/pypa/pyproject-hooks"",""https://github.com/pypa/pyproject-hooks.git"",""https://github.com/takluyver/pep517"",""https://github.com/takluyver/pep517.git""],""observations"":[{""origin"":""https://github.com/pypa/pep517"",""status"":""full"",""visit"":{""origin"":""https://github.com/pypa/pep517"",""visit"":101,""date"":""2026-08-16T15:23:02.997000+00:00"",""status"":""full"",""snapshot"":""1e19008fde3ffc734ade0d077ee0335d39718bee"",""type"":""git"",""metadata"":{},""origin_visit_url"":""https://archive.softwareheritage.org/api/1/origin/https://github.com/pypa/pep517/visit/101/"",""snapshot_url"":""https://archive.softwareheritage.org/api/1/snapshot/1e19008fde3ffc734ade0d077ee0335d39718bee/""},""evidence"":[{""url"":""https://archive.softwareheritage.org/api/1/origin/https%3A%2F%2Fgithub.com%2Fpypa%2Fpep517/visits/?per_page=100"",""fetched_at"":""2026-09-23T19:57:05Z"",""cache_file"":""4c0a9cdc0cd82a4514f1d06cbd41ed40f26e35c183d4093c423ffc8bf09ce3cf.json.gz"",""status"":200}]}],""incomplete_reasons"":[]}"
https://github.com/pypa/virtualenv,archived_evidence_found,"[""snapshot""]",snapshot_found,observed,missing,1,0,"{""checked_at"":""2026-09-23T19:57:05Z"",""candidates"":[""https://github.com/pypa/virtualenv"",""https://github.com/pypa/virtualenv.git""],""observations"":[{""origin"":""https://github.com/pypa/virtualenv"",""status"":""full"",""visit"":{""origin"":""https://github.com/pypa/virtualenv"",""visit"":412,""date"":""2026-09-23T12:42:54.888000+00:00"",""status"":""full"",""snapshot"":""df740967bc80d8d9872007bdd0c680d03cc98f57"",""type"":""git-checkout"",""metadata"":{},""origin_visit_url"":""https://archive.softwareheritage.org/api/1/origin/https://github.com/pypa/virtualenv/visit/412/"",""snapshot_url"":""https://archive.softwareheritage.org/api/1/snapshot/df740967bc80d8d9872007bdd0c680d03cc98f57/""},""evidence"":[{""url"":""https://archive.softwareheritage.org/api/1/origin/https%3A%2F%2Fgithub.com%2Fpypa%2Fvirtualenv/visits/?per_page=100"",""fetched_at"":""2026-09-23T19:57:05Z"",""cache_file"":""70ca09999cc6e837bd663810e75d56eabb7b23e1051c9a4ef5433415a30d8ba9.json.gz"",""status"":200}]}],""incomplete_reasons"":[]}"
https://github.com/python-attrs/cattrs,archived_evidence_found,"[""snapshot""]",snapshot_found,observed,missing,1,0,"{""checked_at"":""2026-09-23T19:57:06Z"",""candidates"":[""https://github.com/python-attrs/cattrs"",""https://github.com/python-attrs/cattrs.git"",""https://github.com/tinche/cattrs"",""https://github.com/tinche/cattrs.git""],""observations"":[{""origin"":""https://github.com/python-attrs/cattrs"",""status"":""full"",""visit"":{""origin"":""https://github.com/python-attrs/cattrs"",""visit"":1682,""date"":""2026-09-23T11:03:18.889000+00:00"",""status"":""full"",""snapshot"":""0dfc8820feb459cb4f07a68920d95e7bad1904a5"",""type"":""git-checkout"",""metadata"":{},""origin_visit_url"":""https://archive.softwareheritage.org/api/1/origin/https://github.com/python-attrs/cattrs/visit/1682/"",""snapshot_url"":""https://archive.softwareheritage.org/api/1/snapshot/0dfc8820feb459cb4f07a68920d95e7bad1904a5/""},""evidence"":[{""url"":""https://archive.softwareheritage.org/api/1/origin/https%3A%2F%2Fgithub.com%2Fpython-attrs%2Fcattrs/visits/?per_page=100"",""fetched_at"":""2026-09-23T19:57:06Z"",""cache_file"":""a27f9cac2fa5faa55d8b7db7b4cc332971f6a583f6ea03cc8e58a15708ae6682.json.gz"",""status"":200}]}],""incomplete_reasons"":[]}"
https://github.com/quantizor/markdown-to-jsx,archived_evidence_found,"[""snapshot""]",snapshot_found,observed,missing,1,1,"{""checked_at"":""2026-09-23T19:57:07Z"",""candidates"":[""https://github.com/probablyup/markdown-to-jsx"",""https://github.com/probablyup/markdown-to-jsx.git"",""https://github.com/quantizor/markdown-to-jsx"",""https://github.com/quantizor/markdown-to-jsx.git""],""observations"":[{""origin"":""https://github.com/probablyup/markdown-to-jsx"",""status"":""full"",""visit"":{""origin"":""https://github.com/probablyup/markdown-to-jsx"",""visit"":135,""date"":""2026-08-06T11:39:29.651000+00:00"",""status"":""full"",""snapshot"":""dbf8f3c534b2fd0a00804bd7842ab2e0814dffaa"",""type"":""git"",""metadata"":{},""origin_visit_url"":""https://archive.softwareheritage.org/api/1/origin/https://github.com/probablyup/markdown-to-jsx/visit/135/"",""snapshot_url"":""https://archive.softwareheritage.org/api/1/snapshot/dbf8f3c534b2fd0a00804bd7842ab2e0814dffaa/""},""evidence"":[{""url"":""https://archive.softwareheritage.org/api/1/origin/https%3A%2F%2Fgithub.com%2Fprobablyup%2Fmarkdown-to-jsx/visits/?per_page=100"",""fetched_at"":""2026-09-23T19:57:07Z"",""cache_file"":""d8d0abe06ad609cc04ad5435a576adcd256ab1781bc9e6644653b971777090fd.json.gz"",""status"":200}]}],""incomplete_reasons"":[]}"
https://github.com/quarkusio/quarkus,archived_evidence_found,"[""snapshot"",""tag_target_revision""]",snapshot_found,observed,missing,1,0,"{""checked_at"":""2026-09-24T10:05:07Z"",""candidates"":[""https://github.com/quarkusio/quarkus"",""https://github.com/quarkusio/quarkus.git""],""observations"":[{""origin"":""https://github.com/quarkusio/quarkus"",""status"":""full"",""visit"":{""origin"":""https://github.com/quarkusio/quarkus"",""visit"":232,""date"":""2026-09-13T19:40:00.653000+00:00"",""status"":""full"",""snapshot"":""beee8e46668d8212ca6bd75e9abf6f8cf3542d32"",""type"":""git"",""metadata"":{},""origin_visit_url"":""https://archive.softwareheritage.org/api/1/origin/https://github.com/quarkusio/quarkus/visit/232/"",""snapshot_url"":""https://archive.softwareheritage.org/api/1/snapshot/beee8e46668d8212ca6bd75e9abf6f8cf3542d32/""},""evidence"":[{""url"":""https://archive.softwareheritage.org/api/1/origin/https%3A%2F%2Fgithub.com%2Fquarkusio%2Fquarkus/visits/?per_page=100"",""fetched_at"":""2026-09-24T10:05:06Z"",""cache_file"":""fa403ac4c64cf330ebef004a21e2d43955b3e790b6292c4b65a8cd3c30727a85.json.gz"",""status"":200}]}],""incomplete_reasons"":[]}"
https://github.com/quchen/prettyprinter,archived_evidence_found,"[""snapshot""]",snapshot_found,observed,missing,1,1,"{""checked_at"":""2026-09-23T19:57:08Z"",""candidates"":[""https://github.com/haskell-prettyprinter/prettyprinter"",""https://github.com/haskell-prettyprinter/prettyprinter.git"",""https://github.com/quchen/prettyprinter"",""https://github.com/quchen/prettyprinter.git""],""observations"":[{""origin"":""https://github.com/haskell-prettyprinter/prettyprinter"",""status"":""not_found"",""evidence"":[{""url"":""https://archive.softwareheritage.org/api/1/origin/https%3A%2F%2Fgithub.com%2Fhaskell-prettyprinter%2Fprettyprinter/visits/?per_page=100"",""fetched_at"":""2026-09-23T19:57:07Z"",""cache_file"":""8f36fcabbe9a11e7178a54fa3ed9d2638d298145e61c040481b4f526ca6686dc.json.gz"",""status"":404}]},{""origin"":""https://github.com/haskell-prettyprinter/prettyprinter.git"",""status"":""not_found"",""evidence"":[{""url"":""https://archive.softwareheritage.org/api/1/origin/https%3A%2F%2Fgithub.com%2Fhaskell-prettyprinter%2Fprettyprinter.git/visits/?per_page=100"",""fetched_at"":""2026-09-23T19:57:08Z"",""cache_file"":""791dc25c756724a23774f06e951013867860908e114eef4321e869c9e095ea5f.json.gz"",""status"":404}]},{""origin"":""https://github.com/quchen/prettyprinter"",""status"":""full"",""visit"":{""origin"":""https://github.com/quchen/prettyprinter"",""visit"":20,""date"":""2025-12-23T22:16:10.124000+00:00"",""status"":""full"",""snapshot"":""da0828b6c75c1938591cccb9c045872734cf12cd"",""type"":""git"",""metadata"":{},""origin_visit_url"":""https://archive.softwareheritage.org/api/1/origin/https://github.com/quchen/prettyprinter/visit/20/"",""snapshot_url"":""https://archive.softwareheritage.org/api/1/snapshot/da0828b6c75c1938591cccb9c045872734cf12cd/""},""evidence"":[{""url"":""https://archive.softwareheritage.org/api/1/origin/https%3A%2F%2Fgithub.com%2Fquchen%2Fprettyprinter/visits/?per_page=100"",""fetched_at"":""2026-09-23T19:57:08Z"",""cache_file"":""cd6064e901452bcf01701056caa208cd65ba70a1295499406cc7005860242200.json.gz"",""status"":200}]}],""incomplete_reasons"":[]}"
https://github.com/qwandor/anes-rs,archived_evidence_found,"[""snapshot""]",snapshot_found,observed,missing,1,0,"{""checked_at"":""2026-09-23T19:57:10Z"",""candidates"":[""https://github.com/qwandor/anes-rs"",""https://github.com/qwandor/anes-rs.git"",""https://github.com/zrzka/anes-rs"",""https://github.com/zrzka/anes-rs.git""],""observations"":[{""origin"":""https://github.com/qwandor/anes-rs"",""status"":""not_found"",""evidence"":[{""url"":""https://archive.softwareheritage.org/api/1/origin/https%3A%2F%2Fgithub.com%2Fqwandor%2Fanes-rs/visits/?per_page=100"",""fetched_at"":""2026-09-23T19:57:09Z"",""cache_file"":""f3e9a21c4433f1b25af3441ca5ec0d4f39340656194176ae85c9004296b825ea.json.gz"",""status"":404}]},{""origin"":""https://github.com/qwandor/anes-rs.git"",""status"":""not_found"",""evidence"":[{""url"":""https://archive.softwareheritage.org/api/1/origin/https%3A%2F%2Fgithub.com%2Fqwandor%2Fanes-rs.git/visits/?per_page=100"",""fetched_at"":""2026-09-23T19:57:09Z"",""cache_file"":""fbd8da511ec947dc96fbf7ec15e000fed1cb0e412e6a0fc20cae05e571c5bd0a.json.gz"",""status"":404}]},{""origin"":""https://github.com/zrzka/anes-rs"",""status"":""full"",""visit"":{""origin"":""https://github.com/zrzka/anes-rs"",""visit"":2,""date"":""2023-05-11T18:09:25.418000+00:00"",""status"":""full"",""snapshot"":""c3eee8d0ef968f0d298515dc18d28b7a548384c4"",""type"":""git"",""metadata"":{},""origin_visit_url"":""https://archive.softwareheritage.org/api/1/origin/https://github.com/zrzka/anes-rs/visit/2/"",""snapshot_url"":""https://archive.softwareheritage.org/api/1/snapshot/c3eee8d0ef968f0d298515dc18d28b7a548384c4/""},""evidence"":[{""url"":""https://archive.softwareheritage.org/api/1/origin/https%3A%2F%2Fgithub.com%2Fzrzka%2Fanes-rs/visits/?per_page=100"",""fetched_at"":""2026-09-23T19:57:10Z"",""cache_file"":""01ee2b27c4204ab75d724ec43f0a568aeab09e701672cf7edd0e7a3d963f3ec0.json.gz"",""status"":200}]}],""incomplete_reasons"":[]}"
https://github.com/r-dbi/odbc,archived_evidence_found,"[""snapshot""]",snapshot_found,observed,missing,1,0,"{""checked_at"":""2026-09-23T19:57:10Z"",""candidates"":[""https://github.com/r-dbi/odbc"",""https://github.com/r-dbi/odbc.git""],""observations"":[{""origin"":""https://github.com/r-dbi/odbc"",""status"":""full"",""visit"":{""origin"":""https://github.com/r-dbi/odbc"",""visit"":169,""date"":""2026-08-21T22:07:33.655000+00:00"",""status"":""full"",""snapshot"":""f3050af4c88f9bb877b24c692e7bb9c7a9562623"",""type"":""git"",""metadata"":{},""origin_visit_url"":""https://archive.softwareheritage.org/api/1/origin/https://github.com/r-dbi/odbc/visit/169/"",""snapshot_url"":""https://archive.softwareheritage.org/api/1/snapshot/f3050af4c88f9bb877b24c692e7bb9c7a9562623/""},""evidence"":[{""url"":""https://archive.softwareheritage.org/api/1/origin/https%3A%2F%2Fgithub.com%2Fr-dbi%2Fodbc/visits/?per_page=100"",""fetched_at"":""2026-09-23T19:57:10Z"",""cache_file"":""9d0aa450e82f45d9c15e77831f7334727235a853e0bccfb5f0871891e6ed09e0.json.gz"",""status"":200}]}],""incomplete_reasons"":[]}"
https://github.com/r-lib/bit,archived_evidence_found,"[""snapshot""]",snapshot_found,observed,missing,1,0,"{""checked_at"":""2026-09-23T19:57:12Z"",""candidates"":[""https://github.com/r-lib/bit"",""https://github.com/r-lib/bit.git"",""https://github.com/truecluster/bit"",""https://github.com/truecluster/bit.git""],""observations"":[{""origin"":""https://github.com/r-lib/bit"",""status"":""not_found"",""evidence"":[{""url"":""https://archive.softwareheritage.org/api/1/origin/https%3A%2F%2Fgithub.com%2Fr-lib%2Fbit/visits/?per_page=100"",""fetched_at"":""2026-09-23T19:57:11Z"",""cache_file"":""d513565b4c5e606d6d3042f18a5fde9488b65250aca164a7636b08173f7c4592.json.gz"",""status"":404}]},{""origin"":""https://github.com/r-lib/bit.git"",""status"":""not_found"",""evidence"":[{""url"":""https://archive.softwareheritage.org/api/1/origin/https%3A%2F%2Fgithub.com%2Fr-lib%2Fbit.git/visits/?per_page=100"",""fetched_at"":""2026-09-23T19:57:11Z"",""cache_file"":""03175477155d234f30a78c488a83479c2f3a356fd619fa9d5f0529631d71fb80.json.gz"",""status"":404}]},{""origin"":""https://github.com/truecluster/bit"",""status"":""full"",""visit"":{""origin"":""https://github.com/truecluster/bit"",""visit"":1,""date"":""2024-10-23T21:56:37.150000+00:00"",""status"":""full"",""snapshot"":""34c5d0b6dd4e7a1821602e083e3e5df9e526baf5"",""type"":""git"",""metadata"":{},""origin_visit_url"":""https://archive.softwareheritage.org/api/1/origin/https://github.com/truecluster/bit/visit/1/"",""snapshot_url"":""https://archive.softwareheritage.org/api/1/snapshot/34c5d0b6dd4e7a1821602e083e3e5df9e526baf5/""},""evidence"":[{""url"":""https://archive.softwareheritage.org/api/1/origin/https%3A%2F%2Fgithub.com%2Ftruecluster%2Fbit/visits/?per_page=100"",""fetched_at"":""2026-09-23T19:57:12Z"",""cache_file"":""fff3d6b17d6056e99100d9a14b8d8ccdd41a3a8b7b5566112e78f6c3c6e97ea1.json.gz"",""status"":200}]}],""incomplete_reasons"":[]}"
https://github.com/r-lib/commonmark,no_snapshot_at_checked_origins,[],origin_not_found,observed,missing,1,0,"{""checked_at"":""2026-09-23T19:57:13Z"",""candidates"":[""https://github.com/r-lib/commonmark"",""https://github.com/r-lib/commonmark.git""],""observations"":[{""origin"":""https://github.com/r-lib/commonmark"",""status"":""not_found"",""evidence"":[{""url"":""https://archive.softwareheritage.org/api/1/origin/https%3A%2F%2Fgithub.com%2Fr-lib%2Fcommonmark/visits/?per_page=100"",""fetched_at"":""2026-09-23T19:57:12Z"",""cache_file"":""33a56991fc8796966091e8974c4a73d9fa8c4340feb0cb68c560f6387b483eca.json.gz"",""status"":404}]},{""origin"":""https://github.com/r-lib/commonmark.git"",""status"":""not_found"",""evidence"":[{""url"":""https://archive.softwareheritage.org/api/1/origin/https%3A%2F%2Fgithub.com%2Fr-lib%2Fcommonmark.git/visits/?per_page=100"",""fetched_at"":""2026-09-23T19:57:13Z"",""cache_file"":""6e28d91777b572f4cc6bf3844590172d24e484c0c028750b3d2219dbaaca3f26.json.gz"",""status"":404}]}],""incomplete_reasons"":[]}"
https://github.com/r-lib/downlit,no_snapshot_at_checked_origins,[],origin_not_found,observed,missing,1,0,"{""checked_at"":""2026-09-23T19:57:14Z"",""candidates"":[""https://github.com/r-lib/downlit"",""https://github.com/r-lib/downlit.git""],""observations"":[{""origin"":""https://github.com/r-lib/downlit"",""status"":""not_found"",""evidence"":[{""url"":""https://archive.softwareheritage.org/api/1/origin/https%3A%2F%2Fgithub.com%2Fr-lib%2Fdownlit/visits/?per_page=100"",""fetched_at"":""2026-09-23T19:57:13Z"",""cache_file"":""7b31a920e61e1c214faba935b0088a1ae9211a9ee0533495651bbbf67c7473ab.json.gz"",""status"":404}]},{""origin"":""https://github.com/r-lib/downlit.git"",""status"":""not_found"",""evidence"":[{""url"":""https://archive.softwareheritage.org/api/1/origin/https%3A%2F%2Fgithub.com%2Fr-lib%2Fdownlit.git/visits/?per_page=100"",""fetched_at"":""2026-09-23T19:57:14Z"",""cache_file"":""985aec6b3a1b1ad182b80315f4f5aff7c592d33107f00ef32376d96dd8b9c82a.json.gz"",""status"":404}]}],""incomplete_reasons"":[]}"
https://github.com/r-lib/urlchecker,no_snapshot_at_checked_origins,[],origin_not_found,observed,missing,1,0,"{""checked_at"":""2026-09-23T19:57:15Z"",""candidates"":[""https://github.com/r-lib/urlchecker"",""https://github.com/r-lib/urlchecker.git""],""observations"":[{""origin"":""https://github.com/r-lib/urlchecker"",""status"":""not_found"",""evidence"":[{""url"":""https://archive.softwareheritage.org/api/1/origin/https%3A%2F%2Fgithub.com%2Fr-lib%2Furlchecker/visits/?per_page=100"",""fetched_at"":""2026-09-23T19:57:14Z"",""cache_file"":""add03ab390c0f50ceb21b5d54933536d33c00ac225b3bd65f5ba8224aec0181f.json.gz"",""status"":404}]},{""origin"":""https://github.com/r-lib/urlchecker.git"",""status"":""not_found"",""evidence"":[{""url"":""https://archive.softwareheritage.org/api/1/origin/https%3A%2F%2Fgithub.com%2Fr-lib%2Furlchecker.git/visits/?per_page=100"",""fetched_at"":""2026-09-23T19:57:15Z"",""cache_file"":""91e13d720c7af803aef8d976a03ececce67bc880c43d0bfe63975cc8925678df.json.gz"",""status"":404}]}],""incomplete_reasons"":[]}"
https://github.com/rabbitmq/rabbitmq-java-client,archived_evidence_found,"[""snapshot""]",snapshot_found,observed,missing,1,1,"{""checked_at"":""2026-09-23T19:57:15Z"",""candidates"":[""https://github.com/rabbitmq/rabbitmq-java-client"",""https://github.com/rabbitmq/rabbitmq-java-client.git""],""observations"":[{""origin"":""https://github.com/rabbitmq/rabbitmq-java-client"",""status"":""full"",""visit"":{""origin"":""https://github.com/rabbitmq/rabbitmq-java-client"",""visit"":197,""date"":""2026-09-02T05:23:50.370000+00:00"",""status"":""full"",""snapshot"":""b99d9281eb540d68aee59cc9ba8375057f29133b"",""type"":""git"",""metadata"":{},""origin_visit_url"":""https://archive.softwareheritage.org/api/1/origin/https://github.com/rabbitmq/rabbitmq-java-client/visit/197/"",""snapshot_url"":""https://archive.softwareheritage.org/api/1/snapshot/b99d9281eb540d68aee59cc9ba8375057f29133b/""},""evidence"":[{""url"":""https://archive.softwareheritage.org/api/1/origin/https%3A%2F%2Fgithub.com%2Frabbitmq%2Frabbitmq-java-client/visits/?per_page=100"",""fetched_at"":""2026-09-23T19:57:15Z"",""cache_file"":""ec231daaf443b7f9db62f0030c6631f10633f2eaae09b0cca5fa2448948f7813.json.gz"",""status"":200}]}],""incomplete_reasons"":[]}"
https://github.com/rails/bootsnap,archived_evidence_found,"[""snapshot""]",snapshot_found,observed,missing,1,1,"{""checked_at"":""2026-09-23T19:57:16Z"",""candidates"":[""https://github.com/rails/bootsnap"",""https://github.com/rails/bootsnap.git"",""https://github.com/shopify/bootsnap"",""https://github.com/shopify/bootsnap.git""],""observations"":[{""origin"":""https://github.com/rails/bootsnap"",""status"":""full"",""visit"":{""origin"":""https://github.com/rails/bootsnap"",""visit"":9,""date"":""2026-08-25T12:30:28.073000+00:00"",""status"":""full"",""snapshot"":""73aea4fe853a8c1c6e3cac993a76cde91feb615b"",""type"":""git"",""metadata"":{},""origin_visit_url"":""https://archive.softwareheritage.org/api/1/origin/https://github.com/rails/bootsnap/visit/9/"",""snapshot_url"":""https://archive.softwareheritage.org/api/1/snapshot/73aea4fe853a8c1c6e3cac993a76cde91feb615b/""},""evidence"":[{""url"":""https://archive.softwareheritage.org/api/1/origin/https%3A%2F%2Fgithub.com%2Frails%2Fbootsnap/visits/?per_page=100"",""fetched_at"":""2026-09-23T19:57:16Z"",""cache_file"":""46fc84b9f7fb80831c3f583d02d559ce9dfad90352b6d753b3b0dd80ee7057cc.json.gz"",""status"":200}]}],""incomplete_reasons"":[]}"
https://github.com/ramsey/uuid,archived_evidence_found,"[""snapshot""]",snapshot_found,observed,missing,1,1,"{""checked_at"":""2026-09-23T19:57:16Z"",""candidates"":[""https://github.com/ramsey/uuid"",""https://github.com/ramsey/uuid.git""],""observations"":[{""origin"":""https://github.com/ramsey/uuid"",""status"":""full"",""visit"":{""origin"":""https://github.com/ramsey/uuid"",""visit"":177,""date"":""2026-07-26T05:04:45.590000+00:00"",""status"":""full"",""snapshot"":""842d4361467a65605fadfff0159ffa809eb4914f"",""type"":""git"",""metadata"":{},""origin_visit_url"":""https://archive.softwareheritage.org/api/1/origin/https://github.com/ramsey/uuid/visit/177/"",""snapshot_url"":""https://archive.softwareheritage.org/api/1/snapshot/842d4361467a65605fadfff0159ffa809eb4914f/""},""evidence"":[{""url"":""https://archive.softwareheritage.org/api/1/origin/https%3A%2F%2Fgithub.com%2Framsey%2Fuuid/visits/?per_page=100"",""fetched_at"":""2026-09-23T19:57:16Z"",""cache_file"":""ebfde7b02fded651f9109f4dfeba23a0c7e54655c1da7f5ebe0d5a7d7cc96dc5.json.gz"",""status"":200}]}],""incomplete_reasons"":[]}"
https://github.com/raphw/byte-buddy,archived_evidence_found,"[""head"",""tag_target_revision""]",unchecked,observed,present,0,1,
https://github.com/reactor/reactor-core,archived_evidence_found,"[""snapshot""]",snapshot_found,observed,missing,1,1,"{""checked_at"":""2026-09-23T19:57:17Z"",""candidates"":[""https://github.com/reactor/reactor-core"",""https://github.com/reactor/reactor-core.git""],""observations"":[{""origin"":""https://github.com/reactor/reactor-core"",""status"":""full"",""visit"":{""origin"":""https://github.com/reactor/reactor-core"",""visit"":206,""date"":""2026-08-17T22:00:17.615000+00:00"",""status"":""full"",""snapshot"":""097efab4b357a06298e27915f5c0ecbfc0469156"",""type"":""git"",""metadata"":{},""origin_visit_url"":""https://archive.softwareheritage.org/api/1/origin/https://github.com/reactor/reactor-core/visit/206/"",""snapshot_url"":""https://archive.softwareheritage.org/api/1/snapshot/097efab4b357a06298e27915f5c0ecbfc0469156/""},""evidence"":[{""url"":""https://archive.softwareheritage.org/api/1/origin/https%3A%2F%2Fgithub.com%2Freactor%2Freactor-core/visits/?per_page=100"",""fetched_at"":""2026-09-23T19:57:17Z"",""cache_file"":""dabc954b44d2711704bdac7dbc0ddb510c64cd86d173182aa46427840a0e90b5.json.gz"",""status"":200}]}],""incomplete_reasons"":[]}"
https://github.com/redis-rb/redis-client,no_snapshot_at_checked_origins,[],origin_not_found,observed,missing,1,1,"{""checked_at"":""2026-09-23T19:57:18Z"",""candidates"":[""https://github.com/redis-rb/redis-client"",""https://github.com/redis-rb/redis-client.git""],""observations"":[{""origin"":""https://github.com/redis-rb/redis-client"",""status"":""not_found"",""evidence"":[{""url"":""https://archive.softwareheritage.org/api/1/origin/https%3A%2F%2Fgithub.com%2Fredis-rb%2Fredis-client/visits/?per_page=100"",""fetched_at"":""2026-09-23T19:57:18Z"",""cache_file"":""2c93c1bec89c8148c91e344be3868f65596fd145b48c80b802788eb0c9fe7b80.json.gz"",""status"":404}]},{""origin"":""https://github.com/redis-rb/redis-client.git"",""status"":""not_found"",""evidence"":[{""url"":""https://archive.softwareheritage.org/api/1/origin/https%3A%2F%2Fgithub.com%2Fredis-rb%2Fredis-client.git/visits/?per_page=100"",""fetched_at"":""2026-09-23T19:57:18Z"",""cache_file"":""00164371630330d86c0499f7f343a74f334245274934d7f3e4802ec1353a0a2d.json.gz"",""status"":404}]}],""incomplete_reasons"":[]}"
https://github.com/reem/rust-ordered-float,archived_evidence_found,"[""snapshot""]",snapshot_found,observed,missing,1,0,"{""checked_at"":""2026-09-23T19:57:18Z"",""candidates"":[""https://github.com/reem/rust-ordered-float"",""https://github.com/reem/rust-ordered-float.git""],""observations"":[{""origin"":""https://github.com/reem/rust-ordered-float"",""status"":""full"",""visit"":{""origin"":""https://github.com/reem/rust-ordered-float"",""visit"":51,""date"":""2026-05-30T05:42:57.149000+00:00"",""status"":""full"",""snapshot"":""3175601562093a943a6fc80e780ebda0fdbadba8"",""type"":""git"",""metadata"":{},""origin_visit_url"":""https://archive.softwareheritage.org/api/1/origin/https://github.com/reem/rust-ordered-float/visit/51/"",""snapshot_url"":""https://archive.softwareheritage.org/api/1/snapshot/3175601562093a943a6fc80e780ebda0fdbadba8/""},""evidence"":[{""url"":""https://archive.softwareheritage.org/api/1/origin/https%3A%2F%2Fgithub.com%2Freem%2Frust-ordered-float/visits/?per_page=100"",""fetched_at"":""2026-09-23T19:57:18Z"",""cache_file"":""5a2f84fab36c06a9b3c5feddd99ac5356ffb7d09b16bac3ed54508083408c79e.json.gz"",""status"":200}]}],""incomplete_reasons"":[]}"
https://github.com/remix-run/react-router,archived_evidence_found,"[""snapshot"",""tag_target_revision""]",snapshot_found,observed,missing,1,0,"{""checked_at"":""2026-09-24T10:20:38Z"",""candidates"":[""https://github.com/rackt/react-router"",""https://github.com/rackt/react-router.git"",""https://github.com/reactjs/react-router"",""https://github.com/reactjs/react-router.git"",""https://github.com/reacttraining/react-router"",""https://github.com/reacttraining/react-router.git"",""https://github.com/remix-run/react-router"",""https://github.com/remix-run/react-router.git""],""observations"":[{""origin"":""https://github.com/rackt/react-router"",""status"":""full"",""visit"":{""origin"":""https://github.com/rackt/react-router"",""visit"":17,""date"":""2021-05-22T05:57:20.931000+00:00"",""status"":""full"",""snapshot"":""79b4df46caf3b8c5870ab6166cf40f27298ef6f9"",""type"":""git"",""metadata"":{},""origin_visit_url"":""https://archive.softwareheritage.org/api/1/origin/https://github.com/rackt/react-router/visit/17/"",""snapshot_url"":""https://archive.softwareheritage.org/api/1/snapshot/79b4df46caf3b8c5870ab6166cf40f27298ef6f9/""},""evidence"":[{""url"":""https://archive.softwareheritage.org/api/1/origin/https%3A%2F%2Fgithub.com%2Frackt%2Freact-router/visits/?per_page=100"",""fetched_at"":""2026-09-24T10:20:38Z"",""cache_file"":""270ee8fb6cfd50d29ec89fefa06d87033a657872b36b34322f93e02e0b52bc62.json.gz"",""status"":200}]}],""incomplete_reasons"":[]}"
https://github.com/resque/resque,archived_evidence_found,"[""snapshot""]",snapshot_found,observed,missing,1,0,"{""checked_at"":""2026-09-23T19:57:19Z"",""candidates"":[""https://github.com/resque/resque"",""https://github.com/resque/resque.git""],""observations"":[{""origin"":""https://github.com/resque/resque"",""status"":""full"",""visit"":{""origin"":""https://github.com/resque/resque"",""visit"":146,""date"":""2026-09-13T18:07:34.017000+00:00"",""status"":""full"",""snapshot"":""d735db7ef25deb5198c3b45dc9f99cb59d3a2a8d"",""type"":""git"",""metadata"":{},""origin_visit_url"":""https://archive.softwareheritage.org/api/1/origin/https://github.com/resque/resque/visit/146/"",""snapshot_url"":""https://archive.softwareheritage.org/api/1/snapshot/d735db7ef25deb5198c3b45dc9f99cb59d3a2a8d/""},""evidence"":[{""url"":""https://archive.softwareheritage.org/api/1/origin/https%3A%2F%2Fgithub.com%2Fresque%2Fresque/visits/?per_page=100"",""fetched_at"":""2026-09-23T19:57:19Z"",""cache_file"":""efebe88cb7a6e3d36da28633adf728422d058529945d88b49e7165cbb78c0c6a.json.gz"",""status"":200}]}],""incomplete_reasons"":[]}"
https://github.com/resteasy/resteasy,archived_evidence_found,"[""snapshot"",""tag_target_revision"",""annotated_release""]",snapshot_found,observed,missing,1,1,"{""checked_at"":""2026-09-24T10:20:40Z"",""candidates"":[""https://github.com/resteasy/Resteasy"",""https://github.com/resteasy/Resteasy.git"",""https://github.com/resteasy/resteasy"",""https://github.com/resteasy/resteasy.git""],""observations"":[{""origin"":""https://github.com/resteasy/Resteasy"",""status"":""full"",""visit"":{""origin"":""https://github.com/resteasy/Resteasy"",""visit"":139,""date"":""2026-09-03T10:21:07.993000+00:00"",""status"":""full"",""snapshot"":""2d397892545f886d8977b9cfb4b1891e44274475"",""type"":""git"",""metadata"":{},""origin_visit_url"":""https://archive.softwareheritage.org/api/1/origin/https://github.com/resteasy/Resteasy/visit/139/"",""snapshot_url"":""https://archive.softwareheritage.org/api/1/snapshot/2d397892545f886d8977b9cfb4b1891e44274475/""},""evidence"":[{""url"":""https://archive.softwareheritage.org/api/1/origin/https%3A%2F%2Fgithub.com%2Fresteasy%2FResteasy/visits/?per_page=100"",""fetched_at"":""2026-09-24T10:20:39Z"",""cache_file"":""b5e16aad92484a9f4da790339c7b209a3f0e730d122af4ab1f7da29b47bd589a.json.gz"",""status"":200}]}],""incomplete_reasons"":[]}"
https://github.com/ring-clojure/ring,archived_evidence_found,"[""snapshot"",""tag_target_revision""]",snapshot_found,observed,missing,0,1,"{""checked_at"":""2026-09-24T10:20:42Z"",""candidates"":[""https://github.com/ring-clojure/ring"",""https://github.com/ring-clojure/ring.git""],""observations"":[{""origin"":""https://github.com/ring-clojure/ring"",""status"":""full"",""visit"":{""origin"":""https://github.com/ring-clojure/ring"",""visit"":55,""date"":""2026-04-30T06:21:27.954000+00:00"",""status"":""full"",""snapshot"":""e195cdd14bb00a286e82f651e1abb120e0774365"",""type"":""git"",""metadata"":{},""origin_visit_url"":""https://archive.softwareheritage.org/api/1/origin/https://github.com/ring-clojure/ring/visit/55/"",""snapshot_url"":""https://archive.softwareheritage.org/api/1/snapshot/e195cdd14bb00a286e82f651e1abb120e0774365/""},""evidence"":[{""url"":""https://archive.softwareheritage.org/api/1/origin/https%3A%2F%2Fgithub.com%2Fring-clojure%2Fring/visits/?per_page=100"",""fetched_at"":""2026-09-24T10:20:42Z"",""cache_file"":""138e8d0b218f101d2a233e9e1c6abd27d7f0364d461381de0c103b2518c38c51.json.gz"",""status"":200}]}],""incomplete_reasons"":[]}"
https://github.com/rkyv/bytecheck,archived_evidence_found,"[""snapshot""]",snapshot_found,observed,missing,1,0,"{""checked_at"":""2026-09-23T19:57:20Z"",""candidates"":[""https://github.com/djkoloski/bytecheck"",""https://github.com/djkoloski/bytecheck.git"",""https://github.com/rkyv/bytecheck"",""https://github.com/rkyv/bytecheck.git""],""observations"":[{""origin"":""https://github.com/djkoloski/bytecheck"",""status"":""full"",""visit"":{""origin"":""https://github.com/djkoloski/bytecheck"",""visit"":1,""date"":""2023-06-18T23:02:26.795000+00:00"",""status"":""full"",""snapshot"":""c48d15d0f9d7ad5e26050d4d46c4f5c2e65418fa"",""type"":""git"",""metadata"":{},""origin_visit_url"":""https://archive.softwareheritage.org/api/1/origin/https://github.com/djkoloski/bytecheck/visit/1/"",""snapshot_url"":""https://archive.softwareheritage.org/api/1/snapshot/c48d15d0f9d7ad5e26050d4d46c4f5c2e65418fa/""},""evidence"":[{""url"":""https://archive.softwareheritage.org/api/1/origin/https%3A%2F%2Fgithub.com%2Fdjkoloski%2Fbytecheck/visits/?per_page=100"",""fetched_at"":""2026-09-23T19:57:20Z"",""cache_file"":""e4f839d4ba3f31d7d178829b4d2ebccc9f619b6c6ded3f6a53edb8d33d6a6a6c.json.gz"",""status"":200}]}],""incomplete_reasons"":[]}"
https://github.com/rkyv/ptr_meta,archived_evidence_found,"[""snapshot""]",snapshot_found,observed,missing,1,0,"{""checked_at"":""2026-09-23T19:57:20Z"",""candidates"":[""https://github.com/djkoloski/ptr_meta"",""https://github.com/djkoloski/ptr_meta.git"",""https://github.com/rkyv/ptr_meta"",""https://github.com/rkyv/ptr_meta.git""],""observations"":[{""origin"":""https://github.com/djkoloski/ptr_meta"",""status"":""full"",""visit"":{""origin"":""https://github.com/djkoloski/ptr_meta"",""visit"":1,""date"":""2023-06-15T04:53:28.979000+00:00"",""status"":""full"",""snapshot"":""bccc3a19f4e5784e17a83ccae51b9835a5048f80"",""type"":""git"",""metadata"":{},""origin_visit_url"":""https://archive.softwareheritage.org/api/1/origin/https://github.com/djkoloski/ptr_meta/visit/1/"",""snapshot_url"":""https://archive.softwareheritage.org/api/1/snapshot/bccc3a19f4e5784e17a83ccae51b9835a5048f80/""},""evidence"":[{""url"":""https://archive.softwareheritage.org/api/1/origin/https%3A%2F%2Fgithub.com%2Fdjkoloski%2Fptr_meta/visits/?per_page=100"",""fetched_at"":""2026-09-23T19:57:20Z"",""cache_file"":""ba3b9a1dda32fe5961c0863efd5e26d76b5e89b6f8550266cdb2e94b04ae3782.json.gz"",""status"":200}]}],""incomplete_reasons"":[]}"
https://github.com/robertdober/earmark_parser,no_snapshot_at_checked_origins,[],origin_not_found,observed,missing,1,1,"{""checked_at"":""2026-09-23T19:57:22Z"",""candidates"":[""https://github.com/RobertDober/earmark_parser"",""https://github.com/RobertDober/earmark_parser.git"",""https://github.com/robertdober/earmark_parser"",""https://github.com/robertdober/earmark_parser.git""],""observations"":[{""origin"":""https://github.com/RobertDober/earmark_parser"",""status"":""not_found"",""evidence"":[{""url"":""https://archive.softwareheritage.org/api/1/origin/https%3A%2F%2Fgithub.com%2FRobertDober%2Fearmark_parser/visits/?per_page=100"",""fetched_at"":""2026-09-23T19:57:21Z"",""cache_file"":""b79a615a7d75a2433ea97225fc34add350c13120531279bff282596ab2d3932a.json.gz"",""status"":404}]},{""origin"":""https://github.com/RobertDober/earmark_parser.git"",""status"":""not_found"",""evidence"":[{""url"":""https://archive.softwareheritage.org/api/1/origin/https%3A%2F%2Fgithub.com%2FRobertDober%2Fearmark_parser.git/visits/?per_page=100"",""fetched_at"":""2026-09-23T19:57:21Z"",""cache_file"":""550b756d2da9580e35b925520787e3d67056c5ea7be64ded7112ecef209cf4a9.json.gz"",""status"":404}]},{""origin"":""https://github.com/robertdober/earmark_parser"",""status"":""not_found"",""evidence"":[{""url"":""https://archive.softwareheritage.org/api/1/origin/https%3A%2F%2Fgithub.com%2Frobertdober%2Fearmark_parser/visits/?per_page=100"",""fetched_at"":""2026-09-23T19:57:22Z"",""cache_file"":""ddd1a1249e95ce94ba0c4be907ef3e6828edae5d015ecf8bd92d0948e4de3f72.json.gz"",""status"":404}]},{""origin"":""https://github.com/robertdober/earmark_parser.git"",""status"":""not_found"",""evidence"":[{""url"":""https://archive.softwareheritage.org/api/1/origin/https%3A%2F%2Fgithub.com%2Frobertdober%2Fearmark_parser.git/visits/?per_page=100"",""fetched_at"":""2026-09-23T19:57:22Z"",""cache_file"":""37c4e4bb5a8fcbff813e80ee0f0fd1c125c3f3fdf91b94b1d0611b1496540052.json.gz"",""status"":404}]}],""incomplete_reasons"":[]}"
https://github.com/rollup/rollup,archived_evidence_found,"[""snapshot""]",snapshot_found,observed,missing,1,0,"{""checked_at"":""2026-09-23T19:57:24Z"",""candidates"":[""https://github.com/rich-harris/rollup"",""https://github.com/rich-harris/rollup.git"",""https://github.com/rollup/rollup"",""https://github.com/rollup/rollup.git""],""observations"":[{""origin"":""https://github.com/rich-harris/rollup"",""status"":""not_found"",""evidence"":[{""url"":""https://archive.softwareheritage.org/api/1/origin/https%3A%2F%2Fgithub.com%2Frich-harris%2Frollup/visits/?per_page=100"",""fetched_at"":""2026-09-23T19:57:23Z"",""cache_file"":""2b743b6816e87d4bb51fba6491fd2c2925210529fdfb4b2db2164937d04fa302.json.gz"",""status"":404}]},{""origin"":""https://github.com/rich-harris/rollup.git"",""status"":""not_found"",""evidence"":[{""url"":""https://archive.softwareheritage.org/api/1/origin/https%3A%2F%2Fgithub.com%2Frich-harris%2Frollup.git/visits/?per_page=100"",""fetched_at"":""2026-09-23T19:57:23Z"",""cache_file"":""53e30d434b0589c9847912f7d0b85fe07bd975a3075f8e0da3c86b088f075cde.json.gz"",""status"":404}]},{""origin"":""https://github.com/rollup/rollup"",""status"":""full"",""visit"":{""origin"":""https://github.com/rollup/rollup"",""visit"":180,""date"":""2026-08-09T00:11:39.866000+00:00"",""status"":""full"",""snapshot"":""3677cc92d9b6f88eb7e51155f6e9b05d1eab3cae"",""type"":""git"",""metadata"":{},""origin_visit_url"":""https://archive.softwareheritage.org/api/1/origin/https://github.com/rollup/rollup/visit/180/"",""snapshot_url"":""https://archive.softwareheritage.org/api/1/snapshot/3677cc92d9b6f88eb7e51155f6e9b05d1eab3cae/""},""evidence"":[{""url"":""https://archive.softwareheritage.org/api/1/origin/https%3A%2F%2Fgithub.com%2Frollup%2Frollup/visits/?per_page=100"",""fetched_at"":""2026-09-23T19:57:24Z"",""cache_file"":""9578798f53fbfdab6dba06cc5ea3ad0590f47bb9de48cd1d1b0a05695495cc53.json.gz"",""status"":200}]}],""incomplete_reasons"":[]}"
https://github.com/rubocop/rubocop-performance,archived_evidence_found,"[""snapshot""]",snapshot_found,observed,missing,1,1,"{""checked_at"":""2026-09-23T19:57:24Z"",""candidates"":[""https://github.com/rubocop-hq/rubocop-performance"",""https://github.com/rubocop-hq/rubocop-performance.git"",""https://github.com/rubocop/rubocop-performance"",""https://github.com/rubocop/rubocop-performance.git""],""observations"":[{""origin"":""https://github.com/rubocop-hq/rubocop-performance"",""status"":""full"",""visit"":{""origin"":""https://github.com/rubocop-hq/rubocop-performance"",""visit"":8,""date"":""2026-01-22T14:35:46.156000+00:00"",""status"":""full"",""snapshot"":""6e6ccaf518fa894175a60b64fe2fff85ca75bc6d"",""type"":""git"",""metadata"":{},""origin_visit_url"":""https://archive.softwareheritage.org/api/1/origin/https://github.com/rubocop-hq/rubocop-performance/visit/8/"",""snapshot_url"":""https://archive.softwareheritage.org/api/1/snapshot/6e6ccaf518fa894175a60b64fe2fff85ca75bc6d/""},""evidence"":[{""url"":""https://archive.softwareheritage.org/api/1/origin/https%3A%2F%2Fgithub.com%2Frubocop-hq%2Frubocop-performance/visits/?per_page=100"",""fetched_at"":""2026-09-23T19:57:24Z"",""cache_file"":""dc6acf4359e291b89e4dec2bf562d345442710c3ff18f2b1434e59f611c64c68.json.gz"",""status"":200}]}],""incomplete_reasons"":[]}"
https://github.com/rubocop/rubocop-rails,archived_evidence_found,"[""snapshot""]",snapshot_found,observed,missing,1,1,"{""checked_at"":""2026-09-23T19:57:25Z"",""candidates"":[""https://github.com/rubocop-hq/rubocop-rails"",""https://github.com/rubocop-hq/rubocop-rails.git"",""https://github.com/rubocop/rubocop-rails"",""https://github.com/rubocop/rubocop-rails.git""],""observations"":[{""origin"":""https://github.com/rubocop-hq/rubocop-rails"",""status"":""full"",""visit"":{""origin"":""https://github.com/rubocop-hq/rubocop-rails"",""visit"":7,""date"":""2026-05-15T04:19:14.389000+00:00"",""status"":""full"",""snapshot"":""4e41de7cf5eb09b9f69e113ca6f4e4586905f949"",""type"":""git"",""metadata"":{},""origin_visit_url"":""https://archive.softwareheritage.org/api/1/origin/https://github.com/rubocop-hq/rubocop-rails/visit/7/"",""snapshot_url"":""https://archive.softwareheritage.org/api/1/snapshot/4e41de7cf5eb09b9f69e113ca6f4e4586905f949/""},""evidence"":[{""url"":""https://archive.softwareheritage.org/api/1/origin/https%3A%2F%2Fgithub.com%2Frubocop-hq%2Frubocop-rails/visits/?per_page=100"",""fetched_at"":""2026-09-23T19:57:25Z"",""cache_file"":""3358c241911c5898a35a43c0100a8bbab1f46226543c2c33137cbe564356b765.json.gz"",""status"":200}]}],""incomplete_reasons"":[]}"
https://github.com/ruby-amqp/bunny,archived_evidence_found,"[""snapshot""]",snapshot_found,observed,missing,1,0,"{""checked_at"":""2026-09-23T19:57:25Z"",""candidates"":[""https://github.com/ruby-amqp/bunny"",""https://github.com/ruby-amqp/bunny.git""],""observations"":[{""origin"":""https://github.com/ruby-amqp/bunny"",""status"":""full"",""visit"":{""origin"":""https://github.com/ruby-amqp/bunny"",""visit"":125,""date"":""2026-07-28T22:16:48.901000+00:00"",""status"":""full"",""snapshot"":""5aa6c5ff71e6bd91507ca47cf8e4a80170ee3594"",""type"":""git"",""metadata"":{},""origin_visit_url"":""https://archive.softwareheritage.org/api/1/origin/https://github.com/ruby-amqp/bunny/visit/125/"",""snapshot_url"":""https://archive.softwareheritage.org/api/1/snapshot/5aa6c5ff71e6bd91507ca47cf8e4a80170ee3594/""},""evidence"":[{""url"":""https://archive.softwareheritage.org/api/1/origin/https%3A%2F%2Fgithub.com%2Fruby-amqp%2Fbunny/visits/?per_page=100"",""fetched_at"":""2026-09-23T19:57:25Z"",""cache_file"":""2ff4327110c2cdd19879d32e8ef6c43a0a614d14259f09c853994b9f4864aade.json.gz"",""status"":200}]}],""incomplete_reasons"":[]}"
https://github.com/ruby-git/ruby-git,archived_evidence_found,"[""snapshot""]",snapshot_found,observed,missing,1,0,"{""checked_at"":""2026-09-23T19:57:26Z"",""candidates"":[""https://github.com/ruby-git/ruby-git"",""https://github.com/ruby-git/ruby-git.git"",""https://github.com/schacon/ruby-git"",""https://github.com/schacon/ruby-git.git""],""observations"":[{""origin"":""https://github.com/ruby-git/ruby-git"",""status"":""full"",""visit"":{""origin"":""https://github.com/ruby-git/ruby-git"",""visit"":102,""date"":""2026-09-01T03:07:33.099000+00:00"",""status"":""full"",""snapshot"":""3e4981a91028bed6fa1829445c68ed0ae03abf49"",""type"":""git"",""metadata"":{},""origin_visit_url"":""https://archive.softwareheritage.org/api/1/origin/https://github.com/ruby-git/ruby-git/visit/102/"",""snapshot_url"":""https://archive.softwareheritage.org/api/1/snapshot/3e4981a91028bed6fa1829445c68ed0ae03abf49/""},""evidence"":[{""url"":""https://archive.softwareheritage.org/api/1/origin/https%3A%2F%2Fgithub.com%2Fruby-git%2Fruby-git/visits/?per_page=100"",""fetched_at"":""2026-09-23T19:57:26Z"",""cache_file"":""e029c619b2af7391ccf40841f2f7436c0a024301d2a97fd1124cf26740646399.json.gz"",""status"":200}]}],""incomplete_reasons"":[]}"
https://github.com/ruby-grape/grape,archived_evidence_found,"[""snapshot""]",snapshot_found,observed,missing,1,1,"{""checked_at"":""2026-09-23T19:57:26Z"",""candidates"":[""https://github.com/intridea/grape"",""https://github.com/intridea/grape.git"",""https://github.com/ruby-grape/grape"",""https://github.com/ruby-grape/grape.git""],""observations"":[{""origin"":""https://github.com/intridea/grape"",""status"":""full"",""visit"":{""origin"":""https://github.com/intridea/grape"",""visit"":21,""date"":""2021-01-23T17:33:30.457000+00:00"",""status"":""full"",""snapshot"":""66edbce0329b021d5e9e7266e4ed3da0da58a1a1"",""type"":""git"",""metadata"":{},""origin_visit_url"":""https://archive.softwareheritage.org/api/1/origin/https://github.com/intridea/grape/visit/21/"",""snapshot_url"":""https://archive.softwareheritage.org/api/1/snapshot/66edbce0329b021d5e9e7266e4ed3da0da58a1a1/""},""evidence"":[{""url"":""https://archive.softwareheritage.org/api/1/origin/https%3A%2F%2Fgithub.com%2Fintridea%2Fgrape/visits/?per_page=100"",""fetched_at"":""2026-09-23T19:57:26Z"",""cache_file"":""f5319681cb60401858c2e3d30f23da0c699286bbd28791f9c01f864c9687d88b.json.gz"",""status"":200}]}],""incomplete_reasons"":[]}"
https://github.com/ruby/bigdecimal,archived_evidence_found,"[""snapshot""]",snapshot_found,observed,missing,1,0,"{""checked_at"":""2026-09-23T19:57:27Z"",""candidates"":[""https://github.com/ruby/bigdecimal"",""https://github.com/ruby/bigdecimal.git""],""observations"":[{""origin"":""https://github.com/ruby/bigdecimal"",""status"":""full"",""visit"":{""origin"":""https://github.com/ruby/bigdecimal"",""visit"":222,""date"":""2026-09-23T14:22:41.123000+00:00"",""status"":""full"",""snapshot"":""0f794d68677c79568aff85cec7ceb90aada14aa7"",""type"":""git-checkout"",""metadata"":{},""origin_visit_url"":""https://archive.softwareheritage.org/api/1/origin/https://github.com/ruby/bigdecimal/visit/222/"",""snapshot_url"":""https://archive.softwareheritage.org/api/1/snapshot/0f794d68677c79568aff85cec7ceb90aada14aa7/""},""evidence"":[{""url"":""https://archive.softwareheritage.org/api/1/origin/https%3A%2F%2Fgithub.com%2Fruby%2Fbigdecimal/visits/?per_page=100"",""fetched_at"":""2026-09-23T19:57:27Z"",""cache_file"":""8ff4e0ba4cd18e73157bb7d780c782efe2e331cb1bb62f99a5dff7228a665ccb.json.gz"",""status"":200}]}],""incomplete_reasons"":[]}"
https://github.com/ruby/io-console,archived_evidence_found,"[""snapshot""]",snapshot_found,observed,missing,1,1,"{""checked_at"":""2026-09-23T19:57:28Z"",""candidates"":[""https://github.com/ruby/io-console"",""https://github.com/ruby/io-console.git""],""observations"":[{""origin"":""https://github.com/ruby/io-console"",""status"":""full"",""visit"":{""origin"":""https://github.com/ruby/io-console"",""visit"":192,""date"":""2026-09-10T16:12:07.940000+00:00"",""status"":""full"",""snapshot"":""72c82046aca1014c16868e5da40383ad93c0ad47"",""type"":""git"",""metadata"":{},""origin_visit_url"":""https://archive.softwareheritage.org/api/1/origin/https://github.com/ruby/io-console/visit/192/"",""snapshot_url"":""https://archive.softwareheritage.org/api/1/snapshot/72c82046aca1014c16868e5da40383ad93c0ad47/""},""evidence"":[{""url"":""https://archive.softwareheritage.org/api/1/origin/https%3A%2F%2Fgithub.com%2Fruby%2Fio-console/visits/?per_page=100"",""fetched_at"":""2026-09-23T19:57:28Z"",""cache_file"":""e8673a631208f450825ab48ddc55824d553c3f38cacd4d2ce3c41494beffdb85.json.gz"",""status"":200}]}],""incomplete_reasons"":[]}"
https://github.com/ruby/rubygems,archived_evidence_found,"[""head""]",unchecked,observed,present,1,0,
https://github.com/rubymoney/monetize,archived_evidence_found,"[""snapshot""]",snapshot_found,observed,missing,1,1,"{""checked_at"":""2026-09-23T19:57:28Z"",""candidates"":[""https://github.com/RubyMoney/monetize"",""https://github.com/RubyMoney/monetize.git"",""https://github.com/rubymoney/monetize"",""https://github.com/rubymoney/monetize.git""],""observations"":[{""origin"":""https://github.com/RubyMoney/monetize"",""status"":""full"",""visit"":{""origin"":""https://github.com/RubyMoney/monetize"",""visit"":102,""date"":""2026-08-10T16:42:46.957000+00:00"",""status"":""full"",""snapshot"":""d97466911c919b3256c388e92297cd4edb19a0cf"",""type"":""git"",""metadata"":{},""origin_visit_url"":""https://archive.softwareheritage.org/api/1/origin/https://github.com/RubyMoney/monetize/visit/102/"",""snapshot_url"":""https://archive.softwareheritage.org/api/1/snapshot/d97466911c919b3256c388e92297cd4edb19a0cf/""},""evidence"":[{""url"":""https://archive.softwareheritage.org/api/1/origin/https%3A%2F%2Fgithub.com%2FRubyMoney%2Fmonetize/visits/?per_page=100"",""fetched_at"":""2026-09-23T19:57:28Z"",""cache_file"":""bcb18cd9c65b7084ecdeaaf14bb6e99a5a6556d08aa99a49c509204260d29c87.json.gz"",""status"":200}]}],""incomplete_reasons"":[]}"
https://github.com/rubyzip/rubyzip,archived_evidence_found,"[""snapshot""]",snapshot_found,observed,missing,1,1,"{""checked_at"":""2026-09-23T19:57:29Z"",""candidates"":[""https://github.com/rubyzip/rubyzip"",""https://github.com/rubyzip/rubyzip.git""],""observations"":[{""origin"":""https://github.com/rubyzip/rubyzip"",""status"":""full"",""visit"":{""origin"":""https://github.com/rubyzip/rubyzip"",""visit"":1684,""date"":""2026-09-23T11:03:24.932000+00:00"",""status"":""full"",""snapshot"":""c6525da0e1c926ecdb06154571f1f82545738c97"",""type"":""git-checkout"",""metadata"":{},""origin_visit_url"":""https://archive.softwareheritage.org/api/1/origin/https://github.com/rubyzip/rubyzip/visit/1684/"",""snapshot_url"":""https://archive.softwareheritage.org/api/1/snapshot/c6525da0e1c926ecdb06154571f1f82545738c97/""},""evidence"":[{""url"":""https://archive.softwareheritage.org/api/1/origin/https%3A%2F%2Fgithub.com%2Frubyzip%2Frubyzip/visits/?per_page=100"",""fetched_at"":""2026-09-23T19:57:29Z"",""cache_file"":""77f35e332a89e25db829a6509cd29bad1c8d48dcd668c197ae5116f4251e1961.json.gz"",""status"":200}]}],""incomplete_reasons"":[]}"
https://github.com/rust-cli/termtree,no_snapshot_at_checked_origins,[],origin_not_found,observed,missing,1,1,"{""checked_at"":""2026-09-23T19:57:30Z"",""candidates"":[""https://github.com/rust-cli/termtree"",""https://github.com/rust-cli/termtree.git""],""observations"":[{""origin"":""https://github.com/rust-cli/termtree"",""status"":""not_found"",""evidence"":[{""url"":""https://archive.softwareheritage.org/api/1/origin/https%3A%2F%2Fgithub.com%2Frust-cli%2Ftermtree/visits/?per_page=100"",""fetched_at"":""2026-09-23T19:57:29Z"",""cache_file"":""a5c919fc6391262b98286f7b260d6eead5e121c09d65d296445b54af835ca048.json.gz"",""status"":404}]},{""origin"":""https://github.com/rust-cli/termtree.git"",""status"":""not_found"",""evidence"":[{""url"":""https://archive.softwareheritage.org/api/1/origin/https%3A%2F%2Fgithub.com%2Frust-cli%2Ftermtree.git/visits/?per_page=100"",""fetched_at"":""2026-09-23T19:57:30Z"",""cache_file"":""2a98309ec1857c100c4ec78028b2e784bc5d4dac28c0fa21332f3bb13196f17b.json.gz"",""status"":404}]}],""incomplete_reasons"":[]}"
https://github.com/rust-embedded-community/hash32,archived_evidence_found,"[""head"",""tag_target_revision""]",unchecked,observed,present,0,1,
https://github.com/rust-lang/cfg-if,archived_evidence_found,"[""snapshot""]",snapshot_found,observed,missing,1,1,"{""checked_at"":""2026-09-23T19:57:30Z"",""candidates"":[""https://github.com/alexcrichton/cfg-if"",""https://github.com/alexcrichton/cfg-if.git"",""https://github.com/rust-lang/cfg-if"",""https://github.com/rust-lang/cfg-if.git""],""observations"":[{""origin"":""https://github.com/alexcrichton/cfg-if"",""status"":""full"",""visit"":{""origin"":""https://github.com/alexcrichton/cfg-if"",""visit"":70,""date"":""2026-04-30T15:12:41.604000+00:00"",""status"":""full"",""snapshot"":""6163c473b8fb233ef5b18b10247ad25775891cec"",""type"":""git"",""metadata"":{},""origin_visit_url"":""https://archive.softwareheritage.org/api/1/origin/https://github.com/alexcrichton/cfg-if/visit/70/"",""snapshot_url"":""https://archive.softwareheritage.org/api/1/snapshot/6163c473b8fb233ef5b18b10247ad25775891cec/""},""evidence"":[{""url"":""https://archive.softwareheritage.org/api/1/origin/https%3A%2F%2Fgithub.com%2Falexcrichton%2Fcfg-if/visits/?per_page=100"",""fetched_at"":""2026-09-23T19:57:30Z"",""cache_file"":""f2ba2e4a260d80da3eead60c7697059c5965713bcae77e9c128963bef3f15da1.json.gz"",""status"":200}]}],""incomplete_reasons"":[]}"
https://github.com/rust-random/rand,archived_evidence_found,"[""snapshot"",""tag_target_revision""]",snapshot_found,observed,missing,1,0,"{""checked_at"":""2026-09-24T10:21:23Z"",""candidates"":[""https://github.com/rust-lang-nursery/rand"",""https://github.com/rust-lang-nursery/rand.git"",""https://github.com/rust-lang/rand"",""https://github.com/rust-lang/rand.git"",""https://github.com/rust-random/rand"",""https://github.com/rust-random/rand.git""],""observations"":[{""origin"":""https://github.com/rust-lang-nursery/rand"",""status"":""full"",""visit"":{""origin"":""https://github.com/rust-lang-nursery/rand"",""visit"":19,""date"":""2020-12-29T03:34:42.918000+00:00"",""status"":""full"",""snapshot"":""1fb104f1314ee2b2a0d128fa1f291bfe88763b6f"",""type"":""git"",""metadata"":{},""origin_visit_url"":""https://archive.softwareheritage.org/api/1/origin/https://github.com/rust-lang-nursery/rand/visit/19/"",""snapshot_url"":""https://archive.softwareheritage.org/api/1/snapshot/1fb104f1314ee2b2a0d128fa1f291bfe88763b6f/""},""evidence"":[{""url"":""https://archive.softwareheritage.org/api/1/origin/https%3A%2F%2Fgithub.com%2Frust-lang-nursery%2Frand/visits/?per_page=100"",""fetched_at"":""2026-09-24T10:21:18Z"",""cache_file"":""bdeae23f08dce3e2feb447d4f83626cdd3560678d33f0e6f7f942072676fc806.json.gz"",""status"":200}]}],""incomplete_reasons"":[]}"
https://github.com/rustsec/rustsec,archived_evidence_found,"[""snapshot""]",snapshot_found,observed,missing,1,1,"{""checked_at"":""2026-09-23T19:57:31Z"",""candidates"":[""https://github.com/rustsec/cargo-audit"",""https://github.com/rustsec/cargo-audit.git"",""https://github.com/rustsec/rustsec"",""https://github.com/rustsec/rustsec.git""],""observations"":[{""origin"":""https://github.com/rustsec/cargo-audit"",""status"":""full"",""visit"":{""origin"":""https://github.com/rustsec/cargo-audit"",""visit"":6,""date"":""2021-01-11T09:28:22.918000+00:00"",""status"":""full"",""snapshot"":""fa605ff1a01eff87c864668f572f6055d3a95a34"",""type"":""git"",""metadata"":{},""origin_visit_url"":""https://archive.softwareheritage.org/api/1/origin/https://github.com/rustsec/cargo-audit/visit/6/"",""snapshot_url"":""https://archive.softwareheritage.org/api/1/snapshot/fa605ff1a01eff87c864668f572f6055d3a95a34/""},""evidence"":[{""url"":""https://archive.softwareheritage.org/api/1/origin/https%3A%2F%2Fgithub.com%2Frustsec%2Fcargo-audit/visits/?per_page=100"",""fetched_at"":""2026-09-23T19:57:31Z"",""cache_file"":""2f2475bf63f51302d55e7f553dddf0ed3c3074e325dfc367686670b04524e364.json.gz"",""status"":200}]}],""incomplete_reasons"":[]}"
https://github.com/rutrum/convert-case,archived_evidence_found,"[""snapshot""]",snapshot_found,observed,missing,1,0,"{""checked_at"":""2026-09-23T19:57:32Z"",""candidates"":[""https://github.com/rutrum/convert-case"",""https://github.com/rutrum/convert-case.git""],""observations"":[{""origin"":""https://github.com/rutrum/convert-case"",""status"":""full"",""visit"":{""origin"":""https://github.com/rutrum/convert-case"",""visit"":5,""date"":""2026-08-21T01:07:02.024000+00:00"",""status"":""full"",""snapshot"":""765843adacbc846be6596877ecfaa475b908458f"",""type"":""git"",""metadata"":{},""origin_visit_url"":""https://archive.softwareheritage.org/api/1/origin/https://github.com/rutrum/convert-case/visit/5/"",""snapshot_url"":""https://archive.softwareheritage.org/api/1/snapshot/765843adacbc846be6596877ecfaa475b908458f/""},""evidence"":[{""url"":""https://archive.softwareheritage.org/api/1/origin/https%3A%2F%2Fgithub.com%2Frutrum%2Fconvert-case/visits/?per_page=100"",""fetched_at"":""2026-09-23T19:57:31Z"",""cache_file"":""40fd1801654a61bf1b8524a8f05961e0d3eb7a28b51106235ef618f274f7c906.json.gz"",""status"":200}]}],""incomplete_reasons"":[]}"
https://github.com/saleyn/erlexec,archived_evidence_found,"[""snapshot""]",snapshot_found,observed,missing,1,0,"{""checked_at"":""2026-09-23T19:57:32Z"",""candidates"":[""https://github.com/saleyn/erlexec"",""https://github.com/saleyn/erlexec.git""],""observations"":[{""origin"":""https://github.com/saleyn/erlexec"",""status"":""full"",""visit"":{""origin"":""https://github.com/saleyn/erlexec"",""visit"":130,""date"":""2026-07-30T17:21:02.506000+00:00"",""status"":""full"",""snapshot"":""2f6cb9a03f535b2ef03f6aa00a9b0331565fe27c"",""type"":""git"",""metadata"":{},""origin_visit_url"":""https://archive.softwareheritage.org/api/1/origin/https://github.com/saleyn/erlexec/visit/130/"",""snapshot_url"":""https://archive.softwareheritage.org/api/1/snapshot/2f6cb9a03f535b2ef03f6aa00a9b0331565fe27c/""},""evidence"":[{""url"":""https://archive.softwareheritage.org/api/1/origin/https%3A%2F%2Fgithub.com%2Fsaleyn%2Ferlexec/visits/?per_page=100"",""fetched_at"":""2026-09-23T19:57:32Z"",""cache_file"":""7eba88d68ee77fb0daeb8e9d5c4620f2e5e244f3f4303b60f9dc174ed946ecd7.json.gz"",""status"":200}]}],""incomplete_reasons"":[]}"
https://github.com/samuelcolvin/watchfiles,archived_evidence_found,"[""snapshot""]",snapshot_found,observed,missing,1,0,"{""checked_at"":""2026-09-23T19:57:33Z"",""candidates"":[""https://github.com/samuelcolvin/watchfiles"",""https://github.com/samuelcolvin/watchfiles.git"",""https://github.com/samuelcolvin/watchgod"",""https://github.com/samuelcolvin/watchgod.git""],""observations"":[{""origin"":""https://github.com/samuelcolvin/watchfiles"",""status"":""full"",""visit"":{""origin"":""https://github.com/samuelcolvin/watchfiles"",""visit"":704,""date"":""2026-09-23T11:52:25.005000+00:00"",""status"":""full"",""snapshot"":""ef3591af53ac38b249ea7eac7444a6d060fac8e2"",""type"":""git-checkout"",""metadata"":{},""origin_visit_url"":""https://archive.softwareheritage.org/api/1/origin/https://github.com/samuelcolvin/watchfiles/visit/704/"",""snapshot_url"":""https://archive.softwareheritage.org/api/1/snapshot/ef3591af53ac38b249ea7eac7444a6d060fac8e2/""},""evidence"":[{""url"":""https://archive.softwareheritage.org/api/1/origin/https%3A%2F%2Fgithub.com%2Fsamuelcolvin%2Fwatchfiles/visits/?per_page=100"",""fetched_at"":""2026-09-23T19:57:33Z"",""cache_file"":""405d865ff72c4216d079e5a37cb06769c8fdcd6212609a3e6a172f497f55ebe0.json.gz"",""status"":200}]}],""incomplete_reasons"":[]}"
https://github.com/sass/dart-sass,archived_evidence_found,"[""snapshot""]",snapshot_found,observed,missing,1,0,"{""checked_at"":""2026-09-23T19:57:33Z"",""candidates"":[""https://github.com/sass/dart-sass"",""https://github.com/sass/dart-sass.git""],""observations"":[{""origin"":""https://github.com/sass/dart-sass"",""status"":""full"",""visit"":{""origin"":""https://github.com/sass/dart-sass"",""visit"":191,""date"":""2026-09-09T09:15:34.988000+00:00"",""status"":""full"",""snapshot"":""a7e169c2749afa78828a9fc40939ac9abff98fbd"",""type"":""git"",""metadata"":{},""origin_visit_url"":""https://archive.softwareheritage.org/api/1/origin/https://github.com/sass/dart-sass/visit/191/"",""snapshot_url"":""https://archive.softwareheritage.org/api/1/snapshot/a7e169c2749afa78828a9fc40939ac9abff98fbd/""},""evidence"":[{""url"":""https://archive.softwareheritage.org/api/1/origin/https%3A%2F%2Fgithub.com%2Fsass%2Fdart-sass/visits/?per_page=100"",""fetched_at"":""2026-09-23T19:57:33Z"",""cache_file"":""cf5b79458e4644e01131f0d83155883bc4a9b69761977737ca07a47d43905756.json.gz"",""status"":200}]}],""incomplete_reasons"":[]}"
https://github.com/savonrb/akami,archived_evidence_found,"[""snapshot""]",snapshot_found,observed,missing,1,0,"{""checked_at"":""2026-09-23T19:57:34Z"",""candidates"":[""https://github.com/savonrb/akami"",""https://github.com/savonrb/akami.git""],""observations"":[{""origin"":""https://github.com/savonrb/akami"",""status"":""full"",""visit"":{""origin"":""https://github.com/savonrb/akami"",""visit"":21,""date"":""2026-08-17T16:24:48.532000+00:00"",""status"":""full"",""snapshot"":""98e1bae75f8220ab830bd16451249c6093b61058"",""type"":""git"",""metadata"":{},""origin_visit_url"":""https://archive.softwareheritage.org/api/1/origin/https://github.com/savonrb/akami/visit/21/"",""snapshot_url"":""https://archive.softwareheritage.org/api/1/snapshot/98e1bae75f8220ab830bd16451249c6093b61058/""},""evidence"":[{""url"":""https://archive.softwareheritage.org/api/1/origin/https%3A%2F%2Fgithub.com%2Fsavonrb%2Fakami/visits/?per_page=100"",""fetched_at"":""2026-09-23T19:57:34Z"",""cache_file"":""00eeb983b00f2e363501e7756fc4980ce71d29bdbea8b88ce100d0c26b81609e.json.gz"",""status"":200}]}],""incomplete_reasons"":[]}"
https://github.com/savonrb/savon,archived_evidence_found,"[""snapshot""]",snapshot_found,observed,missing,1,0,"{""checked_at"":""2026-09-23T19:57:35Z"",""candidates"":[""https://github.com/savonrb/savon"",""https://github.com/savonrb/savon.git""],""observations"":[{""origin"":""https://github.com/savonrb/savon"",""status"":""full"",""visit"":{""origin"":""https://github.com/savonrb/savon"",""visit"":115,""date"":""2026-09-08T14:25:30.475000+00:00"",""status"":""full"",""snapshot"":""41db2fb6737f1f794afba051e85515d2757281ae"",""type"":""git"",""metadata"":{},""origin_visit_url"":""https://archive.softwareheritage.org/api/1/origin/https://github.com/savonrb/savon/visit/115/"",""snapshot_url"":""https://archive.softwareheritage.org/api/1/snapshot/41db2fb6737f1f794afba051e85515d2757281ae/""},""evidence"":[{""url"":""https://archive.softwareheritage.org/api/1/origin/https%3A%2F%2Fgithub.com%2Fsavonrb%2Fsavon/visits/?per_page=100"",""fetched_at"":""2026-09-23T19:57:35Z"",""cache_file"":""c22275eacb5cda4d4970e8b24aec37f29fbc395501e321f4310f5f367986af4a.json.gz"",""status"":200}]}],""incomplete_reasons"":[]}"
https://github.com/savonrb/wasabi,archived_evidence_found,"[""snapshot""]",snapshot_found,observed,missing,1,0,"{""checked_at"":""2026-09-23T19:57:35Z"",""candidates"":[""https://github.com/savonrb/wasabi"",""https://github.com/savonrb/wasabi.git""],""observations"":[{""origin"":""https://github.com/savonrb/wasabi"",""status"":""full"",""visit"":{""origin"":""https://github.com/savonrb/wasabi"",""visit"":30,""date"":""2026-08-11T22:07:01.454000+00:00"",""status"":""full"",""snapshot"":""9fcbd43d83b1aedb383c1a4292ecdd2955b9f734"",""type"":""git"",""metadata"":{},""origin_visit_url"":""https://archive.softwareheritage.org/api/1/origin/https://github.com/savonrb/wasabi/visit/30/"",""snapshot_url"":""https://archive.softwareheritage.org/api/1/snapshot/9fcbd43d83b1aedb383c1a4292ecdd2955b9f734/""},""evidence"":[{""url"":""https://archive.softwareheritage.org/api/1/origin/https%3A%2F%2Fgithub.com%2Fsavonrb%2Fwasabi/visits/?per_page=100"",""fetched_at"":""2026-09-23T19:57:35Z"",""cache_file"":""58881dab69052cfc48c9449c8f5a8ee73518930c42f8604a28ab80cc19c64323.json.gz"",""status"":200}]}],""incomplete_reasons"":[]}"
https://github.com/sboudrias/inquirer.js,archived_evidence_found,"[""snapshot""]",snapshot_found,observed,missing,1,1,"{""checked_at"":""2026-09-23T19:57:36Z"",""candidates"":[""https://github.com/SBoudrias/Inquirer.js"",""https://github.com/SBoudrias/Inquirer.js.git"",""https://github.com/sboudrias/inquirer.js"",""https://github.com/sboudrias/inquirer.js.git""],""observations"":[{""origin"":""https://github.com/SBoudrias/Inquirer.js"",""status"":""full"",""visit"":{""origin"":""https://github.com/SBoudrias/Inquirer.js"",""visit"":175,""date"":""2026-08-30T13:18:23+00:00"",""status"":""full"",""snapshot"":""c256341aab5fae83ed365bdbcd6604286c61ae87"",""type"":""git"",""metadata"":{},""origin_visit_url"":""https://archive.softwareheritage.org/api/1/origin/https://github.com/SBoudrias/Inquirer.js/visit/175/"",""snapshot_url"":""https://archive.softwareheritage.org/api/1/snapshot/c256341aab5fae83ed365bdbcd6604286c61ae87/""},""evidence"":[{""url"":""https://archive.softwareheritage.org/api/1/origin/https%3A%2F%2Fgithub.com%2FSBoudrias%2FInquirer.js/visits/?per_page=100"",""fetched_at"":""2026-09-23T19:57:36Z"",""cache_file"":""6951e2d2957da5dde63d27ae10356831cf4aa1ee937dd22b559d5a7dded7b62b.json.gz"",""status"":200}]}],""incomplete_reasons"":[]}"
https://github.com/seancorfield/honeysql,archived_evidence_found,"[""snapshot"",""tag_target_revision""]",snapshot_found,observed,missing,1,0,"{""checked_at"":""2026-09-24T10:21:47Z"",""candidates"":[""https://github.com/jkk/honeysql"",""https://github.com/jkk/honeysql.git"",""https://github.com/seancorfield/honeysql"",""https://github.com/seancorfield/honeysql.git""],""observations"":[{""origin"":""https://github.com/jkk/honeysql"",""status"":""full"",""visit"":{""origin"":""https://github.com/jkk/honeysql"",""visit"":23,""date"":""2021-01-17T03:18:09.798000+00:00"",""status"":""full"",""snapshot"":""dca875cfc9ed7ce4ec2560b1d9f5f3981cf4c4c7"",""type"":""git"",""metadata"":{},""origin_visit_url"":""https://archive.softwareheritage.org/api/1/origin/https://github.com/jkk/honeysql/visit/23/"",""snapshot_url"":""https://archive.softwareheritage.org/api/1/snapshot/dca875cfc9ed7ce4ec2560b1d9f5f3981cf4c4c7/""},""evidence"":[{""url"":""https://archive.softwareheritage.org/api/1/origin/https%3A%2F%2Fgithub.com%2Fjkk%2Fhoneysql/visits/?per_page=100"",""fetched_at"":""2026-09-24T10:21:47Z"",""cache_file"":""e49dcb1fdc956ce186ae37d4956b7e3a5527d896e1ba55e919510c9ce6efae4c.json.gz"",""status"":200}]}],""incomplete_reasons"":[]}"
https://github.com/seattlerb/sexp_processor,archived_evidence_found,"[""snapshot""]",snapshot_found,observed,missing,1,0,"{""checked_at"":""2026-09-23T19:57:36Z"",""candidates"":[""https://github.com/seattlerb/sexp_processor"",""https://github.com/seattlerb/sexp_processor.git""],""observations"":[{""origin"":""https://github.com/seattlerb/sexp_processor"",""status"":""full"",""visit"":{""origin"":""https://github.com/seattlerb/sexp_processor"",""visit"":90,""date"":""2026-09-10T05:23:43.049000+00:00"",""status"":""full"",""snapshot"":""aeac9dce9654b1c6b34b9cf41bdec23f195a0822"",""type"":""git"",""metadata"":{},""origin_visit_url"":""https://archive.softwareheritage.org/api/1/origin/https://github.com/seattlerb/sexp_processor/visit/90/"",""snapshot_url"":""https://archive.softwareheritage.org/api/1/snapshot/aeac9dce9654b1c6b34b9cf41bdec23f195a0822/""},""evidence"":[{""url"":""https://archive.softwareheritage.org/api/1/origin/https%3A%2F%2Fgithub.com%2Fseattlerb%2Fsexp_processor/visits/?per_page=100"",""fetched_at"":""2026-09-23T19:57:36Z"",""cache_file"":""489d592930139a90a9b244acd8c676adb67d912757b07bf862aebb05352faa36.json.gz"",""status"":200}]}],""incomplete_reasons"":[]}"
https://github.com/sebastianbergmann/comparator,archived_evidence_found,"[""snapshot""]",snapshot_found,observed,missing,1,1,"{""checked_at"":""2026-09-23T19:57:37Z"",""candidates"":[""https://github.com/sebastianbergmann/comparator"",""https://github.com/sebastianbergmann/comparator.git""],""observations"":[{""origin"":""https://github.com/sebastianbergmann/comparator"",""status"":""full"",""visit"":{""origin"":""https://github.com/sebastianbergmann/comparator"",""visit"":153,""date"":""2026-08-05T00:35:14.597000+00:00"",""status"":""full"",""snapshot"":""03d354c94c1a0c64a30d107f005dda66138127f0"",""type"":""git"",""metadata"":{},""origin_visit_url"":""https://archive.softwareheritage.org/api/1/origin/https://github.com/sebastianbergmann/comparator/visit/153/"",""snapshot_url"":""https://archive.softwareheritage.org/api/1/snapshot/03d354c94c1a0c64a30d107f005dda66138127f0/""},""evidence"":[{""url"":""https://archive.softwareheritage.org/api/1/origin/https%3A%2F%2Fgithub.com%2Fsebastianbergmann%2Fcomparator/visits/?per_page=100"",""fetched_at"":""2026-09-23T19:57:37Z"",""cache_file"":""2601f22c1d52c9b5713a8c1f713a6291308edc5f45c9cac51e10f5bfe22a1702.json.gz"",""status"":200}]}],""incomplete_reasons"":[]}"
https://github.com/sebastianbergmann/diff,archived_evidence_found,"[""snapshot""]",snapshot_found,observed,missing,1,1,"{""checked_at"":""2026-09-23T19:57:38Z"",""candidates"":[""https://github.com/sebastianbergmann/diff"",""https://github.com/sebastianbergmann/diff.git""],""observations"":[{""origin"":""https://github.com/sebastianbergmann/diff"",""status"":""full"",""visit"":{""origin"":""https://github.com/sebastianbergmann/diff"",""visit"":132,""date"":""2026-08-16T10:38:52.889000+00:00"",""status"":""full"",""snapshot"":""be7710d142c12fd0ab6035d81902fd0836651d74"",""type"":""git"",""metadata"":{},""origin_visit_url"":""https://archive.softwareheritage.org/api/1/origin/https://github.com/sebastianbergmann/diff/visit/132/"",""snapshot_url"":""https://archive.softwareheritage.org/api/1/snapshot/be7710d142c12fd0ab6035d81902fd0836651d74/""},""evidence"":[{""url"":""https://archive.softwareheritage.org/api/1/origin/https%3A%2F%2Fgithub.com%2Fsebastianbergmann%2Fdiff/visits/?per_page=100"",""fetched_at"":""2026-09-23T19:57:38Z"",""cache_file"":""a3d6a71a8108726db04952b72c6077782df0d6e196710f06934c1715016d0cea.json.gz"",""status"":200}]}],""incomplete_reasons"":[]}"
https://github.com/seccomp/libseccomp-golang,archived_evidence_found,"[""snapshot""]",snapshot_found,observed,missing,1,0,"{""checked_at"":""2026-09-23T19:57:38Z"",""candidates"":[""https://github.com/seccomp/libseccomp-golang"",""https://github.com/seccomp/libseccomp-golang.git""],""observations"":[{""origin"":""https://github.com/seccomp/libseccomp-golang"",""status"":""full"",""visit"":{""origin"":""https://github.com/seccomp/libseccomp-golang"",""visit"":623,""date"":""2026-09-23T11:56:19.903000+00:00"",""status"":""full"",""snapshot"":""8d46bd1102295757af57ce790c0146492d8a2114"",""type"":""git-checkout"",""metadata"":{},""origin_visit_url"":""https://archive.softwareheritage.org/api/1/origin/https://github.com/seccomp/libseccomp-golang/visit/623/"",""snapshot_url"":""https://archive.softwareheritage.org/api/1/snapshot/8d46bd1102295757af57ce790c0146492d8a2114/""},""evidence"":[{""url"":""https://archive.softwareheritage.org/api/1/origin/https%3A%2F%2Fgithub.com%2Fseccomp%2Flibseccomp-golang/visits/?per_page=100"",""fetched_at"":""2026-09-23T19:57:38Z"",""cache_file"":""46e73a143e0f1a4976da0db54a7a10361535a2286e70b74ba7555060e352e2b1.json.gz"",""status"":200}]}],""incomplete_reasons"":[]}"
https://github.com/sferik/multi_json,archived_evidence_found,"[""snapshot""]",snapshot_found,observed,missing,1,1,"{""checked_at"":""2026-09-23T19:57:39Z"",""candidates"":[""https://github.com/sferik/multi_json"",""https://github.com/sferik/multi_json.git""],""observations"":[{""origin"":""https://github.com/sferik/multi_json"",""status"":""full"",""visit"":{""origin"":""https://github.com/sferik/multi_json"",""visit"":4,""date"":""2026-08-13T09:34:35.652000+00:00"",""status"":""full"",""snapshot"":""86924be559c430a97ac6623ce0d6acee6a59ccf1"",""type"":""git"",""metadata"":{},""origin_visit_url"":""https://archive.softwareheritage.org/api/1/origin/https://github.com/sferik/multi_json/visit/4/"",""snapshot_url"":""https://archive.softwareheritage.org/api/1/snapshot/86924be559c430a97ac6623ce0d6acee6a59ccf1/""},""evidence"":[{""url"":""https://archive.softwareheritage.org/api/1/origin/https%3A%2F%2Fgithub.com%2Fsferik%2Fmulti_json/visits/?per_page=100"",""fetched_at"":""2026-09-23T19:57:39Z"",""cache_file"":""fef32a9311936d09d39c3a9691639071b2716038c8c26d0c2aef0e413650ae6b.json.gz"",""status"":200}]}],""incomplete_reasons"":[]}"
https://github.com/shopify/liquid,archived_evidence_found,"[""snapshot""]",snapshot_found,observed,missing,1,1,"{""checked_at"":""2026-09-23T19:57:39Z"",""candidates"":[""https://github.com/Shopify/liquid"",""https://github.com/Shopify/liquid.git"",""https://github.com/shopify/liquid"",""https://github.com/shopify/liquid.git""],""observations"":[{""origin"":""https://github.com/Shopify/liquid"",""status"":""full"",""visit"":{""origin"":""https://github.com/Shopify/liquid"",""visit"":1803,""date"":""2026-09-23T10:41:55.979000+00:00"",""status"":""full"",""snapshot"":""2ee867ffddb568e6331ea419aa37ffaf3e9285b6"",""type"":""git-checkout"",""metadata"":{},""origin_visit_url"":""https://archive.softwareheritage.org/api/1/origin/https://github.com/Shopify/liquid/visit/1803/"",""snapshot_url"":""https://archive.softwareheritage.org/api/1/snapshot/2ee867ffddb568e6331ea419aa37ffaf3e9285b6/""},""evidence"":[{""url"":""https://archive.softwareheritage.org/api/1/origin/https%3A%2F%2Fgithub.com%2FShopify%2Fliquid/visits/?per_page=100"",""fetched_at"":""2026-09-23T19:57:39Z"",""cache_file"":""f34c94977a68a9e998f48856dad594b5340e661d1a226a9754d3204401eba1c1.json.gz"",""status"":200}]}],""incomplete_reasons"":[]}"
https://github.com/simonmichael/hledger,archived_evidence_found,"[""snapshot"",""tag_target_revision"",""annotated_release""]",snapshot_found,observed,missing,1,1,"{""checked_at"":""2026-09-24T10:22:12Z"",""candidates"":[""https://github.com/hledgerorg/hledger"",""https://github.com/hledgerorg/hledger.git"",""https://github.com/plaintextaccounting/hledger"",""https://github.com/plaintextaccounting/hledger.git"",""https://github.com/simonmichael/hledger"",""https://github.com/simonmichael/hledger.git""],""observations"":[{""origin"":""https://github.com/hledgerorg/hledger"",""status"":""not_found"",""evidence"":[{""url"":""https://archive.softwareheritage.org/api/1/origin/https%3A%2F%2Fgithub.com%2Fhledgerorg%2Fhledger/visits/?per_page=100"",""fetched_at"":""2026-09-24T10:22:10Z"",""cache_file"":""c5113f4d5d29be326e9ef47d6c2cea9f27b16b55dbb2b35ddb567379f4cfa90a.json.gz"",""status"":404}]},{""origin"":""https://github.com/hledgerorg/hledger.git"",""status"":""not_found"",""evidence"":[{""url"":""https://archive.softwareheritage.org/api/1/origin/https%3A%2F%2Fgithub.com%2Fhledgerorg%2Fhledger.git/visits/?per_page=100"",""fetched_at"":""2026-09-24T10:22:11Z"",""cache_file"":""f2a72a0695782a5b41c548ce5173fe312524aff1c96779e206368987de9f0bdb.json.gz"",""status"":404}]},{""origin"":""https://github.com/plaintextaccounting/hledger"",""status"":""not_found"",""evidence"":[{""url"":""https://archive.softwareheritage.org/api/1/origin/https%3A%2F%2Fgithub.com%2Fplaintextaccounting%2Fhledger/visits/?per_page=100"",""fetched_at"":""2026-09-24T10:22:11Z"",""cache_file"":""3ebd2da41450627171adc1a0cd27d695ec8545ef951e79472ea8cc5419c0fb53.json.gz"",""status"":404}]},{""origin"":""https://github.com/plaintextaccounting/hledger.git"",""status"":""not_found"",""evidence"":[{""url"":""https://archive.softwareheritage.org/api/1/origin/https%3A%2F%2Fgithub.com%2Fplaintextaccounting%2Fhledger.git/visits/?per_page=100"",""fetched_at"":""2026-09-24T10:22:12Z"",""cache_file"":""6590b7937f68037288e43bc855605304df4a250e2b674cf958413c4c2c2fabbe.json.gz"",""status"":404}]},{""origin"":""https://github.com/simonmichael/hledger"",""status"":""full"",""visit"":{""origin"":""https://github.com/simonmichael/hledger"",""visit"":299,""date"":""2026-08-16T20:56:01.625000+00:00"",""status"":""full"",""snapshot"":""98b0bbccaf83ffd2dac94687220b58e13bd92a36"",""type"":""git"",""metadata"":{},""origin_visit_url"":""https://archive.softwareheritage.org/api/1/origin/https://github.com/simonmichael/hledger/visit/299/"",""snapshot_url"":""https://archive.softwareheritage.org/api/1/snapshot/98b0bbccaf83ffd2dac94687220b58e13bd92a36/""},""evidence"":[{""url"":""https://archive.softwareheritage.org/api/1/origin/https%3A%2F%2Fgithub.com%2Fsimonmichael%2Fhledger/visits/?per_page=100"",""fetched_at"":""2026-09-24T10:22:12Z"",""cache_file"":""5798b02c07ea3844998baefe80d9c0ff6c440a03263f756dc710106e2b964793.json.gz"",""status"":200}]}],""incomplete_reasons"":[]}"
https://github.com/sinclairzx81/sinclair-typebox,no_snapshot_at_checked_origins,[],origin_not_found,observed,missing,1,0,"{""checked_at"":""2026-09-23T19:57:41Z"",""candidates"":[""https://github.com/sinclairzx81/sinclair-typebox"",""https://github.com/sinclairzx81/sinclair-typebox.git"",""https://github.com/sinclairzx81/typebox-legacy"",""https://github.com/sinclairzx81/typebox-legacy.git""],""observations"":[{""origin"":""https://github.com/sinclairzx81/sinclair-typebox"",""status"":""not_found"",""evidence"":[{""url"":""https://archive.softwareheritage.org/api/1/origin/https%3A%2F%2Fgithub.com%2Fsinclairzx81%2Fsinclair-typebox/visits/?per_page=100"",""fetched_at"":""2026-09-23T19:57:40Z"",""cache_file"":""1c995c89983994213d715fb2b022e0fb3d0a4332998528e75a9e4145ec07c75e.json.gz"",""status"":404}]},{""origin"":""https://github.com/sinclairzx81/sinclair-typebox.git"",""status"":""not_found"",""evidence"":[{""url"":""https://archive.softwareheritage.org/api/1/origin/https%3A%2F%2Fgithub.com%2Fsinclairzx81%2Fsinclair-typebox.git/visits/?per_page=100"",""fetched_at"":""2026-09-23T19:57:40Z"",""cache_file"":""27f90f6378d904dde6aed5122c627bbd4ae2eca5f0b08f8c6f67a9a4b523ba2d.json.gz"",""status"":404}]},{""origin"":""https://github.com/sinclairzx81/typebox-legacy"",""status"":""not_found"",""evidence"":[{""url"":""https://archive.softwareheritage.org/api/1/origin/https%3A%2F%2Fgithub.com%2Fsinclairzx81%2Ftypebox-legacy/visits/?per_page=100"",""fetched_at"":""2026-09-23T19:57:41Z"",""cache_file"":""72e6e0d7670312a7c06c0013be01585302b77cb8822e672ca893447d95d239e8.json.gz"",""status"":404}]},{""origin"":""https://github.com/sinclairzx81/typebox-legacy.git"",""status"":""not_found"",""evidence"":[{""url"":""https://archive.softwareheritage.org/api/1/origin/https%3A%2F%2Fgithub.com%2Fsinclairzx81%2Ftypebox-legacy.git/visits/?per_page=100"",""fetched_at"":""2026-09-23T19:57:41Z"",""cache_file"":""b0af2c339da1979ceab5923c8b0ca08389439a744a6990c2bc3b8cf26f9fbfca.json.gz"",""status"":404}]}],""incomplete_reasons"":[]}"
https://github.com/sindresorhus/binary-extensions,archived_evidence_found,"[""snapshot""]",snapshot_found,observed,missing,1,1,"{""checked_at"":""2026-09-23T19:57:42Z"",""candidates"":[""https://github.com/sindresorhus/binary-extensions"",""https://github.com/sindresorhus/binary-extensions.git""],""observations"":[{""origin"":""https://github.com/sindresorhus/binary-extensions"",""status"":""full"",""visit"":{""origin"":""https://github.com/sindresorhus/binary-extensions"",""visit"":24,""date"":""2025-05-21T14:19:23.988000+00:00"",""status"":""full"",""snapshot"":""9af34bd1fc369ce652e9b8cca68c26a8dde4606b"",""type"":""git"",""metadata"":{},""origin_visit_url"":""https://archive.softwareheritage.org/api/1/origin/https://github.com/sindresorhus/binary-extensions/visit/24/"",""snapshot_url"":""https://archive.softwareheritage.org/api/1/snapshot/9af34bd1fc369ce652e9b8cca68c26a8dde4606b/""},""evidence"":[{""url"":""https://archive.softwareheritage.org/api/1/origin/https%3A%2F%2Fgithub.com%2Fsindresorhus%2Fbinary-extensions/visits/?per_page=100"",""fetched_at"":""2026-09-23T19:57:42Z"",""cache_file"":""7b8f60541ea9eb47c76db370c14e4d620b776a8064d99de88ad4cee397dd3c7a.json.gz"",""status"":200}]}],""incomplete_reasons"":[]}"
https://github.com/sindresorhus/boxen,archived_evidence_found,"[""snapshot""]",snapshot_found,observed,missing,1,1,"{""checked_at"":""2026-09-23T19:57:42Z"",""candidates"":[""https://github.com/sindresorhus/boxen"",""https://github.com/sindresorhus/boxen.git""],""observations"":[{""origin"":""https://github.com/sindresorhus/boxen"",""status"":""full"",""visit"":{""origin"":""https://github.com/sindresorhus/boxen"",""visit"":82,""date"":""2026-05-04T20:07:55.990000+00:00"",""status"":""full"",""snapshot"":""0584550a220abc20f5df92c9e9c28ccc76c1e7dd"",""type"":""git"",""metadata"":{},""origin_visit_url"":""https://archive.softwareheritage.org/api/1/origin/https://github.com/sindresorhus/boxen/visit/82/"",""snapshot_url"":""https://archive.softwareheritage.org/api/1/snapshot/0584550a220abc20f5df92c9e9c28ccc76c1e7dd/""},""evidence"":[{""url"":""https://archive.softwareheritage.org/api/1/origin/https%3A%2F%2Fgithub.com%2Fsindresorhus%2Fboxen/visits/?per_page=100"",""fetched_at"":""2026-09-23T19:57:42Z"",""cache_file"":""a054ca6323142daa72c4e0aaec9a6eb952099ba0d6476c8843faf2828bd36e0b.json.gz"",""status"":200}]}],""incomplete_reasons"":[]}"
https://github.com/sindresorhus/camelcase-keys,archived_evidence_found,"[""snapshot""]",snapshot_found,observed,missing,1,1,"{""checked_at"":""2026-09-23T19:57:43Z"",""candidates"":[""https://github.com/sindresorhus/camelcase-keys"",""https://github.com/sindresorhus/camelcase-keys.git""],""observations"":[{""origin"":""https://github.com/sindresorhus/camelcase-keys"",""status"":""full"",""visit"":{""origin"":""https://github.com/sindresorhus/camelcase-keys"",""visit"":92,""date"":""2026-09-09T14:37:28.717000+00:00"",""status"":""full"",""snapshot"":""f402fd9e8148ed646193ca7be927d50d8a6a203f"",""type"":""git"",""metadata"":{},""origin_visit_url"":""https://archive.softwareheritage.org/api/1/origin/https://github.com/sindresorhus/camelcase-keys/visit/92/"",""snapshot_url"":""https://archive.softwareheritage.org/api/1/snapshot/f402fd9e8148ed646193ca7be927d50d8a6a203f/""},""evidence"":[{""url"":""https://archive.softwareheritage.org/api/1/origin/https%3A%2F%2Fgithub.com%2Fsindresorhus%2Fcamelcase-keys/visits/?per_page=100"",""fetched_at"":""2026-09-23T19:57:43Z"",""cache_file"":""3076dec9a6dea3d0b2deb963c2f76fb7bcfc7d82ae326b4b113479820cd0b94b.json.gz"",""status"":200}]}],""incomplete_reasons"":[]}"
https://github.com/sindresorhus/get-east-asian-width,archived_evidence_found,"[""snapshot""]",snapshot_found,observed,missing,1,1,"{""checked_at"":""2026-09-23T19:57:44Z"",""candidates"":[""https://github.com/sindresorhus/get-east-asian-width"",""https://github.com/sindresorhus/get-east-asian-width.git"",""https://github.com/sindresorhus/unicode-east-asian-width"",""https://github.com/sindresorhus/unicode-east-asian-width.git""],""observations"":[{""origin"":""https://github.com/sindresorhus/get-east-asian-width"",""status"":""full"",""visit"":{""origin"":""https://github.com/sindresorhus/get-east-asian-width"",""visit"":4,""date"":""2026-06-07T12:13:15.544000+00:00"",""status"":""full"",""snapshot"":""8610b5476796555e323500da01a0f0f8d19e147d"",""type"":""git"",""metadata"":{},""origin_visit_url"":""https://archive.softwareheritage.org/api/1/origin/https://github.com/sindresorhus/get-east-asian-width/visit/4/"",""snapshot_url"":""https://archive.softwareheritage.org/api/1/snapshot/8610b5476796555e323500da01a0f0f8d19e147d/""},""evidence"":[{""url"":""https://archive.softwareheritage.org/api/1/origin/https%3A%2F%2Fgithub.com%2Fsindresorhus%2Fget-east-asian-width/visits/?per_page=100"",""fetched_at"":""2026-09-23T19:57:44Z"",""cache_file"":""a015e145053463ab562f141642af3811cd90396f257629618d0f33a8fdfe25b5.json.gz"",""status"":200}]}],""incomplete_reasons"":[]}"
https://github.com/sindresorhus/is-installed-globally,archived_evidence_found,"[""snapshot""]",snapshot_found,observed,missing,1,1,"{""checked_at"":""2026-09-23T19:57:44Z"",""candidates"":[""https://github.com/sindresorhus/is-installed-globally"",""https://github.com/sindresorhus/is-installed-globally.git""],""observations"":[{""origin"":""https://github.com/sindresorhus/is-installed-globally"",""status"":""full"",""visit"":{""origin"":""https://github.com/sindresorhus/is-installed-globally"",""visit"":62,""date"":""2026-08-26T09:18:46.125000+00:00"",""status"":""full"",""snapshot"":""46ff54afb0a669451c046e191e571ccc81077c00"",""type"":""git"",""metadata"":{},""origin_visit_url"":""https://archive.softwareheritage.org/api/1/origin/https://github.com/sindresorhus/is-installed-globally/visit/62/"",""snapshot_url"":""https://archive.softwareheritage.org/api/1/snapshot/46ff54afb0a669451c046e191e571ccc81077c00/""},""evidence"":[{""url"":""https://archive.softwareheritage.org/api/1/origin/https%3A%2F%2Fgithub.com%2Fsindresorhus%2Fis-installed-globally/visits/?per_page=100"",""fetched_at"":""2026-09-23T19:57:44Z"",""cache_file"":""d370b8dc4d8824e370c454221cd1709b8cf4168ac96c1408b5a8cd0c14965247.json.gz"",""status"":200}]}],""incomplete_reasons"":[]}"
https://github.com/sindresorhus/open,archived_evidence_found,"[""snapshot""]",snapshot_found,observed,missing,1,1,"{""checked_at"":""2026-09-23T19:57:45Z"",""candidates"":[""https://github.com/sindresorhus/open"",""https://github.com/sindresorhus/open.git"",""https://github.com/sindresorhus/opn"",""https://github.com/sindresorhus/opn.git""],""observations"":[{""origin"":""https://github.com/sindresorhus/open"",""status"":""full"",""visit"":{""origin"":""https://github.com/sindresorhus/open"",""visit"":520,""date"":""2026-09-23T12:21:36.666000+00:00"",""status"":""full"",""snapshot"":""76b026501778361f0378cefc6e0d9ddb24ff3299"",""type"":""git-checkout"",""metadata"":{},""origin_visit_url"":""https://archive.softwareheritage.org/api/1/origin/https://github.com/sindresorhus/open/visit/520/"",""snapshot_url"":""https://archive.softwareheritage.org/api/1/snapshot/76b026501778361f0378cefc6e0d9ddb24ff3299/""},""evidence"":[{""url"":""https://archive.softwareheritage.org/api/1/origin/https%3A%2F%2Fgithub.com%2Fsindresorhus%2Fopen/visits/?per_page=100"",""fetched_at"":""2026-09-23T19:57:45Z"",""cache_file"":""4cb5348cd50a218f9cc08d35be50330ca0ed7b9aa7b6ac107b1be43be9726a14.json.gz"",""status"":200}]}],""incomplete_reasons"":[]}"
https://github.com/sindresorhus/p-event,archived_evidence_found,"[""snapshot""]",snapshot_found,observed,missing,1,1,"{""checked_at"":""2026-09-23T19:57:45Z"",""candidates"":[""https://github.com/sindresorhus/p-event"",""https://github.com/sindresorhus/p-event.git""],""observations"":[{""origin"":""https://github.com/sindresorhus/p-event"",""status"":""full"",""visit"":{""origin"":""https://github.com/sindresorhus/p-event"",""visit"":54,""date"":""2026-07-31T01:48:32.829000+00:00"",""status"":""full"",""snapshot"":""8e9edc47d58171f27bd777ab521f57022e2ca246"",""type"":""git"",""metadata"":{},""origin_visit_url"":""https://archive.softwareheritage.org/api/1/origin/https://github.com/sindresorhus/p-event/visit/54/"",""snapshot_url"":""https://archive.softwareheritage.org/api/1/snapshot/8e9edc47d58171f27bd777ab521f57022e2ca246/""},""evidence"":[{""url"":""https://archive.softwareheritage.org/api/1/origin/https%3A%2F%2Fgithub.com%2Fsindresorhus%2Fp-event/visits/?per_page=100"",""fetched_at"":""2026-09-23T19:57:45Z"",""cache_file"":""f2329d66eda31c94321fe04af337160ce427d0db330af4d2b17953fa61c142d8.json.gz"",""status"":200}]}],""incomplete_reasons"":[]}"
https://github.com/sindresorhus/p-map,archived_evidence_found,"[""snapshot""]",snapshot_found,observed,missing,1,1,"{""checked_at"":""2026-09-23T19:57:46Z"",""candidates"":[""https://github.com/sindresorhus/p-map"",""https://github.com/sindresorhus/p-map.git""],""observations"":[{""origin"":""https://github.com/sindresorhus/p-map"",""status"":""full"",""visit"":{""origin"":""https://github.com/sindresorhus/p-map"",""visit"":99,""date"":""2026-08-20T19:56:14.443000+00:00"",""status"":""full"",""snapshot"":""2ad2c248d9fedc9c26a4e6f12b7fe5d79f916345"",""type"":""git"",""metadata"":{},""origin_visit_url"":""https://archive.softwareheritage.org/api/1/origin/https://github.com/sindresorhus/p-map/visit/99/"",""snapshot_url"":""https://archive.softwareheritage.org/api/1/snapshot/2ad2c248d9fedc9c26a4e6f12b7fe5d79f916345/""},""evidence"":[{""url"":""https://archive.softwareheritage.org/api/1/origin/https%3A%2F%2Fgithub.com%2Fsindresorhus%2Fp-map/visits/?per_page=100"",""fetched_at"":""2026-09-23T19:57:46Z"",""cache_file"":""fb015ba542d2a9f60e5a5a05ce94c8f893823663ac0fda4481a126025def4674.json.gz"",""status"":200}]}],""incomplete_reasons"":[]}"
https://github.com/sindresorhus/p-retry,archived_evidence_found,"[""snapshot""]",snapshot_found,observed,missing,1,1,"{""checked_at"":""2026-09-23T19:57:47Z"",""candidates"":[""https://github.com/sindresorhus/p-retry"",""https://github.com/sindresorhus/p-retry.git""],""observations"":[{""origin"":""https://github.com/sindresorhus/p-retry"",""status"":""full"",""visit"":{""origin"":""https://github.com/sindresorhus/p-retry"",""visit"":108,""date"":""2026-05-19T12:10:29.933000+00:00"",""status"":""full"",""snapshot"":""c2106ac08503799c67147c19c1a1ae0bd8d49e1f"",""type"":""git"",""metadata"":{},""origin_visit_url"":""https://archive.softwareheritage.org/api/1/origin/https://github.com/sindresorhus/p-retry/visit/108/"",""snapshot_url"":""https://archive.softwareheritage.org/api/1/snapshot/c2106ac08503799c67147c19c1a1ae0bd8d49e1f/""},""evidence"":[{""url"":""https://archive.softwareheritage.org/api/1/origin/https%3A%2F%2Fgithub.com%2Fsindresorhus%2Fp-retry/visits/?per_page=100"",""fetched_at"":""2026-09-23T19:57:47Z"",""cache_file"":""1b7131810232ca906ae27edbab9254203933a2dd4be118130129b83078daf0f8.json.gz"",""status"":200}]}],""incomplete_reasons"":[]}"
https://github.com/sindresorhus/p-timeout,archived_evidence_found,"[""snapshot""]",snapshot_found,observed,missing,1,1,"{""checked_at"":""2026-09-23T19:57:47Z"",""candidates"":[""https://github.com/sindresorhus/p-timeout"",""https://github.com/sindresorhus/p-timeout.git""],""observations"":[{""origin"":""https://github.com/sindresorhus/p-timeout"",""status"":""full"",""visit"":{""origin"":""https://github.com/sindresorhus/p-timeout"",""visit"":67,""date"":""2026-09-01T13:17:00.206000+00:00"",""status"":""full"",""snapshot"":""598ab866118853c97bc6be45ebc21d2485d20a13"",""type"":""git"",""metadata"":{},""origin_visit_url"":""https://archive.softwareheritage.org/api/1/origin/https://github.com/sindresorhus/p-timeout/visit/67/"",""snapshot_url"":""https://archive.softwareheritage.org/api/1/snapshot/598ab866118853c97bc6be45ebc21d2485d20a13/""},""evidence"":[{""url"":""https://archive.softwareheritage.org/api/1/origin/https%3A%2F%2Fgithub.com%2Fsindresorhus%2Fp-timeout/visits/?per_page=100"",""fetched_at"":""2026-09-23T19:57:47Z"",""cache_file"":""26d4e94781f77921d1804fa306813e9af92eba34d2a3d0d20e0d7e968593bf78.json.gz"",""status"":200}]}],""incomplete_reasons"":[]}"
https://github.com/sindresorhus/type-fest,archived_evidence_found,"[""snapshot""]",snapshot_found,observed,missing,1,1,"{""checked_at"":""2026-09-23T19:57:48Z"",""candidates"":[""https://github.com/sindresorhus/type-fest"",""https://github.com/sindresorhus/type-fest.git""],""observations"":[{""origin"":""https://github.com/sindresorhus/type-fest"",""status"":""full"",""visit"":{""origin"":""https://github.com/sindresorhus/type-fest"",""visit"":174,""date"":""2026-08-30T09:33:29.486000+00:00"",""status"":""full"",""snapshot"":""a606872cc190027f2d116af33bed24425ceb5a37"",""type"":""git"",""metadata"":{},""origin_visit_url"":""https://archive.softwareheritage.org/api/1/origin/https://github.com/sindresorhus/type-fest/visit/174/"",""snapshot_url"":""https://archive.softwareheritage.org/api/1/snapshot/a606872cc190027f2d116af33bed24425ceb5a37/""},""evidence"":[{""url"":""https://archive.softwareheritage.org/api/1/origin/https%3A%2F%2Fgithub.com%2Fsindresorhus%2Ftype-fest/visits/?per_page=100"",""fetched_at"":""2026-09-23T19:57:48Z"",""cache_file"":""0e671d884cf259129c4f2b336a88a8c7e452e28178803dd106befa92d5806f36.json.gz"",""status"":200}]}],""incomplete_reasons"":[]}"
https://github.com/sirbrillig/phpcs-variable-analysis,archived_evidence_found,"[""snapshot""]",snapshot_found,observed,missing,1,0,"{""checked_at"":""2026-09-23T19:57:48Z"",""candidates"":[""https://github.com/sirbrillig/phpcs-variable-analysis"",""https://github.com/sirbrillig/phpcs-variable-analysis.git""],""observations"":[{""origin"":""https://github.com/sirbrillig/phpcs-variable-analysis"",""status"":""full"",""visit"":{""origin"":""https://github.com/sirbrillig/phpcs-variable-analysis"",""visit"":16,""date"":""2026-06-30T19:22:08.652000+00:00"",""status"":""full"",""snapshot"":""6dfae061939ddd64de313d3635dae07b6fc3e4ab"",""type"":""git"",""metadata"":{},""origin_visit_url"":""https://archive.softwareheritage.org/api/1/origin/https://github.com/sirbrillig/phpcs-variable-analysis/visit/16/"",""snapshot_url"":""https://archive.softwareheritage.org/api/1/snapshot/6dfae061939ddd64de313d3635dae07b6fc3e4ab/""},""evidence"":[{""url"":""https://archive.softwareheritage.org/api/1/origin/https%3A%2F%2Fgithub.com%2Fsirbrillig%2Fphpcs-variable-analysis/visits/?per_page=100"",""fetched_at"":""2026-09-23T19:57:48Z"",""cache_file"":""d16ef20e8e4309dd3ae58da8d1155ff3d954763a6c2863d95fa41f607e6534a7.json.gz"",""status"":200}]}],""incomplete_reasons"":[]}"
https://github.com/siteline/swiftui-introspect,archived_evidence_found,"[""snapshot""]",snapshot_found,observed,missing,1,0,"{""checked_at"":""2026-09-23T19:57:49Z"",""candidates"":[""https://github.com/siteline/SwiftUI-Introspect"",""https://github.com/siteline/SwiftUI-Introspect.git"",""https://github.com/siteline/swiftui-introspect"",""https://github.com/siteline/swiftui-introspect.git""],""observations"":[{""origin"":""https://github.com/siteline/SwiftUI-Introspect"",""status"":""full"",""visit"":{""origin"":""https://github.com/siteline/SwiftUI-Introspect"",""visit"":147,""date"":""2026-08-13T17:54:54.476000+00:00"",""status"":""full"",""snapshot"":""84c430a93910bfa4c4962c02bc31eb808dae4fc6"",""type"":""git"",""metadata"":{},""origin_visit_url"":""https://archive.softwareheritage.org/api/1/origin/https://github.com/siteline/SwiftUI-Introspect/visit/147/"",""snapshot_url"":""https://archive.softwareheritage.org/api/1/snapshot/84c430a93910bfa4c4962c02bc31eb808dae4fc6/""},""evidence"":[{""url"":""https://archive.softwareheritage.org/api/1/origin/https%3A%2F%2Fgithub.com%2Fsiteline%2FSwiftUI-Introspect/visits/?per_page=100"",""fetched_at"":""2026-09-23T19:57:49Z"",""cache_file"":""a92b32a19f830aa5f37aee3409247ac1a329beca1d854569bc54947c98cb90c5.json.gz"",""status"":200}]}],""incomplete_reasons"":[]}"
https://github.com/slack-ruby/slack-ruby-client,archived_evidence_found,"[""snapshot"",""tag_target_revision""]",snapshot_found,observed,missing,0,1,"{""checked_at"":""2026-09-24T10:23:43Z"",""candidates"":[""https://github.com/slack-ruby/slack-ruby-client"",""https://github.com/slack-ruby/slack-ruby-client.git""],""observations"":[{""origin"":""https://github.com/slack-ruby/slack-ruby-client"",""status"":""full"",""visit"":{""origin"":""https://github.com/slack-ruby/slack-ruby-client"",""visit"":199,""date"":""2026-05-30T03:22:00.017000+00:00"",""status"":""full"",""snapshot"":""f1a4e863f1942075ca07ffd53945919dda8c9825"",""type"":""git"",""metadata"":{},""origin_visit_url"":""https://archive.softwareheritage.org/api/1/origin/https://github.com/slack-ruby/slack-ruby-client/visit/199/"",""snapshot_url"":""https://archive.softwareheritage.org/api/1/snapshot/f1a4e863f1942075ca07ffd53945919dda8c9825/""},""evidence"":[{""url"":""https://archive.softwareheritage.org/api/1/origin/https%3A%2F%2Fgithub.com%2Fslack-ruby%2Fslack-ruby-client/visits/?per_page=100"",""fetched_at"":""2026-09-24T10:23:43Z"",""cache_file"":""b3e17c336c26d4e32024b61818af7a145f0391493b604ff6335feaad609da0eb.json.gz"",""status"":200}]}],""incomplete_reasons"":[]}"
https://github.com/smithy-lang/smithy-typescript,archived_evidence_found,"[""snapshot"",""tag_target_revision""]",snapshot_found,observed,missing,1,0,"{""checked_at"":""2026-09-24T10:23:45Z"",""candidates"":[""https://github.com/awslabs/smithy-typescript"",""https://github.com/awslabs/smithy-typescript.git"",""https://github.com/smithy-lang/smithy-typescript"",""https://github.com/smithy-lang/smithy-typescript.git""],""observations"":[{""origin"":""https://github.com/awslabs/smithy-typescript"",""status"":""full"",""visit"":{""origin"":""https://github.com/awslabs/smithy-typescript"",""visit"":137,""date"":""2026-09-21T20:57:39.378000+00:00"",""status"":""full"",""snapshot"":""a868e7075cfaa24f5613c157d3acb90a8800f88a"",""type"":""git"",""metadata"":{},""origin_visit_url"":""https://archive.softwareheritage.org/api/1/origin/https://github.com/awslabs/smithy-typescript/visit/137/"",""snapshot_url"":""https://archive.softwareheritage.org/api/1/snapshot/a868e7075cfaa24f5613c157d3acb90a8800f88a/""},""evidence"":[{""url"":""https://archive.softwareheritage.org/api/1/origin/https%3A%2F%2Fgithub.com%2Fawslabs%2Fsmithy-typescript/visits/?per_page=100"",""fetched_at"":""2026-09-24T10:23:45Z"",""cache_file"":""e6b7af56d08fce6826fc80acf32dafd3fb69e12aceb2746cc364bf4747098f40.json.gz"",""status"":200}]}],""incomplete_reasons"":[]}"
https://github.com/smol-rs/blocking,archived_evidence_found,"[""head"",""tag_target_revision""]",unchecked,observed,present,0,1,
https://github.com/smol-rs/event-listener-strategy,no_snapshot_at_checked_origins,[],origin_not_found,observed,missing,1,0,"{""checked_at"":""2026-09-23T19:57:50Z"",""candidates"":[""https://github.com/smol-rs/event-listener-strategy"",""https://github.com/smol-rs/event-listener-strategy.git""],""observations"":[{""origin"":""https://github.com/smol-rs/event-listener-strategy"",""status"":""not_found"",""evidence"":[{""url"":""https://archive.softwareheritage.org/api/1/origin/https%3A%2F%2Fgithub.com%2Fsmol-rs%2Fevent-listener-strategy/visits/?per_page=100"",""fetched_at"":""2026-09-23T19:57:49Z"",""cache_file"":""471b006a38a88a10cdc5b4d827c990228a0304643b01e78386d5abd5e1c7baba.json.gz"",""status"":404}]},{""origin"":""https://github.com/smol-rs/event-listener-strategy.git"",""status"":""not_found"",""evidence"":[{""url"":""https://archive.softwareheritage.org/api/1/origin/https%3A%2F%2Fgithub.com%2Fsmol-rs%2Fevent-listener-strategy.git/visits/?per_page=100"",""fetched_at"":""2026-09-23T19:57:50Z"",""cache_file"":""4df0f6ec6a7bccc707c383ce309121b74d7ce6c44fa96e1fbdbd60296923148d.json.gz"",""status"":404}]}],""incomplete_reasons"":[]}"
https://github.com/sneako/finch,archived_evidence_found,"[""snapshot""]",snapshot_found,observed,missing,1,0,"{""checked_at"":""2026-09-23T19:57:52Z"",""candidates"":[""https://github.com/keathley/finch"",""https://github.com/keathley/finch.git"",""https://github.com/sneako/finch"",""https://github.com/sneako/finch.git""],""observations"":[{""origin"":""https://github.com/keathley/finch"",""status"":""full"",""visit"":{""origin"":""https://github.com/keathley/finch"",""visit"":130,""date"":""2026-08-25T16:30:42.720000+00:00"",""status"":""full"",""snapshot"":""a912bdaace991b6e8f7cc5e6926f1153f2d157e0"",""type"":""git"",""metadata"":{},""origin_visit_url"":""https://archive.softwareheritage.org/api/1/origin/https://github.com/keathley/finch/visit/130/"",""snapshot_url"":""https://archive.softwareheritage.org/api/1/snapshot/a912bdaace991b6e8f7cc5e6926f1153f2d157e0/""},""evidence"":[{""url"":""https://archive.softwareheritage.org/api/1/origin/https%3A%2F%2Fgithub.com%2Fkeathley%2Ffinch/visits/?per_page=100"",""fetched_at"":""2026-09-23T19:57:52Z"",""cache_file"":""cf8a5fe1e233e022b9f9369eb7f1f6c0d92a45b25289c33526cecb6cd7b3f85f.json.gz"",""status"":200}]}],""incomplete_reasons"":[]}"
https://github.com/snowflakedb/snowflake-connector-python,archived_evidence_found,"[""snapshot""]",snapshot_found,observed,missing,1,0,"{""checked_at"":""2026-09-23T19:57:52Z"",""candidates"":[""https://github.com/snowflakedb/snowflake-connector-python"",""https://github.com/snowflakedb/snowflake-connector-python.git""],""observations"":[{""origin"":""https://github.com/snowflakedb/snowflake-connector-python"",""status"":""full"",""visit"":{""origin"":""https://github.com/snowflakedb/snowflake-connector-python"",""visit"":98,""date"":""2026-06-21T01:01:02.388000+00:00"",""status"":""full"",""snapshot"":""a7ce2f87d0f3b27e2843190bff0ac026e54eb2d6"",""type"":""git"",""metadata"":{},""origin_visit_url"":""https://archive.softwareheritage.org/api/1/origin/https://github.com/snowflakedb/snowflake-connector-python/visit/98/"",""snapshot_url"":""https://archive.softwareheritage.org/api/1/snapshot/a7ce2f87d0f3b27e2843190bff0ac026e54eb2d6/""},""evidence"":[{""url"":""https://archive.softwareheritage.org/api/1/origin/https%3A%2F%2Fgithub.com%2Fsnowflakedb%2Fsnowflake-connector-python/visits/?per_page=100"",""fetched_at"":""2026-09-23T19:57:52Z"",""cache_file"":""188ec7d950bb083166afbd77bbd379f45b98aaf54e33d6d8d15fdcca8eb25bf3.json.gz"",""status"":200}]}],""incomplete_reasons"":[]}"
https://github.com/sobelow/sobelow,no_snapshot_at_checked_origins,[],origin_not_found,observed,missing,1,0,"{""checked_at"":""2026-09-23T19:57:53Z"",""candidates"":[""https://github.com/sobelow/sobelow"",""https://github.com/sobelow/sobelow.git""],""observations"":[{""origin"":""https://github.com/sobelow/sobelow"",""status"":""not_found"",""evidence"":[{""url"":""https://archive.softwareheritage.org/api/1/origin/https%3A%2F%2Fgithub.com%2Fsobelow%2Fsobelow/visits/?per_page=100"",""fetched_at"":""2026-09-23T19:57:53Z"",""cache_file"":""8f7fd17f31b9c1a98272c9fdad2bf68aadb1ae7b6a904deead0e9d99d6f7b12a.json.gz"",""status"":404}]},{""origin"":""https://github.com/sobelow/sobelow.git"",""status"":""not_found"",""evidence"":[{""url"":""https://archive.softwareheritage.org/api/1/origin/https%3A%2F%2Fgithub.com%2Fsobelow%2Fsobelow.git/visits/?per_page=100"",""fetched_at"":""2026-09-23T19:57:53Z"",""cache_file"":""bc1c11ac2d6edd7ade0dcb645dbb34c821fb34b40682c310b0e5ed9cff4e68f1.json.gz"",""status"":404}]}],""incomplete_reasons"":[]}"
https://github.com/sparklemotion/sqlite3-ruby,archived_evidence_found,"[""snapshot""]",snapshot_found,observed,missing,1,0,"{""checked_at"":""2026-09-23T19:57:55Z"",""candidates"":[""https://github.com/luislavena/sqlite3-ruby"",""https://github.com/luislavena/sqlite3-ruby.git"",""https://github.com/sparklemotion/sqlite3-ruby"",""https://github.com/sparklemotion/sqlite3-ruby.git""],""observations"":[{""origin"":""https://github.com/luislavena/sqlite3-ruby"",""status"":""not_found"",""evidence"":[{""url"":""https://archive.softwareheritage.org/api/1/origin/https%3A%2F%2Fgithub.com%2Fluislavena%2Fsqlite3-ruby/visits/?per_page=100"",""fetched_at"":""2026-09-23T19:57:54Z"",""cache_file"":""671bfd58a7636367a1c30ec1211ac40d581460488e873173957c7dce7e9672a8.json.gz"",""status"":404}]},{""origin"":""https://github.com/luislavena/sqlite3-ruby.git"",""status"":""not_found"",""evidence"":[{""url"":""https://archive.softwareheritage.org/api/1/origin/https%3A%2F%2Fgithub.com%2Fluislavena%2Fsqlite3-ruby.git/visits/?per_page=100"",""fetched_at"":""2026-09-23T19:57:54Z"",""cache_file"":""a09732921cd8b0ac6a6333a1d9c9ac2f6fc1351537044681b4ce96ad38a8a40a.json.gz"",""status"":404}]},{""origin"":""https://github.com/sparklemotion/sqlite3-ruby"",""status"":""full"",""visit"":{""origin"":""https://github.com/sparklemotion/sqlite3-ruby"",""visit"":1581,""date"":""2026-09-23T10:43:15.251000+00:00"",""status"":""full"",""snapshot"":""47cd4e6f5598b8361ce01d1ccdba42eb7791b39f"",""type"":""git-checkout"",""metadata"":{},""origin_visit_url"":""https://archive.softwareheritage.org/api/1/origin/https://github.com/sparklemotion/sqlite3-ruby/visit/1581/"",""snapshot_url"":""https://archive.softwareheritage.org/api/1/snapshot/47cd4e6f5598b8361ce01d1ccdba42eb7791b39f/""},""evidence"":[{""url"":""https://archive.softwareheritage.org/api/1/origin/https%3A%2F%2Fgithub.com%2Fsparklemotion%2Fsqlite3-ruby/visits/?per_page=100"",""fetched_at"":""2026-09-23T19:57:55Z"",""cache_file"":""0aa440af3a6cc70641517d48a90d086becc884a038ad0fa52f14f83fa6847a5a.json.gz"",""status"":200}]}],""incomplete_reasons"":[]}"
https://github.com/spartnernl/laravel-excel,archived_evidence_found,"[""snapshot""]",snapshot_found,observed,missing,1,0,"{""checked_at"":""2026-09-23T19:57:56Z"",""candidates"":[""https://github.com/SpartnerNL/Laravel-Excel"",""https://github.com/SpartnerNL/Laravel-Excel.git"",""https://github.com/maatwebsite/laravel-excel"",""https://github.com/maatwebsite/laravel-excel.git"",""https://github.com/spartnernl/laravel-excel"",""https://github.com/spartnernl/laravel-excel.git""],""observations"":[{""origin"":""https://github.com/SpartnerNL/Laravel-Excel"",""status"":""full"",""visit"":{""origin"":""https://github.com/SpartnerNL/Laravel-Excel"",""visit"":40,""date"":""2026-05-09T10:40:59.775000+00:00"",""status"":""full"",""snapshot"":""2eb13c965282d075a84ba52d96b0a0cee6d9fe86"",""type"":""git"",""metadata"":{},""origin_visit_url"":""https://archive.softwareheritage.org/api/1/origin/https://github.com/SpartnerNL/Laravel-Excel/visit/40/"",""snapshot_url"":""https://archive.softwareheritage.org/api/1/snapshot/2eb13c965282d075a84ba52d96b0a0cee6d9fe86/""},""evidence"":[{""url"":""https://archive.softwareheritage.org/api/1/origin/https%3A%2F%2Fgithub.com%2FSpartnerNL%2FLaravel-Excel/visits/?per_page=100"",""fetched_at"":""2026-09-23T19:57:56Z"",""cache_file"":""8b6a959322fcd334397d4f526ab51cfb13e7c0bee8b55311929c547d496916b6.json.gz"",""status"":200}]}],""incomplete_reasons"":[]}"
https://github.com/spatie/laravel-package-tools,archived_evidence_found,"[""snapshot""]",snapshot_found,observed,missing,1,0,"{""checked_at"":""2026-09-23T19:57:56Z"",""candidates"":[""https://github.com/spatie/laravel-package-tools"",""https://github.com/spatie/laravel-package-tools.git""],""observations"":[{""origin"":""https://github.com/spatie/laravel-package-tools"",""status"":""full"",""visit"":{""origin"":""https://github.com/spatie/laravel-package-tools"",""visit"":21,""date"":""2026-06-23T16:09:50.399000+00:00"",""status"":""full"",""snapshot"":""6938aed9a178ecca17cb08628430e058ff9d500c"",""type"":""git"",""metadata"":{},""origin_visit_url"":""https://archive.softwareheritage.org/api/1/origin/https://github.com/spatie/laravel-package-tools/visit/21/"",""snapshot_url"":""https://archive.softwareheritage.org/api/1/snapshot/6938aed9a178ecca17cb08628430e058ff9d500c/""},""evidence"":[{""url"":""https://archive.softwareheritage.org/api/1/origin/https%3A%2F%2Fgithub.com%2Fspatie%2Flaravel-package-tools/visits/?per_page=100"",""fetched_at"":""2026-09-23T19:57:56Z"",""cache_file"":""de3be6551f2d450515810cdf6ed683a341188183ba3b584b0eb055075002d398.json.gz"",""status"":200}]}],""incomplete_reasons"":[]}"
https://github.com/spring-projects/spring-session,archived_evidence_found,"[""snapshot""]",snapshot_found,observed,missing,1,1,"{""checked_at"":""2026-09-23T19:57:57Z"",""candidates"":[""https://github.com/spring-projects/spring-session"",""https://github.com/spring-projects/spring-session.git""],""observations"":[{""origin"":""https://github.com/spring-projects/spring-session"",""status"":""full"",""visit"":{""origin"":""https://github.com/spring-projects/spring-session"",""visit"":191,""date"":""2026-07-12T08:32:49.062000+00:00"",""status"":""full"",""snapshot"":""d690fb06fc88c5954b7a01c86c548a613e367597"",""type"":""git"",""metadata"":{},""origin_visit_url"":""https://archive.softwareheritage.org/api/1/origin/https://github.com/spring-projects/spring-session/visit/191/"",""snapshot_url"":""https://archive.softwareheritage.org/api/1/snapshot/d690fb06fc88c5954b7a01c86c548a613e367597/""},""evidence"":[{""url"":""https://archive.softwareheritage.org/api/1/origin/https%3A%2F%2Fgithub.com%2Fspring-projects%2Fspring-session/visits/?per_page=100"",""fetched_at"":""2026-09-23T19:57:57Z"",""cache_file"":""c3a21beb95cdd7294fd9d1eae1f0181737c016e5a346ae0cd057302a222e11cf.json.gz"",""status"":200}]}],""incomplete_reasons"":[]}"
https://github.com/springdoc/springdoc-openapi,archived_evidence_found,"[""snapshot"",""tag_target_revision""]",snapshot_found,observed,missing,1,1,"{""checked_at"":""2026-09-24T10:24:14Z"",""candidates"":[""https://github.com/springdoc/springdoc-openapi"",""https://github.com/springdoc/springdoc-openapi.git""],""observations"":[{""origin"":""https://github.com/springdoc/springdoc-openapi"",""status"":""full"",""visit"":{""origin"":""https://github.com/springdoc/springdoc-openapi"",""visit"":183,""date"":""2026-09-05T05:28:47.166000+00:00"",""status"":""full"",""snapshot"":""d37c62118b681dc9fac75bfd41b6770c8ba8ec87"",""type"":""git"",""metadata"":{},""origin_visit_url"":""https://archive.softwareheritage.org/api/1/origin/https://github.com/springdoc/springdoc-openapi/visit/183/"",""snapshot_url"":""https://archive.softwareheritage.org/api/1/snapshot/d37c62118b681dc9fac75bfd41b6770c8ba8ec87/""},""evidence"":[{""url"":""https://archive.softwareheritage.org/api/1/origin/https%3A%2F%2Fgithub.com%2Fspringdoc%2Fspringdoc-openapi/visits/?per_page=100"",""fetched_at"":""2026-09-24T10:24:14Z"",""cache_file"":""beb906a2e4e1b897ccf952afdd13f99e0b4ff23cd15a6149f00861000a6f45bb.json.gz"",""status"":200}]}],""incomplete_reasons"":[]}"
https://github.com/srijs/rust-crc32fast,archived_evidence_found,"[""snapshot""]",snapshot_found,observed,missing,1,0,"{""checked_at"":""2026-09-23T19:57:58Z"",""candidates"":[""https://github.com/srijs/rust-crc32fast"",""https://github.com/srijs/rust-crc32fast.git""],""observations"":[{""origin"":""https://github.com/srijs/rust-crc32fast"",""status"":""full"",""visit"":{""origin"":""https://github.com/srijs/rust-crc32fast"",""visit"":17,""date"":""2026-08-07T09:09:41.365000+00:00"",""status"":""full"",""snapshot"":""e61ccaa7e63516295e1174203eb52f4b476354d2"",""type"":""git"",""metadata"":{},""origin_visit_url"":""https://archive.softwareheritage.org/api/1/origin/https://github.com/srijs/rust-crc32fast/visit/17/"",""snapshot_url"":""https://archive.softwareheritage.org/api/1/snapshot/e61ccaa7e63516295e1174203eb52f4b476354d2/""},""evidence"":[{""url"":""https://archive.softwareheritage.org/api/1/origin/https%3A%2F%2Fgithub.com%2Fsrijs%2Frust-crc32fast/visits/?per_page=100"",""fetched_at"":""2026-09-23T19:57:58Z"",""cache_file"":""2a1f0d23b3eca5441cdc20078711c0b350add4d3093de21aaab43e6c7ff20f0e.json.gz"",""status"":200}]}],""incomplete_reasons"":[]}"
https://github.com/stackexchange/stackexchange.redis,archived_evidence_found,"[""snapshot""]",snapshot_found,observed,missing,1,0,"{""checked_at"":""2026-09-23T19:57:59Z"",""candidates"":[""https://github.com/StackExchange/StackExchange.Redis"",""https://github.com/StackExchange/StackExchange.Redis.git"",""https://github.com/stackexchange/stackexchange.redis"",""https://github.com/stackexchange/stackexchange.redis.git""],""observations"":[{""origin"":""https://github.com/StackExchange/StackExchange.Redis"",""status"":""full"",""visit"":{""origin"":""https://github.com/StackExchange/StackExchange.Redis"",""visit"":205,""date"":""2026-09-15T07:33:12.789000+00:00"",""status"":""full"",""snapshot"":""0eb61bb6f625dc4f4193fe4a0a0f86336b54c384"",""type"":""git"",""metadata"":{},""origin_visit_url"":""https://archive.softwareheritage.org/api/1/origin/https://github.com/StackExchange/StackExchange.Redis/visit/205/"",""snapshot_url"":""https://archive.softwareheritage.org/api/1/snapshot/0eb61bb6f625dc4f4193fe4a0a0f86336b54c384/""},""evidence"":[{""url"":""https://archive.softwareheritage.org/api/1/origin/https%3A%2F%2Fgithub.com%2FStackExchange%2FStackExchange.Redis/visits/?per_page=100"",""fetched_at"":""2026-09-23T19:57:59Z"",""cache_file"":""7ff9574651fe75bf7937fa44ecffd9a60b8031635c29995c826127abfa5e54b1.json.gz"",""status"":200}]}],""incomplete_reasons"":[]}"
https://github.com/streamich/memfs,archived_evidence_found,"[""snapshot""]",snapshot_found,observed,missing,1,0,"{""checked_at"":""2026-09-23T19:57:59Z"",""candidates"":[""https://github.com/streamich/memfs"",""https://github.com/streamich/memfs.git""],""observations"":[{""origin"":""https://github.com/streamich/memfs"",""status"":""full"",""visit"":{""origin"":""https://github.com/streamich/memfs"",""visit"":163,""date"":""2026-09-01T22:12:44.103000+00:00"",""status"":""full"",""snapshot"":""c56db530c6a580d4862385b8866eed47dad592c2"",""type"":""git"",""metadata"":{},""origin_visit_url"":""https://archive.softwareheritage.org/api/1/origin/https://github.com/streamich/memfs/visit/163/"",""snapshot_url"":""https://archive.softwareheritage.org/api/1/snapshot/c56db530c6a580d4862385b8866eed47dad592c2/""},""evidence"":[{""url"":""https://archive.softwareheritage.org/api/1/origin/https%3A%2F%2Fgithub.com%2Fstreamich%2Fmemfs/visits/?per_page=100"",""fetched_at"":""2026-09-23T19:57:59Z"",""cache_file"":""5b5c6092413f385497ebdb075a6ccb8b69d89d7ce9446940ba216feed3e02e4d.json.gz"",""status"":200}]}],""incomplete_reasons"":[]}"
https://github.com/stripe/stripe-php,archived_evidence_found,"[""snapshot"",""tag_target_revision""]",snapshot_found,observed,missing,0,1,"{""checked_at"":""2026-09-24T10:24:24Z"",""candidates"":[""https://github.com/stripe/stripe-php"",""https://github.com/stripe/stripe-php.git""],""observations"":[{""origin"":""https://github.com/stripe/stripe-php"",""status"":""full"",""visit"":{""origin"":""https://github.com/stripe/stripe-php"",""visit"":249,""date"":""2026-09-03T09:22:13.849000+00:00"",""status"":""full"",""snapshot"":""519312d3d37933392b2157b4355ab32b88cac591"",""type"":""git"",""metadata"":{},""origin_visit_url"":""https://archive.softwareheritage.org/api/1/origin/https://github.com/stripe/stripe-php/visit/249/"",""snapshot_url"":""https://archive.softwareheritage.org/api/1/snapshot/519312d3d37933392b2157b4355ab32b88cac591/""},""evidence"":[{""url"":""https://archive.softwareheritage.org/api/1/origin/https%3A%2F%2Fgithub.com%2Fstripe%2Fstripe-php/visits/?per_page=100"",""fetched_at"":""2026-09-24T10:24:24Z"",""cache_file"":""4317430c99dcd8d4e22c7012209f10acdf14309c33965a2dbec4832354e251e1.json.gz"",""status"":200}]}],""incomplete_reasons"":[]}"
https://github.com/strukturag/libheif,archived_evidence_found,"[""snapshot""]",snapshot_found,observed,missing,1,0,"{""checked_at"":""2026-09-23T19:58:00Z"",""candidates"":[""https://github.com/strukturag/libheif"",""https://github.com/strukturag/libheif.git""],""observations"":[{""origin"":""https://github.com/strukturag/libheif"",""status"":""full"",""visit"":{""origin"":""https://github.com/strukturag/libheif"",""visit"":1786,""date"":""2026-09-23T11:03:24.366000+00:00"",""status"":""full"",""snapshot"":""ac89e31d22fcc761957819ccaa74d499a6ac8ae0"",""type"":""git-checkout"",""metadata"":{},""origin_visit_url"":""https://archive.softwareheritage.org/api/1/origin/https://github.com/strukturag/libheif/visit/1786/"",""snapshot_url"":""https://archive.softwareheritage.org/api/1/snapshot/ac89e31d22fcc761957819ccaa74d499a6ac8ae0/""},""evidence"":[{""url"":""https://archive.softwareheritage.org/api/1/origin/https%3A%2F%2Fgithub.com%2Fstrukturag%2Flibheif/visits/?per_page=100"",""fetched_at"":""2026-09-23T19:58:00Z"",""cache_file"":""22d3e695b75a6a64d0efec01cd65ce4287abfdb588f639c565b4be619f2842ef.json.gz"",""status"":200}]}],""incomplete_reasons"":[]}"
https://github.com/sval-rs/value-bag,no_snapshot_at_checked_origins,[],origin_not_found,observed,missing,1,0,"{""checked_at"":""2026-09-23T19:58:01Z"",""candidates"":[""https://github.com/sval-rs/value-bag"",""https://github.com/sval-rs/value-bag.git""],""observations"":[{""origin"":""https://github.com/sval-rs/value-bag"",""status"":""not_found"",""evidence"":[{""url"":""https://archive.softwareheritage.org/api/1/origin/https%3A%2F%2Fgithub.com%2Fsval-rs%2Fvalue-bag/visits/?per_page=100"",""fetched_at"":""2026-09-23T19:58:00Z"",""cache_file"":""5e19729d14c7206a3410fb38be94c98545df52f703ee36634ffa0a2f0603deb9.json.gz"",""status"":404}]},{""origin"":""https://github.com/sval-rs/value-bag.git"",""status"":""not_found"",""evidence"":[{""url"":""https://archive.softwareheritage.org/api/1/origin/https%3A%2F%2Fgithub.com%2Fsval-rs%2Fvalue-bag.git/visits/?per_page=100"",""fetched_at"":""2026-09-23T19:58:01Z"",""cache_file"":""1b91a8a22bceb02ed72158db21baa9be151d40632bb53f722accc7571cb0cc1e.json.gz"",""status"":404}]}],""incomplete_reasons"":[]}"
https://github.com/swc-project/swc,archived_evidence_found,"[""snapshot""]",snapshot_found,observed,missing,1,1,"{""checked_at"":""2026-09-23T19:58:01Z"",""candidates"":[""https://github.com/swc-project/swc"",""https://github.com/swc-project/swc.git""],""observations"":[{""origin"":""https://github.com/swc-project/swc"",""status"":""full"",""visit"":{""origin"":""https://github.com/swc-project/swc"",""visit"":1831,""date"":""2026-09-23T10:43:51.014000+00:00"",""status"":""full"",""snapshot"":""2a7dec20142df2a47342cd344dec4355922e1c3e"",""type"":""git-checkout"",""metadata"":{},""origin_visit_url"":""https://archive.softwareheritage.org/api/1/origin/https://github.com/swc-project/swc/visit/1831/"",""snapshot_url"":""https://archive.softwareheritage.org/api/1/snapshot/2a7dec20142df2a47342cd344dec4355922e1c3e/""},""evidence"":[{""url"":""https://archive.softwareheritage.org/api/1/origin/https%3A%2F%2Fgithub.com%2Fswc-project%2Fswc/visits/?per_page=100"",""fetched_at"":""2026-09-23T19:58:01Z"",""cache_file"":""67d5fe2aa7902bf7ee793d08933a7a7b0ad3e80814a9afff452c56f525ebe4ac.json.gz"",""status"":200}]}],""incomplete_reasons"":[]}"
https://github.com/symfony/amqp-messenger,archived_evidence_found,"[""snapshot""]",snapshot_found,observed,missing,1,1,"{""checked_at"":""2026-09-23T19:58:02Z"",""candidates"":[""https://github.com/symfony/amqp-messenger"",""https://github.com/symfony/amqp-messenger.git""],""observations"":[{""origin"":""https://github.com/symfony/amqp-messenger"",""status"":""full"",""visit"":{""origin"":""https://github.com/symfony/amqp-messenger"",""visit"":161,""date"":""2026-09-10T03:36:09.697000+00:00"",""status"":""full"",""snapshot"":""904b6dd9d334ff245d644861669d9021d69002ae"",""type"":""git"",""metadata"":{},""origin_visit_url"":""https://archive.softwareheritage.org/api/1/origin/https://github.com/symfony/amqp-messenger/visit/161/"",""snapshot_url"":""https://archive.softwareheritage.org/api/1/snapshot/904b6dd9d334ff245d644861669d9021d69002ae/""},""evidence"":[{""url"":""https://archive.softwareheritage.org/api/1/origin/https%3A%2F%2Fgithub.com%2Fsymfony%2Famqp-messenger/visits/?per_page=100"",""fetched_at"":""2026-09-23T19:58:02Z"",""cache_file"":""a0ab5fd8ecfca050e6e24cb9b8b1feb1adce752628d1024bebfba0f3a325aea6.json.gz"",""status"":200}]}],""incomplete_reasons"":[]}"
https://github.com/symfony/cache,archived_evidence_found,"[""snapshot"",""tag_target_revision""]",snapshot_found,observed,missing,0,1,"{""checked_at"":""2026-09-24T10:24:28Z"",""candidates"":[""https://github.com/symfony/cache"",""https://github.com/symfony/cache.git""],""observations"":[{""origin"":""https://github.com/symfony/cache"",""status"":""full"",""visit"":{""origin"":""https://github.com/symfony/cache"",""visit"":203,""date"":""2026-09-09T21:19:40.723000+00:00"",""status"":""full"",""snapshot"":""c9658fcbf54d22008d82cd48b9e03b3a3e1e8f79"",""type"":""git"",""metadata"":{},""origin_visit_url"":""https://archive.softwareheritage.org/api/1/origin/https://github.com/symfony/cache/visit/203/"",""snapshot_url"":""https://archive.softwareheritage.org/api/1/snapshot/c9658fcbf54d22008d82cd48b9e03b3a3e1e8f79/""},""evidence"":[{""url"":""https://archive.softwareheritage.org/api/1/origin/https%3A%2F%2Fgithub.com%2Fsymfony%2Fcache/visits/?per_page=100"",""fetched_at"":""2026-09-24T10:24:28Z"",""cache_file"":""25b394a2167ac7d72e6c7ce1d794f0b715217821a6b7eb0569f494544b5f4b44.json.gz"",""status"":200}]}],""incomplete_reasons"":[]}"
https://github.com/symfony/console,archived_evidence_found,"[""snapshot""]",snapshot_found,observed,missing,1,1,"{""checked_at"":""2026-09-23T19:58:02Z"",""candidates"":[""https://github.com/symfony/console"",""https://github.com/symfony/console.git""],""observations"":[{""origin"":""https://github.com/symfony/console"",""status"":""full"",""visit"":{""origin"":""https://github.com/symfony/console"",""visit"":162,""date"":""2026-09-10T13:16:36.264000+00:00"",""status"":""full"",""snapshot"":""41fb811bb5b160c9aa66dfa60d4addb1f87f9813"",""type"":""git"",""metadata"":{},""origin_visit_url"":""https://archive.softwareheritage.org/api/1/origin/https://github.com/symfony/console/visit/162/"",""snapshot_url"":""https://archive.softwareheritage.org/api/1/snapshot/41fb811bb5b160c9aa66dfa60d4addb1f87f9813/""},""evidence"":[{""url"":""https://archive.softwareheritage.org/api/1/origin/https%3A%2F%2Fgithub.com%2Fsymfony%2Fconsole/visits/?per_page=100"",""fetched_at"":""2026-09-23T19:58:02Z"",""cache_file"":""43ab7e50b20d28bae2bb2bf46a557093e49565ede75fc815359b43da2a5fba89.json.gz"",""status"":200}]}],""incomplete_reasons"":[]}"
https://github.com/symfony/contracts,archived_evidence_found,"[""snapshot"",""tag_target_revision""]",snapshot_found,observed,missing,0,1,"{""checked_at"":""2026-09-24T10:24:29Z"",""candidates"":[""https://github.com/symfony/contracts"",""https://github.com/symfony/contracts.git""],""observations"":[{""origin"":""https://github.com/symfony/contracts"",""status"":""full"",""visit"":{""origin"":""https://github.com/symfony/contracts"",""visit"":159,""date"":""2026-08-28T17:07:00.029000+00:00"",""status"":""full"",""snapshot"":""ae84d207413a700d35f95e8aad75bda21e639396"",""type"":""git"",""metadata"":{},""origin_visit_url"":""https://archive.softwareheritage.org/api/1/origin/https://github.com/symfony/contracts/visit/159/"",""snapshot_url"":""https://archive.softwareheritage.org/api/1/snapshot/ae84d207413a700d35f95e8aad75bda21e639396/""},""evidence"":[{""url"":""https://archive.softwareheritage.org/api/1/origin/https%3A%2F%2Fgithub.com%2Fsymfony%2Fcontracts/visits/?per_page=100"",""fetched_at"":""2026-09-24T10:24:29Z"",""cache_file"":""553c01476ddf22607f935bf3ffdf35ebc788bd757dad560a9aaeda4a963b4dcb.json.gz"",""status"":200}]}],""incomplete_reasons"":[]}"
https://github.com/symfony/dependency-injection,archived_evidence_found,"[""snapshot""]",snapshot_found,observed,missing,1,1,"{""checked_at"":""2026-09-23T19:58:03Z"",""candidates"":[""https://github.com/symfony/dependency-injection"",""https://github.com/symfony/dependency-injection.git"",""https://github.com/symfony/dependencyinjection"",""https://github.com/symfony/dependencyinjection.git""],""observations"":[{""origin"":""https://github.com/symfony/dependency-injection"",""status"":""full"",""visit"":{""origin"":""https://github.com/symfony/dependency-injection"",""visit"":187,""date"":""2026-09-01T05:39:29.933000+00:00"",""status"":""full"",""snapshot"":""b9df1b61893fdf1d9c27543f36f78bacbbaeee4f"",""type"":""git"",""metadata"":{},""origin_visit_url"":""https://archive.softwareheritage.org/api/1/origin/https://github.com/symfony/dependency-injection/visit/187/"",""snapshot_url"":""https://archive.softwareheritage.org/api/1/snapshot/b9df1b61893fdf1d9c27543f36f78bacbbaeee4f/""},""evidence"":[{""url"":""https://archive.softwareheritage.org/api/1/origin/https%3A%2F%2Fgithub.com%2Fsymfony%2Fdependency-injection/visits/?per_page=100"",""fetched_at"":""2026-09-23T19:58:03Z"",""cache_file"":""3292a2e04359e0e7e1338b603da23efa3573419248463acb8adbdcd5ae645ff9.json.gz"",""status"":200}]}],""incomplete_reasons"":[]}"
https://github.com/symfony/doctrine-bridge,archived_evidence_found,"[""snapshot""]",snapshot_found,observed,missing,1,1,"{""checked_at"":""2026-09-23T19:58:04Z"",""candidates"":[""https://github.com/symfony/doctrine-bridge"",""https://github.com/symfony/doctrine-bridge.git"",""https://github.com/symfony/doctrinebridge"",""https://github.com/symfony/doctrinebridge.git""],""observations"":[{""origin"":""https://github.com/symfony/doctrine-bridge"",""status"":""full"",""visit"":{""origin"":""https://github.com/symfony/doctrine-bridge"",""visit"":187,""date"":""2026-08-13T13:58:43.653000+00:00"",""status"":""full"",""snapshot"":""1d53d0dad41006d7433ebced1296c88544b87e46"",""type"":""git"",""metadata"":{},""origin_visit_url"":""https://archive.softwareheritage.org/api/1/origin/https://github.com/symfony/doctrine-bridge/visit/187/"",""snapshot_url"":""https://archive.softwareheritage.org/api/1/snapshot/1d53d0dad41006d7433ebced1296c88544b87e46/""},""evidence"":[{""url"":""https://archive.softwareheritage.org/api/1/origin/https%3A%2F%2Fgithub.com%2Fsymfony%2Fdoctrine-bridge/visits/?per_page=100"",""fetched_at"":""2026-09-23T19:58:04Z"",""cache_file"":""5217b31d983bd2eaf4736a6d348fca18ad2716aaa0b0a957d07ee26e140bae61.json.gz"",""status"":200}]}],""incomplete_reasons"":[]}"
https://github.com/symfony/doctrine-messenger,archived_evidence_found,"[""snapshot""]",snapshot_found,observed,missing,1,1,"{""checked_at"":""2026-09-23T19:58:04Z"",""candidates"":[""https://github.com/symfony/doctrine-messenger"",""https://github.com/symfony/doctrine-messenger.git""],""observations"":[{""origin"":""https://github.com/symfony/doctrine-messenger"",""status"":""full"",""visit"":{""origin"":""https://github.com/symfony/doctrine-messenger"",""visit"":158,""date"":""2026-09-08T07:13:18.600000+00:00"",""status"":""full"",""snapshot"":""bdc6a05444d35243c47ee5bf53cf4f8c169b7c96"",""type"":""git"",""metadata"":{},""origin_visit_url"":""https://archive.softwareheritage.org/api/1/origin/https://github.com/symfony/doctrine-messenger/visit/158/"",""snapshot_url"":""https://archive.softwareheritage.org/api/1/snapshot/bdc6a05444d35243c47ee5bf53cf4f8c169b7c96/""},""evidence"":[{""url"":""https://archive.softwareheritage.org/api/1/origin/https%3A%2F%2Fgithub.com%2Fsymfony%2Fdoctrine-messenger/visits/?per_page=100"",""fetched_at"":""2026-09-23T19:58:04Z"",""cache_file"":""1349058c75771747be49b5752803375371b52f3855d3f9c04d8a9bf438dd247b.json.gz"",""status"":200}]}],""incomplete_reasons"":[]}"
https://github.com/symfony/expression-language,archived_evidence_found,"[""snapshot""]",snapshot_found,observed,missing,1,1,"{""checked_at"":""2026-09-23T19:58:05Z"",""candidates"":[""https://github.com/symfony/expression-language"",""https://github.com/symfony/expression-language.git""],""observations"":[{""origin"":""https://github.com/symfony/expression-language"",""status"":""full"",""visit"":{""origin"":""https://github.com/symfony/expression-language"",""visit"":163,""date"":""2026-08-04T00:58:28.332000+00:00"",""status"":""full"",""snapshot"":""aaabd57888cb6b17fa02824d4ab379af66f9f0b6"",""type"":""git"",""metadata"":{},""origin_visit_url"":""https://archive.softwareheritage.org/api/1/origin/https://github.com/symfony/expression-language/visit/163/"",""snapshot_url"":""https://archive.softwareheritage.org/api/1/snapshot/aaabd57888cb6b17fa02824d4ab379af66f9f0b6/""},""evidence"":[{""url"":""https://archive.softwareheritage.org/api/1/origin/https%3A%2F%2Fgithub.com%2Fsymfony%2Fexpression-language/visits/?per_page=100"",""fetched_at"":""2026-09-23T19:58:05Z"",""cache_file"":""d3e348b4c3c89888e13b7773827b7667c236d017e089c7d5dcb9ed2655fecc06.json.gz"",""status"":200}]}],""incomplete_reasons"":[]}"
https://github.com/symfony/filesystem,archived_evidence_found,"[""snapshot""]",snapshot_found,observed,missing,1,1,"{""checked_at"":""2026-09-23T19:58:06Z"",""candidates"":[""https://github.com/symfony/filesystem"",""https://github.com/symfony/filesystem.git""],""observations"":[{""origin"":""https://github.com/symfony/filesystem"",""status"":""full"",""visit"":{""origin"":""https://github.com/symfony/filesystem"",""visit"":164,""date"":""2026-08-22T11:47:14.807000+00:00"",""status"":""full"",""snapshot"":""bb35ca3599879c705b43577f31f8168ff66631cc"",""type"":""git"",""metadata"":{},""origin_visit_url"":""https://archive.softwareheritage.org/api/1/origin/https://github.com/symfony/filesystem/visit/164/"",""snapshot_url"":""https://archive.softwareheritage.org/api/1/snapshot/bb35ca3599879c705b43577f31f8168ff66631cc/""},""evidence"":[{""url"":""https://archive.softwareheritage.org/api/1/origin/https%3A%2F%2Fgithub.com%2Fsymfony%2Ffilesystem/visits/?per_page=100"",""fetched_at"":""2026-09-23T19:58:06Z"",""cache_file"":""304d668cb60306fa88be5971111ae702ca11baf0e5e3b2ada2dee1a26dfecc01.json.gz"",""status"":200}]}],""incomplete_reasons"":[]}"
https://github.com/symfony/finder,archived_evidence_found,"[""snapshot""]",snapshot_found,observed,missing,1,1,"{""checked_at"":""2026-09-23T19:58:06Z"",""candidates"":[""https://github.com/symfony/finder"",""https://github.com/symfony/finder.git""],""observations"":[{""origin"":""https://github.com/symfony/finder"",""status"":""full"",""visit"":{""origin"":""https://github.com/symfony/finder"",""visit"":158,""date"":""2026-09-01T05:31:54.079000+00:00"",""status"":""full"",""snapshot"":""650c46a1eeb1bd798875c1f233bf1ca2f20f7e73"",""type"":""git"",""metadata"":{},""origin_visit_url"":""https://archive.softwareheritage.org/api/1/origin/https://github.com/symfony/finder/visit/158/"",""snapshot_url"":""https://archive.softwareheritage.org/api/1/snapshot/650c46a1eeb1bd798875c1f233bf1ca2f20f7e73/""},""evidence"":[{""url"":""https://archive.softwareheritage.org/api/1/origin/https%3A%2F%2Fgithub.com%2Fsymfony%2Ffinder/visits/?per_page=100"",""fetched_at"":""2026-09-23T19:58:06Z"",""cache_file"":""2e4b9d0d8cde87e1f5cb98ea6f88289cd5a483552d4a5604afa509d25c6c05a8.json.gz"",""status"":200}]}],""incomplete_reasons"":[]}"
https://github.com/symfony/framework-bundle,archived_evidence_found,"[""snapshot""]",snapshot_found,observed,missing,1,1,"{""checked_at"":""2026-09-23T19:58:07Z"",""candidates"":[""https://github.com/symfony/framework-bundle"",""https://github.com/symfony/framework-bundle.git""],""observations"":[{""origin"":""https://github.com/symfony/framework-bundle"",""status"":""full"",""visit"":{""origin"":""https://github.com/symfony/framework-bundle"",""visit"":211,""date"":""2026-08-13T14:04:11.210000+00:00"",""status"":""full"",""snapshot"":""9e8562a437d9877ff2af05b38f2c18496de5d03b"",""type"":""git"",""metadata"":{},""origin_visit_url"":""https://archive.softwareheritage.org/api/1/origin/https://github.com/symfony/framework-bundle/visit/211/"",""snapshot_url"":""https://archive.softwareheritage.org/api/1/snapshot/9e8562a437d9877ff2af05b38f2c18496de5d03b/""},""evidence"":[{""url"":""https://archive.softwareheritage.org/api/1/origin/https%3A%2F%2Fgithub.com%2Fsymfony%2Fframework-bundle/visits/?per_page=100"",""fetched_at"":""2026-09-23T19:58:07Z"",""cache_file"":""f432314467528695e3a3e6c1b13fc9f8fa2714affc74fcc783b98dec750b1403.json.gz"",""status"":200}]}],""incomplete_reasons"":[]}"
https://github.com/symfony/http-client,archived_evidence_found,"[""snapshot""]",snapshot_found,observed,missing,1,1,"{""checked_at"":""2026-09-23T19:58:08Z"",""candidates"":[""https://github.com/symfony/http-client"",""https://github.com/symfony/http-client.git""],""observations"":[{""origin"":""https://github.com/symfony/http-client"",""status"":""full"",""visit"":{""origin"":""https://github.com/symfony/http-client"",""visit"":205,""date"":""2026-08-31T18:14:55.959000+00:00"",""status"":""full"",""snapshot"":""bab16f0e04dee1fd37dd767690a8623dc8383468"",""type"":""git"",""metadata"":{},""origin_visit_url"":""https://archive.softwareheritage.org/api/1/origin/https://github.com/symfony/http-client/visit/205/"",""snapshot_url"":""https://archive.softwareheritage.org/api/1/snapshot/bab16f0e04dee1fd37dd767690a8623dc8383468/""},""evidence"":[{""url"":""https://archive.softwareheritage.org/api/1/origin/https%3A%2F%2Fgithub.com%2Fsymfony%2Fhttp-client/visits/?per_page=100"",""fetched_at"":""2026-09-23T19:58:08Z"",""cache_file"":""0bb4a8047ab1de311e82992c05522235373460ed361c632619a17f81d1b05c08.json.gz"",""status"":200}]}],""incomplete_reasons"":[]}"
https://github.com/symfony/http-kernel,archived_evidence_found,"[""snapshot""]",snapshot_found,observed,missing,1,1,"{""checked_at"":""2026-09-23T19:58:08Z"",""candidates"":[""https://github.com/symfony/http-kernel"",""https://github.com/symfony/http-kernel.git"",""https://github.com/symfony/httpkernel"",""https://github.com/symfony/httpkernel.git""],""observations"":[{""origin"":""https://github.com/symfony/http-kernel"",""status"":""full"",""visit"":{""origin"":""https://github.com/symfony/http-kernel"",""visit"":185,""date"":""2026-09-01T05:37:49.470000+00:00"",""status"":""full"",""snapshot"":""e2d4e855a4af619b6aa2c310cb86c86e423dadad"",""type"":""git"",""metadata"":{},""origin_visit_url"":""https://archive.softwareheritage.org/api/1/origin/https://github.com/symfony/http-kernel/visit/185/"",""snapshot_url"":""https://archive.softwareheritage.org/api/1/snapshot/e2d4e855a4af619b6aa2c310cb86c86e423dadad/""},""evidence"":[{""url"":""https://archive.softwareheritage.org/api/1/origin/https%3A%2F%2Fgithub.com%2Fsymfony%2Fhttp-kernel/visits/?per_page=100"",""fetched_at"":""2026-09-23T19:58:08Z"",""cache_file"":""fbdf583fd045d52bdc078381b6bd1e753aaaec6f8512821db66596329112f51a.json.gz"",""status"":200}]}],""incomplete_reasons"":[]}"
https://github.com/symfony/mailer,archived_evidence_found,"[""snapshot""]",snapshot_found,observed,missing,1,1,"{""checked_at"":""2026-09-23T19:58:09Z"",""candidates"":[""https://github.com/symfony/mailer"",""https://github.com/symfony/mailer.git""],""observations"":[{""origin"":""https://github.com/symfony/mailer"",""status"":""full"",""visit"":{""origin"":""https://github.com/symfony/mailer"",""visit"":163,""date"":""2026-09-11T00:05:32.083000+00:00"",""status"":""full"",""snapshot"":""780ddec39faaa892d6fca9ca35853c423016bdd3"",""type"":""git"",""metadata"":{},""origin_visit_url"":""https://archive.softwareheritage.org/api/1/origin/https://github.com/symfony/mailer/visit/163/"",""snapshot_url"":""https://archive.softwareheritage.org/api/1/snapshot/780ddec39faaa892d6fca9ca35853c423016bdd3/""},""evidence"":[{""url"":""https://archive.softwareheritage.org/api/1/origin/https%3A%2F%2Fgithub.com%2Fsymfony%2Fmailer/visits/?per_page=100"",""fetched_at"":""2026-09-23T19:58:09Z"",""cache_file"":""facf8211928374487b66a14d7efcb8b188ee6b8114703e01aed34f63e13db89d.json.gz"",""status"":200}]}],""incomplete_reasons"":[]}"
https://github.com/symfony/mime,archived_evidence_found,"[""head"",""tag_target_revision""]",unchecked,observed,present,0,1,
https://github.com/symfony/monolog-bridge,archived_evidence_found,"[""snapshot""]",snapshot_found,observed,missing,1,1,"{""checked_at"":""2026-09-23T19:58:09Z"",""candidates"":[""https://github.com/symfony/monolog-bridge"",""https://github.com/symfony/monolog-bridge.git""],""observations"":[{""origin"":""https://github.com/symfony/monolog-bridge"",""status"":""full"",""visit"":{""origin"":""https://github.com/symfony/monolog-bridge"",""visit"":147,""date"":""2026-08-13T13:56:17.095000+00:00"",""status"":""full"",""snapshot"":""e80b1241afd73beadf6d072d029f14b37fceeb23"",""type"":""git"",""metadata"":{},""origin_visit_url"":""https://archive.softwareheritage.org/api/1/origin/https://github.com/symfony/monolog-bridge/visit/147/"",""snapshot_url"":""https://archive.softwareheritage.org/api/1/snapshot/e80b1241afd73beadf6d072d029f14b37fceeb23/""},""evidence"":[{""url"":""https://archive.softwareheritage.org/api/1/origin/https%3A%2F%2Fgithub.com%2Fsymfony%2Fmonolog-bridge/visits/?per_page=100"",""fetched_at"":""2026-09-23T19:58:09Z"",""cache_file"":""eec3f40c07e17512a965daffe7b5701e426da057530e3e2e4b6973f8af4ee538.json.gz"",""status"":200}]}],""incomplete_reasons"":[]}"
https://github.com/symfony/monolog-bundle,archived_evidence_found,"[""snapshot""]",snapshot_found,observed,missing,1,0,"{""checked_at"":""2026-09-23T19:58:10Z"",""candidates"":[""https://github.com/symfony/monolog-bundle"",""https://github.com/symfony/monolog-bundle.git"",""https://github.com/symfony/monologbundle"",""https://github.com/symfony/monologbundle.git""],""observations"":[{""origin"":""https://github.com/symfony/monolog-bundle"",""status"":""full"",""visit"":{""origin"":""https://github.com/symfony/monolog-bundle"",""visit"":112,""date"":""2026-08-13T14:02:13.865000+00:00"",""status"":""full"",""snapshot"":""dfe85b11fe69f48f75ad399b8cbe6868a0fcef85"",""type"":""git"",""metadata"":{},""origin_visit_url"":""https://archive.softwareheritage.org/api/1/origin/https://github.com/symfony/monolog-bundle/visit/112/"",""snapshot_url"":""https://archive.softwareheritage.org/api/1/snapshot/dfe85b11fe69f48f75ad399b8cbe6868a0fcef85/""},""evidence"":[{""url"":""https://archive.softwareheritage.org/api/1/origin/https%3A%2F%2Fgithub.com%2Fsymfony%2Fmonolog-bundle/visits/?per_page=100"",""fetched_at"":""2026-09-23T19:58:10Z"",""cache_file"":""e6ec19846917b733ec0734669e137307f652894f0f1b2dde522593d747502cb7.json.gz"",""status"":200}]}],""incomplete_reasons"":[]}"
https://github.com/symfony/process,archived_evidence_found,"[""snapshot""]",snapshot_found,observed,missing,1,1,"{""checked_at"":""2026-09-23T19:58:13Z"",""candidates"":[""https://github.com/symfony/process"",""https://github.com/symfony/process.git""],""observations"":[{""origin"":""https://github.com/symfony/process"",""status"":""full"",""visit"":{""origin"":""https://github.com/symfony/process"",""visit"":160,""date"":""2026-09-01T05:37:04.318000+00:00"",""status"":""full"",""snapshot"":""7ba14a16b95c6b2a10a70de70758011b905f9476"",""type"":""git"",""metadata"":{},""origin_visit_url"":""https://archive.softwareheritage.org/api/1/origin/https://github.com/symfony/process/visit/160/"",""snapshot_url"":""https://archive.softwareheritage.org/api/1/snapshot/7ba14a16b95c6b2a10a70de70758011b905f9476/""},""evidence"":[{""url"":""https://archive.softwareheritage.org/api/1/origin/https%3A%2F%2Fgithub.com%2Fsymfony%2Fprocess/visits/?per_page=100"",""fetched_at"":""2026-09-23T19:58:13Z"",""cache_file"":""874dc94cbe5252d3a7e6eb8b47cc201af11bccad7068634efbfdd876f032e174.json.gz"",""status"":200}]}],""incomplete_reasons"":[]}"
https://github.com/symfony/redis-messenger,archived_evidence_found,"[""head"",""tag_target_revision""]",unchecked,observed,present,0,1,
https://github.com/symfony/security-bundle,archived_evidence_found,"[""snapshot""]",snapshot_found,observed,missing,1,1,"{""checked_at"":""2026-09-23T19:58:13Z"",""candidates"":[""https://github.com/symfony/security-bundle"",""https://github.com/symfony/security-bundle.git""],""observations"":[{""origin"":""https://github.com/symfony/security-bundle"",""status"":""full"",""visit"":{""origin"":""https://github.com/symfony/security-bundle"",""visit"":193,""date"":""2026-08-13T13:58:51.668000+00:00"",""status"":""full"",""snapshot"":""3266981893d344b53caad207e3431b702d7ba8b2"",""type"":""git"",""metadata"":{},""origin_visit_url"":""https://archive.softwareheritage.org/api/1/origin/https://github.com/symfony/security-bundle/visit/193/"",""snapshot_url"":""https://archive.softwareheritage.org/api/1/snapshot/3266981893d344b53caad207e3431b702d7ba8b2/""},""evidence"":[{""url"":""https://archive.softwareheritage.org/api/1/origin/https%3A%2F%2Fgithub.com%2Fsymfony%2Fsecurity-bundle/visits/?per_page=100"",""fetched_at"":""2026-09-23T19:58:13Z"",""cache_file"":""384ba3396a888f19e04bcb656f160dec8abfc34422429da62e9000a3eef21480.json.gz"",""status"":200}]}],""incomplete_reasons"":[]}"
https://github.com/symfony/security-http,archived_evidence_found,"[""snapshot""]",snapshot_found,observed,missing,1,1,"{""checked_at"":""2026-09-23T19:58:14Z"",""candidates"":[""https://github.com/symfony/security-http"",""https://github.com/symfony/security-http.git""],""observations"":[{""origin"":""https://github.com/symfony/security-http"",""status"":""full"",""visit"":{""origin"":""https://github.com/symfony/security-http"",""visit"":184,""date"":""2026-09-14T10:18:28.448000+00:00"",""status"":""full"",""snapshot"":""c01b9bd468c7762af06e053cc34a5e9edd3a9024"",""type"":""git"",""metadata"":{},""origin_visit_url"":""https://archive.softwareheritage.org/api/1/origin/https://github.com/symfony/security-http/visit/184/"",""snapshot_url"":""https://archive.softwareheritage.org/api/1/snapshot/c01b9bd468c7762af06e053cc34a5e9edd3a9024/""},""evidence"":[{""url"":""https://archive.softwareheritage.org/api/1/origin/https%3A%2F%2Fgithub.com%2Fsymfony%2Fsecurity-http/visits/?per_page=100"",""fetched_at"":""2026-09-23T19:58:14Z"",""cache_file"":""95d5827d35c64c32ed65fcfae0cb9bd1f09544d2af6dbc5575cd053ce1773f23.json.gz"",""status"":200}]}],""incomplete_reasons"":[]}"
https://github.com/symfony/serializer,archived_evidence_found,"[""snapshot""]",snapshot_found,observed,missing,1,1,"{""checked_at"":""2026-09-23T19:58:14Z"",""candidates"":[""https://github.com/symfony/serializer"",""https://github.com/symfony/serializer.git""],""observations"":[{""origin"":""https://github.com/symfony/serializer"",""status"":""full"",""visit"":{""origin"":""https://github.com/symfony/serializer"",""visit"":186,""date"":""2026-09-01T05:39:02.526000+00:00"",""status"":""full"",""snapshot"":""a272b84d886efaee6d5ccc12b95f2d4e0b510f27"",""type"":""git"",""metadata"":{},""origin_visit_url"":""https://archive.softwareheritage.org/api/1/origin/https://github.com/symfony/serializer/visit/186/"",""snapshot_url"":""https://archive.softwareheritage.org/api/1/snapshot/a272b84d886efaee6d5ccc12b95f2d4e0b510f27/""},""evidence"":[{""url"":""https://archive.softwareheritage.org/api/1/origin/https%3A%2F%2Fgithub.com%2Fsymfony%2Fserializer/visits/?per_page=100"",""fetched_at"":""2026-09-23T19:58:14Z"",""cache_file"":""5bb8cbb7eea32c24622a77a159e68b65236520f0ed0dd8601b2e2da1d1ad7812.json.gz"",""status"":200}]}],""incomplete_reasons"":[]}"
https://github.com/symfony/string,archived_evidence_found,"[""snapshot""]",snapshot_found,observed,missing,1,1,"{""checked_at"":""2026-09-23T19:58:15Z"",""candidates"":[""https://github.com/symfony/string"",""https://github.com/symfony/string.git""],""observations"":[{""origin"":""https://github.com/symfony/string"",""status"":""full"",""visit"":{""origin"":""https://github.com/symfony/string"",""visit"":137,""date"":""2026-06-29T16:38:17.556000+00:00"",""status"":""full"",""snapshot"":""bcf3966875fec60b6a03abf8a5bbe93c9879dc42"",""type"":""git"",""metadata"":{},""origin_visit_url"":""https://archive.softwareheritage.org/api/1/origin/https://github.com/symfony/string/visit/137/"",""snapshot_url"":""https://archive.softwareheritage.org/api/1/snapshot/bcf3966875fec60b6a03abf8a5bbe93c9879dc42/""},""evidence"":[{""url"":""https://archive.softwareheritage.org/api/1/origin/https%3A%2F%2Fgithub.com%2Fsymfony%2Fstring/visits/?per_page=100"",""fetched_at"":""2026-09-23T19:58:15Z"",""cache_file"":""69561c62451d41face0bad2e754d9542dd23c3ee8218f8a215ee0489778e4fab.json.gz"",""status"":200}]}],""incomplete_reasons"":[]}"
https://github.com/symfony/twig-bridge,archived_evidence_found,"[""snapshot""]",snapshot_found,observed,missing,1,1,"{""checked_at"":""2026-09-23T19:58:16Z"",""candidates"":[""https://github.com/symfony/twig-bridge"",""https://github.com/symfony/twig-bridge.git""],""observations"":[{""origin"":""https://github.com/symfony/twig-bridge"",""status"":""full"",""visit"":{""origin"":""https://github.com/symfony/twig-bridge"",""visit"":185,""date"":""2026-08-13T14:00:12.820000+00:00"",""status"":""full"",""snapshot"":""2e9203bbab0643b22d491a3637ddb242e5ce818b"",""type"":""git"",""metadata"":{},""origin_visit_url"":""https://archive.softwareheritage.org/api/1/origin/https://github.com/symfony/twig-bridge/visit/185/"",""snapshot_url"":""https://archive.softwareheritage.org/api/1/snapshot/2e9203bbab0643b22d491a3637ddb242e5ce818b/""},""evidence"":[{""url"":""https://archive.softwareheritage.org/api/1/origin/https%3A%2F%2Fgithub.com%2Fsymfony%2Ftwig-bridge/visits/?per_page=100"",""fetched_at"":""2026-09-23T19:58:16Z"",""cache_file"":""be6a4d76f322cb7909d6d66d5357c75140012d7d9c7c9577281de95c7860b47e.json.gz"",""status"":200}]}],""incomplete_reasons"":[]}"
https://github.com/symfony/twig-bundle,archived_evidence_found,"[""snapshot""]",snapshot_found,observed,missing,1,1,"{""checked_at"":""2026-09-23T19:58:16Z"",""candidates"":[""https://github.com/symfony/twig-bundle"",""https://github.com/symfony/twig-bundle.git"",""https://github.com/symfony/twigbundle"",""https://github.com/symfony/twigbundle.git""],""observations"":[{""origin"":""https://github.com/symfony/twig-bundle"",""status"":""full"",""visit"":{""origin"":""https://github.com/symfony/twig-bundle"",""visit"":168,""date"":""2026-08-13T14:00:58.127000+00:00"",""status"":""full"",""snapshot"":""9179864705183263dc178ed715f2802ba2627785"",""type"":""git"",""metadata"":{},""origin_visit_url"":""https://archive.softwareheritage.org/api/1/origin/https://github.com/symfony/twig-bundle/visit/168/"",""snapshot_url"":""https://archive.softwareheritage.org/api/1/snapshot/9179864705183263dc178ed715f2802ba2627785/""},""evidence"":[{""url"":""https://archive.softwareheritage.org/api/1/origin/https%3A%2F%2Fgithub.com%2Fsymfony%2Ftwig-bundle/visits/?per_page=100"",""fetched_at"":""2026-09-23T19:58:16Z"",""cache_file"":""6ac9c90975401b753e8d237394d3fb1a6f102dafade6688d68e0529e3f38a5e6.json.gz"",""status"":200}]}],""incomplete_reasons"":[]}"
https://github.com/symfony/uid,archived_evidence_found,"[""snapshot"",""tag_target_revision""]",snapshot_found,observed,missing,0,1,"{""checked_at"":""2026-09-24T10:24:47Z"",""candidates"":[""https://github.com/symfony/uid"",""https://github.com/symfony/uid.git""],""observations"":[{""origin"":""https://github.com/symfony/uid"",""status"":""full"",""visit"":{""origin"":""https://github.com/symfony/uid"",""visit"":159,""date"":""2026-08-20T16:31:08.490000+00:00"",""status"":""full"",""snapshot"":""265c6f50e3ecb33307a2814ebe814efdcb4f03cb"",""type"":""git"",""metadata"":{},""origin_visit_url"":""https://archive.softwareheritage.org/api/1/origin/https://github.com/symfony/uid/visit/159/"",""snapshot_url"":""https://archive.softwareheritage.org/api/1/snapshot/265c6f50e3ecb33307a2814ebe814efdcb4f03cb/""},""evidence"":[{""url"":""https://archive.softwareheritage.org/api/1/origin/https%3A%2F%2Fgithub.com%2Fsymfony%2Fuid/visits/?per_page=100"",""fetched_at"":""2026-09-24T10:24:47Z"",""cache_file"":""e7eb923abb1ba815527e40b4e0efc5a165bd22c356d2d2685633d1e5f670198a.json.gz"",""status"":200}]}],""incomplete_reasons"":[]}"
https://github.com/symfony/validator,archived_evidence_found,"[""snapshot""]",snapshot_found,observed,missing,1,1,"{""checked_at"":""2026-09-23T19:58:17Z"",""candidates"":[""https://github.com/symfony/validator"",""https://github.com/symfony/validator.git""],""observations"":[{""origin"":""https://github.com/symfony/validator"",""status"":""full"",""visit"":{""origin"":""https://github.com/symfony/validator"",""visit"":190,""date"":""2026-08-30T07:13:44.368000+00:00"",""status"":""full"",""snapshot"":""685bbb35efcb2212d58929a7f47e7e8d61f0639e"",""type"":""git"",""metadata"":{},""origin_visit_url"":""https://archive.softwareheritage.org/api/1/origin/https://github.com/symfony/validator/visit/190/"",""snapshot_url"":""https://archive.softwareheritage.org/api/1/snapshot/685bbb35efcb2212d58929a7f47e7e8d61f0639e/""},""evidence"":[{""url"":""https://archive.softwareheritage.org/api/1/origin/https%3A%2F%2Fgithub.com%2Fsymfony%2Fvalidator/visits/?per_page=100"",""fetched_at"":""2026-09-23T19:58:17Z"",""cache_file"":""83883432fb7588b4a9b7da7d325d0ecc11aadf2716d2a944733f28b8a5127438.json.gz"",""status"":200}]}],""incomplete_reasons"":[]}"
https://github.com/symfony/var-exporter,archived_evidence_found,"[""snapshot""]",snapshot_found,observed,missing,1,1,"{""checked_at"":""2026-09-23T19:58:17Z"",""candidates"":[""https://github.com/symfony/var-exporter"",""https://github.com/symfony/var-exporter.git""],""observations"":[{""origin"":""https://github.com/symfony/var-exporter"",""status"":""full"",""visit"":{""origin"":""https://github.com/symfony/var-exporter"",""visit"":170,""date"":""2026-08-28T17:04:43.096000+00:00"",""status"":""full"",""snapshot"":""991d5b4f88821069ce08ae9302a71041413586d5"",""type"":""git"",""metadata"":{},""origin_visit_url"":""https://archive.softwareheritage.org/api/1/origin/https://github.com/symfony/var-exporter/visit/170/"",""snapshot_url"":""https://archive.softwareheritage.org/api/1/snapshot/991d5b4f88821069ce08ae9302a71041413586d5/""},""evidence"":[{""url"":""https://archive.softwareheritage.org/api/1/origin/https%3A%2F%2Fgithub.com%2Fsymfony%2Fvar-exporter/visits/?per_page=100"",""fetched_at"":""2026-09-23T19:58:17Z"",""cache_file"":""20c6fb49a6e51f6e30e5141d41fe71b69ea3162c20be1608022c4f14381c78d3.json.gz"",""status"":200}]}],""incomplete_reasons"":[]}"
https://github.com/symfony/web-profiler-bundle,archived_evidence_found,"[""snapshot""]",snapshot_found,observed,missing,1,1,"{""checked_at"":""2026-09-23T19:58:18Z"",""candidates"":[""https://github.com/symfony/web-profiler-bundle"",""https://github.com/symfony/web-profiler-bundle.git""],""observations"":[{""origin"":""https://github.com/symfony/web-profiler-bundle"",""status"":""full"",""visit"":{""origin"":""https://github.com/symfony/web-profiler-bundle"",""visit"":185,""date"":""2026-08-23T14:52:14.018000+00:00"",""status"":""full"",""snapshot"":""b3efa420545fa356ab6a156f65709f1a9590d3ef"",""type"":""git"",""metadata"":{},""origin_visit_url"":""https://archive.softwareheritage.org/api/1/origin/https://github.com/symfony/web-profiler-bundle/visit/185/"",""snapshot_url"":""https://archive.softwareheritage.org/api/1/snapshot/b3efa420545fa356ab6a156f65709f1a9590d3ef/""},""evidence"":[{""url"":""https://archive.softwareheritage.org/api/1/origin/https%3A%2F%2Fgithub.com%2Fsymfony%2Fweb-profiler-bundle/visits/?per_page=100"",""fetched_at"":""2026-09-23T19:58:18Z"",""cache_file"":""39054ade21a830d5adbb024e5fb8135e17419a0d98ee5d8374d55a7bee2b105b.json.gz"",""status"":200}]}],""incomplete_reasons"":[]}"
https://github.com/symfony/webpack-encore-bundle,archived_evidence_found,"[""snapshot""]",snapshot_found,observed,missing,1,1,"{""checked_at"":""2026-09-23T19:58:19Z"",""candidates"":[""https://github.com/symfony/webpack-encore-bundle"",""https://github.com/symfony/webpack-encore-bundle.git""],""observations"":[{""origin"":""https://github.com/symfony/webpack-encore-bundle"",""status"":""full"",""visit"":{""origin"":""https://github.com/symfony/webpack-encore-bundle"",""visit"":112,""date"":""2026-08-28T17:08:03.203000+00:00"",""status"":""full"",""snapshot"":""1c7a714b0b11e161bb7e15e46e8b8561772430be"",""type"":""git"",""metadata"":{},""origin_visit_url"":""https://archive.softwareheritage.org/api/1/origin/https://github.com/symfony/webpack-encore-bundle/visit/112/"",""snapshot_url"":""https://archive.softwareheritage.org/api/1/snapshot/1c7a714b0b11e161bb7e15e46e8b8561772430be/""},""evidence"":[{""url"":""https://archive.softwareheritage.org/api/1/origin/https%3A%2F%2Fgithub.com%2Fsymfony%2Fwebpack-encore-bundle/visits/?per_page=100"",""fetched_at"":""2026-09-23T19:58:19Z"",""cache_file"":""7181903ef73be3a9ea3d0750cfb17c7f0594b69ffdd114358ea60af519d570c7.json.gz"",""status"":200}]}],""incomplete_reasons"":[]}"
https://github.com/taiki-e/portable-atomic,archived_evidence_found,"[""snapshot""]",snapshot_found,observed,missing,1,0,"{""checked_at"":""2026-09-23T19:58:19Z"",""candidates"":[""https://github.com/taiki-e/portable-atomic"",""https://github.com/taiki-e/portable-atomic.git""],""observations"":[{""origin"":""https://github.com/taiki-e/portable-atomic"",""status"":""full"",""visit"":{""origin"":""https://github.com/taiki-e/portable-atomic"",""visit"":32,""date"":""2026-08-08T07:33:28.275000+00:00"",""status"":""full"",""snapshot"":""62f2aab5e455778f5dd5431311847bb11c9b5447"",""type"":""git"",""metadata"":{},""origin_visit_url"":""https://archive.softwareheritage.org/api/1/origin/https://github.com/taiki-e/portable-atomic/visit/32/"",""snapshot_url"":""https://archive.softwareheritage.org/api/1/snapshot/62f2aab5e455778f5dd5431311847bb11c9b5447/""},""evidence"":[{""url"":""https://archive.softwareheritage.org/api/1/origin/https%3A%2F%2Fgithub.com%2Ftaiki-e%2Fportable-atomic/visits/?per_page=100"",""fetched_at"":""2026-09-23T19:58:19Z"",""cache_file"":""597ed3e4018ac0b16adaa230ba93373555288fc279366959c641eee3577c7678.json.gz"",""status"":200}]}],""incomplete_reasons"":[]}"
https://github.com/taoensso/faraday,archived_evidence_found,"[""snapshot""]",snapshot_found,observed,missing,1,1,"{""checked_at"":""2026-09-23T19:58:21Z"",""candidates"":[""https://github.com/Taoensso/faraday"",""https://github.com/Taoensso/faraday.git"",""https://github.com/ptaoussanis/faraday"",""https://github.com/ptaoussanis/faraday.git"",""https://github.com/taoensso/faraday"",""https://github.com/taoensso/faraday.git""],""observations"":[{""origin"":""https://github.com/Taoensso/faraday"",""status"":""not_found"",""evidence"":[{""url"":""https://archive.softwareheritage.org/api/1/origin/https%3A%2F%2Fgithub.com%2FTaoensso%2Ffaraday/visits/?per_page=100"",""fetched_at"":""2026-09-23T19:58:20Z"",""cache_file"":""bdc01abfa1fa9e3882aee2523c30797693928e66538c5feb8b557619edac5563.json.gz"",""status"":404}]},{""origin"":""https://github.com/Taoensso/faraday.git"",""status"":""not_found"",""evidence"":[{""url"":""https://archive.softwareheritage.org/api/1/origin/https%3A%2F%2Fgithub.com%2FTaoensso%2Ffaraday.git/visits/?per_page=100"",""fetched_at"":""2026-09-23T19:58:20Z"",""cache_file"":""ac92e924e732e3e04868971e8e630cdc278b728df9aeb8c627734673d88146ed.json.gz"",""status"":404}]},{""origin"":""https://github.com/ptaoussanis/faraday"",""status"":""full"",""visit"":{""origin"":""https://github.com/ptaoussanis/faraday"",""visit"":17,""date"":""2021-01-17T13:11:48.223000+00:00"",""status"":""full"",""snapshot"":""2e62dac5b2781828c15031f239a7d314f32c91ac"",""type"":""git"",""metadata"":{},""origin_visit_url"":""https://archive.softwareheritage.org/api/1/origin/https://github.com/ptaoussanis/faraday/visit/17/"",""snapshot_url"":""https://archive.softwareheritage.org/api/1/snapshot/2e62dac5b2781828c15031f239a7d314f32c91ac/""},""evidence"":[{""url"":""https://archive.softwareheritage.org/api/1/origin/https%3A%2F%2Fgithub.com%2Fptaoussanis%2Ffaraday/visits/?per_page=100"",""fetched_at"":""2026-09-23T19:58:21Z"",""cache_file"":""c0bc6d6fe693ff6515e266f8bfa8dd23fa97fcd6d145ef9db217c4a357017d92.json.gz"",""status"":200}]}],""incomplete_reasons"":[]}"
https://github.com/taoensso/truss,archived_evidence_found,"[""snapshot""]",snapshot_found,observed,missing,1,0,"{""checked_at"":""2026-09-23T19:58:21Z"",""candidates"":[""https://github.com/ptaoussanis/truss"",""https://github.com/ptaoussanis/truss.git"",""https://github.com/taoensso/truss"",""https://github.com/taoensso/truss.git""],""observations"":[{""origin"":""https://github.com/ptaoussanis/truss"",""status"":""full"",""visit"":{""origin"":""https://github.com/ptaoussanis/truss"",""visit"":22,""date"":""2023-07-23T07:45:37.088000+00:00"",""status"":""full"",""snapshot"":""805a3a41e1410c6c93a7ebcc32a84b2b9089e818"",""type"":""git"",""metadata"":{},""origin_visit_url"":""https://archive.softwareheritage.org/api/1/origin/https://github.com/ptaoussanis/truss/visit/22/"",""snapshot_url"":""https://archive.softwareheritage.org/api/1/snapshot/805a3a41e1410c6c93a7ebcc32a84b2b9089e818/""},""evidence"":[{""url"":""https://archive.softwareheritage.org/api/1/origin/https%3A%2F%2Fgithub.com%2Fptaoussanis%2Ftruss/visits/?per_page=100"",""fetched_at"":""2026-09-23T19:58:21Z"",""cache_file"":""b5842e27526d91b707f9fa0df0bee3c126389cc24e133af26b93c9b4e955b7ce.json.gz"",""status"":200}]}],""incomplete_reasons"":[]}"
https://github.com/tecnickcom/tcpdf,archived_evidence_found,"[""snapshot""]",snapshot_found,observed,missing,1,1,"{""checked_at"":""2026-09-23T19:58:22Z"",""candidates"":[""https://github.com/tecnickcom/TCPDF"",""https://github.com/tecnickcom/TCPDF.git"",""https://github.com/tecnickcom/tcpdf"",""https://github.com/tecnickcom/tcpdf.git""],""observations"":[{""origin"":""https://github.com/tecnickcom/TCPDF"",""status"":""full"",""visit"":{""origin"":""https://github.com/tecnickcom/TCPDF"",""visit"":184,""date"":""2026-09-08T23:44:11.355000+00:00"",""status"":""full"",""snapshot"":""bd88cec15537de285b01e5901ca5ac25f6eab455"",""type"":""git"",""metadata"":{},""origin_visit_url"":""https://archive.softwareheritage.org/api/1/origin/https://github.com/tecnickcom/TCPDF/visit/184/"",""snapshot_url"":""https://archive.softwareheritage.org/api/1/snapshot/bd88cec15537de285b01e5901ca5ac25f6eab455/""},""evidence"":[{""url"":""https://archive.softwareheritage.org/api/1/origin/https%3A%2F%2Fgithub.com%2Ftecnickcom%2FTCPDF/visits/?per_page=100"",""fetched_at"":""2026-09-23T19:58:22Z"",""cache_file"":""8edf077a3e3e0751d2cf2b74ffc08c1df8cf03e5c3488732e46f56e989767eec.json.gz"",""status"":200}]}],""incomplete_reasons"":[]}"
https://github.com/tekartik/sqflite,archived_evidence_found,"[""snapshot""]",snapshot_found,observed,missing,1,0,"{""checked_at"":""2026-09-23T19:58:22Z"",""candidates"":[""https://github.com/tekartik/sqflite"",""https://github.com/tekartik/sqflite.git""],""observations"":[{""origin"":""https://github.com/tekartik/sqflite"",""status"":""full"",""visit"":{""origin"":""https://github.com/tekartik/sqflite"",""visit"":196,""date"":""2026-09-01T01:21:24.869000+00:00"",""status"":""full"",""snapshot"":""400a4a85643cb13c27934e7dda9cfe0eea68393c"",""type"":""git"",""metadata"":{},""origin_visit_url"":""https://archive.softwareheritage.org/api/1/origin/https://github.com/tekartik/sqflite/visit/196/"",""snapshot_url"":""https://archive.softwareheritage.org/api/1/snapshot/400a4a85643cb13c27934e7dda9cfe0eea68393c/""},""evidence"":[{""url"":""https://archive.softwareheritage.org/api/1/origin/https%3A%2F%2Fgithub.com%2Ftekartik%2Fsqflite/visits/?per_page=100"",""fetched_at"":""2026-09-23T19:58:22Z"",""cache_file"":""a1d8a25f2b2b66ebc9cf08090ea62a4b5b5ef18f431a259e712ab860307359d9.json.gz"",""status"":200}]}],""incomplete_reasons"":[]}"
https://github.com/terser/terser,archived_evidence_found,"[""snapshot"",""tag_target_revision""]",snapshot_found,observed,missing,0,1,"{""checked_at"":""2026-09-24T10:24:55Z"",""candidates"":[""https://github.com/fabiosantoscode/uglify-es"",""https://github.com/fabiosantoscode/uglify-es.git"",""https://github.com/fabiosantoscode/uglifyjs2"",""https://github.com/fabiosantoscode/uglifyjs2.git"",""https://github.com/terser-js/terser"",""https://github.com/terser-js/terser.git"",""https://github.com/terser/terser"",""https://github.com/terser/terser.git""],""observations"":[{""origin"":""https://github.com/fabiosantoscode/uglify-es"",""status"":""not_found"",""evidence"":[{""url"":""https://archive.softwareheritage.org/api/1/origin/https%3A%2F%2Fgithub.com%2Ffabiosantoscode%2Fuglify-es/visits/?per_page=100"",""fetched_at"":""2026-09-24T10:24:53Z"",""cache_file"":""b60f880640ea59f90311864b4f0ee32be959e5d39e4eeb44ba887ea59457107c.json.gz"",""status"":404}]},{""origin"":""https://github.com/fabiosantoscode/uglify-es.git"",""status"":""not_found"",""evidence"":[{""url"":""https://archive.softwareheritage.org/api/1/origin/https%3A%2F%2Fgithub.com%2Ffabiosantoscode%2Fuglify-es.git/visits/?per_page=100"",""fetched_at"":""2026-09-24T10:24:54Z"",""cache_file"":""3e55e9e5df3c132b69de5b3626e6dc885d5a526047a0188c88197b1b9db2c08c.json.gz"",""status"":404}]},{""origin"":""https://github.com/fabiosantoscode/uglifyjs2"",""status"":""not_found"",""evidence"":[{""url"":""https://archive.softwareheritage.org/api/1/origin/https%3A%2F%2Fgithub.com%2Ffabiosantoscode%2Fuglifyjs2/visits/?per_page=100"",""fetched_at"":""2026-09-24T10:24:54Z"",""cache_file"":""63888080c5993331194daeb2c4cfad7c04aadf859c3c06837aa94f92d3fd2a5c.json.gz"",""status"":404}]},{""origin"":""https://github.com/fabiosantoscode/uglifyjs2.git"",""status"":""not_found"",""evidence"":[{""url"":""https://archive.softwareheritage.org/api/1/origin/https%3A%2F%2Fgithub.com%2Ffabiosantoscode%2Fuglifyjs2.git/visits/?per_page=100"",""fetched_at"":""2026-09-24T10:24:55Z"",""cache_file"":""843de5e75f71767d6573091bdbe88db8860a2b50976fe582ce11c2990b03c9dc.json.gz"",""status"":404}]},{""origin"":""https://github.com/terser-js/terser"",""status"":""full"",""visit"":{""origin"":""https://github.com/terser-js/terser"",""visit"":3,""date"":""2023-03-09T22:01:08.087000+00:00"",""status"":""full"",""snapshot"":""241a6d34f8ebad32fd1852501650ef0a191d3faa"",""type"":""git"",""metadata"":{},""origin_visit_url"":""https://archive.softwareheritage.org/api/1/origin/https://github.com/terser-js/terser/visit/3/"",""snapshot_url"":""https://archive.softwareheritage.org/api/1/snapshot/241a6d34f8ebad32fd1852501650ef0a191d3faa/""},""evidence"":[{""url"":""https://archive.softwareheritage.org/api/1/origin/https%3A%2F%2Fgithub.com%2Fterser-js%2Fterser/visits/?per_page=100"",""fetched_at"":""2026-09-24T10:24:55Z"",""cache_file"":""b1f82b0f6c3d06b05a3cdc3184e979a9248e6ba06433012d2fd4cb8d7f7139a2.json.gz"",""status"":200}]}],""incomplete_reasons"":[]}"
https://github.com/thephpleague/commonmark,archived_evidence_found,"[""snapshot""]",snapshot_found,observed,missing,1,1,"{""checked_at"":""2026-09-23T19:58:23Z"",""candidates"":[""https://github.com/thephpleague/commonmark"",""https://github.com/thephpleague/commonmark.git""],""observations"":[{""origin"":""https://github.com/thephpleague/commonmark"",""status"":""full"",""visit"":{""origin"":""https://github.com/thephpleague/commonmark"",""visit"":200,""date"":""2026-09-13T13:42:47.475000+00:00"",""status"":""full"",""snapshot"":""4c55f1c48e41870d564c2184b7b7677ab613fb70"",""type"":""git"",""metadata"":{},""origin_visit_url"":""https://archive.softwareheritage.org/api/1/origin/https://github.com/thephpleague/commonmark/visit/200/"",""snapshot_url"":""https://archive.softwareheritage.org/api/1/snapshot/4c55f1c48e41870d564c2184b7b7677ab613fb70/""},""evidence"":[{""url"":""https://archive.softwareheritage.org/api/1/origin/https%3A%2F%2Fgithub.com%2Fthephpleague%2Fcommonmark/visits/?per_page=100"",""fetched_at"":""2026-09-23T19:58:23Z"",""cache_file"":""214672971d4ee403a83d534bd164eddee17278b1012dcfe81a51d09311f46756.json.gz"",""status"":200}]}],""incomplete_reasons"":[]}"
https://github.com/thephpleague/flysystem-aws-s3-v3,archived_evidence_found,"[""snapshot""]",snapshot_found,observed,missing,1,1,"{""checked_at"":""2026-09-23T19:58:24Z"",""candidates"":[""https://github.com/thephpleague/flysystem-aws-s3-v3"",""https://github.com/thephpleague/flysystem-aws-s3-v3.git""],""observations"":[{""origin"":""https://github.com/thephpleague/flysystem-aws-s3-v3"",""status"":""full"",""visit"":{""origin"":""https://github.com/thephpleague/flysystem-aws-s3-v3"",""visit"":137,""date"":""2026-08-15T23:54:12.485000+00:00"",""status"":""full"",""snapshot"":""dcbabf1db5906e9b68e8f83f31518bef70e1db9e"",""type"":""git"",""metadata"":{},""origin_visit_url"":""https://archive.softwareheritage.org/api/1/origin/https://github.com/thephpleague/flysystem-aws-s3-v3/visit/137/"",""snapshot_url"":""https://archive.softwareheritage.org/api/1/snapshot/dcbabf1db5906e9b68e8f83f31518bef70e1db9e/""},""evidence"":[{""url"":""https://archive.softwareheritage.org/api/1/origin/https%3A%2F%2Fgithub.com%2Fthephpleague%2Fflysystem-aws-s3-v3/visits/?per_page=100"",""fetched_at"":""2026-09-23T19:58:24Z"",""cache_file"":""c648d9724c4c2365eb47bbcc5a3490ffd504b5610e2d4f68e50d8667c14fb8f7.json.gz"",""status"":200}]}],""incomplete_reasons"":[]}"
https://github.com/thephpleague/oauth1-client,archived_evidence_found,"[""snapshot""]",snapshot_found,observed,missing,1,0,"{""checked_at"":""2026-09-23T19:58:24Z"",""candidates"":[""https://github.com/thephpleague/oauth1-client"",""https://github.com/thephpleague/oauth1-client.git""],""observations"":[{""origin"":""https://github.com/thephpleague/oauth1-client"",""status"":""full"",""visit"":{""origin"":""https://github.com/thephpleague/oauth1-client"",""visit"":66,""date"":""2026-04-17T04:12:07.339000+00:00"",""status"":""full"",""snapshot"":""ec1404b2bb4a892a24481fa312c3d8557192599e"",""type"":""git"",""metadata"":{},""origin_visit_url"":""https://archive.softwareheritage.org/api/1/origin/https://github.com/thephpleague/oauth1-client/visit/66/"",""snapshot_url"":""https://archive.softwareheritage.org/api/1/snapshot/ec1404b2bb4a892a24481fa312c3d8557192599e/""},""evidence"":[{""url"":""https://archive.softwareheritage.org/api/1/origin/https%3A%2F%2Fgithub.com%2Fthephpleague%2Foauth1-client/visits/?per_page=100"",""fetched_at"":""2026-09-23T19:58:24Z"",""cache_file"":""e05ca7649b16b6a4fa62aae81f01da7390a97862e5e948fbd0fed07c6d1d0377.json.gz"",""status"":200}]}],""incomplete_reasons"":[]}"
https://github.com/thephpleague/oauth2-client,archived_evidence_found,"[""snapshot""]",snapshot_found,observed,missing,1,0,"{""checked_at"":""2026-09-23T19:58:25Z"",""candidates"":[""https://github.com/thephpleague/oauth2-client"",""https://github.com/thephpleague/oauth2-client.git""],""observations"":[{""origin"":""https://github.com/thephpleague/oauth2-client"",""status"":""full"",""visit"":{""origin"":""https://github.com/thephpleague/oauth2-client"",""visit"":133,""date"":""2026-09-03T04:14:06.177000+00:00"",""status"":""full"",""snapshot"":""f54464ee0d6fcd883543ac0d1a419b0baf854a54"",""type"":""git"",""metadata"":{},""origin_visit_url"":""https://archive.softwareheritage.org/api/1/origin/https://github.com/thephpleague/oauth2-client/visit/133/"",""snapshot_url"":""https://archive.softwareheritage.org/api/1/snapshot/f54464ee0d6fcd883543ac0d1a419b0baf854a54/""},""evidence"":[{""url"":""https://archive.softwareheritage.org/api/1/origin/https%3A%2F%2Fgithub.com%2Fthephpleague%2Foauth2-client/visits/?per_page=100"",""fetched_at"":""2026-09-23T19:58:25Z"",""cache_file"":""61cda30e097e470dcdc23f0c97bc9f5bcdd774201c7569653a8b036bdec033f1.json.gz"",""status"":200}]}],""incomplete_reasons"":[]}"
https://github.com/tidyverse/googlesheets4,no_snapshot_at_checked_origins,[],origin_not_found,observed,missing,1,0,"{""checked_at"":""2026-09-23T19:58:26Z"",""candidates"":[""https://github.com/tidyverse/googlesheets4"",""https://github.com/tidyverse/googlesheets4.git""],""observations"":[{""origin"":""https://github.com/tidyverse/googlesheets4"",""status"":""not_found"",""evidence"":[{""url"":""https://archive.softwareheritage.org/api/1/origin/https%3A%2F%2Fgithub.com%2Ftidyverse%2Fgooglesheets4/visits/?per_page=100"",""fetched_at"":""2026-09-23T19:58:26Z"",""cache_file"":""a333495cb8448e8694c064a40e1f0bfd8bd36940749280ca17672495465f81c7.json.gz"",""status"":404}]},{""origin"":""https://github.com/tidyverse/googlesheets4.git"",""status"":""not_found"",""evidence"":[{""url"":""https://archive.softwareheritage.org/api/1/origin/https%3A%2F%2Fgithub.com%2Ftidyverse%2Fgooglesheets4.git/visits/?per_page=100"",""fetched_at"":""2026-09-23T19:58:26Z"",""cache_file"":""7da2395487286dc9a131a1eeb1fad541d21bcfaf29aaf188cda2e3f45bc9c0cc.json.gz"",""status"":404}]}],""incomplete_reasons"":[]}"
https://github.com/tinylibs/tinypool,archived_evidence_found,"[""snapshot""]",snapshot_found,observed,missing,1,1,"{""checked_at"":""2026-09-23T19:58:27Z"",""candidates"":[""https://github.com/aslemammad/tinypool"",""https://github.com/aslemammad/tinypool.git"",""https://github.com/tinylibs/tinypool"",""https://github.com/tinylibs/tinypool.git""],""observations"":[{""origin"":""https://github.com/aslemammad/tinypool"",""status"":""not_found"",""evidence"":[{""url"":""https://archive.softwareheritage.org/api/1/origin/https%3A%2F%2Fgithub.com%2Faslemammad%2Ftinypool/visits/?per_page=100"",""fetched_at"":""2026-09-23T19:58:26Z"",""cache_file"":""188b1beeb7633d041caef256e0fe186d7bf2b6be358204061614d54628f73efd.json.gz"",""status"":404}]},{""origin"":""https://github.com/aslemammad/tinypool.git"",""status"":""not_found"",""evidence"":[{""url"":""https://archive.softwareheritage.org/api/1/origin/https%3A%2F%2Fgithub.com%2Faslemammad%2Ftinypool.git/visits/?per_page=100"",""fetched_at"":""2026-09-23T19:58:27Z"",""cache_file"":""5279ae682b7ad4e7ee1ea6d620b837b17c32a4e8ee67c60d5105de835bb9a853.json.gz"",""status"":404}]},{""origin"":""https://github.com/tinylibs/tinypool"",""status"":""full"",""visit"":{""origin"":""https://github.com/tinylibs/tinypool"",""visit"":6,""date"":""2026-09-06T23:31:31.299000+00:00"",""status"":""full"",""snapshot"":""3a419644a212cefd9ecb3e26268c11d3e1a827c2"",""type"":""git"",""metadata"":{},""origin_visit_url"":""https://archive.softwareheritage.org/api/1/origin/https://github.com/tinylibs/tinypool/visit/6/"",""snapshot_url"":""https://archive.softwareheritage.org/api/1/snapshot/3a419644a212cefd9ecb3e26268c11d3e1a827c2/""},""evidence"":[{""url"":""https://archive.softwareheritage.org/api/1/origin/https%3A%2F%2Fgithub.com%2Ftinylibs%2Ftinypool/visits/?per_page=100"",""fetched_at"":""2026-09-23T19:58:27Z"",""cache_file"":""693b10be6cc27b8d98383bf2dd23d4300c620143258baccd400beeed80b31c05.json.gz"",""status"":200}]}],""incomplete_reasons"":[]}"
https://github.com/tkem/cachetools,archived_evidence_found,"[""snapshot"",""tag_target_revision"",""annotated_release""]",snapshot_found,observed,missing,1,1,"{""checked_at"":""2026-09-24T10:25:03Z"",""candidates"":[""https://github.com/tkem/cachetools"",""https://github.com/tkem/cachetools.git""],""observations"":[{""origin"":""https://github.com/tkem/cachetools"",""status"":""full"",""visit"":{""origin"":""https://github.com/tkem/cachetools"",""visit"":77,""date"":""2026-08-12T09:13:28.050000+00:00"",""status"":""full"",""snapshot"":""20466d753bf7441c04c3fd049361be24bdfe0b3e"",""type"":""git"",""metadata"":{},""origin_visit_url"":""https://archive.softwareheritage.org/api/1/origin/https://github.com/tkem/cachetools/visit/77/"",""snapshot_url"":""https://archive.softwareheritage.org/api/1/snapshot/20466d753bf7441c04c3fd049361be24bdfe0b3e/""},""evidence"":[{""url"":""https://archive.softwareheritage.org/api/1/origin/https%3A%2F%2Fgithub.com%2Ftkem%2Fcachetools/visits/?per_page=100"",""fetched_at"":""2026-09-24T10:25:03Z"",""cache_file"":""d2c3ebadfc68841329751763a37028ef040ccc8f2dcea37bde0113be6982b207.json.gz"",""status"":200}]}],""incomplete_reasons"":[]}"
https://github.com/tornadoweb/tornado,archived_evidence_found,"[""snapshot"",""tag_target_revision"",""annotated_release""]",snapshot_found,observed,missing,1,1,"{""checked_at"":""2026-09-24T10:25:11Z"",""candidates"":[""https://github.com/facebook/tornado"",""https://github.com/facebook/tornado.git"",""https://github.com/tornadoweb/tornado"",""https://github.com/tornadoweb/tornado.git""],""observations"":[{""origin"":""https://github.com/facebook/tornado"",""status"":""not_found"",""evidence"":[{""url"":""https://archive.softwareheritage.org/api/1/origin/https%3A%2F%2Fgithub.com%2Ffacebook%2Ftornado/visits/?per_page=100"",""fetched_at"":""2026-09-24T10:25:09Z"",""cache_file"":""2204780c578a4881cf1a99e18095586ef60a2c49bb72755013c0754e653a60d2.json.gz"",""status"":404}]},{""origin"":""https://github.com/facebook/tornado.git"",""status"":""not_found"",""evidence"":[{""url"":""https://archive.softwareheritage.org/api/1/origin/https%3A%2F%2Fgithub.com%2Ffacebook%2Ftornado.git/visits/?per_page=100"",""fetched_at"":""2026-09-24T10:25:10Z"",""cache_file"":""05a99ccd6c7495d9c31da75bff17ec9734e5ff9f240b6f177961882b4b4d2f66.json.gz"",""status"":404}]},{""origin"":""https://github.com/tornadoweb/tornado"",""status"":""full"",""visit"":{""origin"":""https://github.com/tornadoweb/tornado"",""visit"":210,""date"":""2026-09-10T14:39:39.875000+00:00"",""status"":""full"",""snapshot"":""9b4ebe673f4f7f2c9c174bcb45fcdcb6de0827ce"",""type"":""git"",""metadata"":{},""origin_visit_url"":""https://archive.softwareheritage.org/api/1/origin/https://github.com/tornadoweb/tornado/visit/210/"",""snapshot_url"":""https://archive.softwareheritage.org/api/1/snapshot/9b4ebe673f4f7f2c9c174bcb45fcdcb6de0827ce/""},""evidence"":[{""url"":""https://archive.softwareheritage.org/api/1/origin/https%3A%2F%2Fgithub.com%2Ftornadoweb%2Ftornado/visits/?per_page=100"",""fetched_at"":""2026-09-24T10:25:11Z"",""cache_file"":""6f7cfdc8832af110395caa25add3747b8e4c7131b70be445eabe622d220f7946.json.gz"",""status"":200}]}],""incomplete_reasons"":[]}"
https://github.com/tox-dev/platformdirs,archived_evidence_found,"[""snapshot""]",snapshot_found,observed,missing,1,0,"{""checked_at"":""2026-09-23T19:58:28Z"",""candidates"":[""https://github.com/platformdirs/platformdirs"",""https://github.com/platformdirs/platformdirs.git"",""https://github.com/tox-dev/platformdirs"",""https://github.com/tox-dev/platformdirs.git""],""observations"":[{""origin"":""https://github.com/platformdirs/platformdirs"",""status"":""full"",""visit"":{""origin"":""https://github.com/platformdirs/platformdirs"",""visit"":13,""date"":""2026-09-04T03:02:20.404000+00:00"",""status"":""full"",""snapshot"":""0b352cb75f62fd20a6f1227e8d5ac7f1a7cfdc44"",""type"":""git"",""metadata"":{},""origin_visit_url"":""https://archive.softwareheritage.org/api/1/origin/https://github.com/platformdirs/platformdirs/visit/13/"",""snapshot_url"":""https://archive.softwareheritage.org/api/1/snapshot/0b352cb75f62fd20a6f1227e8d5ac7f1a7cfdc44/""},""evidence"":[{""url"":""https://archive.softwareheritage.org/api/1/origin/https%3A%2F%2Fgithub.com%2Fplatformdirs%2Fplatformdirs/visits/?per_page=100"",""fetched_at"":""2026-09-23T19:58:28Z"",""cache_file"":""0a7ed2b4d5d92de326269d7491ac757de6702e6ee5ebd0c3e725ad2780e93608.json.gz"",""status"":200}]}],""incomplete_reasons"":[]}"
https://github.com/tox-dev/py-filelock,archived_evidence_found,"[""snapshot"",""tag_target_revision""]",snapshot_found,observed,missing,1,0,"{""checked_at"":""2026-09-24T10:25:12Z"",""candidates"":[""https://github.com/benediktschmitt/py-filelock"",""https://github.com/benediktschmitt/py-filelock.git"",""https://github.com/tox-dev/filelock"",""https://github.com/tox-dev/filelock.git"",""https://github.com/tox-dev/py-filelock"",""https://github.com/tox-dev/py-filelock.git""],""observations"":[{""origin"":""https://github.com/benediktschmitt/py-filelock"",""status"":""full"",""visit"":{""origin"":""https://github.com/benediktschmitt/py-filelock"",""visit"":21,""date"":""2024-06-21T23:37:35.742000+00:00"",""status"":""full"",""snapshot"":""42c2c6c7309c2f0c07278a367f5c7d7a6bda5d7b"",""type"":""git"",""metadata"":{},""origin_visit_url"":""https://archive.softwareheritage.org/api/1/origin/https://github.com/benediktschmitt/py-filelock/visit/21/"",""snapshot_url"":""https://archive.softwareheritage.org/api/1/snapshot/42c2c6c7309c2f0c07278a367f5c7d7a6bda5d7b/""},""evidence"":[{""url"":""https://archive.softwareheritage.org/api/1/origin/https%3A%2F%2Fgithub.com%2Fbenediktschmitt%2Fpy-filelock/visits/?per_page=100"",""fetched_at"":""2026-09-24T10:25:12Z"",""cache_file"":""23d2e8273c88ca3212dbc6be94f31ebe368165f3ea296caf6558931f0e175fff.json.gz"",""status"":200}]}],""incomplete_reasons"":[]}"
https://github.com/tox-dev/tox,archived_evidence_found,"[""snapshot""]",snapshot_found,observed,missing,1,0,"{""checked_at"":""2026-09-23T19:58:29Z"",""candidates"":[""https://github.com/tox-dev/tox"",""https://github.com/tox-dev/tox.git""],""observations"":[{""origin"":""https://github.com/tox-dev/tox"",""status"":""full"",""visit"":{""origin"":""https://github.com/tox-dev/tox"",""visit"":399,""date"":""2026-09-23T12:42:39.708000+00:00"",""status"":""full"",""snapshot"":""5a2fa5c3c4a2b9c02334d22537b944202ac5fdf4"",""type"":""git-checkout"",""metadata"":{},""origin_visit_url"":""https://archive.softwareheritage.org/api/1/origin/https://github.com/tox-dev/tox/visit/399/"",""snapshot_url"":""https://archive.softwareheritage.org/api/1/snapshot/5a2fa5c3c4a2b9c02334d22537b944202ac5fdf4/""},""evidence"":[{""url"":""https://archive.softwareheritage.org/api/1/origin/https%3A%2F%2Fgithub.com%2Ftox-dev%2Ftox/visits/?per_page=100"",""fetched_at"":""2026-09-23T19:58:29Z"",""cache_file"":""89b76eb9a42192a0782a328641cb9f0198008548c06d76b6e760e8c4b2aa2d58.json.gz"",""status"":200}]}],""incomplete_reasons"":[]}"
https://github.com/trysound/read-cache,archived_evidence_found,"[""snapshot""]",snapshot_found,observed,missing,1,0,"{""checked_at"":""2026-09-23T19:58:29Z"",""candidates"":[""https://github.com/TrySound/read-cache"",""https://github.com/TrySound/read-cache.git"",""https://github.com/trysound/read-cache"",""https://github.com/trysound/read-cache.git""],""observations"":[{""origin"":""https://github.com/TrySound/read-cache"",""status"":""full"",""visit"":{""origin"":""https://github.com/TrySound/read-cache"",""visit"":7,""date"":""2024-07-01T03:07:16.788000+00:00"",""status"":""full"",""snapshot"":""7d632360d4040225fc5822bb9309077f078165b2"",""type"":""git"",""metadata"":{},""origin_visit_url"":""https://archive.softwareheritage.org/api/1/origin/https://github.com/TrySound/read-cache/visit/7/"",""snapshot_url"":""https://archive.softwareheritage.org/api/1/snapshot/7d632360d4040225fc5822bb9309077f078165b2/""},""evidence"":[{""url"":""https://archive.softwareheritage.org/api/1/origin/https%3A%2F%2Fgithub.com%2FTrySound%2Fread-cache/visits/?per_page=100"",""fetched_at"":""2026-09-23T19:58:29Z"",""cache_file"":""96a1de536e04e89d6c68df58824122c9a5e24ed3983364ad0b21bb13d9d50f6c.json.gz"",""status"":200}]}],""incomplete_reasons"":[]}"
https://github.com/twigphp/intl-extra,archived_evidence_found,"[""snapshot""]",snapshot_found,observed,missing,1,1,"{""checked_at"":""2026-09-23T19:58:30Z"",""candidates"":[""https://github.com/twigphp/intl-extra"",""https://github.com/twigphp/intl-extra.git""],""observations"":[{""origin"":""https://github.com/twigphp/intl-extra"",""status"":""full"",""visit"":{""origin"":""https://github.com/twigphp/intl-extra"",""visit"":41,""date"":""2026-08-19T03:32:40.712000+00:00"",""status"":""full"",""snapshot"":""91aee5d96ed7e7b7ff1c4eedddf74ce8d41aa4f4"",""type"":""git"",""metadata"":{},""origin_visit_url"":""https://archive.softwareheritage.org/api/1/origin/https://github.com/twigphp/intl-extra/visit/41/"",""snapshot_url"":""https://archive.softwareheritage.org/api/1/snapshot/91aee5d96ed7e7b7ff1c4eedddf74ce8d41aa4f4/""},""evidence"":[{""url"":""https://archive.softwareheritage.org/api/1/origin/https%3A%2F%2Fgithub.com%2Ftwigphp%2Fintl-extra/visits/?per_page=100"",""fetched_at"":""2026-09-23T19:58:30Z"",""cache_file"":""296f0990702d0645e38224c4f7b98d9d35e74027b40edcbee3a9f26fa07b8b76.json.gz"",""status"":200}]}],""incomplete_reasons"":[]}"
https://github.com/twigphp/twig-extra-bundle,archived_evidence_found,"[""snapshot""]",snapshot_found,observed,missing,1,1,"{""checked_at"":""2026-09-23T19:58:30Z"",""candidates"":[""https://github.com/twigphp/twig-extra-bundle"",""https://github.com/twigphp/twig-extra-bundle.git""],""observations"":[{""origin"":""https://github.com/twigphp/twig-extra-bundle"",""status"":""full"",""visit"":{""origin"":""https://github.com/twigphp/twig-extra-bundle"",""visit"":143,""date"":""2026-09-09T17:23:34.258000+00:00"",""status"":""full"",""snapshot"":""dac14689665160a3fd4ed69c5d94da95258b6518"",""type"":""git"",""metadata"":{},""origin_visit_url"":""https://archive.softwareheritage.org/api/1/origin/https://github.com/twigphp/twig-extra-bundle/visit/143/"",""snapshot_url"":""https://archive.softwareheritage.org/api/1/snapshot/dac14689665160a3fd4ed69c5d94da95258b6518/""},""evidence"":[{""url"":""https://archive.softwareheritage.org/api/1/origin/https%3A%2F%2Fgithub.com%2Ftwigphp%2Ftwig-extra-bundle/visits/?per_page=100"",""fetched_at"":""2026-09-23T19:58:30Z"",""cache_file"":""de7cd9dfcf8621804ff1057f9713fa9cefd117f5ccc7574e7534f96637f6a907.json.gz"",""status"":200}]}],""incomplete_reasons"":[]}"
https://github.com/twilio/twilio-php,archived_evidence_found,"[""snapshot""]",snapshot_found,observed,missing,1,1,"{""checked_at"":""2026-09-23T19:58:31Z"",""candidates"":[""https://github.com/twilio/twilio-php"",""https://github.com/twilio/twilio-php.git""],""observations"":[{""origin"":""https://github.com/twilio/twilio-php"",""status"":""full"",""visit"":{""origin"":""https://github.com/twilio/twilio-php"",""visit"":175,""date"":""2026-09-02T05:49:34.089000+00:00"",""status"":""full"",""snapshot"":""72db6264fd9176c2dad7ebf8422629217ff3e9a6"",""type"":""git"",""metadata"":{},""origin_visit_url"":""https://archive.softwareheritage.org/api/1/origin/https://github.com/twilio/twilio-php/visit/175/"",""snapshot_url"":""https://archive.softwareheritage.org/api/1/snapshot/72db6264fd9176c2dad7ebf8422629217ff3e9a6/""},""evidence"":[{""url"":""https://archive.softwareheritage.org/api/1/origin/https%3A%2F%2Fgithub.com%2Ftwilio%2Ftwilio-php/visits/?per_page=100"",""fetched_at"":""2026-09-23T19:58:31Z"",""cache_file"":""54843b983c6af87bfb52ff9de747e03a64fe2d4088e3a626483cd5710d414a32.json.gz"",""status"":200}]}],""incomplete_reasons"":[]}"
https://github.com/twilio/twilio-ruby,archived_evidence_found,"[""snapshot""]",snapshot_found,observed,missing,1,1,"{""checked_at"":""2026-09-23T19:58:32Z"",""candidates"":[""https://github.com/twilio/twilio-ruby"",""https://github.com/twilio/twilio-ruby.git""],""observations"":[{""origin"":""https://github.com/twilio/twilio-ruby"",""status"":""full"",""visit"":{""origin"":""https://github.com/twilio/twilio-ruby"",""visit"":168,""date"":""2026-09-08T14:58:44.907000+00:00"",""status"":""full"",""snapshot"":""cd97e51a49e51be568d54986cc55e429d2b20442"",""type"":""git"",""metadata"":{},""origin_visit_url"":""https://archive.softwareheritage.org/api/1/origin/https://github.com/twilio/twilio-ruby/visit/168/"",""snapshot_url"":""https://archive.softwareheritage.org/api/1/snapshot/cd97e51a49e51be568d54986cc55e429d2b20442/""},""evidence"":[{""url"":""https://archive.softwareheritage.org/api/1/origin/https%3A%2F%2Fgithub.com%2Ftwilio%2Ftwilio-ruby/visits/?per_page=100"",""fetched_at"":""2026-09-23T19:58:32Z"",""cache_file"":""203d1922952f774d5ebe2c09ac1ab4a89cc5e417719a733f8e7d18034cdd607c.json.gz"",""status"":200}]}],""incomplete_reasons"":[]}"
https://github.com/typescript-eslint/typescript-eslint,archived_evidence_found,"[""snapshot"",""tag_target_revision"",""annotated_release""]",snapshot_found,observed,missing,0,1,"{""checked_at"":""2026-09-24T10:25:16Z"",""candidates"":[""https://github.com/typescript-eslint/typescript-eslint"",""https://github.com/typescript-eslint/typescript-eslint.git""],""observations"":[{""origin"":""https://github.com/typescript-eslint/typescript-eslint"",""status"":""full"",""visit"":{""origin"":""https://github.com/typescript-eslint/typescript-eslint"",""visit"":128,""date"":""2026-09-01T21:02:51.782000+00:00"",""status"":""full"",""snapshot"":""1bbe64a579e3267ff39e06e190043d962962b677"",""type"":""git"",""metadata"":{},""origin_visit_url"":""https://archive.softwareheritage.org/api/1/origin/https://github.com/typescript-eslint/typescript-eslint/visit/128/"",""snapshot_url"":""https://archive.softwareheritage.org/api/1/snapshot/1bbe64a579e3267ff39e06e190043d962962b677/""},""evidence"":[{""url"":""https://archive.softwareheritage.org/api/1/origin/https%3A%2F%2Fgithub.com%2Ftypescript-eslint%2Ftypescript-eslint/visits/?per_page=100"",""fetched_at"":""2026-09-24T10:25:16Z"",""cache_file"":""46745a7a87021f5786a13dd8c114010d497d49ef6a8325bf98cda6b6c7cd92a5.json.gz"",""status"":200}]}],""incomplete_reasons"":[]}"
https://github.com/tzinfo/tzinfo-data,archived_evidence_found,"[""snapshot""]",snapshot_found,observed,missing,1,1,"{""checked_at"":""2026-09-23T19:58:32Z"",""candidates"":[""https://github.com/tzinfo/tzinfo-data"",""https://github.com/tzinfo/tzinfo-data.git""],""observations"":[{""origin"":""https://github.com/tzinfo/tzinfo-data"",""status"":""full"",""visit"":{""origin"":""https://github.com/tzinfo/tzinfo-data"",""visit"":1645,""date"":""2026-09-23T11:51:24.962000+00:00"",""status"":""full"",""snapshot"":""bd62366489ee799c245359b41d926af747c24088"",""type"":""git-checkout"",""metadata"":{},""origin_visit_url"":""https://archive.softwareheritage.org/api/1/origin/https://github.com/tzinfo/tzinfo-data/visit/1645/"",""snapshot_url"":""https://archive.softwareheritage.org/api/1/snapshot/bd62366489ee799c245359b41d926af747c24088/""},""evidence"":[{""url"":""https://archive.softwareheritage.org/api/1/origin/https%3A%2F%2Fgithub.com%2Ftzinfo%2Ftzinfo-data/visits/?per_page=100"",""fetched_at"":""2026-09-23T19:58:32Z"",""cache_file"":""4f68057289a3627506346cfd34f3ab0f953e713327aeec27765340f1eb9cb5bd.json.gz"",""status"":200}]}],""incomplete_reasons"":[]}"
https://github.com/uber-go/atomic,archived_evidence_found,"[""snapshot""]",snapshot_found,observed,missing,1,0,"{""checked_at"":""2026-09-23T19:58:33Z"",""candidates"":[""https://github.com/uber-go/atomic"",""https://github.com/uber-go/atomic.git""],""observations"":[{""origin"":""https://github.com/uber-go/atomic"",""status"":""full"",""visit"":{""origin"":""https://github.com/uber-go/atomic"",""visit"":1621,""date"":""2026-09-23T11:47:26.949000+00:00"",""status"":""full"",""snapshot"":""daec4c800eede690d63096f51398b2878ac05b46"",""type"":""git-checkout"",""metadata"":{},""origin_visit_url"":""https://archive.softwareheritage.org/api/1/origin/https://github.com/uber-go/atomic/visit/1621/"",""snapshot_url"":""https://archive.softwareheritage.org/api/1/snapshot/daec4c800eede690d63096f51398b2878ac05b46/""},""evidence"":[{""url"":""https://archive.softwareheritage.org/api/1/origin/https%3A%2F%2Fgithub.com%2Fuber-go%2Fatomic/visits/?per_page=100"",""fetched_at"":""2026-09-23T19:58:33Z"",""cache_file"":""be9320e063ff059240f9339dca650b9778d12a9e2cb0aac10cc217cc1ae1752a.json.gz"",""status"":200}]}],""incomplete_reasons"":[]}"
https://github.com/ulikunitz/xz,archived_evidence_found,"[""snapshot""]",snapshot_found,observed,missing,1,1,"{""checked_at"":""2026-09-23T19:58:33Z"",""candidates"":[""https://github.com/uli-go/xz"",""https://github.com/uli-go/xz.git"",""https://github.com/ulikunitz/xz"",""https://github.com/ulikunitz/xz.git""],""observations"":[{""origin"":""https://github.com/uli-go/xz"",""status"":""full"",""visit"":{""origin"":""https://github.com/uli-go/xz"",""visit"":22,""date"":""2021-01-17T02:58:49.537000+00:00"",""status"":""full"",""snapshot"":""f6a7f72a290f79b5a612b8f1aa1691e775b555ae"",""type"":""git"",""metadata"":{},""origin_visit_url"":""https://archive.softwareheritage.org/api/1/origin/https://github.com/uli-go/xz/visit/22/"",""snapshot_url"":""https://archive.softwareheritage.org/api/1/snapshot/f6a7f72a290f79b5a612b8f1aa1691e775b555ae/""},""evidence"":[{""url"":""https://archive.softwareheritage.org/api/1/origin/https%3A%2F%2Fgithub.com%2Fuli-go%2Fxz/visits/?per_page=100"",""fetched_at"":""2026-09-23T19:58:33Z"",""cache_file"":""ab5d8ed140119943b1af523a51849a3f17687240f890dcbca1187b0205bb2156.json.gz"",""status"":200}]}],""incomplete_reasons"":[]}"
https://github.com/ultrajson/ultrajson,archived_evidence_found,"[""snapshot""]",snapshot_found,observed,missing,1,0,"{""checked_at"":""2026-09-23T19:58:34Z"",""candidates"":[""https://github.com/esnme/ultrajson"",""https://github.com/esnme/ultrajson.git"",""https://github.com/ultrajson/ultrajson"",""https://github.com/ultrajson/ultrajson.git""],""observations"":[{""origin"":""https://github.com/esnme/ultrajson"",""status"":""full"",""visit"":{""origin"":""https://github.com/esnme/ultrajson"",""visit"":14,""date"":""2024-04-05T20:52:40.328000+00:00"",""status"":""full"",""snapshot"":""3d46533a08763c759d8fb31949ee443a9a791272"",""type"":""git"",""metadata"":{},""origin_visit_url"":""https://archive.softwareheritage.org/api/1/origin/https://github.com/esnme/ultrajson/visit/14/"",""snapshot_url"":""https://archive.softwareheritage.org/api/1/snapshot/3d46533a08763c759d8fb31949ee443a9a791272/""},""evidence"":[{""url"":""https://archive.softwareheritage.org/api/1/origin/https%3A%2F%2Fgithub.com%2Fesnme%2Fultrajson/visits/?per_page=100"",""fetched_at"":""2026-09-23T19:58:34Z"",""cache_file"":""dbf98652f11b9b153b9ace21c304b2178d990d95cc50749835f6efba2456df98.json.gz"",""status"":200}]}],""incomplete_reasons"":[]}"
https://github.com/un33k/python-slugify,archived_evidence_found,"[""snapshot""]",snapshot_found,observed,missing,1,1,"{""checked_at"":""2026-09-23T19:58:35Z"",""candidates"":[""https://github.com/un33k/python-slugify"",""https://github.com/un33k/python-slugify.git""],""observations"":[{""origin"":""https://github.com/un33k/python-slugify"",""status"":""full"",""visit"":{""origin"":""https://github.com/un33k/python-slugify"",""visit"":593,""date"":""2026-09-23T11:58:26.548000+00:00"",""status"":""full"",""snapshot"":""055520f622e29bb0d5833336d5c0316cff493990"",""type"":""git-checkout"",""metadata"":{},""origin_visit_url"":""https://archive.softwareheritage.org/api/1/origin/https://github.com/un33k/python-slugify/visit/593/"",""snapshot_url"":""https://archive.softwareheritage.org/api/1/snapshot/055520f622e29bb0d5833336d5c0316cff493990/""},""evidence"":[{""url"":""https://archive.softwareheritage.org/api/1/origin/https%3A%2F%2Fgithub.com%2Fun33k%2Fpython-slugify/visits/?per_page=100"",""fetched_at"":""2026-09-23T19:58:34Z"",""cache_file"":""a8da5aa67d9ed0ef9979750e5187fab9ea7ace61e474322d2a3108601e9cd635.json.gz"",""status"":200}]}],""incomplete_reasons"":[]}"
https://github.com/ungap/structured-clone,archived_evidence_found,"[""snapshot""]",snapshot_found,observed,missing,1,1,"{""checked_at"":""2026-09-23T19:58:35Z"",""candidates"":[""https://github.com/ungap/structured-clone"",""https://github.com/ungap/structured-clone.git""],""observations"":[{""origin"":""https://github.com/ungap/structured-clone"",""status"":""full"",""visit"":{""origin"":""https://github.com/ungap/structured-clone"",""visit"":2,""date"":""2026-07-09T13:17:10.011000+00:00"",""status"":""full"",""snapshot"":""41e7eb8e6a2e8df48c2ed51c3c325bde51d734fe"",""type"":""git"",""metadata"":{},""origin_visit_url"":""https://archive.softwareheritage.org/api/1/origin/https://github.com/ungap/structured-clone/visit/2/"",""snapshot_url"":""https://archive.softwareheritage.org/api/1/snapshot/41e7eb8e6a2e8df48c2ed51c3c325bde51d734fe/""},""evidence"":[{""url"":""https://archive.softwareheritage.org/api/1/origin/https%3A%2F%2Fgithub.com%2Fungap%2Fstructured-clone/visits/?per_page=100"",""fetched_at"":""2026-09-23T19:58:35Z"",""cache_file"":""26943813ff1f1f0e542eb9209bd819958fd52442af8188c36af39ed10cb69c04.json.gz"",""status"":200}]}],""incomplete_reasons"":[]}"
https://github.com/unjs/unplugin,archived_evidence_found,"[""snapshot""]",snapshot_found,observed,missing,1,1,"{""checked_at"":""2026-09-23T19:58:36Z"",""candidates"":[""https://github.com/unjs/unplugin"",""https://github.com/unjs/unplugin.git""],""observations"":[{""origin"":""https://github.com/unjs/unplugin"",""status"":""full"",""visit"":{""origin"":""https://github.com/unjs/unplugin"",""visit"":14,""date"":""2026-08-16T09:29:28.707000+00:00"",""status"":""full"",""snapshot"":""b2503975c81f198098793f436c5393673ffb13ff"",""type"":""git"",""metadata"":{},""origin_visit_url"":""https://archive.softwareheritage.org/api/1/origin/https://github.com/unjs/unplugin/visit/14/"",""snapshot_url"":""https://archive.softwareheritage.org/api/1/snapshot/b2503975c81f198098793f436c5393673ffb13ff/""},""evidence"":[{""url"":""https://archive.softwareheritage.org/api/1/origin/https%3A%2F%2Fgithub.com%2Funjs%2Funplugin/visits/?per_page=100"",""fetched_at"":""2026-09-23T19:58:36Z"",""cache_file"":""6b4d7a404b778a5efe85a4c1dcf6802f28726418dcfb3f541aa36e6626c5c131.json.gz"",""status"":200}]}],""incomplete_reasons"":[]}"
https://github.com/unkindpartition/ansi-terminal,no_snapshot_at_checked_origins,[],origin_not_found,observed,missing,1,1,"{""checked_at"":""2026-09-23T19:58:37Z"",""candidates"":[""https://github.com/UnkindPartition/ansi-terminal"",""https://github.com/UnkindPartition/ansi-terminal.git"",""https://github.com/unkindpartition/ansi-terminal"",""https://github.com/unkindpartition/ansi-terminal.git""],""observations"":[{""origin"":""https://github.com/UnkindPartition/ansi-terminal"",""status"":""not_found"",""evidence"":[{""url"":""https://archive.softwareheritage.org/api/1/origin/https%3A%2F%2Fgithub.com%2FUnkindPartition%2Fansi-terminal/visits/?per_page=100"",""fetched_at"":""2026-09-23T19:58:36Z"",""cache_file"":""d7af8c61671b6f598691af92afab03bc9aa1df9a052ef53a4d96b4d1ae63a99d.json.gz"",""status"":404}]},{""origin"":""https://github.com/UnkindPartition/ansi-terminal.git"",""status"":""not_found"",""evidence"":[{""url"":""https://archive.softwareheritage.org/api/1/origin/https%3A%2F%2Fgithub.com%2FUnkindPartition%2Fansi-terminal.git/visits/?per_page=100"",""fetched_at"":""2026-09-23T19:58:36Z"",""cache_file"":""6602c2551c59002a972dfdb269d14edf181395c7b956924e2cb3495553d764a5.json.gz"",""status"":404}]},{""origin"":""https://github.com/unkindpartition/ansi-terminal"",""status"":""not_found"",""evidence"":[{""url"":""https://archive.softwareheritage.org/api/1/origin/https%3A%2F%2Fgithub.com%2Funkindpartition%2Fansi-terminal/visits/?per_page=100"",""fetched_at"":""2026-09-23T19:58:37Z"",""cache_file"":""e4d23da595209b84ba40fcebf8979a80b9a32e32874ba08d46aaaac13d995345.json.gz"",""status"":404}]},{""origin"":""https://github.com/unkindpartition/ansi-terminal.git"",""status"":""not_found"",""evidence"":[{""url"":""https://archive.softwareheritage.org/api/1/origin/https%3A%2F%2Fgithub.com%2Funkindpartition%2Fansi-terminal.git/visits/?per_page=100"",""fetched_at"":""2026-09-23T19:58:37Z"",""cache_file"":""2405b59ca9aaea8c59fe6c82ba39e1fb0dfc19b4b27ff2aa0e28d31ade0e7d9f.json.gz"",""status"":404}]}],""incomplete_reasons"":[]}"
https://github.com/urllib3/urllib3,archived_evidence_found,"[""snapshot"",""tag_target_revision"",""annotated_release""]",snapshot_found,observed,missing,1,1,"{""checked_at"":""2026-09-24T10:25:30Z"",""candidates"":[""https://github.com/shazow/urllib3"",""https://github.com/shazow/urllib3.git"",""https://github.com/urllib3/urllib3"",""https://github.com/urllib3/urllib3.git""],""observations"":[{""origin"":""https://github.com/shazow/urllib3"",""status"":""full"",""visit"":{""origin"":""https://github.com/shazow/urllib3"",""visit"":20,""date"":""2021-01-24T10:26:34.234000+00:00"",""status"":""full"",""snapshot"":""cd2b0b7830ec6310fa867810a3bbefba02e37c10"",""type"":""git"",""metadata"":{},""origin_visit_url"":""https://archive.softwareheritage.org/api/1/origin/https://github.com/shazow/urllib3/visit/20/"",""snapshot_url"":""https://archive.softwareheritage.org/api/1/snapshot/cd2b0b7830ec6310fa867810a3bbefba02e37c10/""},""evidence"":[{""url"":""https://archive.softwareheritage.org/api/1/origin/https%3A%2F%2Fgithub.com%2Fshazow%2Furllib3/visits/?per_page=100"",""fetched_at"":""2026-09-24T10:25:30Z"",""cache_file"":""180def5bde8f63f1eb23e8eb18dd988f425002fac93d0f95e7d51b2390134d8d.json.gz"",""status"":200}]}],""incomplete_reasons"":[]}"
https://github.com/uuid-rs/uuid,archived_evidence_found,"[""snapshot""]",snapshot_found,observed,missing,1,0,"{""checked_at"":""2026-09-23T19:58:38Z"",""candidates"":[""https://github.com/rust-lang-nursery/uuid"",""https://github.com/rust-lang-nursery/uuid.git"",""https://github.com/uuid-rs/uuid"",""https://github.com/uuid-rs/uuid.git""],""observations"":[{""origin"":""https://github.com/rust-lang-nursery/uuid"",""status"":""full"",""visit"":{""origin"":""https://github.com/rust-lang-nursery/uuid"",""visit"":8,""date"":""2020-04-11T19:08:51.082000+00:00"",""status"":""full"",""snapshot"":""7ccd662e215458bd627e1c5935955faffe7360a1"",""type"":""git"",""metadata"":{},""origin_visit_url"":""https://archive.softwareheritage.org/api/1/origin/https://github.com/rust-lang-nursery/uuid/visit/8/"",""snapshot_url"":""https://archive.softwareheritage.org/api/1/snapshot/7ccd662e215458bd627e1c5935955faffe7360a1/""},""evidence"":[{""url"":""https://archive.softwareheritage.org/api/1/origin/https%3A%2F%2Fgithub.com%2Frust-lang-nursery%2Fuuid/visits/?per_page=100"",""fetched_at"":""2026-09-23T19:58:38Z"",""cache_file"":""ed8adc0cc3a5fa4c0c403582b4645b1c3712219fed3f39447985efb0669ce654.json.gz"",""status"":200}]}],""incomplete_reasons"":[]}"
https://github.com/valyala/fasthttp,archived_evidence_found,"[""snapshot""]",snapshot_found,observed,missing,1,0,"{""checked_at"":""2026-09-23T19:58:39Z"",""candidates"":[""https://github.com/valyala/fasthttp"",""https://github.com/valyala/fasthttp.git""],""observations"":[{""origin"":""https://github.com/valyala/fasthttp"",""status"":""full"",""visit"":{""origin"":""https://github.com/valyala/fasthttp"",""visit"":1775,""date"":""2026-09-23T11:47:42.624000+00:00"",""status"":""full"",""snapshot"":""8b65c04f7083941fe2da3117f7d9d331e16469dc"",""type"":""git-checkout"",""metadata"":{},""origin_visit_url"":""https://archive.softwareheritage.org/api/1/origin/https://github.com/valyala/fasthttp/visit/1775/"",""snapshot_url"":""https://archive.softwareheritage.org/api/1/snapshot/8b65c04f7083941fe2da3117f7d9d331e16469dc/""},""evidence"":[{""url"":""https://archive.softwareheritage.org/api/1/origin/https%3A%2F%2Fgithub.com%2Fvalyala%2Ffasthttp/visits/?per_page=100"",""fetched_at"":""2026-09-23T19:58:39Z"",""cache_file"":""8d3c65605b9b85abc3bfbd2e42a55cf297bda864a06d494c458d536efa5bb618.json.gz"",""status"":200}]}],""incomplete_reasons"":[]}"
https://github.com/vapor/postgres-kit,archived_evidence_found,"[""snapshot""]",snapshot_found,observed,missing,1,0,"{""checked_at"":""2026-09-23T19:58:40Z"",""candidates"":[""https://github.com/vapor/postgres-kit"",""https://github.com/vapor/postgres-kit.git"",""https://github.com/vapor/postgresql"",""https://github.com/vapor/postgresql.git""],""observations"":[{""origin"":""https://github.com/vapor/postgres-kit"",""status"":""not_found"",""evidence"":[{""url"":""https://archive.softwareheritage.org/api/1/origin/https%3A%2F%2Fgithub.com%2Fvapor%2Fpostgres-kit/visits/?per_page=100"",""fetched_at"":""2026-09-23T19:58:39Z"",""cache_file"":""72a0865b86be82869eedff1414d621bed76c55e5e10acdeef66c8b176e4d3538.json.gz"",""status"":404}]},{""origin"":""https://github.com/vapor/postgres-kit.git"",""status"":""not_found"",""evidence"":[{""url"":""https://archive.softwareheritage.org/api/1/origin/https%3A%2F%2Fgithub.com%2Fvapor%2Fpostgres-kit.git/visits/?per_page=100"",""fetched_at"":""2026-09-23T19:58:40Z"",""cache_file"":""38e9e9516a394de28c175eeaffbfcceb6af72cb5c5c20907aa42997b5a466522.json.gz"",""status"":404}]},{""origin"":""https://github.com/vapor/postgresql"",""status"":""full"",""visit"":{""origin"":""https://github.com/vapor/postgresql"",""visit"":26,""date"":""2021-05-23T07:43:38.112000+00:00"",""status"":""full"",""snapshot"":""ec9fe3c440fd6a8eebe218ad02300bb1f8bb3652"",""type"":""git"",""metadata"":{},""origin_visit_url"":""https://archive.softwareheritage.org/api/1/origin/https://github.com/vapor/postgresql/visit/26/"",""snapshot_url"":""https://archive.softwareheritage.org/api/1/snapshot/ec9fe3c440fd6a8eebe218ad02300bb1f8bb3652/""},""evidence"":[{""url"":""https://archive.softwareheritage.org/api/1/origin/https%3A%2F%2Fgithub.com%2Fvapor%2Fpostgresql/visits/?per_page=100"",""fetched_at"":""2026-09-23T19:58:40Z"",""cache_file"":""6d78d1e69dd3091954d8959f6f050ea0be2de4365dbe997e5141cfdef868c084.json.gz"",""status"":200}]}],""incomplete_reasons"":[]}"
https://github.com/vapor/vapor,archived_evidence_found,"[""snapshot""]",snapshot_found,observed,missing,1,0,"{""checked_at"":""2026-09-23T19:58:41Z"",""candidates"":[""https://github.com/vapor/vapor"",""https://github.com/vapor/vapor.git""],""observations"":[{""origin"":""https://github.com/vapor/vapor"",""status"":""full"",""visit"":{""origin"":""https://github.com/vapor/vapor"",""visit"":227,""date"":""2026-08-07T22:13:56.170000+00:00"",""status"":""full"",""snapshot"":""3a2c54f902c83a012064c18543a0728017531795"",""type"":""git"",""metadata"":{},""origin_visit_url"":""https://archive.softwareheritage.org/api/1/origin/https://github.com/vapor/vapor/visit/227/"",""snapshot_url"":""https://archive.softwareheritage.org/api/1/snapshot/3a2c54f902c83a012064c18543a0728017531795/""},""evidence"":[{""url"":""https://archive.softwareheritage.org/api/1/origin/https%3A%2F%2Fgithub.com%2Fvapor%2Fvapor/visits/?per_page=100"",""fetched_at"":""2026-09-23T19:58:41Z"",""cache_file"":""8a8828a0eb9c0975869668407c55ef998a9f5c8973b416b8d25398391a678b0f.json.gz"",""status"":200}]}],""incomplete_reasons"":[]}"
https://github.com/vercel/next.js,archived_evidence_found,"[""snapshot""]",snapshot_found,observed,missing,1,0,"{""checked_at"":""2026-09-23T19:58:41Z"",""candidates"":[""https://github.com/vercel/next.js"",""https://github.com/vercel/next.js.git"",""https://github.com/zeit/next.js"",""https://github.com/zeit/next.js.git""],""observations"":[{""origin"":""https://github.com/vercel/next.js"",""status"":""full"",""visit"":{""origin"":""https://github.com/vercel/next.js"",""visit"":216,""date"":""2026-09-08T19:37:05.830000+00:00"",""status"":""full"",""snapshot"":""3dc4cd11bd8027ba380cd3cce8d111fe4b8dfaf4"",""type"":""git"",""metadata"":{},""origin_visit_url"":""https://archive.softwareheritage.org/api/1/origin/https://github.com/vercel/next.js/visit/216/"",""snapshot_url"":""https://archive.softwareheritage.org/api/1/snapshot/3dc4cd11bd8027ba380cd3cce8d111fe4b8dfaf4/""},""evidence"":[{""url"":""https://archive.softwareheritage.org/api/1/origin/https%3A%2F%2Fgithub.com%2Fvercel%2Fnext.js/visits/?per_page=100"",""fetched_at"":""2026-09-23T19:58:41Z"",""cache_file"":""9669833d400169b5ac270f26efb5bdf0e19e6d0e28e48845df9e5894d35f01cb.json.gz"",""status"":200}]}],""incomplete_reasons"":[]}"
https://github.com/vert-x3/vertx-web,archived_evidence_found,"[""snapshot""]",snapshot_found,observed,missing,1,1,"{""checked_at"":""2026-09-23T19:58:42Z"",""candidates"":[""https://github.com/vert-x3/vertx-web"",""https://github.com/vert-x3/vertx-web.git""],""observations"":[{""origin"":""https://github.com/vert-x3/vertx-web"",""status"":""full"",""visit"":{""origin"":""https://github.com/vert-x3/vertx-web"",""visit"":199,""date"":""2026-09-04T06:41:43.809000+00:00"",""status"":""full"",""snapshot"":""f6f1aab2a75fb7a3aab5dd726f592cc4ff1abd5f"",""type"":""git"",""metadata"":{},""origin_visit_url"":""https://archive.softwareheritage.org/api/1/origin/https://github.com/vert-x3/vertx-web/visit/199/"",""snapshot_url"":""https://archive.softwareheritage.org/api/1/snapshot/f6f1aab2a75fb7a3aab5dd726f592cc4ff1abd5f/""},""evidence"":[{""url"":""https://archive.softwareheritage.org/api/1/origin/https%3A%2F%2Fgithub.com%2Fvert-x3%2Fvertx-web/visits/?per_page=100"",""fetched_at"":""2026-09-23T19:58:42Z"",""cache_file"":""0b8c7aa46c283dc55fad356491853236dded3310015704f59a3bac75662747bf.json.gz"",""status"":200}]}],""incomplete_reasons"":[]}"
https://github.com/vimeo/psalm,archived_evidence_found,"[""snapshot""]",snapshot_found,observed,missing,1,0,"{""checked_at"":""2026-09-23T19:58:43Z"",""candidates"":[""https://github.com/vimeo/psalm"",""https://github.com/vimeo/psalm.git""],""observations"":[{""origin"":""https://github.com/vimeo/psalm"",""status"":""full"",""visit"":{""origin"":""https://github.com/vimeo/psalm"",""visit"":196,""date"":""2026-09-11T19:30:35.186000+00:00"",""status"":""full"",""snapshot"":""7ad561283e03d1620f1709f3b62887689d9fd4af"",""type"":""git"",""metadata"":{},""origin_visit_url"":""https://archive.softwareheritage.org/api/1/origin/https://github.com/vimeo/psalm/visit/196/"",""snapshot_url"":""https://archive.softwareheritage.org/api/1/snapshot/7ad561283e03d1620f1709f3b62887689d9fd4af/""},""evidence"":[{""url"":""https://archive.softwareheritage.org/api/1/origin/https%3A%2F%2Fgithub.com%2Fvimeo%2Fpsalm/visits/?per_page=100"",""fetched_at"":""2026-09-23T19:58:43Z"",""cache_file"":""64f475466935e5dedf298e4459beb0ccfc79119da54110245835fe1cd0e02a70.json.gz"",""status"":200}]}],""incomplete_reasons"":[]}"
https://github.com/vlix/http-types,no_snapshot_at_checked_origins,[],origin_not_found,observed,missing,1,0,"{""checked_at"":""2026-09-23T19:58:44Z"",""candidates"":[""https://github.com/Vlix/http-types"",""https://github.com/Vlix/http-types.git"",""https://github.com/vlix/http-types"",""https://github.com/vlix/http-types.git""],""observations"":[{""origin"":""https://github.com/Vlix/http-types"",""status"":""not_found"",""evidence"":[{""url"":""https://archive.softwareheritage.org/api/1/origin/https%3A%2F%2Fgithub.com%2FVlix%2Fhttp-types/visits/?per_page=100"",""fetched_at"":""2026-09-23T19:58:43Z"",""cache_file"":""eb940a0680adc1f0ff6f030511b418afba11291ef3f8e6e62120ac263e442e43.json.gz"",""status"":404}]},{""origin"":""https://github.com/Vlix/http-types.git"",""status"":""not_found"",""evidence"":[{""url"":""https://archive.softwareheritage.org/api/1/origin/https%3A%2F%2Fgithub.com%2FVlix%2Fhttp-types.git/visits/?per_page=100"",""fetched_at"":""2026-09-23T19:58:43Z"",""cache_file"":""4b12e28cf2e8650fee0cd8f3f08fffe0b08cbb03403b85fff6c08cf007a7d683.json.gz"",""status"":404}]},{""origin"":""https://github.com/vlix/http-types"",""status"":""not_found"",""evidence"":[{""url"":""https://archive.softwareheritage.org/api/1/origin/https%3A%2F%2Fgithub.com%2Fvlix%2Fhttp-types/visits/?per_page=100"",""fetched_at"":""2026-09-23T19:58:44Z"",""cache_file"":""e0682a0abf66b05d7fad000f88a738f44d639f90a815a78b4e7b351ae3de6528.json.gz"",""status"":404}]},{""origin"":""https://github.com/vlix/http-types.git"",""status"":""not_found"",""evidence"":[{""url"":""https://archive.softwareheritage.org/api/1/origin/https%3A%2F%2Fgithub.com%2Fvlix%2Fhttp-types.git/visits/?per_page=100"",""fetched_at"":""2026-09-23T19:58:44Z"",""cache_file"":""f57d3b3a84efc7ef3509e1c8712dd0142f7bddd1b21172b7c2bb000f76e2ed56.json.gz"",""status"":404}]}],""incomplete_reasons"":[]}"
https://github.com/voxpupuli/puppet-collectd,archived_evidence_found,"[""snapshot""]",snapshot_found,observed,missing,1,1,"{""checked_at"":""2026-09-23T19:58:45Z"",""candidates"":[""https://github.com/pdxcat/puppet-module-collectd"",""https://github.com/pdxcat/puppet-module-collectd.git"",""https://github.com/voxpupuli/puppet-collectd"",""https://github.com/voxpupuli/puppet-collectd.git""],""observations"":[{""origin"":""https://github.com/pdxcat/puppet-module-collectd"",""status"":""full"",""visit"":{""origin"":""https://github.com/pdxcat/puppet-module-collectd"",""visit"":14,""date"":""2021-03-13T01:56:33.080000+00:00"",""status"":""full"",""snapshot"":""8d738efd22a86b54161d257227b2293a555ab3f5"",""type"":""git"",""metadata"":{},""origin_visit_url"":""https://archive.softwareheritage.org/api/1/origin/https://github.com/pdxcat/puppet-module-collectd/visit/14/"",""snapshot_url"":""https://archive.softwareheritage.org/api/1/snapshot/8d738efd22a86b54161d257227b2293a555ab3f5/""},""evidence"":[{""url"":""https://archive.softwareheritage.org/api/1/origin/https%3A%2F%2Fgithub.com%2Fpdxcat%2Fpuppet-module-collectd/visits/?per_page=100"",""fetched_at"":""2026-09-23T19:58:45Z"",""cache_file"":""f704dca72c306468658ed4d92ab7780ea3bcda3e3d37c196824dbca7cc6ec559.json.gz"",""status"":200}]}],""incomplete_reasons"":[]}"
https://github.com/wasm-bindgen/wasm-bindgen,archived_evidence_found,"[""snapshot"",""tag_target_revision"",""annotated_release""]",snapshot_found,observed,missing,1,0,"{""checked_at"":""2026-09-24T10:25:39Z"",""candidates"":[""https://github.com/rustwasm/wasm-bindgen"",""https://github.com/rustwasm/wasm-bindgen.git"",""https://github.com/wasm-bindgen/wasm-bindgen"",""https://github.com/wasm-bindgen/wasm-bindgen.git""],""observations"":[{""origin"":""https://github.com/rustwasm/wasm-bindgen"",""status"":""full"",""visit"":{""origin"":""https://github.com/rustwasm/wasm-bindgen"",""visit"":207,""date"":""2026-08-02T11:18:49.260000+00:00"",""status"":""full"",""snapshot"":""397fb73afe9cd9300cca2e6633b1fded3630b2c3"",""type"":""git"",""metadata"":{},""origin_visit_url"":""https://archive.softwareheritage.org/api/1/origin/https://github.com/rustwasm/wasm-bindgen/visit/207/"",""snapshot_url"":""https://archive.softwareheritage.org/api/1/snapshot/397fb73afe9cd9300cca2e6633b1fded3630b2c3/""},""evidence"":[{""url"":""https://archive.softwareheritage.org/api/1/origin/https%3A%2F%2Fgithub.com%2Frustwasm%2Fwasm-bindgen/visits/?per_page=100"",""fetched_at"":""2026-09-24T10:25:39Z"",""cache_file"":""4ee6228baa730fd7d3b32d0498ef1309bc3ba59eb22aa431d59c0885047d321e.json.gz"",""status"":200}]}],""incomplete_reasons"":[]}"
https://github.com/webpack/css-minimizer-webpack-plugin,archived_evidence_found,"[""snapshot""]",snapshot_found,observed,missing,1,0,"{""checked_at"":""2026-09-23T19:58:45Z"",""candidates"":[""https://github.com/lneveu/cssnano-webpack-plugin"",""https://github.com/lneveu/cssnano-webpack-plugin.git"",""https://github.com/webpack/css-minimizer-webpack-plugin"",""https://github.com/webpack/css-minimizer-webpack-plugin.git""],""observations"":[{""origin"":""https://github.com/lneveu/cssnano-webpack-plugin"",""status"":""full"",""visit"":{""origin"":""https://github.com/lneveu/cssnano-webpack-plugin"",""visit"":1,""date"":""2020-07-16T01:25:25.516000+00:00"",""status"":""full"",""snapshot"":""e70e3dbaa818b3f41fbf37dc5f16fa53ed0ed0aa"",""type"":""git"",""metadata"":{},""origin_visit_url"":""https://archive.softwareheritage.org/api/1/origin/https://github.com/lneveu/cssnano-webpack-plugin/visit/1/"",""snapshot_url"":""https://archive.softwareheritage.org/api/1/snapshot/e70e3dbaa818b3f41fbf37dc5f16fa53ed0ed0aa/""},""evidence"":[{""url"":""https://archive.softwareheritage.org/api/1/origin/https%3A%2F%2Fgithub.com%2Flneveu%2Fcssnano-webpack-plugin/visits/?per_page=100"",""fetched_at"":""2026-09-23T19:58:45Z"",""cache_file"":""fa2f2077f0226228019b10d20d7127ab429c4b2b8560064d25ac594aa552bf11.json.gz"",""status"":200}]}],""incomplete_reasons"":[]}"
https://github.com/webpack/enhanced-resolve,archived_evidence_found,"[""snapshot""]",snapshot_found,observed,missing,1,0,"{""checked_at"":""2026-09-23T19:58:46Z"",""candidates"":[""https://github.com/webpack/enhanced-resolve"",""https://github.com/webpack/enhanced-resolve.git""],""observations"":[{""origin"":""https://github.com/webpack/enhanced-resolve"",""status"":""full"",""visit"":{""origin"":""https://github.com/webpack/enhanced-resolve"",""visit"":180,""date"":""2026-09-12T11:13:13.233000+00:00"",""status"":""full"",""snapshot"":""0e72393f996bc2716c5699cf9b3f77cd2c49e14c"",""type"":""git"",""metadata"":{},""origin_visit_url"":""https://archive.softwareheritage.org/api/1/origin/https://github.com/webpack/enhanced-resolve/visit/180/"",""snapshot_url"":""https://archive.softwareheritage.org/api/1/snapshot/0e72393f996bc2716c5699cf9b3f77cd2c49e14c/""},""evidence"":[{""url"":""https://archive.softwareheritage.org/api/1/origin/https%3A%2F%2Fgithub.com%2Fwebpack%2Fenhanced-resolve/visits/?per_page=100"",""fetched_at"":""2026-09-23T19:58:46Z"",""cache_file"":""8d3b16e83d4459dd87011c03b5bb512b6d4cebc83498cc4d602831ca2cf83719.json.gz"",""status"":200}]}],""incomplete_reasons"":[]}"
https://github.com/webpack/sass-loader,archived_evidence_found,"[""snapshot""]",snapshot_found,observed,missing,1,1,"{""checked_at"":""2026-09-23T19:58:47Z"",""candidates"":[""https://github.com/jtangelder/sass-loader"",""https://github.com/jtangelder/sass-loader.git"",""https://github.com/webpack-contrib/sass-loader"",""https://github.com/webpack-contrib/sass-loader.git"",""https://github.com/webpack/sass-loader"",""https://github.com/webpack/sass-loader.git""],""observations"":[{""origin"":""https://github.com/jtangelder/sass-loader"",""status"":""full"",""visit"":{""origin"":""https://github.com/jtangelder/sass-loader"",""visit"":17,""date"":""2021-05-22T03:05:59.102000+00:00"",""status"":""full"",""snapshot"":""68d7061f624a4fe352a17bdeb3c92d4f2da79f57"",""type"":""git"",""metadata"":{},""origin_visit_url"":""https://archive.softwareheritage.org/api/1/origin/https://github.com/jtangelder/sass-loader/visit/17/"",""snapshot_url"":""https://archive.softwareheritage.org/api/1/snapshot/68d7061f624a4fe352a17bdeb3c92d4f2da79f57/""},""evidence"":[{""url"":""https://archive.softwareheritage.org/api/1/origin/https%3A%2F%2Fgithub.com%2Fjtangelder%2Fsass-loader/visits/?per_page=100"",""fetched_at"":""2026-09-23T19:58:47Z"",""cache_file"":""af4c826dd6bbf1e5d95f795b8ca04e4f512d354a5db7e78d717ce2ec9cb98c4b.json.gz"",""status"":200}]}],""incomplete_reasons"":[]}"
https://github.com/webpack/schema-utils,archived_evidence_found,"[""snapshot""]",snapshot_found,observed,missing,1,1,"{""checked_at"":""2026-09-23T19:58:47Z"",""candidates"":[""https://github.com/webpack-contrib/schema-utils"",""https://github.com/webpack-contrib/schema-utils.git"",""https://github.com/webpack/schema-utils"",""https://github.com/webpack/schema-utils.git""],""observations"":[{""origin"":""https://github.com/webpack-contrib/schema-utils"",""status"":""full"",""visit"":{""origin"":""https://github.com/webpack-contrib/schema-utils"",""visit"":7,""date"":""2026-01-30T18:34:27.872000+00:00"",""status"":""full"",""snapshot"":""a3264b786eee091ca926542aa64349a804a944e7"",""type"":""git"",""metadata"":{},""origin_visit_url"":""https://archive.softwareheritage.org/api/1/origin/https://github.com/webpack-contrib/schema-utils/visit/7/"",""snapshot_url"":""https://archive.softwareheritage.org/api/1/snapshot/a3264b786eee091ca926542aa64349a804a944e7/""},""evidence"":[{""url"":""https://archive.softwareheritage.org/api/1/origin/https%3A%2F%2Fgithub.com%2Fwebpack-contrib%2Fschema-utils/visits/?per_page=100"",""fetched_at"":""2026-09-23T19:58:47Z"",""cache_file"":""991d08ca9fba5be021e493f69ecf1c8c7595eb67838d9895163242bcf0ec0a90.json.gz"",""status"":200}]}],""incomplete_reasons"":[]}"
https://github.com/webpack/webpack,archived_evidence_found,"[""snapshot""]",snapshot_found,observed,missing,1,0,"{""checked_at"":""2026-09-23T19:58:48Z"",""candidates"":[""https://github.com/webpack/webpack"",""https://github.com/webpack/webpack.git""],""observations"":[{""origin"":""https://github.com/webpack/webpack"",""status"":""full"",""visit"":{""origin"":""https://github.com/webpack/webpack"",""visit"":238,""date"":""2026-09-01T03:22:47.269000+00:00"",""status"":""full"",""snapshot"":""b5923ab7d8ef5deeec93c7f00d1e8e5f1bf14c58"",""type"":""git"",""metadata"":{},""origin_visit_url"":""https://archive.softwareheritage.org/api/1/origin/https://github.com/webpack/webpack/visit/238/"",""snapshot_url"":""https://archive.softwareheritage.org/api/1/snapshot/b5923ab7d8ef5deeec93c7f00d1e8e5f1bf14c58/""},""evidence"":[{""url"":""https://archive.softwareheritage.org/api/1/origin/https%3A%2F%2Fgithub.com%2Fwebpack%2Fwebpack/visits/?per_page=100"",""fetched_at"":""2026-09-23T19:58:48Z"",""cache_file"":""6d403fa29f4e42206fa2b1c841701af4204f514cec69b7813abb8ebe096ecb54.json.gz"",""status"":200}]}],""incomplete_reasons"":[]}"
https://github.com/webpack/webpack-bundle-analyzer,archived_evidence_found,"[""snapshot""]",snapshot_found,observed,missing,1,1,"{""checked_at"":""2026-09-23T19:58:48Z"",""candidates"":[""https://github.com/th0r/webpack-bundle-analyzer"",""https://github.com/th0r/webpack-bundle-analyzer.git"",""https://github.com/webpack/webpack-bundle-analyzer"",""https://github.com/webpack/webpack-bundle-analyzer.git""],""observations"":[{""origin"":""https://github.com/th0r/webpack-bundle-analyzer"",""status"":""full"",""visit"":{""origin"":""https://github.com/th0r/webpack-bundle-analyzer"",""visit"":1,""date"":""2021-05-03T19:03:58.167000+00:00"",""status"":""full"",""snapshot"":""00c419cdd5e66d6015cbe695fe61d2dc96b99915"",""type"":""git"",""metadata"":{},""origin_visit_url"":""https://archive.softwareheritage.org/api/1/origin/https://github.com/th0r/webpack-bundle-analyzer/visit/1/"",""snapshot_url"":""https://archive.softwareheritage.org/api/1/snapshot/00c419cdd5e66d6015cbe695fe61d2dc96b99915/""},""evidence"":[{""url"":""https://archive.softwareheritage.org/api/1/origin/https%3A%2F%2Fgithub.com%2Fth0r%2Fwebpack-bundle-analyzer/visits/?per_page=100"",""fetched_at"":""2026-09-23T19:58:48Z"",""cache_file"":""da00f45631c8bcffcce6ee1702ec705f3d5434991e65ea9c92103bd390393fbd.json.gz"",""status"":200}]}],""incomplete_reasons"":[]}"
https://github.com/webpack/webpack-cli,archived_evidence_found,"[""snapshot"",""tag_target_revision"",""annotated_release""]",snapshot_found,observed,missing,1,0,"{""checked_at"":""2026-09-24T10:25:43Z"",""candidates"":[""https://github.com/webpack/webpack-cli"",""https://github.com/webpack/webpack-cli.git""],""observations"":[{""origin"":""https://github.com/webpack/webpack-cli"",""status"":""full"",""visit"":{""origin"":""https://github.com/webpack/webpack-cli"",""visit"":183,""date"":""2026-08-16T11:42:06.273000+00:00"",""status"":""full"",""snapshot"":""b7f63247310abce0d6ec1c29d241336a8249e019"",""type"":""git"",""metadata"":{},""origin_visit_url"":""https://archive.softwareheritage.org/api/1/origin/https://github.com/webpack/webpack-cli/visit/183/"",""snapshot_url"":""https://archive.softwareheritage.org/api/1/snapshot/b7f63247310abce0d6ec1c29d241336a8249e019/""},""evidence"":[{""url"":""https://archive.softwareheritage.org/api/1/origin/https%3A%2F%2Fgithub.com%2Fwebpack%2Fwebpack-cli/visits/?per_page=100"",""fetched_at"":""2026-09-24T10:25:43Z"",""cache_file"":""6ff86c9745a5624b2def38f8e09463958dc9aa89783bee86607226af4ef7a1e4.json.gz"",""status"":200}]}],""incomplete_reasons"":[]}"
https://github.com/webpack/webpack-dev-middleware,archived_evidence_found,"[""snapshot""]",snapshot_found,observed,missing,1,0,"{""checked_at"":""2026-09-23T19:58:49Z"",""candidates"":[""https://github.com/webpack/webpack-dev-middleware"",""https://github.com/webpack/webpack-dev-middleware.git""],""observations"":[{""origin"":""https://github.com/webpack/webpack-dev-middleware"",""status"":""full"",""visit"":{""origin"":""https://github.com/webpack/webpack-dev-middleware"",""visit"":215,""date"":""2026-09-01T13:48:13.045000+00:00"",""status"":""full"",""snapshot"":""f4f8ee1f5d48bb0219f2f06e07a80759b2136ece"",""type"":""git"",""metadata"":{},""origin_visit_url"":""https://archive.softwareheritage.org/api/1/origin/https://github.com/webpack/webpack-dev-middleware/visit/215/"",""snapshot_url"":""https://archive.softwareheritage.org/api/1/snapshot/f4f8ee1f5d48bb0219f2f06e07a80759b2136ece/""},""evidence"":[{""url"":""https://archive.softwareheritage.org/api/1/origin/https%3A%2F%2Fgithub.com%2Fwebpack%2Fwebpack-dev-middleware/visits/?per_page=100"",""fetched_at"":""2026-09-23T19:58:49Z"",""cache_file"":""1896641802b937f3ff8996a038b278fc8e3690e845292d7d5af6ad4e6415aa5d.json.gz"",""status"":200}]}],""incomplete_reasons"":[]}"
https://github.com/websocket-client/websocket-client,archived_evidence_found,"[""snapshot""]",snapshot_found,observed,missing,1,0,"{""checked_at"":""2026-09-23T19:58:49Z"",""candidates"":[""https://github.com/liris/websocket-client"",""https://github.com/liris/websocket-client.git"",""https://github.com/websocket-client/websocket-client"",""https://github.com/websocket-client/websocket-client.git""],""observations"":[{""origin"":""https://github.com/liris/websocket-client"",""status"":""full"",""visit"":{""origin"":""https://github.com/liris/websocket-client"",""visit"":22,""date"":""2021-01-17T00:11:15.217000+00:00"",""status"":""full"",""snapshot"":""2b6dcbac33b397441278b3017f1ad654fd877aad"",""type"":""git"",""metadata"":{},""origin_visit_url"":""https://archive.softwareheritage.org/api/1/origin/https://github.com/liris/websocket-client/visit/22/"",""snapshot_url"":""https://archive.softwareheritage.org/api/1/snapshot/2b6dcbac33b397441278b3017f1ad654fd877aad/""},""evidence"":[{""url"":""https://archive.softwareheritage.org/api/1/origin/https%3A%2F%2Fgithub.com%2Fliris%2Fwebsocket-client/visits/?per_page=100"",""fetched_at"":""2026-09-23T19:58:49Z"",""cache_file"":""a08e8805ac0608b4fb2cfc277cf9c984ab364cd77b3e39ab32c6de1a6baaf997.json.gz"",""status"":200}]}],""incomplete_reasons"":[]}"
https://github.com/whatyouhide/redix,archived_evidence_found,"[""snapshot""]",snapshot_found,observed,missing,1,1,"{""checked_at"":""2026-09-23T19:58:50Z"",""candidates"":[""https://github.com/whatyouhide/redix"",""https://github.com/whatyouhide/redix.git""],""observations"":[{""origin"":""https://github.com/whatyouhide/redix"",""status"":""full"",""visit"":{""origin"":""https://github.com/whatyouhide/redix"",""visit"":116,""date"":""2026-09-04T18:18:58.670000+00:00"",""status"":""full"",""snapshot"":""2bc159de4ab4c923b1162b0151853e5e1a447522"",""type"":""git"",""metadata"":{},""origin_visit_url"":""https://archive.softwareheritage.org/api/1/origin/https://github.com/whatyouhide/redix/visit/116/"",""snapshot_url"":""https://archive.softwareheritage.org/api/1/snapshot/2bc159de4ab4c923b1162b0151853e5e1a447522/""},""evidence"":[{""url"":""https://archive.softwareheritage.org/api/1/origin/https%3A%2F%2Fgithub.com%2Fwhatyouhide%2Fredix/visits/?per_page=100"",""fetched_at"":""2026-09-23T19:58:50Z"",""cache_file"":""c94b385f3b93dcb7ff1184b934fe9be29c61103d5ca4db71058388e57a6252b8.json.gz"",""status"":200}]}],""incomplete_reasons"":[]}"
https://github.com/wolph/portalocker,no_snapshot_at_checked_origins,[],origin_not_found,observed,missing,1,1,"{""checked_at"":""2026-09-23T19:58:51Z"",""candidates"":[""https://github.com/wolph/portalocker"",""https://github.com/wolph/portalocker.git""],""observations"":[{""origin"":""https://github.com/wolph/portalocker"",""status"":""not_found"",""evidence"":[{""url"":""https://archive.softwareheritage.org/api/1/origin/https%3A%2F%2Fgithub.com%2Fwolph%2Fportalocker/visits/?per_page=100"",""fetched_at"":""2026-09-23T19:58:50Z"",""cache_file"":""1b2247c5a8670eeb01f56c7577b5e295668f03c271fb29c8ff38580506839f23.json.gz"",""status"":404}]},{""origin"":""https://github.com/wolph/portalocker.git"",""status"":""not_found"",""evidence"":[{""url"":""https://archive.softwareheritage.org/api/1/origin/https%3A%2F%2Fgithub.com%2Fwolph%2Fportalocker.git/visits/?per_page=100"",""fetched_at"":""2026-09-23T19:58:51Z"",""cache_file"":""0ed3188296e47050454476000c94eb25c2db706fe19145b0eb2fd275b54e3192.json.gz"",""status"":404}]}],""incomplete_reasons"":[]}"
https://github.com/wolph/python-progressbar,no_snapshot_at_checked_origins,[],origin_not_found,observed,missing,1,1,"{""checked_at"":""2026-09-23T19:58:52Z"",""candidates"":[""https://github.com/wolph/python-progressbar"",""https://github.com/wolph/python-progressbar.git""],""observations"":[{""origin"":""https://github.com/wolph/python-progressbar"",""status"":""not_found"",""evidence"":[{""url"":""https://archive.softwareheritage.org/api/1/origin/https%3A%2F%2Fgithub.com%2Fwolph%2Fpython-progressbar/visits/?per_page=100"",""fetched_at"":""2026-09-23T19:58:51Z"",""cache_file"":""9b3c5dda9957793f733b710a09e1f4b26e7166cdf96d55b0d0039e90f4849ce7.json.gz"",""status"":404}]},{""origin"":""https://github.com/wolph/python-progressbar.git"",""status"":""not_found"",""evidence"":[{""url"":""https://archive.softwareheritage.org/api/1/origin/https%3A%2F%2Fgithub.com%2Fwolph%2Fpython-progressbar.git/visits/?per_page=100"",""fetched_at"":""2026-09-23T19:58:52Z"",""cache_file"":""74ae70818eae954dd3052fbb194f605a9ec1aef4a4ad33bb1497cff282e4afcd.json.gz"",""status"":404}]}],""incomplete_reasons"":[]}"
https://github.com/wolph/python-utils,archived_evidence_found,"[""snapshot""]",snapshot_found,observed,missing,1,1,"{""checked_at"":""2026-09-23T19:58:52Z"",""candidates"":[""https://github.com/WoLpH/python-utils"",""https://github.com/WoLpH/python-utils.git"",""https://github.com/wolph/python-utils"",""https://github.com/wolph/python-utils.git""],""observations"":[{""origin"":""https://github.com/WoLpH/python-utils"",""status"":""full"",""visit"":{""origin"":""https://github.com/WoLpH/python-utils"",""visit"":26,""date"":""2022-06-03T20:25:18.528000+00:00"",""status"":""full"",""snapshot"":""3019ed6534c6468d0df43dc6ce9d439b6f444e03"",""type"":""git"",""metadata"":{},""origin_visit_url"":""https://archive.softwareheritage.org/api/1/origin/https://github.com/WoLpH/python-utils/visit/26/"",""snapshot_url"":""https://archive.softwareheritage.org/api/1/snapshot/3019ed6534c6468d0df43dc6ce9d439b6f444e03/""},""evidence"":[{""url"":""https://archive.softwareheritage.org/api/1/origin/https%3A%2F%2Fgithub.com%2FWoLpH%2Fpython-utils/visits/?per_page=100"",""fetched_at"":""2026-09-23T19:58:52Z"",""cache_file"":""d6ffeabb423313588ff14bf86c7c0224baba85c654bf400b0a108143dade998c.json.gz"",""status"":200}]}],""incomplete_reasons"":[]}"
https://github.com/xmldom/xmldom,archived_evidence_found,"[""snapshot""]",snapshot_found,observed,missing,1,1,"{""checked_at"":""2026-09-23T19:58:53Z"",""candidates"":[""https://github.com/xmldom/xmldom"",""https://github.com/xmldom/xmldom.git""],""observations"":[{""origin"":""https://github.com/xmldom/xmldom"",""status"":""full"",""visit"":{""origin"":""https://github.com/xmldom/xmldom"",""visit"":89,""date"":""2026-08-17T18:50:27.751000+00:00"",""status"":""full"",""snapshot"":""ae8c2ee700f98b5ce892478afbd0b781564538a3"",""type"":""git"",""metadata"":{},""origin_visit_url"":""https://archive.softwareheritage.org/api/1/origin/https://github.com/xmldom/xmldom/visit/89/"",""snapshot_url"":""https://archive.softwareheritage.org/api/1/snapshot/ae8c2ee700f98b5ce892478afbd0b781564538a3/""},""evidence"":[{""url"":""https://archive.softwareheritage.org/api/1/origin/https%3A%2F%2Fgithub.com%2Fxmldom%2Fxmldom/visits/?per_page=100"",""fetched_at"":""2026-09-23T19:58:53Z"",""cache_file"":""1f2fa9d8d025d4d4c0b546682f5ca27e96497f9d0c8a38c99c2878cded07786c.json.gz"",""status"":200}]}],""incomplete_reasons"":[]}"
https://github.com/xrobin/proc,archived_evidence_found,"[""snapshot""]",snapshot_found,observed,missing,1,0,"{""checked_at"":""2026-09-23T19:58:54Z"",""candidates"":[""https://github.com/xrobin/pROC"",""https://github.com/xrobin/pROC.git"",""https://github.com/xrobin/proc"",""https://github.com/xrobin/proc.git""],""observations"":[{""origin"":""https://github.com/xrobin/pROC"",""status"":""full"",""visit"":{""origin"":""https://github.com/xrobin/pROC"",""visit"":42,""date"":""2026-04-11T03:21:10.849000+00:00"",""status"":""full"",""snapshot"":""2dc43addd918e5a44c0bb8eaf5056e41f0bfe16f"",""type"":""git"",""metadata"":{},""origin_visit_url"":""https://archive.softwareheritage.org/api/1/origin/https://github.com/xrobin/pROC/visit/42/"",""snapshot_url"":""https://archive.softwareheritage.org/api/1/snapshot/2dc43addd918e5a44c0bb8eaf5056e41f0bfe16f/""},""evidence"":[{""url"":""https://archive.softwareheritage.org/api/1/origin/https%3A%2F%2Fgithub.com%2Fxrobin%2FpROC/visits/?per_page=100"",""fetched_at"":""2026-09-23T19:58:54Z"",""cache_file"":""46683ee153b79800092a24822f616b91ac500824c50388c098471455ea7a53f7.json.gz"",""status"":200}]}],""incomplete_reasons"":[]}"
https://github.com/xunit/xunit.analyzers,archived_evidence_found,"[""snapshot""]",snapshot_found,observed,missing,1,1,"{""checked_at"":""2026-09-23T19:58:54Z"",""candidates"":[""https://github.com/xunit/xunit.analyzers"",""https://github.com/xunit/xunit.analyzers.git""],""observations"":[{""origin"":""https://github.com/xunit/xunit.analyzers"",""status"":""full"",""visit"":{""origin"":""https://github.com/xunit/xunit.analyzers"",""visit"":31,""date"":""2026-07-08T05:24:52.396000+00:00"",""status"":""full"",""snapshot"":""a255c819913c645fb6071152603ddb847a8223af"",""type"":""git"",""metadata"":{},""origin_visit_url"":""https://archive.softwareheritage.org/api/1/origin/https://github.com/xunit/xunit.analyzers/visit/31/"",""snapshot_url"":""https://archive.softwareheritage.org/api/1/snapshot/a255c819913c645fb6071152603ddb847a8223af/""},""evidence"":[{""url"":""https://archive.softwareheritage.org/api/1/origin/https%3A%2F%2Fgithub.com%2Fxunit%2Fxunit.analyzers/visits/?per_page=100"",""fetched_at"":""2026-09-23T19:58:54Z"",""cache_file"":""b050da98222cef1b8972f4fe9ef348b5dd3067e34bcacf8d1fdbdc0616cd3175.json.gz"",""status"":200}]}],""incomplete_reasons"":[]}"
https://github.com/yahoo/serialize-javascript,archived_evidence_found,"[""snapshot""]",snapshot_found,observed,missing,1,1,"{""checked_at"":""2026-09-23T19:58:55Z"",""candidates"":[""https://github.com/yahoo/serialize-javascript"",""https://github.com/yahoo/serialize-javascript.git""],""observations"":[{""origin"":""https://github.com/yahoo/serialize-javascript"",""status"":""full"",""visit"":{""origin"":""https://github.com/yahoo/serialize-javascript"",""visit"":120,""date"":""2026-08-18T11:14:51.351000+00:00"",""status"":""full"",""snapshot"":""8cc4d3bb0fc7b8714f2f0b72583a68dd7ad0d0b4"",""type"":""git"",""metadata"":{},""origin_visit_url"":""https://archive.softwareheritage.org/api/1/origin/https://github.com/yahoo/serialize-javascript/visit/120/"",""snapshot_url"":""https://archive.softwareheritage.org/api/1/snapshot/8cc4d3bb0fc7b8714f2f0b72583a68dd7ad0d0b4/""},""evidence"":[{""url"":""https://archive.softwareheritage.org/api/1/origin/https%3A%2F%2Fgithub.com%2Fyahoo%2Fserialize-javascript/visits/?per_page=100"",""fetched_at"":""2026-09-23T19:58:55Z"",""cache_file"":""d3a43770143715a0701fcdb6e8b443fecc30260484821eacdaab94e52b5a586a.json.gz"",""status"":200}]}],""incomplete_reasons"":[]}"
https://github.com/yargs/yargs,archived_evidence_found,"[""snapshot""]",snapshot_found,observed,missing,1,0,"{""checked_at"":""2026-09-23T19:58:56Z"",""candidates"":[""https://github.com/bcoe/yargs"",""https://github.com/bcoe/yargs.git"",""https://github.com/chevex/yargs"",""https://github.com/chevex/yargs.git"",""https://github.com/yargs/yargs"",""https://github.com/yargs/yargs.git""],""observations"":[{""origin"":""https://github.com/bcoe/yargs"",""status"":""full"",""visit"":{""origin"":""https://github.com/bcoe/yargs"",""visit"":23,""date"":""2026-04-08T10:59:51.948000+00:00"",""status"":""full"",""snapshot"":""8721a8c2f8bc6bceda920cb466c3af57a44d2290"",""type"":""git"",""metadata"":{},""origin_visit_url"":""https://archive.softwareheritage.org/api/1/origin/https://github.com/bcoe/yargs/visit/23/"",""snapshot_url"":""https://archive.softwareheritage.org/api/1/snapshot/8721a8c2f8bc6bceda920cb466c3af57a44d2290/""},""evidence"":[{""url"":""https://archive.softwareheritage.org/api/1/origin/https%3A%2F%2Fgithub.com%2Fbcoe%2Fyargs/visits/?per_page=100"",""fetched_at"":""2026-09-23T19:58:56Z"",""cache_file"":""d5eeae481dead064614ffdb652e6e2679d6bc50a95d63ee2365489acdd4610d0.json.gz"",""status"":200}]}],""incomplete_reasons"":[]}"
https://github.com/yesodweb/wai,archived_evidence_found,"[""snapshot"",""tag_target_revision""]",snapshot_found,observed,missing,1,0,"{""checked_at"":""2026-09-24T10:25:55Z"",""candidates"":[""https://github.com/yesodweb/wai"",""https://github.com/yesodweb/wai.git""],""observations"":[{""origin"":""https://github.com/yesodweb/wai"",""status"":""full"",""visit"":{""origin"":""https://github.com/yesodweb/wai"",""visit"":162,""date"":""2026-09-12T19:31:07.428000+00:00"",""status"":""full"",""snapshot"":""10c589743d27497bb8e21bf97904a823019deb77"",""type"":""git"",""metadata"":{},""origin_visit_url"":""https://archive.softwareheritage.org/api/1/origin/https://github.com/yesodweb/wai/visit/162/"",""snapshot_url"":""https://archive.softwareheritage.org/api/1/snapshot/10c589743d27497bb8e21bf97904a823019deb77/""},""evidence"":[{""url"":""https://archive.softwareheritage.org/api/1/origin/https%3A%2F%2Fgithub.com%2Fyesodweb%2Fwai/visits/?per_page=100"",""fetched_at"":""2026-09-24T10:25:55Z"",""cache_file"":""40910befce3c9e83c626aa469a3747e89f965b0f089901baf85b85298c4d8bce.json.gz"",""status"":200}]}],""incomplete_reasons"":[]}"
https://github.com/yihui/xfun,archived_evidence_found,"[""snapshot""]",snapshot_found,observed,missing,1,0,"{""checked_at"":""2026-09-23T19:58:57Z"",""candidates"":[""https://github.com/yihui/xfun"",""https://github.com/yihui/xfun.git""],""observations"":[{""origin"":""https://github.com/yihui/xfun"",""status"":""full"",""visit"":{""origin"":""https://github.com/yihui/xfun"",""visit"":60,""date"":""2026-08-09T19:00:44.321000+00:00"",""status"":""full"",""snapshot"":""5d4d9fbb44d2ba66d22af839b4e57a3d0968eb0c"",""type"":""git"",""metadata"":{},""origin_visit_url"":""https://archive.softwareheritage.org/api/1/origin/https://github.com/yihui/xfun/visit/60/"",""snapshot_url"":""https://archive.softwareheritage.org/api/1/snapshot/5d4d9fbb44d2ba66d22af839b4e57a3d0968eb0c/""},""evidence"":[{""url"":""https://archive.softwareheritage.org/api/1/origin/https%3A%2F%2Fgithub.com%2Fyihui%2Fxfun/visits/?per_page=100"",""fetched_at"":""2026-09-23T19:58:57Z"",""cache_file"":""6b046f2b7c17630e4c084a6ddd0d97ffedbda21c022fb374854f234b71167586.json.gz"",""status"":200}]}],""incomplete_reasons"":[]}"
https://github.com/yuin/goldmark,archived_evidence_found,"[""snapshot""]",snapshot_found,observed,missing,1,0,"{""checked_at"":""2026-09-23T19:58:57Z"",""candidates"":[""https://github.com/yuin/goldmark"",""https://github.com/yuin/goldmark.git""],""observations"":[{""origin"":""https://github.com/yuin/goldmark"",""status"":""full"",""visit"":{""origin"":""https://github.com/yuin/goldmark"",""visit"":1693,""date"":""2026-09-23T07:59:49.102000+00:00"",""status"":""full"",""snapshot"":""c9f95409e10d545c537d11d791a11a4e375cc4e3"",""type"":""git-checkout"",""metadata"":{},""origin_visit_url"":""https://archive.softwareheritage.org/api/1/origin/https://github.com/yuin/goldmark/visit/1693/"",""snapshot_url"":""https://archive.softwareheritage.org/api/1/snapshot/c9f95409e10d545c537d11d791a11a4e375cc4e3/""},""evidence"":[{""url"":""https://archive.softwareheritage.org/api/1/origin/https%3A%2F%2Fgithub.com%2Fyuin%2Fgoldmark/visits/?per_page=100"",""fetched_at"":""2026-09-23T19:58:57Z"",""cache_file"":""a80e86ba50af3de9a22114e38d0062ac6ee4788cda0aa1266cccae67477d61b1.json.gz"",""status"":200}]}],""incomplete_reasons"":[]}"
https://gitlab.com/catamphetamine/libphonenumber-js,archived_evidence_found,"[""snapshot""]",snapshot_found,observed,missing,1,1,"{""checked_at"":""2026-09-23T19:58:58Z"",""candidates"":[""https://gitlab.com/catamphetamine/libphonenumber-js"",""https://gitlab.com/catamphetamine/libphonenumber-js.git""],""observations"":[{""origin"":""https://gitlab.com/catamphetamine/libphonenumber-js"",""status"":""full"",""visit"":{""origin"":""https://gitlab.com/catamphetamine/libphonenumber-js"",""visit"":1,""date"":""2025-08-01T06:52:27.913000+00:00"",""status"":""full"",""snapshot"":""4b4dfa9a63a6b7a5fb6a924c29a330bef778f064"",""type"":""git"",""metadata"":{},""origin_visit_url"":""https://archive.softwareheritage.org/api/1/origin/https://gitlab.com/catamphetamine/libphonenumber-js/visit/1/"",""snapshot_url"":""https://archive.softwareheritage.org/api/1/snapshot/4b4dfa9a63a6b7a5fb6a924c29a330bef778f064/""},""evidence"":[{""url"":""https://archive.softwareheritage.org/api/1/origin/https%3A%2F%2Fgitlab.com%2Fcatamphetamine%2Flibphonenumber-js/visits/?per_page=100"",""fetched_at"":""2026-09-23T19:58:58Z"",""cache_file"":""f8d249d1b656f039efddcb00d26f19045be27c78c5c7dfcd942a773f848b7b5e.json.gz"",""status"":200}]}],""incomplete_reasons"":[]}"
https://gitlab.com/gitlab-org/ruby/gems/labkit-ruby,archived_evidence_found,"[""snapshot""]",snapshot_found,observed,missing,1,0,"{""checked_at"":""2026-09-23T19:58:59Z"",""candidates"":[""https://gitlab.com/gitlab-org/labkit-ruby"",""https://gitlab.com/gitlab-org/labkit-ruby.git"",""https://gitlab.com/gitlab-org/ruby/gems/labkit-ruby"",""https://gitlab.com/gitlab-org/ruby/gems/labkit-ruby.git""],""observations"":[{""origin"":""https://gitlab.com/gitlab-org/labkit-ruby"",""status"":""not_found"",""evidence"":[{""url"":""https://archive.softwareheritage.org/api/1/origin/https%3A%2F%2Fgitlab.com%2Fgitlab-org%2Flabkit-ruby/visits/?per_page=100"",""fetched_at"":""2026-09-23T19:58:58Z"",""cache_file"":""2b54e6529d48d7733e704362565b3c490821c0cc2930848b71a38c59339c4ecd.json.gz"",""status"":404}]},{""origin"":""https://gitlab.com/gitlab-org/labkit-ruby.git"",""status"":""full"",""visit"":{""origin"":""https://gitlab.com/gitlab-org/labkit-ruby.git"",""visit"":4,""date"":""2022-08-08T22:03:19.981000+00:00"",""status"":""full"",""snapshot"":""1c7d6ec7e3c51986ed5cec8ab77f60e8d76ddf6d"",""type"":""git"",""metadata"":{},""origin_visit_url"":""https://archive.softwareheritage.org/api/1/origin/https://gitlab.com/gitlab-org/labkit-ruby.git/visit/4/"",""snapshot_url"":""https://archive.softwareheritage.org/api/1/snapshot/1c7d6ec7e3c51986ed5cec8ab77f60e8d76ddf6d/""},""evidence"":[{""url"":""https://archive.softwareheritage.org/api/1/origin/https%3A%2F%2Fgitlab.com%2Fgitlab-org%2Flabkit-ruby.git/visits/?per_page=100"",""fetched_at"":""2026-09-23T19:58:59Z"",""cache_file"":""904e86ae919fe229202a89542bdd8836c3947c789b6f756dc17238d37adf8df5.json.gz"",""status"":200}]}],""incomplete_reasons"":[]}"
https://gitlab.freedesktop.org/cairo/cairo,archived_evidence_found,"[""snapshot"",""tag_target_revision"",""annotated_release""]",snapshot_found,observed,missing,1,1,"{""checked_at"":""2026-09-24T10:26:06Z"",""candidates"":[""https://gitlab.freedesktop.org/cairo/cairo"",""https://gitlab.freedesktop.org/cairo/cairo.git""],""observations"":[{""origin"":""https://gitlab.freedesktop.org/cairo/cairo"",""status"":""full"",""visit"":{""origin"":""https://gitlab.freedesktop.org/cairo/cairo"",""visit"":6,""date"":""2026-08-12T19:28:04.300000+00:00"",""status"":""full"",""snapshot"":""5ab4b3b2e47e4ffe1c42ee509b7fe263b01340c8"",""type"":""git"",""metadata"":{},""origin_visit_url"":""https://archive.softwareheritage.org/api/1/origin/https://gitlab.freedesktop.org/cairo/cairo/visit/6/"",""snapshot_url"":""https://archive.softwareheritage.org/api/1/snapshot/5ab4b3b2e47e4ffe1c42ee509b7fe263b01340c8/""},""evidence"":[{""url"":""https://archive.softwareheritage.org/api/1/origin/https%3A%2F%2Fgitlab.freedesktop.org%2Fcairo%2Fcairo/visits/?per_page=100"",""fetched_at"":""2026-09-24T10:26:06Z"",""cache_file"":""2e88682f8d0202c02a4d71bfca33108de62f216c6b3c6a72a2afe499b626c069.json.gz"",""status"":200}]}],""incomplete_reasons"":[]}"
