registry,purl,evidence
clojars.org,pkg:clojars/spec-coerce,"{""registry"":""clojars.org"",""purl"":""pkg:clojars/spec-coerce"",""repository_url"":""https://github.com/wilkerlucio/spec-coerce"",""evidence_url"":""https://repo.clojars.org/spec-coerce/spec-coerce/1.0.0-alpha9/spec-coerce-1.0.0-alpha9.pom"",""evidence_file"":""missing-url-evidence/053901c6f07a2b89f1b42f8bfc2661a7df45f85ed6d9e1caeee0d4bad0dc7ef9"",""reason"":""Published POM scm.connection"",""repository_role"":null,""application_repository_url"":null,""upstream_repository_url"":null,""additional_evidence_url"":null,""additional_evidence_file"":null,""source_repository_url"":""git://github.com/wilkerlucio/spec-coerce.git"",""evidence_sha256"":""acd17a75e04eda66755dceb555c0e2eea20daac5661292cffcf5f73c3f43a98a"",""recovered_at"":""2026-09-23T16:26:42Z""}"
crates.io,pkg:cargo/protobuf,"{""registry"":""crates.io"",""purl"":""pkg:cargo/protobuf"",""repository_url"":""https://github.com/stepancheg/rust-protobuf"",""evidence_url"":""https://crates.io/api/v1/crates/protobuf"",""evidence_file"":""missing-url-evidence/62d147fa15d6e259b8948c818b2be93043aecfc1873b1336072679af0140685f"",""reason"":""crates.io default version repository"",""repository_role"":null,""application_repository_url"":null,""upstream_repository_url"":null,""additional_evidence_url"":null,""additional_evidence_file"":null,""source_repository_url"":""https://github.com/stepancheg/rust-protobuf"",""evidence_sha256"":""8a1a39ba58f38941c2ab594d447d3a3384c89b50777ae6b12d377e3896ea2c44"",""recovered_at"":""2026-09-23T16:26:42Z""}"
forge.puppet.com,pkg:puppet/erwbgy/limits,"{""registry"":""forge.puppet.com"",""purl"":""pkg:puppet/erwbgy/limits"",""repository_url"":""https://github.com/erwbgy/puppet-limits"",""evidence_url"":""https://forgeapi.puppet.com/v3/modules/erwbgy-limits"",""evidence_file"":""missing-url-evidence/286a7b09fcb65bf9401083a46beaf857268d873d18299015ad66db5b56ba306c"",""reason"":""Puppet current_release.metadata.project_page"",""repository_role"":null,""application_repository_url"":null,""upstream_repository_url"":null,""additional_evidence_url"":null,""additional_evidence_file"":null,""source_repository_url"":""https://github.com/erwbgy/puppet-limits"",""evidence_sha256"":""546c72fcfd757644459a0ebf9dffffb4eb80d106879bb1897f1bc4b41e45e255"",""recovered_at"":""2026-09-23T16:26:42Z""}"
formulae.brew.sh,pkg:brew/abseil,"{""registry"":""formulae.brew.sh"",""purl"":""pkg:brew/abseil"",""repository_url"":""https://github.com/abseil/abseil-cpp"",""evidence_url"":""https://formulae.brew.sh/api/formula/abseil.json"",""evidence_file"":""missing-url-evidence/7a4133a38704ae98dddd2c012a60fd742dfb34b28850a1333eff6dd2828fe69a"",""reason"":""Homebrew urls.head.url"",""repository_role"":null,""application_repository_url"":null,""upstream_repository_url"":null,""additional_evidence_url"":null,""additional_evidence_file"":null,""source_repository_url"":""https://github.com/abseil/abseil-cpp.git"",""evidence_sha256"":""9938d5e9f44af153070ed0597e487a8ddca6691d22b44582119690e596bf61c9"",""recovered_at"":""2026-09-23T16:26:42Z""}"
formulae.brew.sh,pkg:brew/aom,"{""registry"":""formulae.brew.sh"",""purl"":""pkg:brew/aom"",""repository_url"":""https://aomedia.googlesource.com/aom"",""evidence_url"":""https://formulae.brew.sh/api/formula/aom.json"",""evidence_file"":""missing-url-evidence/5083e7ba4a0145a3dcb26a2d443f9c32cb3cce75af9ed2cecfc49f21f7b0d224"",""reason"":""Homebrew urls.head.url"",""repository_role"":null,""application_repository_url"":null,""upstream_repository_url"":null,""additional_evidence_url"":null,""additional_evidence_file"":null,""source_repository_url"":""https://aomedia.googlesource.com/aom.git"",""evidence_sha256"":""fae3f23d3dad36cd6bc737e2d3f36e68f298c5ce32b8f71c9cebccb4a6cd9a7a"",""recovered_at"":""2026-09-23T16:26:42Z""}"
formulae.brew.sh,pkg:brew/awscli,"{""registry"":""formulae.brew.sh"",""purl"":""pkg:brew/awscli"",""repository_url"":""https://github.com/aws/aws-cli"",""evidence_url"":""https://formulae.brew.sh/api/formula/awscli.json"",""evidence_file"":""missing-url-evidence/f7778ee97032239ac435d938f66574829d524989d84b680acf35d03e7aab663d"",""reason"":""Homebrew urls.head.url"",""repository_role"":null,""application_repository_url"":null,""upstream_repository_url"":null,""additional_evidence_url"":null,""additional_evidence_file"":null,""source_repository_url"":""https://github.com/aws/aws-cli.git"",""evidence_sha256"":""9b4e8380abbe2026fb7727bed3e3979cfd8a3d69c4cd3b85729e0be2c6645e5e"",""recovered_at"":""2026-09-23T16:26:42Z""}"
formulae.brew.sh,pkg:brew/azure-cli,"{""registry"":""formulae.brew.sh"",""purl"":""pkg:brew/azure-cli"",""repository_url"":""https://github.com/azure/azure-cli"",""evidence_url"":""https://formulae.brew.sh/api/formula/azure-cli.json"",""evidence_file"":""missing-url-evidence/44e3a520d47599d417f20d7e514b07cd6dfd712305ffd6904d183cb86a351e64"",""reason"":""Homebrew urls.head.url"",""repository_role"":null,""application_repository_url"":null,""upstream_repository_url"":null,""additional_evidence_url"":null,""additional_evidence_file"":null,""source_repository_url"":""https://github.com/Azure/azure-cli.git"",""evidence_sha256"":""79518643c780fb7a613ae60b34e55fdca16a590fc4ea216682877383a5c9f736"",""recovered_at"":""2026-09-23T16:26:42Z""}"
formulae.brew.sh,pkg:brew/bash,"{""registry"":""formulae.brew.sh"",""purl"":""pkg:brew/bash"",""repository_url"":""https://git.savannah.gnu.org/git/bash"",""evidence_url"":""https://formulae.brew.sh/api/formula/bash.json"",""evidence_file"":""missing-url-evidence/8e5a385e7396d5aea41c11f8638c4727cc3f4f5b76e890e5ce3ffb5f9f9b3001"",""reason"":""Homebrew urls.head.url"",""repository_role"":null,""application_repository_url"":null,""upstream_repository_url"":null,""additional_evidence_url"":null,""additional_evidence_file"":null,""source_repository_url"":""https://git.savannah.gnu.org/git/bash.git"",""evidence_sha256"":""bc09376c9a76c7e254160d4ea1ca20667562dfea11471dfc4463caebd0ad418f"",""recovered_at"":""2026-09-23T16:26:42Z""}"
formulae.brew.sh,pkg:brew/boost,"{""registry"":""formulae.brew.sh"",""purl"":""pkg:brew/boost"",""repository_url"":""https://github.com/boostorg/boost"",""evidence_url"":""https://formulae.brew.sh/api/formula/boost.json"",""evidence_file"":""missing-url-evidence/625d4c0949dc041aa4eba24532d7416ffc39ab7d3a16f6c8b14db0b671e88065"",""reason"":""Homebrew urls.head.url"",""repository_role"":null,""application_repository_url"":null,""upstream_repository_url"":null,""additional_evidence_url"":null,""additional_evidence_file"":null,""source_repository_url"":""https://github.com/boostorg/boost.git"",""evidence_sha256"":""1653f18131463698b128c0a306ad9330a6b8bad99bd9b39b5d29dbb881138ab5"",""recovered_at"":""2026-09-23T16:26:42Z""}"
formulae.brew.sh,pkg:brew/c-ares,"{""registry"":""formulae.brew.sh"",""purl"":""pkg:brew/c-ares"",""repository_url"":""https://github.com/c-ares/c-ares"",""evidence_url"":""https://formulae.brew.sh/api/formula/c-ares.json"",""evidence_file"":""missing-url-evidence/fd21c662f186c5fcb44f724ea6fab1ec1e3e505e5c5e32c278cab35e3754597b"",""reason"":""Homebrew urls.head.url"",""repository_role"":null,""application_repository_url"":null,""upstream_repository_url"":null,""additional_evidence_url"":null,""additional_evidence_file"":null,""source_repository_url"":""https://github.com/c-ares/c-ares.git"",""evidence_sha256"":""cb3bf06ee16fb8e001e06c3502962294f4a1e0578ad6c809e33189c8fd8b5bef"",""recovered_at"":""2026-09-23T16:26:42Z""}"
formulae.brew.sh,pkg:brew/cairo,"{""registry"":""formulae.brew.sh"",""purl"":""pkg:brew/cairo"",""repository_url"":""https://gitlab.freedesktop.org/cairo/cairo"",""evidence_url"":""https://formulae.brew.sh/api/formula/cairo.json"",""evidence_file"":""missing-url-evidence/e5116d6393157772f446e842eb423959c994eac7f3d5d51cfa5111d34264d766"",""reason"":""Homebrew urls.head.url"",""repository_role"":null,""application_repository_url"":null,""upstream_repository_url"":null,""additional_evidence_url"":null,""additional_evidence_file"":null,""source_repository_url"":""https://gitlab.freedesktop.org/cairo/cairo.git"",""evidence_sha256"":""cf04f37a4ec4abc815aaa89cfb486a42d10113a822ae3b64a0d7d6a211fe6baf"",""recovered_at"":""2026-09-23T16:26:42Z""}"
formulae.brew.sh,pkg:brew/capstone,"{""registry"":""formulae.brew.sh"",""purl"":""pkg:brew/capstone"",""repository_url"":""https://github.com/capstone-engine/capstone"",""evidence_url"":""https://formulae.brew.sh/api/formula/capstone.json"",""evidence_file"":""missing-url-evidence/017e8570ce455da7bd1b4b0456fcfe0aa3297ae5b1c6fabbafe2de5d41e39616"",""reason"":""Homebrew urls.head.url"",""repository_role"":null,""application_repository_url"":null,""upstream_repository_url"":null,""additional_evidence_url"":null,""additional_evidence_file"":null,""source_repository_url"":""https://github.com/capstone-engine/capstone.git"",""evidence_sha256"":""9ea8d70c782a50ae41b0ed0ce109fa8efa1b13774549f0f1a06fca4afca72cbe"",""recovered_at"":""2026-09-23T16:26:42Z""}"
formulae.brew.sh,pkg:brew/ccache,"{""registry"":""formulae.brew.sh"",""purl"":""pkg:brew/ccache"",""repository_url"":""https://github.com/ccache/ccache"",""evidence_url"":""https://formulae.brew.sh/api/formula/ccache.json"",""evidence_file"":""missing-url-evidence/045512238ca9f09608e0163ed4f7c03383e02a1af3503206393961c281283efb"",""reason"":""Homebrew urls.head.url"",""repository_role"":null,""application_repository_url"":null,""upstream_repository_url"":null,""additional_evidence_url"":null,""additional_evidence_file"":null,""source_repository_url"":""https://github.com/ccache/ccache.git"",""evidence_sha256"":""9e092fa3d31486eceef4608f783dcd3e3d981fe1640f8eb760aa5ca23045e4f4"",""recovered_at"":""2026-09-23T16:26:42Z""}"
formulae.brew.sh,pkg:brew/cmake,"{""registry"":""formulae.brew.sh"",""purl"":""pkg:brew/cmake"",""repository_url"":""https://gitlab.kitware.com/cmake/cmake"",""evidence_url"":""https://formulae.brew.sh/api/formula/cmake.json"",""evidence_file"":""missing-url-evidence/e12f0e05d0398f7f2af6bd7e818d706157827fc9ee6467cbdd353ec3adb1df5e"",""reason"":""Homebrew urls.head.url"",""repository_role"":null,""application_repository_url"":null,""upstream_repository_url"":null,""additional_evidence_url"":null,""additional_evidence_file"":null,""source_repository_url"":""https://gitlab.kitware.com/cmake/cmake.git"",""evidence_sha256"":""19733295d013f5618b4c5ae315bc135f723dc54a17a165b6f5ab0171d1deea19"",""recovered_at"":""2026-09-23T16:26:42Z""}"
formulae.brew.sh,pkg:brew/cocoapods,"{""registry"":""formulae.brew.sh"",""purl"":""pkg:brew/cocoapods"",""repository_url"":""https://github.com/cocoapods/cocoapods"",""evidence_url"":""https://formulae.brew.sh/api/formula/cocoapods.json"",""evidence_file"":""missing-url-evidence/fe683c23ee212796c0d8dd396cf38b7b8908b254f0f8fb7627f516fd1d00b3dc"",""reason"":""Homebrew GitHub source archive"",""repository_role"":null,""application_repository_url"":null,""upstream_repository_url"":null,""additional_evidence_url"":null,""additional_evidence_file"":null,""source_repository_url"":""https://github.com/CocoaPods/CocoaPods"",""evidence_sha256"":""d1ef8dc65492129860606178cfa7670428a2e8e46f9b4c32fa1df61a95b80945"",""recovered_at"":""2026-09-23T16:26:42Z""}"
formulae.brew.sh,pkg:brew/colima,"{""registry"":""formulae.brew.sh"",""purl"":""pkg:brew/colima"",""repository_url"":""https://github.com/abiosoft/colima"",""evidence_url"":""https://formulae.brew.sh/api/formula/colima.json"",""evidence_file"":""missing-url-evidence/c340a7bdd6cce4937495070f9ccdb111859abc3e979ea1ab1c76bc7d696fb07c"",""reason"":""Homebrew urls.head.url"",""repository_role"":null,""application_repository_url"":null,""upstream_repository_url"":null,""additional_evidence_url"":null,""additional_evidence_file"":null,""source_repository_url"":""https://github.com/abiosoft/colima.git"",""evidence_sha256"":""3d51901829cffaa6c1db7d90d206d922d7437772e298304e00b078a34cfaf2b9"",""recovered_at"":""2026-09-23T16:26:42Z""}"
formulae.brew.sh,pkg:brew/coreutils,"{""registry"":""formulae.brew.sh"",""purl"":""pkg:brew/coreutils"",""repository_url"":""https://git.savannah.gnu.org/git/coreutils"",""evidence_url"":""https://formulae.brew.sh/api/formula/coreutils.json"",""evidence_file"":""missing-url-evidence/9170cc8f756a7fc69351a5c63911214d702903dbdd143ec1f93c51fb43568cf9"",""reason"":""Homebrew urls.head.url"",""repository_role"":null,""application_repository_url"":null,""upstream_repository_url"":null,""additional_evidence_url"":null,""additional_evidence_file"":null,""source_repository_url"":""https://git.savannah.gnu.org/git/coreutils.git"",""evidence_sha256"":""eec606a42fbb05947271468ffad1c0b3f58c58897f6f81da03ff8be6b5e9e014"",""recovered_at"":""2026-09-23T16:26:42Z""}"
formulae.brew.sh,pkg:brew/cryptography,"{""registry"":""formulae.brew.sh"",""purl"":""pkg:brew/cryptography"",""repository_url"":""https://github.com/pyca/cryptography"",""evidence_url"":""https://formulae.brew.sh/api/formula/cryptography.json"",""evidence_file"":""missing-url-evidence/d5789ce91d44ad7a90657bc9744f6860c08793085525603957babf09dd270dc5"",""reason"":""Homebrew urls.head.url"",""repository_role"":null,""application_repository_url"":null,""upstream_repository_url"":null,""additional_evidence_url"":null,""additional_evidence_file"":null,""source_repository_url"":""https://github.com/pyca/cryptography.git"",""evidence_sha256"":""c8f8d2919f5f40d0c845ac6940fbb238fd2953ba49a37489cfd31217e743a83e"",""recovered_at"":""2026-09-23T16:26:42Z""}"
formulae.brew.sh,pkg:brew/curl,"{""registry"":""formulae.brew.sh"",""purl"":""pkg:brew/curl"",""repository_url"":""https://github.com/curl/curl"",""evidence_url"":""https://formulae.brew.sh/api/formula/curl.json"",""evidence_file"":""missing-url-evidence/789d4f42962ab80c894dd686a8dea991c676c3576ca71a799501ee18ce04a08a"",""reason"":""Homebrew urls.head.url"",""repository_role"":null,""application_repository_url"":null,""upstream_repository_url"":null,""additional_evidence_url"":null,""additional_evidence_file"":null,""source_repository_url"":""https://github.com/curl/curl.git"",""evidence_sha256"":""6bd966f4931f47a3c0ed656ff86ce878392dc931d134405315547e2f50d9d230"",""recovered_at"":""2026-09-23T16:26:42Z""}"
formulae.brew.sh,pkg:brew/dbus,"{""registry"":""formulae.brew.sh"",""purl"":""pkg:brew/dbus"",""repository_url"":""https://gitlab.freedesktop.org/dbus/dbus"",""evidence_url"":""https://formulae.brew.sh/api/formula/dbus.json"",""evidence_file"":""missing-url-evidence/53f6bdf6a494299a88993b7695eda5c61b8b0e49f2ccf27e687264d4f68e09b4"",""reason"":""Homebrew urls.head.url"",""repository_role"":null,""application_repository_url"":null,""upstream_repository_url"":null,""additional_evidence_url"":null,""additional_evidence_file"":null,""source_repository_url"":""https://gitlab.freedesktop.org/dbus/dbus.git"",""evidence_sha256"":""66ed1a5c5ab803c28b602c92d0fec5fe2f4b197cfaf7b1a09c9e40a32b36d1bb"",""recovered_at"":""2026-09-23T16:26:42Z""}"
formulae.brew.sh,pkg:brew/docker,"{""registry"":""formulae.brew.sh"",""purl"":""pkg:brew/docker"",""repository_url"":""https://github.com/docker/cli"",""evidence_url"":""https://formulae.brew.sh/api/formula/docker.json"",""evidence_file"":""missing-url-evidence/0ff239dc8ba374313ebac7ad05994d2444e40240388c9c2a07eae4fa94bbdfc9"",""reason"":""Homebrew urls.head.url"",""repository_role"":null,""application_repository_url"":null,""upstream_repository_url"":null,""additional_evidence_url"":null,""additional_evidence_file"":null,""source_repository_url"":""https://github.com/docker/cli.git"",""evidence_sha256"":""92576aa8a410278b4d7aa7a54eb82e988467a59e8939422ba48b1a60385a19b3"",""recovered_at"":""2026-09-23T16:26:42Z""}"
formulae.brew.sh,pkg:brew/docker-completion,"{""registry"":""formulae.brew.sh"",""purl"":""pkg:brew/docker-completion"",""repository_url"":""https://github.com/docker/cli"",""evidence_url"":""https://formulae.brew.sh/api/formula/docker-completion.json"",""evidence_file"":""missing-url-evidence/80a0937d45b54a47c81ade9395823c179bb5527f3fcff0384af206adc22bea33"",""reason"":""Homebrew urls.head.url"",""repository_role"":null,""application_repository_url"":null,""upstream_repository_url"":null,""additional_evidence_url"":null,""additional_evidence_file"":null,""source_repository_url"":""https://github.com/docker/cli.git"",""evidence_sha256"":""caea239b2d80ae11e561f6328536eb4a175af64d3ded52752daf119c1b3cd5c4"",""recovered_at"":""2026-09-23T16:26:42Z""}"
formulae.brew.sh,pkg:brew/docker-compose,"{""registry"":""formulae.brew.sh"",""purl"":""pkg:brew/docker-compose"",""repository_url"":""https://github.com/docker/compose"",""evidence_url"":""https://formulae.brew.sh/api/formula/docker-compose.json"",""evidence_file"":""missing-url-evidence/9a44196ce38e8a7d827ee62b4c2b4c95070ba36ffb3ac42b620c5f81652cf49e"",""reason"":""Homebrew urls.head.url"",""repository_role"":null,""application_repository_url"":null,""upstream_repository_url"":null,""additional_evidence_url"":null,""additional_evidence_file"":null,""source_repository_url"":""https://github.com/docker/compose.git"",""evidence_sha256"":""3455562c0cf2fc7f2d5de2677d00d1a7afd27159e223c9be56fbf3882a00062d"",""recovered_at"":""2026-09-23T16:26:42Z""}"
formulae.brew.sh,pkg:brew/dtc,"{""registry"":""formulae.brew.sh"",""purl"":""pkg:brew/dtc"",""repository_url"":""https://git.kernel.org/pub/scm/utils/dtc/dtc"",""evidence_url"":""https://formulae.brew.sh/api/formula/dtc.json"",""evidence_file"":""missing-url-evidence/c60c812c46b65c2d6c7d298205e61f47427b5a30656deb5be512d356487b65f7"",""reason"":""Homebrew urls.head.url"",""repository_role"":null,""application_repository_url"":null,""upstream_repository_url"":null,""additional_evidence_url"":null,""additional_evidence_file"":null,""source_repository_url"":""https://git.kernel.org/pub/scm/utils/dtc/dtc.git"",""evidence_sha256"":""9bcb0fe9d088316eb43e6f772eaf68d2a4f73bba73a1ba393c6a2b5c5089a5e9"",""recovered_at"":""2026-09-23T16:26:42Z""}"
formulae.brew.sh,pkg:brew/expat,"{""registry"":""formulae.brew.sh"",""purl"":""pkg:brew/expat"",""repository_url"":""https://github.com/libexpat/libexpat"",""evidence_url"":""https://formulae.brew.sh/api/formula/expat.json"",""evidence_file"":""missing-url-evidence/d7f0f15bd169f712e4fe81bd6768ac44dd1b651f3b83032d9726405b3cf63610"",""reason"":""Homebrew urls.head.url"",""repository_role"":null,""application_repository_url"":null,""upstream_repository_url"":null,""additional_evidence_url"":null,""additional_evidence_file"":null,""source_repository_url"":""https://github.com/libexpat/libexpat.git"",""evidence_sha256"":""c2117ea5d830adc07a948fbcad458afa81167617ddd846d27aad793299e19219"",""recovered_at"":""2026-09-23T16:26:42Z""}"
formulae.brew.sh,pkg:brew/eza,"{""registry"":""formulae.brew.sh"",""purl"":""pkg:brew/eza"",""repository_url"":""https://github.com/eza-community/eza"",""evidence_url"":""https://formulae.brew.sh/api/formula/eza.json"",""evidence_file"":""missing-url-evidence/584996280e5b6a30f656acc9323d544763c32c96279bb613db0f18685646ccb4"",""reason"":""Homebrew urls.head.url"",""repository_role"":null,""application_repository_url"":null,""upstream_repository_url"":null,""additional_evidence_url"":null,""additional_evidence_file"":null,""source_repository_url"":""https://github.com/eza-community/eza.git"",""evidence_sha256"":""e34de72c8236e15e944fb8f5d222b2974646e6880e2f60fe53ac2498415a7b2c"",""recovered_at"":""2026-09-23T16:26:42Z""}"
formulae.brew.sh,pkg:brew/ffmpeg,"{""registry"":""formulae.brew.sh"",""purl"":""pkg:brew/ffmpeg"",""repository_url"":""https://github.com/ffmpeg/ffmpeg"",""evidence_url"":""https://formulae.brew.sh/api/formula/ffmpeg.json"",""evidence_file"":""missing-url-evidence/e9a277bf73ffe9149bd54a7f1803b537a98e0c7c5dc2c8e165ec0ad4b891b41e"",""reason"":""Homebrew urls.head.url"",""repository_role"":null,""application_repository_url"":null,""upstream_repository_url"":null,""additional_evidence_url"":null,""additional_evidence_file"":null,""source_repository_url"":""https://github.com/FFmpeg/FFmpeg.git"",""evidence_sha256"":""e314eb3f0de7f4aeeb397d1cd0268b1a3035b22623780b814eeb208c7a7001cc"",""recovered_at"":""2026-09-23T16:26:42Z""}"
formulae.brew.sh,pkg:brew/flac,"{""registry"":""formulae.brew.sh"",""purl"":""pkg:brew/flac"",""repository_url"":""https://gitlab.xiph.org/xiph/flac"",""evidence_url"":""https://formulae.brew.sh/api/formula/flac.json"",""evidence_file"":""missing-url-evidence/1b020cb81ad3ffe454dbe6191d9bf7b8b225a9268c8a09ae38920d988a3dddd1"",""reason"":""Homebrew urls.head.url"",""repository_role"":null,""application_repository_url"":null,""upstream_repository_url"":null,""additional_evidence_url"":null,""additional_evidence_file"":null,""source_repository_url"":""https://gitlab.xiph.org/xiph/flac.git"",""evidence_sha256"":""d6cec2f05a1b8d6b95ab3540b5d404f7ed124123b49e8ae9f9f61528f5a3309c"",""recovered_at"":""2026-09-23T16:26:42Z""}"
formulae.brew.sh,pkg:brew/fmt,"{""registry"":""formulae.brew.sh"",""purl"":""pkg:brew/fmt"",""repository_url"":""https://github.com/fmtlib/fmt"",""evidence_url"":""https://formulae.brew.sh/api/formula/fmt.json"",""evidence_file"":""missing-url-evidence/49015df8326431d0a7415c146151d638beb227804c8881cec6fb1286777b3e60"",""reason"":""Homebrew urls.head.url"",""repository_role"":null,""application_repository_url"":null,""upstream_repository_url"":null,""additional_evidence_url"":null,""additional_evidence_file"":null,""source_repository_url"":""https://github.com/fmtlib/fmt.git"",""evidence_sha256"":""5c37d52226d81e2c031428d8a9561f884acae0761f4e68f68386fe0586386aac"",""recovered_at"":""2026-09-23T16:26:42Z""}"
formulae.brew.sh,pkg:brew/fontconfig,"{""registry"":""formulae.brew.sh"",""purl"":""pkg:brew/fontconfig"",""repository_url"":""https://gitlab.freedesktop.org/fontconfig/fontconfig"",""evidence_url"":""https://formulae.brew.sh/api/formula/fontconfig.json"",""evidence_file"":""missing-url-evidence/23bc36a62358acf37371ea553b6cd5f64a1b0397ff7be84cb94f6634e944e44e"",""reason"":""Homebrew urls.head.url"",""repository_role"":null,""application_repository_url"":null,""upstream_repository_url"":null,""additional_evidence_url"":null,""additional_evidence_file"":null,""source_repository_url"":""https://gitlab.freedesktop.org/fontconfig/fontconfig.git"",""evidence_sha256"":""4626c31384dd94adacd442c66de9c821b0e8e13888f1d4538553a69e9e4d9b92"",""recovered_at"":""2026-09-23T16:26:42Z""}"
formulae.brew.sh,pkg:brew/freetds,"{""registry"":""formulae.brew.sh"",""purl"":""pkg:brew/freetds"",""repository_url"":""https://github.com/freetds/freetds"",""evidence_url"":""https://formulae.brew.sh/api/formula/freetds.json"",""evidence_file"":""missing-url-evidence/6deef5e85104862fb03c3e27ce256431b4a3429a8d38f98f3d6728e92db234ef"",""reason"":""Homebrew urls.head.url"",""repository_role"":null,""application_repository_url"":null,""upstream_repository_url"":null,""additional_evidence_url"":null,""additional_evidence_file"":null,""source_repository_url"":""https://github.com/FreeTDS/freetds.git"",""evidence_sha256"":""03e0de798f4ceb9d6f115c47d08c82a323a26b6a7b753f8ebe8b83646e505858"",""recovered_at"":""2026-09-23T16:26:42Z""}"
formulae.brew.sh,pkg:brew/frei0r,"{""registry"":""formulae.brew.sh"",""purl"":""pkg:brew/frei0r"",""repository_url"":""https://github.com/dyne/frei0r"",""evidence_url"":""https://formulae.brew.sh/api/formula/frei0r.json"",""evidence_file"":""missing-url-evidence/a4740c1b9676324fa2ecf7b692a8f62ad2ae09e9d504e45b987cd5cca8e02eee"",""reason"":""Homebrew GitHub source archive"",""repository_role"":null,""application_repository_url"":null,""upstream_repository_url"":null,""additional_evidence_url"":null,""additional_evidence_file"":null,""source_repository_url"":""https://github.com/dyne/frei0r"",""evidence_sha256"":""4fcb82d7403f0efb7999bb2853d3c55071dfbcdd82379caa7ba194f19cc76daa"",""recovered_at"":""2026-09-23T16:26:42Z""}"
formulae.brew.sh,pkg:brew/gcc,"{""registry"":""formulae.brew.sh"",""purl"":""pkg:brew/gcc"",""repository_url"":""https://gcc.gnu.org/git/gcc"",""evidence_url"":""https://formulae.brew.sh/api/formula/gcc.json"",""evidence_file"":""missing-url-evidence/5da2cc9d36b74a7def4885ed775b67eabd9cd4482dce5d1fdeea84e28de47087"",""reason"":""Homebrew urls.head.url"",""repository_role"":null,""application_repository_url"":null,""upstream_repository_url"":null,""additional_evidence_url"":null,""additional_evidence_file"":null,""source_repository_url"":""https://gcc.gnu.org/git/gcc.git"",""evidence_sha256"":""e68524e2784ebc9f0d029dda589cb4d477d4df4e46cb1bc6ad45f65df61c1cd6"",""recovered_at"":""2026-09-23T16:26:42Z""}"
formulae.brew.sh,pkg:brew/gd,"{""registry"":""formulae.brew.sh"",""purl"":""pkg:brew/gd"",""repository_url"":""https://github.com/libgd/libgd"",""evidence_url"":""https://formulae.brew.sh/api/formula/gd.json"",""evidence_file"":""missing-url-evidence/5fb4244c923a2cc3ea9f27485bfd504916da2120a8c8c3f833afac623c0b6371"",""reason"":""Homebrew urls.head.url"",""repository_role"":null,""application_repository_url"":null,""upstream_repository_url"":null,""additional_evidence_url"":null,""additional_evidence_file"":null,""source_repository_url"":""https://github.com/libgd/libgd.git"",""evidence_sha256"":""4048f075958752d0d468ce8bf5d4238256d6985a76a7a7b4747827c495bca8a1"",""recovered_at"":""2026-09-23T16:26:42Z""}"
formulae.brew.sh,pkg:brew/gh,"{""registry"":""formulae.brew.sh"",""purl"":""pkg:brew/gh"",""repository_url"":""https://github.com/cli/cli"",""evidence_url"":""https://formulae.brew.sh/api/formula/gh.json"",""evidence_file"":""missing-url-evidence/8b17f21f9933a0e990529b03a85d9c0a1087f44d9ca3103b1e17f17058861adf"",""reason"":""Homebrew urls.head.url"",""repository_role"":null,""application_repository_url"":null,""upstream_repository_url"":null,""additional_evidence_url"":null,""additional_evidence_file"":null,""source_repository_url"":""https://github.com/cli/cli.git"",""evidence_sha256"":""e45c2f937cb1817a0f7504861120414cf0d68f3370a0c0aa4ebfacee14cd1688"",""recovered_at"":""2026-09-23T16:26:42Z""}"
formulae.brew.sh,pkg:brew/ghostscript,"{""registry"":""formulae.brew.sh"",""purl"":""pkg:brew/ghostscript"",""repository_url"":""https://github.com/artifexsoftware/ghostpdl"",""evidence_url"":""https://formulae.brew.sh/api/formula/ghostscript.json"",""evidence_file"":""missing-url-evidence/ca56a9c71d0d571b0f648e7c447a19e04dc0b2513c8bce773849dfa0a2748a58"",""reason"":""Homebrew urls.head.url"",""repository_role"":null,""application_repository_url"":null,""upstream_repository_url"":null,""additional_evidence_url"":null,""additional_evidence_file"":null,""source_repository_url"":""https://github.com/ArtifexSoftware/ghostpdl.git"",""evidence_sha256"":""5ed63e44566942c53ff885c4a452c2037767f69c75d9518cb01db28d6bdccc63"",""recovered_at"":""2026-09-23T16:26:42Z""}"
formulae.brew.sh,pkg:brew/git,"{""registry"":""formulae.brew.sh"",""purl"":""pkg:brew/git"",""repository_url"":""https://github.com/git/git"",""evidence_url"":""https://formulae.brew.sh/api/formula/git.json"",""evidence_file"":""missing-url-evidence/89ede10d07a49a737608cb95733e17816d78874219bb106df4031881aeeec93d"",""reason"":""Homebrew urls.head.url"",""repository_role"":null,""application_repository_url"":null,""upstream_repository_url"":null,""additional_evidence_url"":null,""additional_evidence_file"":null,""source_repository_url"":""https://github.com/git/git.git"",""evidence_sha256"":""6e48035f0259f138936935f41394c62d24bcc4aaddb32d50332b156c3194facf"",""recovered_at"":""2026-09-23T16:26:42Z""}"
formulae.brew.sh,pkg:brew/git-lfs,"{""registry"":""formulae.brew.sh"",""purl"":""pkg:brew/git-lfs"",""repository_url"":""https://github.com/git-lfs/git-lfs"",""evidence_url"":""https://formulae.brew.sh/api/formula/git-lfs.json"",""evidence_file"":""missing-url-evidence/e07a5d907bb1af926aae156aa489cfc2f8693661442c9c2f7044a236e36551dc"",""reason"":""Homebrew GitHub source archive"",""repository_role"":null,""application_repository_url"":null,""upstream_repository_url"":null,""additional_evidence_url"":null,""additional_evidence_file"":null,""source_repository_url"":""https://github.com/git-lfs/git-lfs"",""evidence_sha256"":""9a419daaa4e1fb5a057326abd354e3163c09cc34dbb9abdb7bbfd28fc96aa2b5"",""recovered_at"":""2026-09-23T16:26:42Z""}"
formulae.brew.sh,pkg:brew/gmp,"{""registry"":""formulae.brew.sh"",""purl"":""pkg:brew/gmp"",""repository_url"":""https://gmplib.org/repo/gmp"",""evidence_url"":""https://formulae.brew.sh/api/formula/gmp.json"",""evidence_file"":""missing-url-evidence/21ae7c0c651faeec5e18062e9facb53a44e62a8dbbbc30ad94e9c3fe6562da3e"",""reason"":""Homebrew urls.head.url"",""repository_role"":null,""application_repository_url"":null,""upstream_repository_url"":null,""additional_evidence_url"":null,""additional_evidence_file"":null,""source_repository_url"":""https://gmplib.org/repo/gmp"",""evidence_sha256"":""81d331a2d9d7f9e3a71b99297669964649844ace236714ef0cffdeef9ba0c733"",""recovered_at"":""2026-09-23T16:26:42Z""}"
formulae.brew.sh,pkg:brew/gnu-tar,"{""registry"":""formulae.brew.sh"",""purl"":""pkg:brew/gnu-tar"",""repository_url"":""https://git.savannah.gnu.org/git/tar"",""evidence_url"":""https://formulae.brew.sh/api/formula/gnu-tar.json"",""evidence_file"":""missing-url-evidence/4edde32d03d50d8b0d8a9326abdb28c3864cccb6a0e3f5e05f1812f44f02f1ef"",""reason"":""Homebrew urls.head.url"",""repository_role"":null,""application_repository_url"":null,""upstream_repository_url"":null,""additional_evidence_url"":null,""additional_evidence_file"":null,""source_repository_url"":""https://git.savannah.gnu.org/git/tar.git"",""evidence_sha256"":""52d8d2674fb0ea84850496802bd57d143f4969c5046737394f0e7561bfd72a41"",""recovered_at"":""2026-09-23T16:26:42Z""}"
formulae.brew.sh,pkg:brew/go,"{""registry"":""formulae.brew.sh"",""purl"":""pkg:brew/go"",""repository_url"":""https://go.googlesource.com/go"",""evidence_url"":""https://formulae.brew.sh/api/formula/go.json"",""evidence_file"":""missing-url-evidence/c02cf6b4eb7a926ae32c88aa649d3e7786cf71d221d3a3995ddcbca299bfeecf"",""reason"":""Homebrew urls.head.url"",""repository_role"":null,""application_repository_url"":null,""upstream_repository_url"":null,""additional_evidence_url"":null,""additional_evidence_file"":null,""source_repository_url"":""https://go.googlesource.com/go.git"",""evidence_sha256"":""785f68bb5384a2c5f7146f75cd1ae06fcb25366e28b165e847ad7a046702323c"",""recovered_at"":""2026-09-23T16:26:42Z""}"
formulae.brew.sh,pkg:brew/graphite2,"{""registry"":""formulae.brew.sh"",""purl"":""pkg:brew/graphite2"",""repository_url"":""https://github.com/silnrsi/graphite"",""evidence_url"":""https://formulae.brew.sh/api/formula/graphite2.json"",""evidence_file"":""missing-url-evidence/818e649cfcdf2fe847c4873d2b54aa93f29648ca5d608ccb92df59ab398819ab"",""reason"":""Homebrew urls.head.url"",""repository_role"":null,""application_repository_url"":null,""upstream_repository_url"":null,""additional_evidence_url"":null,""additional_evidence_file"":null,""source_repository_url"":""https://github.com/silnrsi/graphite.git"",""evidence_sha256"":""cb36980b2e7458958801dbb5a820d99bd32940f4c172c8112c52e350cd90cb5d"",""recovered_at"":""2026-09-23T16:26:42Z""}"
formulae.brew.sh,pkg:brew/graphviz,"{""registry"":""formulae.brew.sh"",""purl"":""pkg:brew/graphviz"",""repository_url"":""https://gitlab.com/graphviz/graphviz"",""evidence_url"":""https://formulae.brew.sh/api/formula/graphviz.json"",""evidence_file"":""missing-url-evidence/a316d8616b449fed10c96e7d4bf1e3720e2b8f0a8c66c5e84cdf10e8fa64249c"",""reason"":""Homebrew urls.head.url"",""repository_role"":null,""application_repository_url"":null,""upstream_repository_url"":null,""additional_evidence_url"":null,""additional_evidence_file"":null,""source_repository_url"":""https://gitlab.com/graphviz/graphviz.git"",""evidence_sha256"":""2f06a84eb40e6d39cbae450908aaa149764f60d03ff9c5766a846e3b936baeb7"",""recovered_at"":""2026-09-23T16:26:42Z""}"
formulae.brew.sh,pkg:brew/guile,"{""registry"":""formulae.brew.sh"",""purl"":""pkg:brew/guile"",""repository_url"":""https://git.savannah.gnu.org/git/guile"",""evidence_url"":""https://formulae.brew.sh/api/formula/guile.json"",""evidence_file"":""missing-url-evidence/2d99dd082dfbf8e1f02a1995e26af561d926ebdb948de83c549ca90afe1ea327"",""reason"":""Homebrew urls.head.url"",""repository_role"":null,""application_repository_url"":null,""upstream_repository_url"":null,""additional_evidence_url"":null,""additional_evidence_file"":null,""source_repository_url"":""https://git.savannah.gnu.org/git/guile.git"",""evidence_sha256"":""110317fda884d0caf57ab8519f3048a34e6e9bedd466699aeb241df0dcd74909"",""recovered_at"":""2026-09-23T16:26:42Z""}"
formulae.brew.sh,pkg:brew/helm,"{""registry"":""formulae.brew.sh"",""purl"":""pkg:brew/helm"",""repository_url"":""https://github.com/helm/helm"",""evidence_url"":""https://formulae.brew.sh/api/formula/helm.json"",""evidence_file"":""missing-url-evidence/7cca06043c81a7f28820483abac2facaa67e9cfe8deff4de38b5deb42a85214d"",""reason"":""Homebrew urls.head.url"",""repository_role"":null,""application_repository_url"":null,""upstream_repository_url"":null,""additional_evidence_url"":null,""additional_evidence_file"":null,""source_repository_url"":""https://github.com/helm/helm.git"",""evidence_sha256"":""1a41dc107065836882cb84e6eb6e9aac338b60430b01fa23a9c714b534e96db3"",""recovered_at"":""2026-09-23T16:26:42Z""}"
formulae.brew.sh,pkg:brew/hugo,"{""registry"":""formulae.brew.sh"",""purl"":""pkg:brew/hugo"",""repository_url"":""https://github.com/gohugoio/hugo"",""evidence_url"":""https://formulae.brew.sh/api/formula/hugo.json"",""evidence_file"":""missing-url-evidence/af362f78972e8dfa6dc238e909ec5e4702cd59de9f7ba10ecdb2006dce75a01c"",""reason"":""Homebrew urls.head.url"",""repository_role"":null,""application_repository_url"":null,""upstream_repository_url"":null,""additional_evidence_url"":null,""additional_evidence_file"":null,""source_repository_url"":""https://github.com/gohugoio/hugo.git"",""evidence_sha256"":""dbfaeaf1fdd013aef83eafa35dc5ce6e7d4b62964ee4afd6d25efc173dd466c7"",""recovered_at"":""2026-09-23T16:26:42Z""}"
formulae.brew.sh,pkg:brew/hwloc,"{""registry"":""formulae.brew.sh"",""purl"":""pkg:brew/hwloc"",""repository_url"":""https://github.com/open-mpi/hwloc"",""evidence_url"":""https://formulae.brew.sh/api/formula/hwloc.json"",""evidence_file"":""missing-url-evidence/9f260881f2c8b3e1bf9f3d33fe7654d6ecfa7475aec597a0712fa77c8d87de41"",""reason"":""Homebrew urls.head.url"",""repository_role"":null,""application_repository_url"":null,""upstream_repository_url"":null,""additional_evidence_url"":null,""additional_evidence_file"":null,""source_repository_url"":""https://github.com/open-mpi/hwloc.git"",""evidence_sha256"":""fdb4b80496f94a96046a45f8e0af9ab8840d433ec4a931d641196559802396b8"",""recovered_at"":""2026-09-23T16:26:42Z""}"
formulae.brew.sh,pkg:brew/imagemagick,"{""registry"":""formulae.brew.sh"",""purl"":""pkg:brew/imagemagick"",""repository_url"":""https://github.com/imagemagick/imagemagick"",""evidence_url"":""https://formulae.brew.sh/api/formula/imagemagick.json"",""evidence_file"":""missing-url-evidence/6366baff837b86397d68c885d501607c7404c798f9b266d3df469144bfa29199"",""reason"":""Homebrew urls.head.url"",""repository_role"":null,""application_repository_url"":null,""upstream_repository_url"":null,""additional_evidence_url"":null,""additional_evidence_file"":null,""source_repository_url"":""https://github.com/ImageMagick/ImageMagick.git"",""evidence_sha256"":""686ab4491a42280c08ae6d153981a6b55b3fbdd2ef71a20452ecc5e97e34d75f"",""recovered_at"":""2026-09-23T16:26:42Z""}"
formulae.brew.sh,pkg:brew/imath,"{""registry"":""formulae.brew.sh"",""purl"":""pkg:brew/imath"",""repository_url"":""https://github.com/academysoftwarefoundation/imath"",""evidence_url"":""https://formulae.brew.sh/api/formula/imath.json"",""evidence_file"":""missing-url-evidence/964333d9ef78fc3e2bdc57fe038045b16d52fb4e02eff0d8a89a9c978dd2795b"",""reason"":""Homebrew GitHub source archive"",""repository_role"":null,""application_repository_url"":null,""upstream_repository_url"":null,""additional_evidence_url"":null,""additional_evidence_file"":null,""source_repository_url"":""https://github.com/AcademySoftwareFoundation/Imath"",""evidence_sha256"":""728cd98a99586b7c258959d42e434e2ee003d65405f0deb570b532c565cc867a"",""recovered_at"":""2026-09-23T16:26:42Z""}"
formulae.brew.sh,pkg:brew/isl,"{""registry"":""formulae.brew.sh"",""purl"":""pkg:brew/isl"",""repository_url"":""https://repo.or.cz/isl"",""evidence_url"":""https://formulae.brew.sh/api/formula/isl.json"",""evidence_file"":""missing-url-evidence/2a839a6e50fd47c7fe3d38e66b9d098598c041474d07a5b3dcf455be371557cc"",""reason"":""Homebrew urls.head.url"",""repository_role"":null,""application_repository_url"":null,""upstream_repository_url"":null,""additional_evidence_url"":null,""additional_evidence_file"":null,""source_repository_url"":""https://repo.or.cz/isl.git"",""evidence_sha256"":""adc15be83ab9662a7b0f27237766eac9bb96693b59767021c7d7257e70166575"",""recovered_at"":""2026-09-23T16:26:42Z""}"
formulae.brew.sh,pkg:brew/jasper,"{""registry"":""formulae.brew.sh"",""purl"":""pkg:brew/jasper"",""repository_url"":""https://github.com/jasper-software/jasper"",""evidence_url"":""https://formulae.brew.sh/api/formula/jasper.json"",""evidence_file"":""missing-url-evidence/db9d54379a84461d091bea1e720cf23a854f66736863e25014d49e97f6164fac"",""reason"":""Homebrew GitHub source archive"",""repository_role"":null,""application_repository_url"":null,""upstream_repository_url"":null,""additional_evidence_url"":null,""additional_evidence_file"":null,""source_repository_url"":""https://github.com/jasper-software/jasper"",""evidence_sha256"":""be1db10524a956ac31bf19a07b679b21613230c4c42ceb961c95044f099632ac"",""recovered_at"":""2026-09-23T16:26:42Z""}"
formulae.brew.sh,pkg:brew/jpeg-turbo,"{""registry"":""formulae.brew.sh"",""purl"":""pkg:brew/jpeg-turbo"",""repository_url"":""https://github.com/libjpeg-turbo/libjpeg-turbo"",""evidence_url"":""https://formulae.brew.sh/api/formula/jpeg-turbo.json"",""evidence_file"":""missing-url-evidence/c67d18f4bbb3565e333f5804e800e44f66d73cffb4d7bf6fa133176c086d9a8c"",""reason"":""Homebrew urls.head.url"",""repository_role"":null,""application_repository_url"":null,""upstream_repository_url"":null,""additional_evidence_url"":null,""additional_evidence_file"":null,""source_repository_url"":""https://github.com/libjpeg-turbo/libjpeg-turbo.git"",""evidence_sha256"":""85daee8f682705c301fe4dbec38ae7ab5bac87858443064591273a10fa564be4"",""recovered_at"":""2026-09-23T16:26:42Z""}"
formulae.brew.sh,pkg:brew/jpeg-xl,"{""registry"":""formulae.brew.sh"",""purl"":""pkg:brew/jpeg-xl"",""repository_url"":""https://github.com/libjxl/libjxl"",""evidence_url"":""https://formulae.brew.sh/api/formula/jpeg-xl.json"",""evidence_file"":""missing-url-evidence/5c79b26868820645bedbf6e4665e849d3ae8d304a3dc844cd407861103067696"",""reason"":""Homebrew GitHub source archive"",""repository_role"":null,""application_repository_url"":null,""upstream_repository_url"":null,""additional_evidence_url"":null,""additional_evidence_file"":null,""source_repository_url"":""https://github.com/libjxl/libjxl"",""evidence_sha256"":""1469615efb9f113e9113b3230a13512686abf0b66ad9778fa9298c2f7e71b6be"",""recovered_at"":""2026-09-23T16:26:42Z""}"
formulae.brew.sh,pkg:brew/kubernetes-cli,"{""registry"":""formulae.brew.sh"",""purl"":""pkg:brew/kubernetes-cli"",""repository_url"":""https://github.com/kubernetes/kubernetes"",""evidence_url"":""https://formulae.brew.sh/api/formula/kubernetes-cli.json"",""evidence_file"":""missing-url-evidence/aad17f12fdc4a3a6e8a0f6c1124d72c993fd3cf6cd895b6ea889856c7b7173eb"",""reason"":""Homebrew urls.head.url"",""repository_role"":null,""application_repository_url"":null,""upstream_repository_url"":null,""additional_evidence_url"":null,""additional_evidence_file"":null,""source_repository_url"":""https://github.com/kubernetes/kubernetes.git"",""evidence_sha256"":""bff1952bb0243eff1f37e03c094e44c637283734ae434dd5c19bb23d320bcc04"",""recovered_at"":""2026-09-23T16:26:42Z""}"
formulae.brew.sh,pkg:brew/leptonica,"{""registry"":""formulae.brew.sh"",""purl"":""pkg:brew/leptonica"",""repository_url"":""https://github.com/danbloomberg/leptonica"",""evidence_url"":""https://formulae.brew.sh/api/formula/leptonica.json"",""evidence_file"":""missing-url-evidence/73a683b98d43c3b89c5273bef74aa515e900539aedb4db27d38a9f8b5a622e70"",""reason"":""Homebrew GitHub source archive"",""repository_role"":null,""application_repository_url"":null,""upstream_repository_url"":null,""additional_evidence_url"":null,""additional_evidence_file"":null,""source_repository_url"":""https://github.com/DanBloomberg/leptonica"",""evidence_sha256"":""9104c2cf2c2c8da02b3c4afaa9b8fb738255ee29c8612bd1305e59dab5da248c"",""recovered_at"":""2026-09-23T16:26:42Z""}"
formulae.brew.sh,pkg:brew/libb2,"{""registry"":""formulae.brew.sh"",""purl"":""pkg:brew/libb2"",""repository_url"":""https://github.com/blake2/libb2"",""evidence_url"":""https://formulae.brew.sh/api/formula/libb2.json"",""evidence_file"":""missing-url-evidence/989b5bbe0e887bd33b507ccd7f7a96faaa2b78833ac6f75cc045fb62fe8e07fb"",""reason"":""Homebrew GitHub source archive"",""repository_role"":null,""application_repository_url"":null,""upstream_repository_url"":null,""additional_evidence_url"":null,""additional_evidence_file"":null,""source_repository_url"":""https://github.com/BLAKE2/libb2"",""evidence_sha256"":""38d9de42a8239b4db6883800045cf97a89373e6063b5ad5b5939d7f07bab1877"",""recovered_at"":""2026-09-23T16:26:42Z""}"
formulae.brew.sh,pkg:brew/libbluray,"{""registry"":""formulae.brew.sh"",""purl"":""pkg:brew/libbluray"",""repository_url"":""https://code.videolan.org/videolan/libbluray"",""evidence_url"":""https://formulae.brew.sh/api/formula/libbluray.json"",""evidence_file"":""missing-url-evidence/752184c4c0c9ee01a59ab77c613e0cfc5e6de47006c1273c1860303f160d3696"",""reason"":""Homebrew urls.head.url"",""repository_role"":null,""application_repository_url"":null,""upstream_repository_url"":null,""additional_evidence_url"":null,""additional_evidence_file"":null,""source_repository_url"":""https://code.videolan.org/videolan/libbluray.git"",""evidence_sha256"":""8c668e848e3c0793829a8cc8c5ae15f2d019094954c7e38af65d8be50185c188"",""recovered_at"":""2026-09-23T16:26:42Z""}"
formulae.brew.sh,pkg:brew/libevent,"{""registry"":""formulae.brew.sh"",""purl"":""pkg:brew/libevent"",""repository_url"":""https://github.com/libevent/libevent"",""evidence_url"":""https://formulae.brew.sh/api/formula/libevent.json"",""evidence_file"":""missing-url-evidence/fb279c2cf4eb26b707083bc14cffc1d214fd3d20007e88f71adf6e2ecae9aef9"",""reason"":""Homebrew GitHub source archive"",""repository_role"":null,""application_repository_url"":null,""upstream_repository_url"":null,""additional_evidence_url"":null,""additional_evidence_file"":null,""source_repository_url"":""https://github.com/libevent/libevent"",""evidence_sha256"":""40b4c75340811b60b23e6eab53d140d2cdf538564fd5cd5477443898907ed536"",""recovered_at"":""2026-09-23T16:26:42Z""}"
formulae.brew.sh,pkg:brew/libffi,"{""registry"":""formulae.brew.sh"",""purl"":""pkg:brew/libffi"",""repository_url"":""https://github.com/libffi/libffi"",""evidence_url"":""https://formulae.brew.sh/api/formula/libffi.json"",""evidence_file"":""missing-url-evidence/6d0bcd420d12a5efc59dc86cb0c3164c7b84786acd8f78033b0986e207f23690"",""reason"":""Homebrew urls.head.url"",""repository_role"":null,""application_repository_url"":null,""upstream_repository_url"":null,""additional_evidence_url"":null,""additional_evidence_file"":null,""source_repository_url"":""https://github.com/libffi/libffi.git"",""evidence_sha256"":""e48386150e14da0399d03191b27100d6ea60811395866c02ddcac3aa09c47757"",""recovered_at"":""2026-09-23T16:26:42Z""}"
formulae.brew.sh,pkg:brew/libfido2,"{""registry"":""formulae.brew.sh"",""purl"":""pkg:brew/libfido2"",""repository_url"":""https://github.com/yubico/libfido2"",""evidence_url"":""https://formulae.brew.sh/api/formula/libfido2.json"",""evidence_file"":""missing-url-evidence/d2958e914285f5478aa6fe9788fb64c49ce52bb5c16e365b2135ae62f86f11bb"",""reason"":""Homebrew GitHub source archive"",""repository_role"":null,""application_repository_url"":null,""upstream_repository_url"":null,""additional_evidence_url"":null,""additional_evidence_file"":null,""source_repository_url"":""https://github.com/Yubico/libfido2"",""evidence_sha256"":""a1b330dd3ddb97281e6145a61f8d1c6eafb06e9e877941fc9c35d39a9f800391"",""recovered_at"":""2026-09-23T16:26:42Z""}"
formulae.brew.sh,pkg:brew/libgit2,"{""registry"":""formulae.brew.sh"",""purl"":""pkg:brew/libgit2"",""repository_url"":""https://github.com/libgit2/libgit2"",""evidence_url"":""https://formulae.brew.sh/api/formula/libgit2.json"",""evidence_file"":""missing-url-evidence/4fa7c4a13f7b9954f83964b4a85eed8926fe390007be9b9154cf9f6f0412b804"",""reason"":""Homebrew urls.head.url"",""repository_role"":null,""application_repository_url"":null,""upstream_repository_url"":null,""additional_evidence_url"":null,""additional_evidence_file"":null,""source_repository_url"":""https://github.com/libgit2/libgit2.git"",""evidence_sha256"":""5726bebbc81c60e3c5af367736412a82b970d81a46010a2dcaceed30cb0bccc7"",""recovered_at"":""2026-09-23T16:26:42Z""}"
formulae.brew.sh,pkg:brew/libgit2%401.7,"{""registry"":""formulae.brew.sh"",""purl"":""pkg:brew/libgit2%401.7"",""repository_url"":""https://github.com/libgit2/libgit2"",""evidence_url"":""https://formulae.brew.sh/api/formula/libgit2%401.7.json"",""evidence_file"":""missing-url-evidence/2f36d452ccc6266e5f23dd478562ddc69ae8bcf64af95bae90ec48f5eb0b1294"",""reason"":""Homebrew GitHub source archive"",""repository_role"":null,""application_repository_url"":null,""upstream_repository_url"":null,""additional_evidence_url"":null,""additional_evidence_file"":null,""source_repository_url"":""https://github.com/libgit2/libgit2"",""evidence_sha256"":""c6e3ab5d0612fddbc842bdcfaaef7017cacc074c0cc2f6629bc4acec5fdab447"",""recovered_at"":""2026-09-23T16:26:42Z""}"
formulae.brew.sh,pkg:brew/libheif,"{""registry"":""formulae.brew.sh"",""purl"":""pkg:brew/libheif"",""repository_url"":""https://github.com/strukturag/libheif"",""evidence_url"":""https://formulae.brew.sh/api/formula/libheif.json"",""evidence_file"":""missing-url-evidence/6589944310537cac1d6b7560f553671e21922db9f1e96ddf9151b984680af4c2"",""reason"":""Homebrew GitHub source archive"",""repository_role"":null,""application_repository_url"":null,""upstream_repository_url"":null,""additional_evidence_url"":null,""additional_evidence_file"":null,""source_repository_url"":""https://github.com/strukturag/libheif"",""evidence_sha256"":""524cd83b77a33db466209de3e63c95179aa46392590236f6935dadc98848b9d3"",""recovered_at"":""2026-09-23T16:26:42Z""}"
formulae.brew.sh,pkg:brew/libidn2,"{""registry"":""formulae.brew.sh"",""purl"":""pkg:brew/libidn2"",""repository_url"":""https://gitlab.com/libidn/libidn2"",""evidence_url"":""https://formulae.brew.sh/api/formula/libidn2.json"",""evidence_file"":""missing-url-evidence/f3769fa1aca2e03b2fc117efb092c50c3eec0d2ee2dfd0ad9e8610fa552f80c3"",""reason"":""Homebrew urls.head.url"",""repository_role"":null,""application_repository_url"":null,""upstream_repository_url"":null,""additional_evidence_url"":null,""additional_evidence_file"":null,""source_repository_url"":""https://gitlab.com/libidn/libidn2.git"",""evidence_sha256"":""438d2452e65b1b729f04fd5a977b2e858bcdbb6ea8a8a92dd89de5f3731e4069"",""recovered_at"":""2026-09-23T16:26:42Z""}"
formulae.brew.sh,pkg:brew/liblqr,"{""registry"":""formulae.brew.sh"",""purl"":""pkg:brew/liblqr"",""repository_url"":""https://github.com/carlobaldassi/liblqr"",""evidence_url"":""https://formulae.brew.sh/api/formula/liblqr.json"",""evidence_file"":""missing-url-evidence/73aad2131a4fef5765528844329b37d4056612b3b6f5f8595043cee82c4b9443"",""reason"":""Homebrew urls.head.url"",""repository_role"":null,""application_repository_url"":null,""upstream_repository_url"":null,""additional_evidence_url"":null,""additional_evidence_file"":null,""source_repository_url"":""https://github.com/carlobaldassi/liblqr.git"",""evidence_sha256"":""29b70aede73fdd71628bddff0612509be4a9a9fc75c6766f5e96568b141a923d"",""recovered_at"":""2026-09-23T16:26:42Z""}"
formulae.brew.sh,pkg:brew/libmpc,"{""registry"":""formulae.brew.sh"",""purl"":""pkg:brew/libmpc"",""repository_url"":""https://gitlab.inria.fr/mpc/mpc"",""evidence_url"":""https://formulae.brew.sh/api/formula/libmpc.json"",""evidence_file"":""missing-url-evidence/e6e4f9f2809c0a8c3c668616f72a2593a76dfe183cb70634271805acf0d8eaa1"",""reason"":""Homebrew urls.head.url"",""repository_role"":null,""application_repository_url"":null,""upstream_repository_url"":null,""additional_evidence_url"":null,""additional_evidence_file"":null,""source_repository_url"":""https://gitlab.inria.fr/mpc/mpc.git"",""evidence_sha256"":""794425d372bf58ded3b27de525c15aa7d2003c24a192e051744852049ba6be54"",""recovered_at"":""2026-09-23T16:26:42Z""}"
formulae.brew.sh,pkg:brew/libnghttp2,"{""registry"":""formulae.brew.sh"",""purl"":""pkg:brew/libnghttp2"",""repository_url"":""https://github.com/nghttp2/nghttp2"",""evidence_url"":""https://formulae.brew.sh/api/formula/libnghttp2.json"",""evidence_file"":""missing-url-evidence/2c67710720d0e4559b6efc38241a136e9ea946dd9d7954fa6fab4b6de6001741"",""reason"":""Homebrew urls.head.url"",""repository_role"":null,""application_repository_url"":null,""upstream_repository_url"":null,""additional_evidence_url"":null,""additional_evidence_file"":null,""source_repository_url"":""https://github.com/nghttp2/nghttp2.git"",""evidence_sha256"":""4ddce6d14f822634376a3c34520f6d95bc8ac55f8c293ca892dbdcbec9340112"",""recovered_at"":""2026-09-23T16:26:42Z""}"
formulae.brew.sh,pkg:brew/libogg,"{""registry"":""formulae.brew.sh"",""purl"":""pkg:brew/libogg"",""repository_url"":""https://gitlab.xiph.org/xiph/ogg"",""evidence_url"":""https://formulae.brew.sh/api/formula/libogg.json"",""evidence_file"":""missing-url-evidence/08d69155138bc60069024118fcf138e4bdabf9941058d9a2858954581b539de4"",""reason"":""Homebrew urls.head.url"",""repository_role"":null,""application_repository_url"":null,""upstream_repository_url"":null,""additional_evidence_url"":null,""additional_evidence_file"":null,""source_repository_url"":""https://gitlab.xiph.org/xiph/ogg.git"",""evidence_sha256"":""5f28a576bdc776cd8550ae8ba524ffca399cbc9f33c80a0f4f2fab3bb987dd14"",""recovered_at"":""2026-09-23T16:26:42Z""}"
formulae.brew.sh,pkg:brew/libomp,"{""registry"":""formulae.brew.sh"",""purl"":""pkg:brew/libomp"",""repository_url"":""https://github.com/llvm/llvm-project"",""evidence_url"":""https://formulae.brew.sh/api/formula/libomp.json"",""evidence_file"":""missing-url-evidence/7437433ec23bf95dca8f939339301b188ecb76442c0c174636dbc96c45eb289c"",""reason"":""Homebrew GitHub source archive"",""repository_role"":null,""application_repository_url"":null,""upstream_repository_url"":null,""additional_evidence_url"":null,""additional_evidence_file"":null,""source_repository_url"":""https://github.com/llvm/llvm-project"",""evidence_sha256"":""24ff78f14c1b4880e490b5945a4b18fb0354896dd1e73351f7fe46f0499439a1"",""recovered_at"":""2026-09-23T16:26:42Z""}"
formulae.brew.sh,pkg:brew/libpng,"{""registry"":""formulae.brew.sh"",""purl"":""pkg:brew/libpng"",""repository_url"":""https://github.com/pnggroup/libpng"",""evidence_url"":""https://formulae.brew.sh/api/formula/libpng.json"",""evidence_file"":""missing-url-evidence/725bfe074a3215e5bb908c7f2d12d0262ae84f6555270ac2da6bcfdc29f308a7"",""reason"":""Homebrew urls.head.url"",""repository_role"":null,""application_repository_url"":null,""upstream_repository_url"":null,""additional_evidence_url"":null,""additional_evidence_file"":null,""source_repository_url"":""https://github.com/pnggroup/libpng.git"",""evidence_sha256"":""9f7c3a8d07b4587ccf207360f47d4b8cb3dcb526ac24136f33547fe50f4edfcd"",""recovered_at"":""2026-09-23T16:26:42Z""}"
formulae.brew.sh,pkg:brew/librist,"{""registry"":""formulae.brew.sh"",""purl"":""pkg:brew/librist"",""repository_url"":""https://code.videolan.org/rist/librist"",""evidence_url"":""https://formulae.brew.sh/api/formula/librist.json"",""evidence_file"":""missing-url-evidence/a8efe218178674c7fe3081e10c1a8e40ca5564c39a1e7934799f938f8f8f04f4"",""reason"":""Homebrew urls.head.url"",""repository_role"":null,""application_repository_url"":null,""upstream_repository_url"":null,""additional_evidence_url"":null,""additional_evidence_file"":null,""source_repository_url"":""https://code.videolan.org/rist/librist.git"",""evidence_sha256"":""d67ed2b3b7285b6677ab44b1eae9fce6e0020ff528255273b4ab5b652d69690e"",""recovered_at"":""2026-09-23T16:26:42Z""}"
formulae.brew.sh,pkg:brew/libsodium,"{""registry"":""formulae.brew.sh"",""purl"":""pkg:brew/libsodium"",""repository_url"":""https://github.com/jedisct1/libsodium"",""evidence_url"":""https://formulae.brew.sh/api/formula/libsodium.json"",""evidence_file"":""missing-url-evidence/3ce90ea71f6a642b4b42878d89a94f694523849738e742285c62c31bef7a314f"",""reason"":""Homebrew urls.head.url"",""repository_role"":null,""application_repository_url"":null,""upstream_repository_url"":null,""additional_evidence_url"":null,""additional_evidence_file"":null,""source_repository_url"":""https://github.com/jedisct1/libsodium.git"",""evidence_sha256"":""234d9d4f33159663e5889df3e53dd5492a476f9989980b7c0235b72848375344"",""recovered_at"":""2026-09-23T16:26:42Z""}"
formulae.brew.sh,pkg:brew/libssh,"{""registry"":""formulae.brew.sh"",""purl"":""pkg:brew/libssh"",""repository_url"":""https://git.libssh.org/projects/libssh"",""evidence_url"":""https://formulae.brew.sh/api/formula/libssh.json"",""evidence_file"":""missing-url-evidence/e329f43c3c8cb451a080258af5e8220116f3e9b51d3da8c1b69802f972a9ba2d"",""reason"":""Homebrew urls.head.url"",""repository_role"":null,""application_repository_url"":null,""upstream_repository_url"":null,""additional_evidence_url"":null,""additional_evidence_file"":null,""source_repository_url"":""https://git.libssh.org/projects/libssh.git"",""evidence_sha256"":""894c7c912f2dc656accf9197566f94534983fbade0be2866c259344664efac43"",""recovered_at"":""2026-09-23T16:26:42Z""}"
formulae.brew.sh,pkg:brew/libssh2,"{""registry"":""formulae.brew.sh"",""purl"":""pkg:brew/libssh2"",""repository_url"":""https://github.com/libssh2/libssh2"",""evidence_url"":""https://formulae.brew.sh/api/formula/libssh2.json"",""evidence_file"":""missing-url-evidence/fab3f7103a8b292fd4f87339e009446e512e3575de7ae0bd9e2cfcfac7a67472"",""reason"":""Homebrew urls.head.url"",""repository_role"":null,""application_repository_url"":null,""upstream_repository_url"":null,""additional_evidence_url"":null,""additional_evidence_file"":null,""source_repository_url"":""https://github.com/libssh2/libssh2.git"",""evidence_sha256"":""15430e83ee79526ed49ea5ff7963b92ac0ac8d094b3608e610a619ada221e676"",""recovered_at"":""2026-09-23T16:26:42Z""}"
formulae.brew.sh,pkg:brew/libusb,"{""registry"":""formulae.brew.sh"",""purl"":""pkg:brew/libusb"",""repository_url"":""https://github.com/libusb/libusb"",""evidence_url"":""https://formulae.brew.sh/api/formula/libusb.json"",""evidence_file"":""missing-url-evidence/41ba0d9d43454a540a6567725749558c24646fa5353b83d5b3c32ef297ce2f24"",""reason"":""Homebrew urls.head.url"",""repository_role"":null,""application_repository_url"":null,""upstream_repository_url"":null,""additional_evidence_url"":null,""additional_evidence_file"":null,""source_repository_url"":""https://github.com/libusb/libusb.git"",""evidence_sha256"":""da2bf2fd2910b45975a0e91081bddf101e420ce4752b58e5e1afdba4f8c48d89"",""recovered_at"":""2026-09-23T16:26:42Z""}"
formulae.brew.sh,pkg:brew/libuv,"{""registry"":""formulae.brew.sh"",""purl"":""pkg:brew/libuv"",""repository_url"":""https://github.com/libuv/libuv"",""evidence_url"":""https://formulae.brew.sh/api/formula/libuv.json"",""evidence_file"":""missing-url-evidence/07152d1dfa44b3383a743582004077b9b2c46476636c4a50f29434ef45e44aab"",""reason"":""Homebrew urls.head.url"",""repository_role"":null,""application_repository_url"":null,""upstream_repository_url"":null,""additional_evidence_url"":null,""additional_evidence_file"":null,""source_repository_url"":""https://github.com/libuv/libuv.git"",""evidence_sha256"":""7b9ad17e17fda0e4db92c55645a54880162e6c7595ebf4d9868b69bc2e4f0f14"",""recovered_at"":""2026-09-23T16:26:42Z""}"
formulae.brew.sh,pkg:brew/libvorbis,"{""registry"":""formulae.brew.sh"",""purl"":""pkg:brew/libvorbis"",""repository_url"":""https://gitlab.xiph.org/xiph/vorbis"",""evidence_url"":""https://formulae.brew.sh/api/formula/libvorbis.json"",""evidence_file"":""missing-url-evidence/173892cbe0f0225949de4dd4f9a36cca1045e241f5edf22470a6c1c4a5b80f62"",""reason"":""Homebrew urls.head.url"",""repository_role"":null,""application_repository_url"":null,""upstream_repository_url"":null,""additional_evidence_url"":null,""additional_evidence_file"":null,""source_repository_url"":""https://gitlab.xiph.org/xiph/vorbis.git"",""evidence_sha256"":""5d27a11861e1a3a9fb93cf12050aeb61a071a38e2d76ef6fedf2b7dc392a09d4"",""recovered_at"":""2026-09-23T16:26:42Z""}"
formulae.brew.sh,pkg:brew/libvpx,"{""registry"":""formulae.brew.sh"",""purl"":""pkg:brew/libvpx"",""repository_url"":""https://chromium.googlesource.com/webm/libvpx"",""evidence_url"":""https://formulae.brew.sh/api/formula/libvpx.json"",""evidence_file"":""missing-url-evidence/6df944952a7e79be6b40886299cefbc13885fb5e7823c8ef27f9f42f11ad1600"",""reason"":""Homebrew urls.head.url"",""repository_role"":null,""application_repository_url"":null,""upstream_repository_url"":null,""additional_evidence_url"":null,""additional_evidence_file"":null,""source_repository_url"":""https://chromium.googlesource.com/webm/libvpx.git"",""evidence_sha256"":""30db0076ead701824740ff9c543a4883d93369edebdda37af2486b824347d861"",""recovered_at"":""2026-09-23T16:26:42Z""}"
formulae.brew.sh,pkg:brew/libxml2,"{""registry"":""formulae.brew.sh"",""purl"":""pkg:brew/libxml2"",""repository_url"":""https://gitlab.gnome.org/GNOME/libxml2"",""evidence_url"":""https://formulae.brew.sh/api/formula/libxml2.json"",""evidence_file"":""missing-url-evidence/f0bdc0e1a92f8fc53b46e617db44bb5e6df81399d6751b0a0ae0eee7f42139eb"",""reason"":""Homebrew urls.head.url"",""repository_role"":null,""application_repository_url"":null,""upstream_repository_url"":null,""additional_evidence_url"":null,""additional_evidence_file"":null,""source_repository_url"":""https://gitlab.gnome.org/GNOME/libxml2.git"",""evidence_sha256"":""4e4081355ec5336bc2b6f8711e354d793cc571643ace9672a9d30d276352e913"",""recovered_at"":""2026-09-23T16:26:42Z""}"
formulae.brew.sh,pkg:brew/lima,"{""registry"":""formulae.brew.sh"",""purl"":""pkg:brew/lima"",""repository_url"":""https://github.com/lima-vm/lima"",""evidence_url"":""https://formulae.brew.sh/api/formula/lima.json"",""evidence_file"":""missing-url-evidence/4b2d063c97064d51ac9c002ea0d49acd4ec617404192b5a09af700be222d3200"",""reason"":""Homebrew urls.head.url"",""repository_role"":null,""application_repository_url"":null,""upstream_repository_url"":null,""additional_evidence_url"":null,""additional_evidence_file"":null,""source_repository_url"":""https://github.com/lima-vm/lima.git"",""evidence_sha256"":""9033ef285c711b43bee7d073586ab33df3df772ba0c566a63730b3f1b49dca2b"",""recovered_at"":""2026-09-23T16:26:42Z""}"
formulae.brew.sh,pkg:brew/llvm,"{""registry"":""formulae.brew.sh"",""purl"":""pkg:brew/llvm"",""repository_url"":""https://github.com/llvm/llvm-project"",""evidence_url"":""https://formulae.brew.sh/api/formula/llvm.json"",""evidence_file"":""missing-url-evidence/bad7b2e8e0be153e036087b35f9aa0f7b0af5673e803efa05ffe7804df3e5491"",""reason"":""Homebrew urls.head.url"",""repository_role"":null,""application_repository_url"":null,""upstream_repository_url"":null,""additional_evidence_url"":null,""additional_evidence_file"":null,""source_repository_url"":""https://github.com/llvm/llvm-project.git"",""evidence_sha256"":""d7e7a6420e3761f288a9fe6a19116513bc0f4fc34e1c265dd657f44492021b4f"",""recovered_at"":""2026-09-23T16:26:42Z""}"
formulae.brew.sh,pkg:brew/luajit,"{""registry"":""formulae.brew.sh"",""purl"":""pkg:brew/luajit"",""repository_url"":""https://github.com/luajit/luajit"",""evidence_url"":""https://formulae.brew.sh/api/formula/luajit.json"",""evidence_file"":""missing-url-evidence/9c4c42f50f4afd09f63f06f602b7abc5ab64c11f89fa50411aa8f1292df68431"",""reason"":""Homebrew urls.head.url"",""repository_role"":null,""application_repository_url"":null,""upstream_repository_url"":null,""additional_evidence_url"":null,""additional_evidence_file"":null,""source_repository_url"":""https://github.com/LuaJIT/LuaJIT.git"",""evidence_sha256"":""338e94160ef7efa66c811edacaea5808d1e02c785f5c704c89374a4712da9f2c"",""recovered_at"":""2026-09-23T16:26:42Z""}"
formulae.brew.sh,pkg:brew/mbedtls,"{""registry"":""formulae.brew.sh"",""purl"":""pkg:brew/mbedtls"",""repository_url"":""https://github.com/mbed-tls/mbedtls"",""evidence_url"":""https://formulae.brew.sh/api/formula/mbedtls.json"",""evidence_file"":""missing-url-evidence/0e5b54e66008a466461733642a0ec41aab9a01db53325522c84cfb0cd7968be6"",""reason"":""Homebrew urls.head.url"",""repository_role"":null,""application_repository_url"":null,""upstream_repository_url"":null,""additional_evidence_url"":null,""additional_evidence_file"":null,""source_repository_url"":""https://github.com/Mbed-TLS/mbedtls.git"",""evidence_sha256"":""c6964fb50f989e8fed100936340e3996736389208ca4e8a01949784c6dcd6eb0"",""recovered_at"":""2026-09-23T16:26:42Z""}"
formulae.brew.sh,pkg:brew/mpfr,"{""registry"":""formulae.brew.sh"",""purl"":""pkg:brew/mpfr"",""repository_url"":""https://gitlab.inria.fr/mpfr/mpfr"",""evidence_url"":""https://formulae.brew.sh/api/formula/mpfr.json"",""evidence_file"":""missing-url-evidence/a10d2846f510b50f3dea3b4ba391d301e92b31273c130c5c8b451ea7ddab97fc"",""reason"":""Homebrew urls.head.url"",""repository_role"":null,""application_repository_url"":null,""upstream_repository_url"":null,""additional_evidence_url"":null,""additional_evidence_file"":null,""source_repository_url"":""https://gitlab.inria.fr/mpfr/mpfr.git"",""evidence_sha256"":""253ded6c00c625aaeb0c80184de9e9e0a7938ae52ab1c080aace13ca37030241"",""recovered_at"":""2026-09-23T16:26:42Z""}"
formulae.brew.sh,pkg:brew/neovim,"{""registry"":""formulae.brew.sh"",""purl"":""pkg:brew/neovim"",""repository_url"":""https://github.com/neovim/neovim"",""evidence_url"":""https://formulae.brew.sh/api/formula/neovim.json"",""evidence_file"":""missing-url-evidence/e6c4492e4ba481c89a8add2a55dc4961682d8018797690f187d6a41491e87a60"",""reason"":""Homebrew urls.head.url"",""repository_role"":null,""application_repository_url"":null,""upstream_repository_url"":null,""additional_evidence_url"":null,""additional_evidence_file"":null,""source_repository_url"":""https://github.com/neovim/neovim.git"",""evidence_sha256"":""2458a6f2ebb673679b82dc342424237c08de8af0be0892cccac576ed5a80aebb"",""recovered_at"":""2026-09-23T16:26:42Z""}"
formulae.brew.sh,pkg:brew/netpbm,"{""registry"":""formulae.brew.sh"",""purl"":""pkg:brew/netpbm"",""repository_url"":""https://svn.code.sf.net/p/netpbm/code/trunk"",""evidence_url"":""https://formulae.brew.sh/api/formula/netpbm.json"",""evidence_file"":""missing-url-evidence/0e77c7b7c6471a05ebf2ad9a47ac6de6c7d1e1c9861f814721d683b735cd6829"",""reason"":""Homebrew urls.head.url"",""repository_role"":null,""application_repository_url"":null,""upstream_repository_url"":null,""additional_evidence_url"":null,""additional_evidence_file"":null,""source_repository_url"":""https://svn.code.sf.net/p/netpbm/code/trunk"",""evidence_sha256"":""4c1bcc6cec27da117ad9f7239a7efaaf5979720f44d7b2172ab56021fb8a2d9a"",""recovered_at"":""2026-09-23T16:26:42Z""}"
formulae.brew.sh,pkg:brew/ninja,"{""registry"":""formulae.brew.sh"",""purl"":""pkg:brew/ninja"",""repository_url"":""https://github.com/ninja-build/ninja"",""evidence_url"":""https://formulae.brew.sh/api/formula/ninja.json"",""evidence_file"":""missing-url-evidence/a8c64a6b440fd412cffcf68f8f6a6f92fde8e7f411b41bbc7c2be031ee9bac05"",""reason"":""Homebrew urls.head.url"",""repository_role"":null,""application_repository_url"":null,""upstream_repository_url"":null,""additional_evidence_url"":null,""additional_evidence_file"":null,""source_repository_url"":""https://github.com/ninja-build/ninja.git"",""evidence_sha256"":""4950637c3bc4929bcf97449726465caacce099d414cd0ceb5afc6bd19f429b2d"",""recovered_at"":""2026-09-23T16:26:42Z""}"
formulae.brew.sh,pkg:brew/node,"{""registry"":""formulae.brew.sh"",""purl"":""pkg:brew/node"",""repository_url"":""https://github.com/nodejs/node"",""evidence_url"":""https://formulae.brew.sh/api/formula/node.json"",""evidence_file"":""missing-url-evidence/5df35bc20f39a0c37f260a898ce04723cb4c76014be8062565fb646a3a56ecf5"",""reason"":""Homebrew urls.head.url"",""repository_role"":null,""application_repository_url"":null,""upstream_repository_url"":null,""additional_evidence_url"":null,""additional_evidence_file"":null,""source_repository_url"":""https://github.com/nodejs/node.git"",""evidence_sha256"":""6384e7fc1ddae09cf4e145cf97bfe3f452b095f941ac3d19c207a80dd950a15b"",""recovered_at"":""2026-09-23T16:26:42Z""}"
formulae.brew.sh,pkg:brew/numpy,"{""registry"":""formulae.brew.sh"",""purl"":""pkg:brew/numpy"",""repository_url"":""https://github.com/numpy/numpy"",""evidence_url"":""https://formulae.brew.sh/api/formula/numpy.json"",""evidence_file"":""missing-url-evidence/53287e182f44e547259c7ef1587d8aa26b9a96f429a6178c78d37422d4cc22c2"",""reason"":""Homebrew urls.head.url"",""repository_role"":null,""application_repository_url"":null,""upstream_repository_url"":null,""additional_evidence_url"":null,""additional_evidence_file"":null,""source_repository_url"":""https://github.com/numpy/numpy.git"",""evidence_sha256"":""6c34638fbd0098a46b4322fb64db72829310140f3e88867560f54e9575a6de58"",""recovered_at"":""2026-09-23T16:26:42Z""}"
formulae.brew.sh,pkg:brew/openblas,"{""registry"":""formulae.brew.sh"",""purl"":""pkg:brew/openblas"",""repository_url"":""https://github.com/openmathlib/openblas"",""evidence_url"":""https://formulae.brew.sh/api/formula/openblas.json"",""evidence_file"":""missing-url-evidence/5af6c4e03e346442a0cc3eeb98dfc8429ff069fc87283d9db77c3d542521754b"",""reason"":""Homebrew urls.head.url"",""repository_role"":null,""application_repository_url"":null,""upstream_repository_url"":null,""additional_evidence_url"":null,""additional_evidence_file"":null,""source_repository_url"":""https://github.com/OpenMathLib/OpenBLAS.git"",""evidence_sha256"":""50f7bfb4a9ffcc3ba53328de426b5c1d99fea2c138028ca60e04140515ef0de0"",""recovered_at"":""2026-09-23T16:26:42Z""}"
formulae.brew.sh,pkg:brew/openexr,"{""registry"":""formulae.brew.sh"",""purl"":""pkg:brew/openexr"",""repository_url"":""https://github.com/academysoftwarefoundation/openexr"",""evidence_url"":""https://formulae.brew.sh/api/formula/openexr.json"",""evidence_file"":""missing-url-evidence/fcaf0f75c7892d999b9b3d8e1ede0b8829a4a8b5b8f1069f2753490a8eaa96c9"",""reason"":""Homebrew GitHub source archive"",""repository_role"":null,""application_repository_url"":null,""upstream_repository_url"":null,""additional_evidence_url"":null,""additional_evidence_file"":null,""source_repository_url"":""https://github.com/AcademySoftwareFoundation/openexr"",""evidence_sha256"":""975b7b28ebf01d09401bfc7ec5047614b997158f51f373d5cba12ee5ef3b45ac"",""recovered_at"":""2026-09-23T16:26:42Z""}"
formulae.brew.sh,pkg:brew/openjdk,"{""registry"":""formulae.brew.sh"",""purl"":""pkg:brew/openjdk"",""repository_url"":""https://github.com/openjdk/jdk27u"",""evidence_url"":""https://formulae.brew.sh/api/formula/openjdk.json"",""evidence_file"":""missing-url-evidence/e5fd3f1b8db458e450779fefb0b608b6003aa1add5b9fa14bdcbd386ef0c9dc7"",""reason"":""Homebrew GitHub source archive"",""repository_role"":null,""application_repository_url"":null,""upstream_repository_url"":null,""additional_evidence_url"":null,""additional_evidence_file"":null,""source_repository_url"":""https://github.com/openjdk/jdk27u"",""evidence_sha256"":""eb84f374113d99d66c10755d4f23cc59b8e08499dfd6923b21430732389bbb6e"",""recovered_at"":""2026-09-23T16:26:42Z""}"
formulae.brew.sh,pkg:brew/openjdk%4011,"{""registry"":""formulae.brew.sh"",""purl"":""pkg:brew/openjdk%4011"",""repository_url"":""https://github.com/openjdk/jdk11u"",""evidence_url"":""https://formulae.brew.sh/api/formula/openjdk%4011.json"",""evidence_file"":""missing-url-evidence/e154e96881bec7fc831128e0fae4a48881f44305b548714c43b3f96bbd040e5f"",""reason"":""Homebrew GitHub source archive"",""repository_role"":null,""application_repository_url"":null,""upstream_repository_url"":null,""additional_evidence_url"":null,""additional_evidence_file"":null,""source_repository_url"":""https://github.com/openjdk/jdk11u"",""evidence_sha256"":""5c1e7f55000d5ff36f638b4049f085bae0d4b5c6b97b8d87ebc9583b4a808e8b"",""recovered_at"":""2026-09-23T16:26:42Z""}"
formulae.brew.sh,pkg:brew/openjdk%4017,"{""registry"":""formulae.brew.sh"",""purl"":""pkg:brew/openjdk%4017"",""repository_url"":""https://github.com/openjdk/jdk17u"",""evidence_url"":""https://formulae.brew.sh/api/formula/openjdk%4017.json"",""evidence_file"":""missing-url-evidence/9e2408c1e735fc96312d70b7c632549accfc33440b25b92c25e013b6a66e461a"",""reason"":""Homebrew GitHub source archive"",""repository_role"":null,""application_repository_url"":null,""upstream_repository_url"":null,""additional_evidence_url"":null,""additional_evidence_file"":null,""source_repository_url"":""https://github.com/openjdk/jdk17u"",""evidence_sha256"":""4ea9fe550f2facead92e43e974cc5ff0e5652c39b6e2f56e94cd3213e6f23b63"",""recovered_at"":""2026-09-23T16:26:42Z""}"
formulae.brew.sh,pkg:brew/openjpeg,"{""registry"":""formulae.brew.sh"",""purl"":""pkg:brew/openjpeg"",""repository_url"":""https://github.com/uclouvain/openjpeg"",""evidence_url"":""https://formulae.brew.sh/api/formula/openjpeg.json"",""evidence_file"":""missing-url-evidence/9fd3046d34306a4867511e9c9e87e6823a09da97f15ad79a025df108d07a0f07"",""reason"":""Homebrew urls.head.url"",""repository_role"":null,""application_repository_url"":null,""upstream_repository_url"":null,""additional_evidence_url"":null,""additional_evidence_file"":null,""source_repository_url"":""https://github.com/uclouvain/openjpeg.git"",""evidence_sha256"":""a245506db0697b653a53f404ee9a5ff478a72862ea3852d877d3a9a3989f53a3"",""recovered_at"":""2026-09-23T16:26:42Z""}"
formulae.brew.sh,pkg:brew/openssl%403,"{""registry"":""formulae.brew.sh"",""purl"":""pkg:brew/openssl%403"",""repository_url"":""https://github.com/openssl/openssl"",""evidence_url"":""https://formulae.brew.sh/api/formula/openssl%403.json"",""evidence_file"":""missing-url-evidence/ce5c64ae44db73b43e8d4d2198346b60286b9946e9dc5ac19ace85075b2be667"",""reason"":""Homebrew GitHub source archive"",""repository_role"":null,""application_repository_url"":null,""upstream_repository_url"":null,""additional_evidence_url"":null,""additional_evidence_file"":null,""source_repository_url"":""https://github.com/openssl/openssl"",""evidence_sha256"":""b4e7a0620f312b74c4cf5c37fedea5356693d2720ef6b8e26cf2ed59513b7829"",""recovered_at"":""2026-09-23T16:26:42Z""}"
formulae.brew.sh,pkg:brew/openvino,"{""registry"":""formulae.brew.sh"",""purl"":""pkg:brew/openvino"",""repository_url"":""https://github.com/openvinotoolkit/openvino"",""evidence_url"":""https://formulae.brew.sh/api/formula/openvino.json"",""evidence_file"":""missing-url-evidence/74ab5ff87480d70466102fcc26ffe11aaf7763e300ff952f720af115520b65a3"",""reason"":""Homebrew urls.head.url"",""repository_role"":null,""application_repository_url"":null,""upstream_repository_url"":null,""additional_evidence_url"":null,""additional_evidence_file"":null,""source_repository_url"":""https://github.com/openvinotoolkit/openvino.git"",""evidence_sha256"":""fa1faead3ff2dd6a8123bc3328aeab613edab7ed876a3bcc6df9f4b5c3e89cc6"",""recovered_at"":""2026-09-23T16:26:42Z""}"
formulae.brew.sh,pkg:brew/opus,"{""registry"":""formulae.brew.sh"",""purl"":""pkg:brew/opus"",""repository_url"":""https://gitlab.xiph.org/xiph/opus"",""evidence_url"":""https://formulae.brew.sh/api/formula/opus.json"",""evidence_file"":""missing-url-evidence/6a2059a3bd6880a1b6acd52ece433ba138b3d20971c82a9e31356005fe355c77"",""reason"":""Homebrew urls.head.url"",""repository_role"":null,""application_repository_url"":null,""upstream_repository_url"":null,""additional_evidence_url"":null,""additional_evidence_file"":null,""source_repository_url"":""https://gitlab.xiph.org/xiph/opus.git"",""evidence_sha256"":""d36099751da72f4cf770a3d9d1662792731f65aebb2a1c1e9f56b552db38a2a0"",""recovered_at"":""2026-09-23T16:26:42Z""}"
formulae.brew.sh,pkg:brew/pandoc,"{""registry"":""formulae.brew.sh"",""purl"":""pkg:brew/pandoc"",""repository_url"":""https://github.com/jgm/pandoc"",""evidence_url"":""https://formulae.brew.sh/api/formula/pandoc.json"",""evidence_file"":""missing-url-evidence/39503be69315f33cc30f9295e241e4f7ea473c8f6e8322b5058f263b82a491a9"",""reason"":""Homebrew urls.head.url"",""repository_role"":null,""application_repository_url"":null,""upstream_repository_url"":null,""additional_evidence_url"":null,""additional_evidence_file"":null,""source_repository_url"":""https://github.com/jgm/pandoc.git"",""evidence_sha256"":""f840e06c89f07c548326c7ee04f49c497034165c7ae63e4b5e2104716aa9f17e"",""recovered_at"":""2026-09-23T16:26:42Z""}"
formulae.brew.sh,pkg:brew/pango,"{""registry"":""formulae.brew.sh"",""purl"":""pkg:brew/pango"",""repository_url"":""https://gitlab.gnome.org/GNOME/pango"",""evidence_url"":""https://formulae.brew.sh/api/formula/pango.json"",""evidence_file"":""missing-url-evidence/1a30f6d6a1220737fa456c927f7b2c020dbdcf45ae2dfb9c59dfc8afd796b320"",""reason"":""Homebrew urls.head.url"",""repository_role"":null,""application_repository_url"":null,""upstream_repository_url"":null,""additional_evidence_url"":null,""additional_evidence_file"":null,""source_repository_url"":""https://gitlab.gnome.org/GNOME/pango.git"",""evidence_sha256"":""11fb224babdf6c4d1ceb4a0fb0bbde3033988c4486cf2893a78570a00311e54d"",""recovered_at"":""2026-09-23T16:26:42Z""}"
formulae.brew.sh,pkg:brew/pcre2,"{""registry"":""formulae.brew.sh"",""purl"":""pkg:brew/pcre2"",""repository_url"":""https://github.com/pcre2project/pcre2"",""evidence_url"":""https://formulae.brew.sh/api/formula/pcre2.json"",""evidence_file"":""missing-url-evidence/625516b4dff60510b99e1e7d23123bd30b906f046cc8f7991b1103d769bdcad4"",""reason"":""Homebrew urls.head.url"",""repository_role"":null,""application_repository_url"":null,""upstream_repository_url"":null,""additional_evidence_url"":null,""additional_evidence_file"":null,""source_repository_url"":""https://github.com/PCRE2Project/pcre2.git"",""evidence_sha256"":""3381b3b0d4ceeb632c174ee73480921c1ee285c57bf00d688f08242702753aa4"",""recovered_at"":""2026-09-23T16:26:42Z""}"
formulae.brew.sh,pkg:brew/php,"{""registry"":""formulae.brew.sh"",""purl"":""pkg:brew/php"",""repository_url"":""https://github.com/php/php-src"",""evidence_url"":""https://formulae.brew.sh/api/formula/php.json"",""evidence_file"":""missing-url-evidence/65e30dab15459399cbf351186d8b157e6942125484cd9a9807a6e9777c49cd7d"",""reason"":""Homebrew urls.head.url"",""repository_role"":null,""application_repository_url"":null,""upstream_repository_url"":null,""additional_evidence_url"":null,""additional_evidence_file"":null,""source_repository_url"":""https://github.com/php/php-src.git"",""evidence_sha256"":""ba671aa1459ad2019b107823b59584eaa075cc123b6d9af1a97720ee239c6212"",""recovered_at"":""2026-09-23T16:26:42Z""}"
formulae.brew.sh,pkg:brew/pipx,"{""registry"":""formulae.brew.sh"",""purl"":""pkg:brew/pipx"",""repository_url"":""https://github.com/pypa/pipx"",""evidence_url"":""https://formulae.brew.sh/api/formula/pipx.json"",""evidence_file"":""missing-url-evidence/077a260f04f1680b5617c1b52563bf68094c875e8824b6ff7a299d8e6242267a"",""reason"":""Homebrew urls.head.url"",""repository_role"":null,""application_repository_url"":null,""upstream_repository_url"":null,""additional_evidence_url"":null,""additional_evidence_file"":null,""source_repository_url"":""https://github.com/pypa/pipx.git"",""evidence_sha256"":""54e6cd4fdd16027e3128fb2212ab8df57b309f9a3df501e2d6a0552d88d64b03"",""recovered_at"":""2026-09-23T16:26:42Z""}"
formulae.brew.sh,pkg:brew/pnpm,"{""registry"":""formulae.brew.sh"",""purl"":""pkg:brew/pnpm"",""repository_url"":""https://github.com/pnpm/pnpm"",""evidence_url"":""https://formulae.brew.sh/api/formula/pnpm.json"",""evidence_file"":""missing-url-evidence/f21237eecbaf7aaa0dec230870de297d0e53ffd1e36a7d3fd84b633dc3629ea5"",""reason"":""Homebrew urls.head.url"",""repository_role"":null,""application_repository_url"":null,""upstream_repository_url"":null,""additional_evidence_url"":null,""additional_evidence_file"":null,""source_repository_url"":""https://github.com/pnpm/pnpm.git"",""evidence_sha256"":""17000e8826ff79f4088770ad4f0ea965d9dbeae2d4f2dfe99f688c31aaf54524"",""recovered_at"":""2026-09-23T16:26:42Z""}"
formulae.brew.sh,pkg:brew/poppler,"{""registry"":""formulae.brew.sh"",""purl"":""pkg:brew/poppler"",""repository_url"":""https://gitlab.freedesktop.org/poppler/poppler"",""evidence_url"":""https://formulae.brew.sh/api/formula/poppler.json"",""evidence_file"":""missing-url-evidence/45ac7b4cc282a898a32a138627e44f43559f6a81fb31a440b8c4735311bf8d29"",""reason"":""Homebrew urls.head.url"",""repository_role"":null,""application_repository_url"":null,""upstream_repository_url"":null,""additional_evidence_url"":null,""additional_evidence_file"":null,""source_repository_url"":""https://gitlab.freedesktop.org/poppler/poppler.git"",""evidence_sha256"":""1267b3ccce0575bff1964b0305d6d62a477a801338005ed99832eb24ef0e0d96"",""recovered_at"":""2026-09-23T16:26:42Z""}"
formulae.brew.sh,pkg:brew/protobuf,"{""registry"":""formulae.brew.sh"",""purl"":""pkg:brew/protobuf"",""repository_url"":""https://github.com/protocolbuffers/protobuf"",""evidence_url"":""https://formulae.brew.sh/api/formula/protobuf.json"",""evidence_file"":""missing-url-evidence/1b65ca03e41a249bc303357a3a96e47ad9a58fb114f441027366bd8cd65b5c1a"",""reason"":""Homebrew GitHub source archive"",""repository_role"":null,""application_repository_url"":null,""upstream_repository_url"":null,""additional_evidence_url"":null,""additional_evidence_file"":null,""source_repository_url"":""https://github.com/protocolbuffers/protobuf"",""evidence_sha256"":""40fda2c306435ab43cde76e897b93a56e927a1713df5e9676f10e7da9b55fba5"",""recovered_at"":""2026-09-23T16:26:42Z""}"
formulae.brew.sh,pkg:brew/qemu,"{""registry"":""formulae.brew.sh"",""purl"":""pkg:brew/qemu"",""repository_url"":""https://gitlab.com/qemu-project/qemu"",""evidence_url"":""https://formulae.brew.sh/api/formula/qemu.json"",""evidence_file"":""missing-url-evidence/f03ebf785a2c87df4035d730570cdf8491b68a3f5b97a60d497d873c44de8341"",""reason"":""Homebrew urls.head.url"",""repository_role"":null,""application_repository_url"":null,""upstream_repository_url"":null,""additional_evidence_url"":null,""additional_evidence_file"":null,""source_repository_url"":""https://gitlab.com/qemu-project/qemu.git"",""evidence_sha256"":""642aa11cb7faf179a1a85ede03efd0b7b6706fd262bee20f43d8949caf80c5bd"",""recovered_at"":""2026-09-23T16:26:42Z""}"
formulae.brew.sh,pkg:brew/rbenv,"{""registry"":""formulae.brew.sh"",""purl"":""pkg:brew/rbenv"",""repository_url"":""https://github.com/rbenv/rbenv"",""evidence_url"":""https://formulae.brew.sh/api/formula/rbenv.json"",""evidence_file"":""missing-url-evidence/b72b93252831a986ef9b60c06bea550fbc047cddef49c940bc5597d1af8c03b9"",""reason"":""Homebrew urls.head.url"",""repository_role"":null,""application_repository_url"":null,""upstream_repository_url"":null,""additional_evidence_url"":null,""additional_evidence_file"":null,""source_repository_url"":""https://github.com/rbenv/rbenv.git"",""evidence_sha256"":""93d15cf4400fb94b2035780d0162c64b898c19c222da98ecac6230447602c685"",""recovered_at"":""2026-09-23T16:26:42Z""}"
formulae.brew.sh,pkg:brew/redis,"{""registry"":""formulae.brew.sh"",""purl"":""pkg:brew/redis"",""repository_url"":""https://github.com/redis/redis"",""evidence_url"":""https://formulae.brew.sh/api/formula/redis.json"",""evidence_file"":""missing-url-evidence/b8dd7826dab0c5b5ab78e4a1a7ed97a617bda7e8de1aeda5c68381c4dbb5e027"",""reason"":""Homebrew urls.head.url"",""repository_role"":null,""application_repository_url"":null,""upstream_repository_url"":null,""additional_evidence_url"":null,""additional_evidence_file"":null,""source_repository_url"":""https://github.com/redis/redis.git"",""evidence_sha256"":""4dea968b143110669bbc7c60b5c2d1eb03e084293ea1c6d13abc6af5efc038f4"",""recovered_at"":""2026-09-23T16:26:42Z""}"
formulae.brew.sh,pkg:brew/rtmpdump,"{""registry"":""formulae.brew.sh"",""purl"":""pkg:brew/rtmpdump"",""repository_url"":""https://git.ffmpeg.org/rtmpdump"",""evidence_url"":""https://formulae.brew.sh/api/formula/rtmpdump.json"",""evidence_file"":""missing-url-evidence/42970423641e85d58cf86468a8d9cb18e2ac0e1935cdb27ac5d45491bc78b4d6"",""reason"":""Homebrew urls.head.url"",""repository_role"":null,""application_repository_url"":null,""upstream_repository_url"":null,""additional_evidence_url"":null,""additional_evidence_file"":null,""source_repository_url"":""git://git.ffmpeg.org/rtmpdump.git"",""evidence_sha256"":""cdc49402ecdccbf56d962b9d0562a56d0ca24dee1ac1f31f00ecc5e6478a8709"",""recovered_at"":""2026-09-23T16:26:42Z""}"
formulae.brew.sh,pkg:brew/rubberband,"{""registry"":""formulae.brew.sh"",""purl"":""pkg:brew/rubberband"",""repository_url"":""https://hg.sr.ht/~breakfastquay/rubberband"",""evidence_url"":""https://formulae.brew.sh/api/formula/rubberband.json"",""evidence_file"":""missing-url-evidence/3f05f30ea529ec5073bd0c3469814b37ba0ef8edf8ecbf7c198ec2252b85805f"",""reason"":""Homebrew urls.head.url"",""repository_role"":null,""application_repository_url"":null,""upstream_repository_url"":null,""additional_evidence_url"":null,""additional_evidence_file"":null,""source_repository_url"":""https://hg.sr.ht/~breakfastquay/rubberband"",""evidence_sha256"":""8dad0b6f1759c6197b516b52832ae41eb8df422660db89d989d76444676d1c53"",""recovered_at"":""2026-09-23T16:26:42Z""}"
formulae.brew.sh,pkg:brew/ruby,"{""registry"":""formulae.brew.sh"",""purl"":""pkg:brew/ruby"",""repository_url"":""https://github.com/ruby/ruby"",""evidence_url"":""https://formulae.brew.sh/api/formula/ruby.json"",""evidence_file"":""missing-url-evidence/8d4823607582329d2fcf161f89012f754f604acc640a862fab2cda4bfc40cb44"",""reason"":""Homebrew urls.head.url"",""repository_role"":null,""application_repository_url"":null,""upstream_repository_url"":null,""additional_evidence_url"":null,""additional_evidence_file"":null,""source_repository_url"":""https://github.com/ruby/ruby.git"",""evidence_sha256"":""21ebc996377d48dd482da8d97be2d8e1d0a3399871e7d8c4bdc348c4f5f73022"",""recovered_at"":""2026-09-23T16:26:42Z""}"
formulae.brew.sh,pkg:brew/ruby-build,"{""registry"":""formulae.brew.sh"",""purl"":""pkg:brew/ruby-build"",""repository_url"":""https://github.com/rbenv/ruby-build"",""evidence_url"":""https://formulae.brew.sh/api/formula/ruby-build.json"",""evidence_file"":""missing-url-evidence/ac0ee7abc2077d87c4ae4c1d8140dd8b52889654f34d4ccc6d4261392d29844c"",""reason"":""Homebrew urls.head.url"",""repository_role"":null,""application_repository_url"":null,""upstream_repository_url"":null,""additional_evidence_url"":null,""additional_evidence_file"":null,""source_repository_url"":""https://github.com/rbenv/ruby-build.git"",""evidence_sha256"":""85f873c5ca19eff557b13c57b2330a4eb53a4d3278c6d2602d533e9d41c3bb16"",""recovered_at"":""2026-09-23T16:26:42Z""}"
formulae.brew.sh,pkg:brew/rust,"{""registry"":""formulae.brew.sh"",""purl"":""pkg:brew/rust"",""repository_url"":""https://github.com/rust-lang/rust"",""evidence_url"":""https://formulae.brew.sh/api/formula/rust.json"",""evidence_file"":""missing-url-evidence/143382abd5d6f6b5022eecbc910df768d8267c16ec6c2b984cb60d908714ca8a"",""reason"":""Homebrew urls.head.url"",""repository_role"":null,""application_repository_url"":null,""upstream_repository_url"":null,""additional_evidence_url"":null,""additional_evidence_file"":null,""source_repository_url"":""https://github.com/rust-lang/rust.git"",""evidence_sha256"":""e0991d06f5ba4de17564879797f985627870984e8b3d8a6b07c132f843c168d4"",""recovered_at"":""2026-09-23T16:26:42Z""}"
formulae.brew.sh,pkg:brew/shared-mime-info,"{""registry"":""formulae.brew.sh"",""purl"":""pkg:brew/shared-mime-info"",""repository_url"":""https://gitlab.freedesktop.org/xdg/shared-mime-info"",""evidence_url"":""https://formulae.brew.sh/api/formula/shared-mime-info.json"",""evidence_file"":""missing-url-evidence/1351cec1503003466c8d1d8b29fd4d01bd399c79ed51618a3c6350bdcc496452"",""reason"":""Homebrew urls.head.url"",""repository_role"":null,""application_repository_url"":null,""upstream_repository_url"":null,""additional_evidence_url"":null,""additional_evidence_file"":null,""source_repository_url"":""https://gitlab.freedesktop.org/xdg/shared-mime-info.git"",""evidence_sha256"":""352487892c2c96b53be4e817452f48ef78f909413ee27e89734a71afcca2bb2c"",""recovered_at"":""2026-09-23T16:26:42Z""}"
formulae.brew.sh,pkg:brew/srt,"{""registry"":""formulae.brew.sh"",""purl"":""pkg:brew/srt"",""repository_url"":""https://github.com/haivision/srt"",""evidence_url"":""https://formulae.brew.sh/api/formula/srt.json"",""evidence_file"":""missing-url-evidence/73ac862996eb16bf417352a9db302eae0160f0be79d9f83ccc166efde6f1db2d"",""reason"":""Homebrew urls.head.url"",""repository_role"":null,""application_repository_url"":null,""upstream_repository_url"":null,""additional_evidence_url"":null,""additional_evidence_file"":null,""source_repository_url"":""https://github.com/Haivision/srt.git"",""evidence_sha256"":""e1b22fec9a01ed64dcd385472ae530fe14772c70c55cf1bdb1d05144abdb8114"",""recovered_at"":""2026-09-23T16:26:42Z""}"
formulae.brew.sh,pkg:brew/terragrunt,"{""registry"":""formulae.brew.sh"",""purl"":""pkg:brew/terragrunt"",""repository_url"":""https://github.com/gruntwork-io/terragrunt"",""evidence_url"":""https://formulae.brew.sh/api/formula/terragrunt.json"",""evidence_file"":""missing-url-evidence/00f86326f475809be7c7a45b8b67e8035135e658607d10e233a57cc2976826a1"",""reason"":""Homebrew urls.head.url"",""repository_role"":null,""application_repository_url"":null,""upstream_repository_url"":null,""additional_evidence_url"":null,""additional_evidence_file"":null,""source_repository_url"":""https://github.com/gruntwork-io/terragrunt.git"",""evidence_sha256"":""ecebf81c192c6ed0b6a51771f69bff2efadc22f2fc515496b5ebca616e34db28"",""recovered_at"":""2026-09-23T16:26:42Z""}"
formulae.brew.sh,pkg:brew/tesseract,"{""registry"":""formulae.brew.sh"",""purl"":""pkg:brew/tesseract"",""repository_url"":""https://github.com/tesseract-ocr/tesseract"",""evidence_url"":""https://formulae.brew.sh/api/formula/tesseract.json"",""evidence_file"":""missing-url-evidence/329255df15f30fc6616b3acc0f3dab1c04cec97ea392ed6816c0633ebc9962dc"",""reason"":""Homebrew urls.head.url"",""repository_role"":null,""application_repository_url"":null,""upstream_repository_url"":null,""additional_evidence_url"":null,""additional_evidence_file"":null,""source_repository_url"":""https://github.com/tesseract-ocr/tesseract.git"",""evidence_sha256"":""33baea2c171e34ef2db3c8ba4e0fd257d045ac10ac720f8cc3585fce389f658e"",""recovered_at"":""2026-09-23T16:26:42Z""}"
formulae.brew.sh,pkg:brew/the_silver_searcher,"{""registry"":""formulae.brew.sh"",""purl"":""pkg:brew/the_silver_searcher"",""repository_url"":""https://github.com/ggreer/the_silver_searcher"",""evidence_url"":""https://formulae.brew.sh/api/formula/the_silver_searcher.json"",""evidence_file"":""missing-url-evidence/a7b835221ebf950fedd206029f2242e506de9381aca17e11d3d51a1bc0dd9769"",""reason"":""Homebrew urls.head.url"",""repository_role"":null,""application_repository_url"":null,""upstream_repository_url"":null,""additional_evidence_url"":null,""additional_evidence_file"":null,""source_repository_url"":""https://github.com/ggreer/the_silver_searcher.git"",""evidence_sha256"":""e3f2bb6b382ed8274742c55017e7a4e74d598eb8706dac1eb0b565046a8679f9"",""recovered_at"":""2026-09-23T16:26:42Z""}"
formulae.brew.sh,pkg:brew/theora,"{""registry"":""formulae.brew.sh"",""purl"":""pkg:brew/theora"",""repository_url"":""https://gitlab.xiph.org/xiph/theora"",""evidence_url"":""https://formulae.brew.sh/api/formula/theora.json"",""evidence_file"":""missing-url-evidence/050fa7cb2800f77be8fd87cd062c170d09cbc107a0b17a6563cdbfaa044cb38b"",""reason"":""Homebrew urls.head.url"",""repository_role"":null,""application_repository_url"":null,""upstream_repository_url"":null,""additional_evidence_url"":null,""additional_evidence_file"":null,""source_repository_url"":""https://gitlab.xiph.org/xiph/theora.git"",""evidence_sha256"":""b1eece77f9e4df2ec96c3aae9c77f39e549a073d140eefa5169f8a6ab67ff119"",""recovered_at"":""2026-09-23T16:26:42Z""}"
formulae.brew.sh,pkg:brew/tmux,"{""registry"":""formulae.brew.sh"",""purl"":""pkg:brew/tmux"",""repository_url"":""https://github.com/tmux/tmux"",""evidence_url"":""https://formulae.brew.sh/api/formula/tmux.json"",""evidence_file"":""missing-url-evidence/c07fc49c0d61e8149add8929d828e5bb5ddca81d26169f0b25d763269a64615a"",""reason"":""Homebrew urls.head.url"",""repository_role"":null,""application_repository_url"":null,""upstream_repository_url"":null,""additional_evidence_url"":null,""additional_evidence_file"":null,""source_repository_url"":""https://github.com/tmux/tmux.git"",""evidence_sha256"":""5d302ce99154c0abccdabc599b71698ce69f839da4e614eb0d9603418a454bf0"",""recovered_at"":""2026-09-23T16:26:42Z""}"
formulae.brew.sh,pkg:brew/tree,"{""registry"":""formulae.brew.sh"",""purl"":""pkg:brew/tree"",""repository_url"":""https://github.com/old-man-programmer/tree"",""evidence_url"":""https://formulae.brew.sh/api/formula/tree.json"",""evidence_file"":""missing-url-evidence/85ed80441add0f3209b72a8ded459a465a9feb1120dcfa0aa3f1eb1e5ec4f429"",""reason"":""Homebrew GitHub source archive"",""repository_role"":null,""application_repository_url"":null,""upstream_repository_url"":null,""additional_evidence_url"":null,""additional_evidence_file"":null,""source_repository_url"":""https://github.com/Old-Man-Programmer/tree"",""evidence_sha256"":""abf8167228087759d93ec1f945d9e8e8df0a27f4eca71559c09416931d0b9708"",""recovered_at"":""2026-09-23T16:26:42Z""}"
formulae.brew.sh,pkg:brew/unbound,"{""registry"":""formulae.brew.sh"",""purl"":""pkg:brew/unbound"",""repository_url"":""https://github.com/nlnetlabs/unbound"",""evidence_url"":""https://formulae.brew.sh/api/formula/unbound.json"",""evidence_file"":""missing-url-evidence/35501a3656c1158facedc8266e6e7644c346b03f9e1487d0772b71f88bbe9b9e"",""reason"":""Homebrew urls.head.url"",""repository_role"":null,""application_repository_url"":null,""upstream_repository_url"":null,""additional_evidence_url"":null,""additional_evidence_file"":null,""source_repository_url"":""https://github.com/NLnetLabs/unbound.git"",""evidence_sha256"":""5b221256450ff7618a5d8e517bcd43edfe0711d85cb8602d6d3af1cc87398e21"",""recovered_at"":""2026-09-23T16:26:42Z""}"
formulae.brew.sh,pkg:brew/unixodbc,"{""registry"":""formulae.brew.sh"",""purl"":""pkg:brew/unixodbc"",""repository_url"":""https://github.com/lurcher/unixodbc"",""evidence_url"":""https://formulae.brew.sh/api/formula/unixodbc.json"",""evidence_file"":""missing-url-evidence/d9e224b36ac15670b23c438678c738974481f9a2da198f85406476998e455b6b"",""reason"":""Homebrew urls.head.url"",""repository_role"":null,""application_repository_url"":null,""upstream_repository_url"":null,""additional_evidence_url"":null,""additional_evidence_file"":null,""source_repository_url"":""https://github.com/lurcher/unixODBC.git"",""evidence_sha256"":""96d9922aaee8fceb8ce2fab104fcad34fcd080c2634b51e2d74c63ab51ad2279"",""recovered_at"":""2026-09-23T16:26:42Z""}"
formulae.brew.sh,pkg:brew/vim,"{""registry"":""formulae.brew.sh"",""purl"":""pkg:brew/vim"",""repository_url"":""https://github.com/vim/vim"",""evidence_url"":""https://formulae.brew.sh/api/formula/vim.json"",""evidence_file"":""missing-url-evidence/33dc75df586521f8a5334027ada7a3d423aba85680c16b6e65da3472e8b9099c"",""reason"":""Homebrew urls.head.url"",""repository_role"":null,""application_repository_url"":null,""upstream_repository_url"":null,""additional_evidence_url"":null,""additional_evidence_file"":null,""source_repository_url"":""https://github.com/vim/vim.git"",""evidence_sha256"":""45f44f73d58ec234f0004091c06af0673706f819b2db255ead1cfde8e5bd4f09"",""recovered_at"":""2026-09-23T16:26:42Z""}"
formulae.brew.sh,pkg:brew/webp,"{""registry"":""formulae.brew.sh"",""purl"":""pkg:brew/webp"",""repository_url"":""https://chromium.googlesource.com/webm/libwebp"",""evidence_url"":""https://formulae.brew.sh/api/formula/webp.json"",""evidence_file"":""missing-url-evidence/a0d8a30a80172b5782ad8a5f0f8fed55f567be77fdb992273a83e9ad84dec2f5"",""reason"":""Homebrew urls.head.url"",""repository_role"":null,""application_repository_url"":null,""upstream_repository_url"":null,""additional_evidence_url"":null,""additional_evidence_file"":null,""source_repository_url"":""https://chromium.googlesource.com/webm/libwebp.git"",""evidence_sha256"":""a025e6bf8bb1ac512637b6ba953aada81882069cafbbb3235116afaaef603d44"",""recovered_at"":""2026-09-23T16:26:42Z""}"
formulae.brew.sh,pkg:brew/wget,"{""registry"":""formulae.brew.sh"",""purl"":""pkg:brew/wget"",""repository_url"":""https://git.savannah.gnu.org/git/wget"",""evidence_url"":""https://formulae.brew.sh/api/formula/wget.json"",""evidence_file"":""missing-url-evidence/1e7fe68d528e71630cc3b1b25c24dff43155e0d15b3971aee3973bdd6def471c"",""reason"":""Homebrew urls.head.url"",""repository_role"":null,""application_repository_url"":null,""upstream_repository_url"":null,""additional_evidence_url"":null,""additional_evidence_file"":null,""source_repository_url"":""https://git.savannah.gnu.org/git/wget.git"",""evidence_sha256"":""472cf4f56415ac7bf93f37706c68e7ea3685f4aa5e1a38511f378508fee8978e"",""recovered_at"":""2026-09-23T16:26:42Z""}"
formulae.brew.sh,pkg:brew/x264,"{""registry"":""formulae.brew.sh"",""purl"":""pkg:brew/x264"",""repository_url"":""https://code.videolan.org/videolan/x264"",""evidence_url"":""https://formulae.brew.sh/api/formula/x264.json"",""evidence_file"":""missing-url-evidence/a27b19b6d87b1a73bf5c26289bab25ccfb21ce71e96cd8b18e15aa33b1584741"",""reason"":""Homebrew urls.head.url"",""repository_role"":null,""application_repository_url"":null,""upstream_repository_url"":null,""additional_evidence_url"":null,""additional_evidence_file"":null,""source_repository_url"":""https://code.videolan.org/videolan/x264.git"",""evidence_sha256"":""17fff26b50869ab945ee568726d5e7038a0680475904a6fe1414fff0a9643072"",""recovered_at"":""2026-09-23T16:26:42Z""}"
formulae.brew.sh,pkg:brew/xz,"{""registry"":""formulae.brew.sh"",""purl"":""pkg:brew/xz"",""repository_url"":""https://github.com/tukaani-project/xz"",""evidence_url"":""https://formulae.brew.sh/api/formula/xz.json"",""evidence_file"":""missing-url-evidence/070fe3a4428adc10c7065dab1c38d7eda8b207cd233c091f6792bd6e00c76531"",""reason"":""Homebrew GitHub source archive"",""repository_role"":null,""application_repository_url"":null,""upstream_repository_url"":null,""additional_evidence_url"":null,""additional_evidence_file"":null,""source_repository_url"":""https://github.com/tukaani-project/xz"",""evidence_sha256"":""4670517450df59dce2c97e38b872a4f073eb51935e6028773279a4cd48f795a4"",""recovered_at"":""2026-09-23T16:26:42Z""}"
formulae.brew.sh,pkg:brew/yarn,"{""registry"":""formulae.brew.sh"",""purl"":""pkg:brew/yarn"",""repository_url"":""https://github.com/yarnpkg/yarn"",""evidence_url"":""https://formulae.brew.sh/api/formula/yarn.json"",""evidence_file"":""missing-url-evidence/e12c2d644f7a25c791e9df8f21fb9bc40da78943fd53cd27b1c2f09d9d0ea2e7"",""reason"":""Homebrew GitHub source archive"",""repository_role"":null,""application_repository_url"":null,""upstream_repository_url"":null,""additional_evidence_url"":null,""additional_evidence_file"":null,""source_repository_url"":""https://github.com/yarnpkg/yarn"",""evidence_sha256"":""db2e29cb93e0a889f0a82cdb0d9b23d6ab8d4ab341389daa0e8c607e16a4860e"",""recovered_at"":""2026-09-23T16:26:42Z""}"
formulae.brew.sh,pkg:brew/zeromq,"{""registry"":""formulae.brew.sh"",""purl"":""pkg:brew/zeromq"",""repository_url"":""https://github.com/zeromq/libzmq"",""evidence_url"":""https://formulae.brew.sh/api/formula/zeromq.json"",""evidence_file"":""missing-url-evidence/fa02c760d8fe6b08694cb67506fc98529e04aaea6cea4cc830209cb227016e11"",""reason"":""Homebrew urls.head.url"",""repository_role"":null,""application_repository_url"":null,""upstream_repository_url"":null,""additional_evidence_url"":null,""additional_evidence_file"":null,""source_repository_url"":""https://github.com/zeromq/libzmq.git"",""evidence_sha256"":""a085fae13e70815a4dcfa02a2654d6ca83ccfdffba655cd55062871d8282ff12"",""recovered_at"":""2026-09-23T16:26:42Z""}"
formulae.brew.sh,pkg:brew/zlib,"{""registry"":""formulae.brew.sh"",""purl"":""pkg:brew/zlib"",""repository_url"":""https://github.com/madler/zlib"",""evidence_url"":""https://formulae.brew.sh/api/formula/zlib.json"",""evidence_file"":""missing-url-evidence/c6b8cf10591242cc7ad4c020a4924d2a15223beada1c605064d55ad5dc76298c"",""reason"":""Homebrew urls.head.url"",""repository_role"":null,""application_repository_url"":null,""upstream_repository_url"":null,""additional_evidence_url"":null,""additional_evidence_file"":null,""source_repository_url"":""https://github.com/madler/zlib.git"",""evidence_sha256"":""c40c576d6e3c1f761b49adbaa9f5f6a8960ebf7a147f58a3b9fa5334d9123c16"",""recovered_at"":""2026-09-23T16:26:42Z""}"
hackage.haskell.org,pkg:hackage/Boolean,"{""registry"":""hackage.haskell.org"",""purl"":""pkg:hackage/Boolean"",""repository_url"":""https://github.com/conal/boolean"",""evidence_url"":""https://hackage.haskell.org/package/Boolean/Boolean.cabal"",""evidence_file"":""missing-url-evidence/99c650d8a4e22e9c35027cb09b46d91d2950bb26077dc6370c7501c485178d1c"",""reason"":""Cabal source-repository head location"",""repository_role"":null,""application_repository_url"":null,""upstream_repository_url"":null,""additional_evidence_url"":null,""additional_evidence_file"":null,""source_repository_url"":""https://github.com/conal/Boolean.git"",""evidence_sha256"":""2c13c77a4ecfa5b810e8a61a2a79809c88938676bb883764d57ceae7ec730460"",""recovered_at"":""2026-09-23T16:26:42Z""}"
hackage.haskell.org,pkg:hackage/FontyFruity,"{""registry"":""hackage.haskell.org"",""purl"":""pkg:hackage/FontyFruity"",""repository_url"":""https://github.com/twinside/fontyfruity"",""evidence_url"":""https://hackage.haskell.org/package/FontyFruity/FontyFruity.cabal"",""evidence_file"":""missing-url-evidence/9f52dba6fd30f49ca71b18047eb8e6aef03292ef611ee1b49e6e9111811af5bb"",""reason"":""Cabal source-repository head location"",""repository_role"":null,""application_repository_url"":null,""upstream_repository_url"":null,""additional_evidence_url"":null,""additional_evidence_file"":null,""source_repository_url"":""https://github.com/Twinside/FontyFruity.git"",""evidence_sha256"":""d0bbbc5bef14f229c8e90271365916b1b470bc0928ff4670f7d1885aec3378cf"",""recovered_at"":""2026-09-23T16:26:42Z""}"
hackage.haskell.org,pkg:hackage/HCodecs,"{""registry"":""hackage.haskell.org"",""purl"":""pkg:hackage/HCodecs"",""repository_url"":""https://github.com/mokosha/hcodecs"",""evidence_url"":""https://hackage.haskell.org/package/HCodecs/HCodecs.cabal"",""evidence_file"":""missing-url-evidence/958fbe682cbc085703a71399f25fc49f26a1acc1c2476b53f1aebec91ca08876"",""reason"":""Cabal source-repository head location"",""repository_role"":null,""application_repository_url"":null,""upstream_repository_url"":null,""additional_evidence_url"":null,""additional_evidence_file"":null,""source_repository_url"":""https://github.com/Mokosha/HCodecs.git"",""evidence_sha256"":""3d49e1c9e93e95d391955c76922c7e9634c7c3b5f53eb31fe6733b7301bf1bc0"",""recovered_at"":""2026-09-23T16:26:42Z""}"
hackage.haskell.org,pkg:hackage/OneTuple,"{""registry"":""hackage.haskell.org"",""purl"":""pkg:hackage/OneTuple"",""repository_url"":""https://github.com/phadej/onetuple"",""evidence_url"":""https://hackage.haskell.org/package/OneTuple/OneTuple.cabal"",""evidence_file"":""missing-url-evidence/3e756d80a9470b163ec267947b88aa34eaf2d44b1bc3a7aeca52b0a11c88f36b"",""reason"":""Cabal source-repository head location"",""repository_role"":null,""application_repository_url"":null,""upstream_repository_url"":null,""additional_evidence_url"":null,""additional_evidence_file"":null,""source_repository_url"":""https://github.com/phadej/OneTuple.git"",""evidence_sha256"":""0f5620933850a78b849c0988cbfc2288ab3274b89084bf6681f514143d3f822a"",""recovered_at"":""2026-09-23T16:26:42Z""}"
hackage.haskell.org,pkg:hackage/OpenGLRaw,"{""registry"":""hackage.haskell.org"",""purl"":""pkg:hackage/OpenGLRaw"",""repository_url"":""https://github.com/haskell-opengl/openglraw"",""evidence_url"":""https://hackage.haskell.org/package/OpenGLRaw/OpenGLRaw.cabal"",""evidence_file"":""missing-url-evidence/80c40dfeb02b3ba0928a39762abaa45bdd7c90a55c95c2d773027e776e647036"",""reason"":""Cabal source-repository head location"",""repository_role"":null,""application_repository_url"":null,""upstream_repository_url"":null,""additional_evidence_url"":null,""additional_evidence_file"":null,""source_repository_url"":""https://github.com/haskell-opengl/OpenGLRaw.git"",""evidence_sha256"":""01b745fbd269fc96d982c3c915c5559793457ff02f9f6cce3ee259aed97378f1"",""recovered_at"":""2026-09-23T16:26:42Z""}"
hackage.haskell.org,pkg:hackage/Rasterific,"{""registry"":""hackage.haskell.org"",""purl"":""pkg:hackage/Rasterific"",""repository_url"":""https://github.com/twinside/rasterific"",""evidence_url"":""https://hackage.haskell.org/package/Rasterific/Rasterific.cabal"",""evidence_file"":""missing-url-evidence/cdeaf4a63019439f62b0ff0968535a2a7daf419ad4225d0d83068a7dad38da20"",""reason"":""Cabal source-repository head location"",""repository_role"":null,""application_repository_url"":null,""upstream_repository_url"":null,""additional_evidence_url"":null,""additional_evidence_file"":null,""source_repository_url"":""git://github.com/Twinside/Rasterific.git"",""evidence_sha256"":""b74007bb298cb6a1e7bd42c6b45df311ffe982f6c5161360b077d4492b6177dd"",""recovered_at"":""2026-09-23T16:26:42Z""}"
hackage.haskell.org,pkg:hackage/Spock,"{""registry"":""hackage.haskell.org"",""purl"":""pkg:hackage/Spock"",""repository_url"":""https://github.com/agrafix/spock"",""evidence_url"":""https://hackage.haskell.org/package/Spock/Spock.cabal"",""evidence_file"":""missing-url-evidence/da2e40ba6600cba8cef268abdebdeaf039eed6155516698335cb55f3b43c5fe4"",""reason"":""Cabal source-repository head location"",""repository_role"":null,""application_repository_url"":null,""upstream_repository_url"":null,""additional_evidence_url"":null,""additional_evidence_file"":null,""source_repository_url"":""https://github.com/agrafix/Spock"",""evidence_sha256"":""7e86ccc9e66ce0fdb84d1dcd328f852d3754c2dbfcb60d0e7e2f1cce2f32f177"",""recovered_at"":""2026-09-23T16:26:42Z""}"
hackage.haskell.org,pkg:hackage/appar,"{""registry"":""hackage.haskell.org"",""purl"":""pkg:hackage/appar"",""repository_url"":""https://github.com/kazu-yamamoto/appar"",""evidence_url"":""https://hackage.haskell.org/package/appar/appar.cabal"",""evidence_file"":""missing-url-evidence/edbe0b6129949efcc58dc3d95b2c6b4754f5e66bd5a9f421fb51fd35a8df6a01"",""reason"":""Cabal source-repository head location"",""repository_role"":null,""application_repository_url"":null,""upstream_repository_url"":null,""additional_evidence_url"":null,""additional_evidence_file"":null,""source_repository_url"":""git://github.com/kazu-yamamoto/appar.git"",""evidence_sha256"":""a5d529bacbb74d566e4c5f9479af0637eac5957705f6db4d2670517489795de8"",""recovered_at"":""2026-09-23T16:26:42Z""}"
hackage.haskell.org,pkg:hackage/attoparsec-enumerator,"{""registry"":""hackage.haskell.org"",""purl"":""pkg:hackage/attoparsec-enumerator"",""repository_url"":""https://john-millikin.com/code/attoparsec-enumerator"",""evidence_url"":""https://hackage.haskell.org/package/attoparsec-enumerator/attoparsec-enumerator.cabal"",""evidence_file"":""missing-url-evidence/038d3b2285c9413a2308c71b2875dbc059c35692fadd4717220bc119bd1d755c"",""reason"":""Cabal source-repository head location"",""repository_role"":null,""application_repository_url"":null,""upstream_repository_url"":null,""additional_evidence_url"":null,""additional_evidence_file"":null,""source_repository_url"":""https://john-millikin.com/code/attoparsec-enumerator"",""evidence_sha256"":""d8c847ce451fec7cada2e39a3ef405321eb98de0921b4139c34a271b5ace1ff7"",""recovered_at"":""2026-09-23T16:26:42Z""}"
hackage.haskell.org,pkg:hackage/bytestring-builder,"{""registry"":""hackage.haskell.org"",""purl"":""pkg:hackage/bytestring-builder"",""repository_url"":""https://github.com/lpsmith/bytestring-builder"",""evidence_url"":""https://hackage.haskell.org/package/bytestring-builder/bytestring-builder.cabal"",""evidence_file"":""missing-url-evidence/cb09629d254c5464b0267953acc92e53a6ceab0e17ad5d1a43f249ba0878cefa"",""reason"":""Cabal source-repository head location"",""repository_role"":null,""application_repository_url"":null,""upstream_repository_url"":null,""additional_evidence_url"":null,""additional_evidence_file"":null,""source_repository_url"":""http://github.com/lpsmith/bytestring-builder"",""evidence_sha256"":""6b2b812cdac53f5a2c82376a416dde04adbb5ca3e1604c0d075368a0498f762b"",""recovered_at"":""2026-09-23T16:26:42Z""}"
hackage.haskell.org,pkg:hackage/bytestring-lexing,"{""registry"":""hackage.haskell.org"",""purl"":""pkg:hackage/bytestring-lexing"",""repository_url"":""https://github.com/wrengr/bytestring-lexing"",""evidence_url"":""https://hackage.haskell.org/package/bytestring-lexing/bytestring-lexing.cabal"",""evidence_file"":""missing-url-evidence/6a79bd44133fd813863359542824f4ffea35f1a579e1315cb7f7503a1262fc05"",""reason"":""Cabal source-repository head location"",""repository_role"":null,""application_repository_url"":null,""upstream_repository_url"":null,""additional_evidence_url"":null,""additional_evidence_file"":null,""source_repository_url"":""https://github.com/wrengr/bytestring-lexing.git"",""evidence_sha256"":""8874278db99727ec820ff42d85c85365f040627f8abcc20d4f146acf54229e13"",""recovered_at"":""2026-09-23T16:26:42Z""}"
hackage.haskell.org,pkg:hackage/data-binary-ieee754,"{""registry"":""hackage.haskell.org"",""purl"":""pkg:hackage/data-binary-ieee754"",""repository_url"":""https://john-millikin.com/code/haskell-binary-ieee754"",""evidence_url"":""https://hackage.haskell.org/package/data-binary-ieee754/data-binary-ieee754.cabal"",""evidence_file"":""missing-url-evidence/16f162977a678dae3666f3f87d25ddebef687c8f4c13bda99bc2712933906998"",""reason"":""Cabal source-repository head location"",""repository_role"":null,""application_repository_url"":null,""upstream_repository_url"":null,""additional_evidence_url"":null,""additional_evidence_file"":null,""source_repository_url"":""https://john-millikin.com/code/haskell-binary-ieee754"",""evidence_sha256"":""60a56dd516e3710f05d79310cce25a10ed0f361a388df1e24ef96ce540901e1c"",""recovered_at"":""2026-09-23T16:26:42Z""}"
hackage.haskell.org,pkg:hackage/data-default-class,"{""registry"":""hackage.haskell.org"",""purl"":""pkg:hackage/data-default-class"",""repository_url"":""https://github.com/mauke/data-default"",""evidence_url"":""https://hackage.haskell.org/package/data-default-class/data-default-class.cabal"",""evidence_file"":""missing-url-evidence/448741c4df5196e0745fec8be279d26282d81f7c0f70da4aabc56823474eb786"",""reason"":""Cabal source-repository head location"",""repository_role"":null,""application_repository_url"":null,""upstream_repository_url"":null,""additional_evidence_url"":null,""additional_evidence_file"":null,""source_repository_url"":""https://github.com/mauke/data-default"",""evidence_sha256"":""788dc5c0be3981ca83ad11206e300a77ae8a1c8b9bc4f9630f563d37f540ccbd"",""recovered_at"":""2026-09-23T16:26:42Z""}"
hackage.haskell.org,pkg:hackage/data-default-instances-old-locale,"{""registry"":""hackage.haskell.org"",""purl"":""pkg:hackage/data-default-instances-old-locale"",""repository_url"":""https://github.com/mauke/data-default"",""evidence_url"":""https://hackage.haskell.org/package/data-default-instances-old-locale/data-default-instances-old-locale.cabal"",""evidence_file"":""missing-url-evidence/3bcdb7fefb848a6f8664e97a98c586d01f356ccc25ccc5d30a7876ef52820fac"",""reason"":""Cabal source-repository head location"",""repository_role"":null,""application_repository_url"":null,""upstream_repository_url"":null,""additional_evidence_url"":null,""additional_evidence_file"":null,""source_repository_url"":""https://github.com/mauke/data-default"",""evidence_sha256"":""348f547a5118a65bc2cd0444358a329c49c5917c72bfe3b014e0123ec9264bfb"",""recovered_at"":""2026-09-23T16:26:42Z""}"
hackage.haskell.org,pkg:hackage/diagrams-contrib,"{""registry"":""hackage.haskell.org"",""purl"":""pkg:hackage/diagrams-contrib"",""repository_url"":""https://github.com/diagrams/diagrams-contrib"",""evidence_url"":""https://hackage.haskell.org/package/diagrams-contrib/diagrams-contrib.cabal"",""evidence_file"":""missing-url-evidence/90a72b80d6d840558f079c88e311b790136fe3b6613b87a104b73d82ee256f3b"",""reason"":""Cabal source-repository head location"",""repository_role"":null,""application_repository_url"":null,""upstream_repository_url"":null,""additional_evidence_url"":null,""additional_evidence_file"":null,""source_repository_url"":""http://github.com/diagrams/diagrams-contrib.git"",""evidence_sha256"":""626815ef75ab94e653d2cd1ad09fbe488977546f23f8d745205223dd00a3da1f"",""recovered_at"":""2026-09-23T16:26:42Z""}"
hackage.haskell.org,pkg:hackage/directory-tree,"{""registry"":""hackage.haskell.org"",""purl"":""pkg:hackage/directory-tree"",""repository_url"":""https://github.com/jberryman/directory-tree"",""evidence_url"":""https://hackage.haskell.org/package/directory-tree/directory-tree.cabal"",""evidence_file"":""missing-url-evidence/667cf2155658be3525193c46f7c9bf8f7239a28827fef06a7d220d1c5b1cbea1"",""reason"":""Cabal source-repository head location"",""repository_role"":null,""application_repository_url"":null,""upstream_repository_url"":null,""additional_evidence_url"":null,""additional_evidence_file"":null,""source_repository_url"":""https://github.com/jberryman/directory-tree.git"",""evidence_sha256"":""6f24ee1eca965a199a96f853582e61a338f1a529c87bc02c7f1451e2f2ed03fe"",""recovered_at"":""2026-09-23T16:26:42Z""}"
hackage.haskell.org,pkg:hackage/enumerator,"{""registry"":""hackage.haskell.org"",""purl"":""pkg:hackage/enumerator"",""repository_url"":""https://john-millikin.com/code/haskell-enumerator"",""evidence_url"":""https://hackage.haskell.org/package/enumerator/enumerator.cabal"",""evidence_file"":""missing-url-evidence/2c1abfb88e8a9c62738fed6bb6ccc52abea455c1b9c11d4fc8499dc1de7c0b6a"",""reason"":""Cabal source-repository head location"",""repository_role"":null,""application_repository_url"":null,""upstream_repository_url"":null,""additional_evidence_url"":null,""additional_evidence_file"":null,""source_repository_url"":""https://john-millikin.com/code/haskell-enumerator"",""evidence_sha256"":""3fbdac43f6385ed9312506c8d8a037930c02c32ff9d9eaf265db1da98d42b682"",""recovered_at"":""2026-09-23T16:26:42Z""}"
hackage.haskell.org,pkg:hackage/fixed-vector,"{""registry"":""hackage.haskell.org"",""purl"":""pkg:hackage/fixed-vector"",""repository_url"":""https://github.com/shimuuar/fixed-vector"",""evidence_url"":""https://hackage.haskell.org/package/fixed-vector/fixed-vector.cabal"",""evidence_file"":""missing-url-evidence/66750817cebe284cfe77923c2348efdce2f9a0492158fc50834386aed78ef62b"",""reason"":""Cabal source-repository head location"",""repository_role"":null,""application_repository_url"":null,""upstream_repository_url"":null,""additional_evidence_url"":null,""additional_evidence_file"":null,""source_repository_url"":""http://github.com/Shimuuar/fixed-vector"",""evidence_sha256"":""2b7dc2279e26186f33e2c859a1ce91fdad4a298d9dfb2692c6914e01f77d3029"",""recovered_at"":""2026-09-23T16:26:42Z""}"
hackage.haskell.org,pkg:hackage/generic-aeson,"{""registry"":""hackage.haskell.org"",""purl"":""pkg:hackage/generic-aeson"",""repository_url"":""https://github.com/silkapp/generic-aeson"",""evidence_url"":""https://hackage.haskell.org/package/generic-aeson/generic-aeson.cabal"",""evidence_file"":""missing-url-evidence/d257bd8795f2f4a896b99acf8a2919b8e617abecda8bfbd8ef10a1bbcc6b632b"",""reason"":""Cabal source-repository head location"",""repository_role"":null,""application_repository_url"":null,""upstream_repository_url"":null,""additional_evidence_url"":null,""additional_evidence_file"":null,""source_repository_url"":""https://github.com/silkapp/generic-aeson.git"",""evidence_sha256"":""05fde50f56113b88d71ce567b54a0eef3eb90c110b0092b8ad3f3804307ef510"",""recovered_at"":""2026-09-23T16:26:42Z""}"
hackage.haskell.org,pkg:hackage/glib,"{""registry"":""hackage.haskell.org"",""purl"":""pkg:hackage/glib"",""repository_url"":""https://github.com/gtk2hs/gtk2hs"",""evidence_url"":""https://hackage.haskell.org/package/glib/glib.cabal"",""evidence_file"":""missing-url-evidence/5fffb1f57093e56a5699d1a30e506b2f3b8cd0561f684de08a15c71183e49eb4"",""reason"":""Cabal source-repository head location"",""repository_role"":null,""application_repository_url"":null,""upstream_repository_url"":null,""additional_evidence_url"":null,""additional_evidence_file"":null,""source_repository_url"":""https://github.com/gtk2hs/gtk2hs"",""evidence_sha256"":""11fac86a93aad210446c8c8802f52969675e5eccaed4ed5ba471e35cd37f8bbe"",""recovered_at"":""2026-09-23T16:26:42Z""}"
hackage.haskell.org,pkg:hackage/groups,"{""registry"":""hackage.haskell.org"",""purl"":""pkg:hackage/groups"",""repository_url"":""https://github.com/taneb/groups"",""evidence_url"":""https://hackage.haskell.org/package/groups/groups.cabal"",""evidence_file"":""missing-url-evidence/01cccc865e09300350e97b1b67ae7e144436f9030fb87d574f9b88377bf13435"",""reason"":""Cabal source-repository head location"",""repository_role"":null,""application_repository_url"":null,""upstream_repository_url"":null,""additional_evidence_url"":null,""additional_evidence_file"":null,""source_repository_url"":""https://github.com/Taneb/groups.git"",""evidence_sha256"":""b536d995c65281f5b891a694213fe4abce2fcee71ebda08bb9ec9e334cdcc741"",""recovered_at"":""2026-09-23T16:26:42Z""}"
hackage.haskell.org,pkg:hackage/gtk3,"{""registry"":""hackage.haskell.org"",""purl"":""pkg:hackage/gtk3"",""repository_url"":""https://github.com/gtk2hs/gtk2hs"",""evidence_url"":""https://hackage.haskell.org/package/gtk3/gtk3.cabal"",""evidence_file"":""missing-url-evidence/b5f069f54cf552e57b02d6ffa7817c1068cd08a94b9da48ed2e644f3af781fff"",""reason"":""Cabal source-repository head location"",""repository_role"":null,""application_repository_url"":null,""upstream_repository_url"":null,""additional_evidence_url"":null,""additional_evidence_file"":null,""source_repository_url"":""https://github.com/gtk2hs/gtk2hs"",""evidence_sha256"":""4652b389674d3bcd1c3240e6dbd5a6d16a3b98b064f43df358dafe154bbbe187"",""recovered_at"":""2026-09-23T16:26:42Z""}"
hackage.haskell.org,pkg:hackage/haskell-src,"{""registry"":""hackage.haskell.org"",""purl"":""pkg:hackage/haskell-src"",""repository_url"":""https://github.com/haskell-pkg-janitors/haskell-src"",""evidence_url"":""https://hackage.haskell.org/package/haskell-src/haskell-src.cabal"",""evidence_file"":""missing-url-evidence/b2af9c98b051c565b90b58a6f4a6676374040b57e358695814778636f3d21b68"",""reason"":""Cabal source-repository head location"",""repository_role"":null,""application_repository_url"":null,""upstream_repository_url"":null,""additional_evidence_url"":null,""additional_evidence_file"":null,""source_repository_url"":""https://github.com/haskell-pkg-janitors/haskell-src.git"",""evidence_sha256"":""c82052a7cdf62c6348fdcab52599a0a1012daadb5f55b687b9513cbfb14eb4fa"",""recovered_at"":""2026-09-23T16:26:42Z""}"
hackage.haskell.org,pkg:hackage/haskell98,"{""registry"":""hackage.haskell.org"",""purl"":""pkg:hackage/haskell98"",""repository_url"":""https://git.haskell.org/packages/haskell98"",""evidence_url"":""https://hackage.haskell.org/package/haskell98/haskell98.cabal"",""evidence_file"":""missing-url-evidence/1a3129a4fc7801ad72dba07acb9d8d7c79e01a898f147738e32e94198fec49b2"",""reason"":""Cabal source-repository head location"",""repository_role"":null,""application_repository_url"":null,""upstream_repository_url"":null,""additional_evidence_url"":null,""additional_evidence_file"":null,""source_repository_url"":""http://git.haskell.org/packages/haskell98.git"",""evidence_sha256"":""96b35f16d584a2c1e90491f03e0b99fea1e4d90ac5ce1496cc0682fd4543d37d"",""recovered_at"":""2026-09-23T16:26:42Z""}"
hackage.haskell.org,pkg:hackage/heist,"{""registry"":""hackage.haskell.org"",""purl"":""pkg:hackage/heist"",""repository_url"":""https://github.com/snapframework/heist"",""evidence_url"":""https://hackage.haskell.org/package/heist/heist.cabal"",""evidence_file"":""missing-url-evidence/64d7cb81604caa0ae9f786c7abf81263bb004f77771212d9cb941ff2e296f1f5"",""reason"":""Cabal source-repository head location"",""repository_role"":null,""application_repository_url"":null,""upstream_repository_url"":null,""additional_evidence_url"":null,""additional_evidence_file"":null,""source_repository_url"":""https://github.com/snapframework/heist.git"",""evidence_sha256"":""46a596f7cbfda7b3c94d8aa1397a41097231e2d13a131003d552208be7d0ab90"",""recovered_at"":""2026-09-23T16:26:42Z""}"
hackage.haskell.org,pkg:hackage/ixset,"{""registry"":""hackage.haskell.org"",""purl"":""pkg:hackage/ixset"",""repository_url"":""https://github.com/happstack/ixset"",""evidence_url"":""https://hackage.haskell.org/package/ixset/ixset.cabal"",""evidence_file"":""missing-url-evidence/a126e8d0777e825bfd6f2cba5bd5cb8357e90765be5d20a82b690ee1b3a174c4"",""reason"":""Cabal source-repository head location"",""repository_role"":null,""application_repository_url"":null,""upstream_repository_url"":null,""additional_evidence_url"":null,""additional_evidence_file"":null,""source_repository_url"":""https://github.com/Happstack/ixset.git"",""evidence_sha256"":""3367a3f9167b12601f76d8c161d06cc803ec6eca239d3dd9507ad06414a58897"",""recovered_at"":""2026-09-23T16:26:42Z""}"
hackage.haskell.org,pkg:hackage/jsaddle,"{""registry"":""hackage.haskell.org"",""purl"":""pkg:hackage/jsaddle"",""repository_url"":""https://github.com/ghcjs/jsaddle"",""evidence_url"":""https://hackage.haskell.org/package/jsaddle/jsaddle.cabal"",""evidence_file"":""missing-url-evidence/c79a4e02e79635ef73b4c74537b97c9baf1971b30c30cbf7021d1818b32bc0b8"",""reason"":""Cabal source-repository head location"",""repository_role"":null,""application_repository_url"":null,""upstream_repository_url"":null,""additional_evidence_url"":null,""additional_evidence_file"":null,""source_repository_url"":""https://github.com/ghcjs/jsaddle"",""evidence_sha256"":""8f7ec8379e4a971f339eb8f200e8c988a5fcb0233032ae88899cc3bcee642cb3"",""recovered_at"":""2026-09-23T16:26:42Z""}"
hackage.haskell.org,pkg:hackage/mersenne-random-pure64,"{""registry"":""hackage.haskell.org"",""purl"":""pkg:hackage/mersenne-random-pure64"",""repository_url"":""https://github.com/bgamari/mersenne-random-pure64"",""evidence_url"":""https://hackage.haskell.org/package/mersenne-random-pure64/mersenne-random-pure64.cabal"",""evidence_file"":""missing-url-evidence/fbcead71341b820be027430c21b47d5e745b5df28689255a671ef9d8411200ea"",""reason"":""Cabal source-repository head location"",""repository_role"":null,""application_repository_url"":null,""upstream_repository_url"":null,""additional_evidence_url"":null,""additional_evidence_file"":null,""source_repository_url"":""git://github.com/bgamari/mersenne-random-pure64"",""evidence_sha256"":""853f225100e5d8edbedcd21a88590f5b02a4e225f9129a474ac074417e07b85f"",""recovered_at"":""2026-09-23T16:26:42Z""}"
hackage.haskell.org,pkg:hackage/openpgp-asciiarmor,"{""registry"":""hackage.haskell.org"",""purl"":""pkg:hackage/openpgp-asciiarmor"",""repository_url"":""https://salsa.debian.org/clint/openpgp-asciiarmor"",""evidence_url"":""https://hackage.haskell.org/package/openpgp-asciiarmor/openpgp-asciiarmor.cabal"",""evidence_file"":""missing-url-evidence/05f97d412db019eb4de43e7af75e82dec53cf512db37f98763ef87b8223e6be8"",""reason"":""Cabal source-repository head location"",""repository_role"":null,""application_repository_url"":null,""upstream_repository_url"":null,""additional_evidence_url"":null,""additional_evidence_file"":null,""source_repository_url"":""https://salsa.debian.org/clint/openpgp-asciiarmor.git"",""evidence_sha256"":""6a7f142cb38b961555ce7211d280e6c0a626aa5cd1cee4175bd7075268e0d39c"",""recovered_at"":""2026-09-23T16:26:42Z""}"
hackage.haskell.org,pkg:hackage/pango,"{""registry"":""hackage.haskell.org"",""purl"":""pkg:hackage/pango"",""repository_url"":""https://github.com/gtk2hs/gtk2hs"",""evidence_url"":""https://hackage.haskell.org/package/pango/pango.cabal"",""evidence_file"":""missing-url-evidence/d975d00792ba256af834d009a82051fc03250c7d7b7e19ca9aa87f23459d41cd"",""reason"":""Cabal source-repository head location"",""repository_role"":null,""application_repository_url"":null,""upstream_repository_url"":null,""additional_evidence_url"":null,""additional_evidence_file"":null,""source_repository_url"":""https://github.com/gtk2hs/gtk2hs"",""evidence_sha256"":""c52cb646353aa0d889a066bd9a7d7c0f846fb7b69c8a4a53dfbc6c9ae3725328"",""recovered_at"":""2026-09-23T16:26:42Z""}"
hackage.haskell.org,pkg:hackage/pipes-parse,"{""registry"":""hackage.haskell.org"",""purl"":""pkg:hackage/pipes-parse"",""repository_url"":""https://github.com/gabriella439/haskell-pipes-parse-library"",""evidence_url"":""https://hackage.haskell.org/package/pipes-parse/pipes-parse.cabal"",""evidence_file"":""missing-url-evidence/908319bb5bf0ca35a69ffffd81553573ecd49dd13c19a2476cf7594e54a70fb6"",""reason"":""Cabal source-repository head location"",""repository_role"":null,""application_repository_url"":null,""upstream_repository_url"":null,""additional_evidence_url"":null,""additional_evidence_file"":null,""source_repository_url"":""https://github.com/Gabriella439/Haskell-Pipes-Parse-Library"",""evidence_sha256"":""d0fd0d3e34a9fbd7a710d44d73e3bd80c810f3823db25c0c6881922e71433436"",""recovered_at"":""2026-09-23T16:26:42Z""}"
hackage.haskell.org,pkg:hackage/pipes-safe,"{""registry"":""hackage.haskell.org"",""purl"":""pkg:hackage/pipes-safe"",""repository_url"":""https://github.com/gabriella439/haskell-pipes-safe-library"",""evidence_url"":""https://hackage.haskell.org/package/pipes-safe/pipes-safe.cabal"",""evidence_file"":""missing-url-evidence/2eff24f5e045459c0c0ce73585dd3f70c00e960f92a01d3acfc724b0ccc0b317"",""reason"":""Cabal source-repository head location"",""repository_role"":null,""application_repository_url"":null,""upstream_repository_url"":null,""additional_evidence_url"":null,""additional_evidence_file"":null,""source_repository_url"":""https://github.com/Gabriella439/Haskell-Pipes-Safe-Library"",""evidence_sha256"":""314f73055939017474d61b345f821e06e35fb986e0c6fee61abe86f03824d8bb"",""recovered_at"":""2026-09-23T16:26:42Z""}"
hackage.haskell.org,pkg:hackage/sdl2,"{""registry"":""hackage.haskell.org"",""purl"":""pkg:hackage/sdl2"",""repository_url"":""https://github.com/haskell-game/sdl2"",""evidence_url"":""https://hackage.haskell.org/package/sdl2/sdl2.cabal"",""evidence_file"":""missing-url-evidence/6b90b7ced63ab1fd9ee43feb009806cf942d96623b1c3662f9632c3a11cbe2b9"",""reason"":""Cabal source-repository head location"",""repository_role"":null,""application_repository_url"":null,""upstream_repository_url"":null,""additional_evidence_url"":null,""additional_evidence_file"":null,""source_repository_url"":""https://github.com/haskell-game/sdl2.git"",""evidence_sha256"":""928f70de4ff7818ff2ff3403200ba63fa8986cf0761b599cef5c4ee201c0a389"",""recovered_at"":""2026-09-23T16:26:42Z""}"
hackage.haskell.org,pkg:hackage/shakespeare-css,"{""registry"":""hackage.haskell.org"",""purl"":""pkg:hackage/shakespeare-css"",""repository_url"":""https://github.com/yesodweb/shakespeare"",""evidence_url"":""https://hackage.haskell.org/package/shakespeare-css/shakespeare-css.cabal"",""evidence_file"":""missing-url-evidence/925c614de5fc52a926919b6019dd15e0a928004fbc94ff616f1a8ab3038fccca"",""reason"":""Cabal source-repository head location"",""repository_role"":null,""application_repository_url"":null,""upstream_repository_url"":null,""additional_evidence_url"":null,""additional_evidence_file"":null,""source_repository_url"":""git://github.com/yesodweb/shakespeare.git"",""evidence_sha256"":""dcba811ab20ec0d1c12393176b340a7a556f860e6fc4cbd7e6dafeecbac571ac"",""recovered_at"":""2026-09-23T16:26:42Z""}"
hackage.haskell.org,pkg:hackage/shakespeare-js,"{""registry"":""hackage.haskell.org"",""purl"":""pkg:hackage/shakespeare-js"",""repository_url"":""https://github.com/yesodweb/shakespeare"",""evidence_url"":""https://hackage.haskell.org/package/shakespeare-js/shakespeare-js.cabal"",""evidence_file"":""missing-url-evidence/81741ad897517e50e87e332bde51dc9dbf176b5bb48f2bb97a6795891546bcc1"",""reason"":""Cabal source-repository head location"",""repository_role"":null,""application_repository_url"":null,""upstream_repository_url"":null,""additional_evidence_url"":null,""additional_evidence_file"":null,""source_repository_url"":""git://github.com/yesodweb/shakespeare.git"",""evidence_sha256"":""4aace934dcaf1a248ed8f28e2bb70fe4225ebf642d7e12bdfd2fca8cd41994fb"",""recovered_at"":""2026-09-23T16:26:42Z""}"
hackage.haskell.org,pkg:hackage/shakespeare-text,"{""registry"":""hackage.haskell.org"",""purl"":""pkg:hackage/shakespeare-text"",""repository_url"":""https://github.com/yesodweb/shakespeare"",""evidence_url"":""https://hackage.haskell.org/package/shakespeare-text/shakespeare-text.cabal"",""evidence_file"":""missing-url-evidence/dcf29f258e3954f745b9bbc9d9b4018612ccbcdf85c542da9f4c25ac1bfbd757"",""reason"":""Cabal source-repository head location"",""repository_role"":null,""application_repository_url"":null,""upstream_repository_url"":null,""additional_evidence_url"":null,""additional_evidence_file"":null,""source_repository_url"":""git://github.com/yesodweb/shakespeare.git"",""evidence_sha256"":""8077064680ae100d8b513d5cb10e033d1128428f157554663458554665234df2"",""recovered_at"":""2026-09-23T16:26:42Z""}"
hackage.haskell.org,pkg:hackage/simple-sendfile,"{""registry"":""hackage.haskell.org"",""purl"":""pkg:hackage/simple-sendfile"",""repository_url"":""https://github.com/kazu-yamamoto/simple-sendfile"",""evidence_url"":""https://hackage.haskell.org/package/simple-sendfile/simple-sendfile.cabal"",""evidence_file"":""missing-url-evidence/65ea4456d28a5bbb0486f3f99b014a4c99f8ca82ef77af081b182feff8d02573"",""reason"":""Cabal source-repository head location"",""repository_role"":null,""application_repository_url"":null,""upstream_repository_url"":null,""additional_evidence_url"":null,""additional_evidence_file"":null,""source_repository_url"":""https://github.com/kazu-yamamoto/simple-sendfile"",""evidence_sha256"":""133f419b9b6b8a4db8541f381c20b8dfca962a59e82ba203e66d6bef41cf8ea4"",""recovered_at"":""2026-09-23T16:26:42Z""}"
hackage.haskell.org,pkg:hackage/storable-endian,"{""registry"":""hackage.haskell.org"",""purl"":""pkg:hackage/storable-endian"",""repository_url"":""https://github.com/jkff/storable-endian"",""evidence_url"":""https://hackage.haskell.org/package/storable-endian/storable-endian.cabal"",""evidence_file"":""missing-url-evidence/2911bda1cf617a7907c06f3c915111987b0978a7dde3710f099ed513eeff4976"",""reason"":""Cabal source-repository head location"",""repository_role"":null,""application_repository_url"":null,""upstream_repository_url"":null,""additional_evidence_url"":null,""additional_evidence_file"":null,""source_repository_url"":""git://github.com/jkff/storable-endian"",""evidence_sha256"":""02ff13f12485c1f52a98663f9c928ac7395e9b046e46c4c3cc9a8210dc9bad91"",""recovered_at"":""2026-09-23T16:26:42Z""}"
hackage.haskell.org,pkg:hackage/stringbuilder,"{""registry"":""hackage.haskell.org"",""purl"":""pkg:hackage/stringbuilder"",""repository_url"":""https://github.com/sol/stringbuilder"",""evidence_url"":""https://hackage.haskell.org/package/stringbuilder/stringbuilder.cabal"",""evidence_file"":""missing-url-evidence/4f6da68e842cc68e3bebb7f85266fbbab5fd572aed0c385c8f0d9b8a6f10a3b3"",""reason"":""Cabal source-repository head location"",""repository_role"":null,""application_repository_url"":null,""upstream_repository_url"":null,""additional_evidence_url"":null,""additional_evidence_file"":null,""source_repository_url"":""https://github.com/sol/stringbuilder"",""evidence_sha256"":""87481cbbb6324acc00dec6ad715662e2177adcdc69224941011f1c1730e4debe"",""recovered_at"":""2026-09-23T16:26:42Z""}"
hackage.haskell.org,pkg:hackage/terminal-size,"{""registry"":""hackage.haskell.org"",""purl"":""pkg:hackage/terminal-size"",""repository_url"":""https://github.com/biegunka/terminal-size"",""evidence_url"":""https://hackage.haskell.org/package/terminal-size/terminal-size.cabal"",""evidence_file"":""missing-url-evidence/a37941218c5fdab6439e27633fd0c59b0ce5a0c00b3a0224203f789e180d7f9c"",""reason"":""Cabal source-repository head location"",""repository_role"":null,""application_repository_url"":null,""upstream_repository_url"":null,""additional_evidence_url"":null,""additional_evidence_file"":null,""source_repository_url"":""https://github.com/biegunka/terminal-size"",""evidence_sha256"":""21d7f1320eeb86177e860ec07a3d8e7510977b1b415a96ebb62ee4ad72955770"",""recovered_at"":""2026-09-23T16:26:42Z""}"
hackage.haskell.org,pkg:hackage/timezone-olson,"{""registry"":""hackage.haskell.org"",""purl"":""pkg:hackage/timezone-olson"",""repository_url"":""https://github.com/ygale/timezone-olson"",""evidence_url"":""https://hackage.haskell.org/package/timezone-olson/timezone-olson.cabal"",""evidence_file"":""missing-url-evidence/5d42bbb561183ecbce301f239cbf0efa307fcfa96c7315ac709b5f2bd833519b"",""reason"":""Cabal source-repository head location"",""repository_role"":null,""application_repository_url"":null,""upstream_repository_url"":null,""additional_evidence_url"":null,""additional_evidence_file"":null,""source_repository_url"":""https://github.com/ygale/timezone-olson.git"",""evidence_sha256"":""e0356537b38eabdd799cfd7a6078e41b339ab8fb75db9e23292af07313bab81f"",""recovered_at"":""2026-09-23T16:26:42Z""}"
hackage.haskell.org,pkg:hackage/tostring,"{""registry"":""hackage.haskell.org"",""purl"":""pkg:hackage/tostring"",""repository_url"":""https://github.com/silkapp/tostring"",""evidence_url"":""https://hackage.haskell.org/package/tostring/tostring.cabal"",""evidence_file"":""missing-url-evidence/6268eab614992e83d13674fca82a496ba28932f8627991da4d2055e934fa6b8f"",""reason"":""Cabal source-repository head location"",""repository_role"":null,""application_repository_url"":null,""upstream_repository_url"":null,""additional_evidence_url"":null,""additional_evidence_file"":null,""source_repository_url"":""https://github.com/silkapp/tostring.git"",""evidence_sha256"":""e05b0f2648800e4bc5c99ce01627d874dd68813ee6d6aef51abab3da9f6d6cc0"",""recovered_at"":""2026-09-23T16:26:42Z""}"
hackage.haskell.org,pkg:hackage/traverse-with-class,"{""registry"":""hackage.haskell.org"",""purl"":""pkg:hackage/traverse-with-class"",""repository_url"":""https://github.com/feuerbach/traverse-with-class"",""evidence_url"":""https://hackage.haskell.org/package/traverse-with-class/traverse-with-class.cabal"",""evidence_file"":""missing-url-evidence/d72aea9c653a1f9fdcf6ca8ea0dadf0f4655ab3e7464d2911dfae31dab18743e"",""reason"":""Cabal source-repository head location"",""repository_role"":null,""application_repository_url"":null,""upstream_repository_url"":null,""additional_evidence_url"":null,""additional_evidence_file"":null,""source_repository_url"":""https://github.com/feuerbach/traverse-with-class.git"",""evidence_sha256"":""7dce92582d86db01cfa6411414db8613f064cad04caee675673a21c55f65e2e9"",""recovered_at"":""2026-09-23T16:26:42Z""}"
hackage.haskell.org,pkg:hackage/url,"{""registry"":""hackage.haskell.org"",""purl"":""pkg:hackage/url"",""repository_url"":""https://github.com/yav/url"",""evidence_url"":""https://hackage.haskell.org/package/url/url.cabal"",""evidence_file"":""missing-url-evidence/0ae2c8cca572b690d63cf173d2d4349ab7f6d13be36dded15523bfe34b60685a"",""reason"":""Cabal source-repository head location"",""repository_role"":null,""application_repository_url"":null,""upstream_repository_url"":null,""additional_evidence_url"":null,""additional_evidence_file"":null,""source_repository_url"":""git://github.com/yav/url.git"",""evidence_sha256"":""f22aeac9b607527bd5d070f2191cd2f0336f04ed7982cbe4dc4c6bdb5911ac13"",""recovered_at"":""2026-09-23T16:26:42Z""}"
hackage.haskell.org,pkg:hackage/utf8-light,"{""registry"":""hackage.haskell.org"",""purl"":""pkg:hackage/utf8-light"",""repository_url"":""https://gitlab.com/fffaaa/utf8-light"",""evidence_url"":""https://hackage.haskell.org/package/utf8-light/utf8-light.cabal"",""evidence_file"":""missing-url-evidence/8521294db8cc48faffee8d8592397acad57af164b315ea4ffaaf019872c94e9e"",""reason"":""Cabal source-repository head location"",""repository_role"":null,""application_repository_url"":null,""upstream_repository_url"":null,""additional_evidence_url"":null,""additional_evidence_file"":null,""source_repository_url"":""https://gitlab.com/fffaaa/utf8-light"",""evidence_sha256"":""343402fec753625da5b37daccec6ed3f0d5fc5edad4cbc9f406435c81d180e1a"",""recovered_at"":""2026-09-23T16:26:42Z""}"
hackage.haskell.org,pkg:hackage/wizards,"{""registry"":""hackage.haskell.org"",""purl"":""pkg:hackage/wizards"",""repository_url"":""https://github.com/liamoc/wizards"",""evidence_url"":""https://hackage.haskell.org/package/wizards/wizards.cabal"",""evidence_file"":""missing-url-evidence/a6a93ab4e93ab72ec14e54f1db1e510942b7f2b5051e491f19f914e11d990fb8"",""reason"":""Cabal source-repository head location"",""repository_role"":null,""application_repository_url"":null,""upstream_repository_url"":null,""additional_evidence_url"":null,""additional_evidence_file"":null,""source_repository_url"":""git://github.com/liamoc/wizards.git"",""evidence_sha256"":""cb7798895ee35e06c00a69eb1cd8a3c45921e3c5fb76ffcf11a76a15fbda4365"",""recovered_at"":""2026-09-23T16:26:42Z""}"
hackage.haskell.org,pkg:hackage/wreq,"{""registry"":""hackage.haskell.org"",""purl"":""pkg:hackage/wreq"",""repository_url"":""https://github.com/haskell/wreq"",""evidence_url"":""https://hackage.haskell.org/package/wreq/wreq.cabal"",""evidence_file"":""missing-url-evidence/b6c5ca29c2b800a642bc8d463fc05383e5da2949cb8b149c734aa12c53ab6646"",""reason"":""Cabal source-repository head location"",""repository_role"":null,""application_repository_url"":null,""upstream_repository_url"":null,""additional_evidence_url"":null,""additional_evidence_file"":null,""source_repository_url"":""https://github.com/haskell/wreq"",""evidence_sha256"":""f8f3ca6cc42c946d64a4c00d4a44069bd84e562e4a4210c74174a36e9b99fb76"",""recovered_at"":""2026-09-23T16:26:42Z""}"
hackage.haskell.org,pkg:hackage/xml-types,"{""registry"":""hackage.haskell.org"",""purl"":""pkg:hackage/xml-types"",""repository_url"":""https://git.singpolyma.net/xml-types-haskell"",""evidence_url"":""https://hackage.haskell.org/package/xml-types/xml-types.cabal"",""evidence_file"":""missing-url-evidence/0a73a3606a22d4a21b7fb15724626a4941d5b724074325b7bb7e9da0459b4e96"",""reason"":""Cabal source-repository head location"",""repository_role"":null,""application_repository_url"":null,""upstream_repository_url"":null,""additional_evidence_url"":null,""additional_evidence_file"":null,""source_repository_url"":""https://git.singpolyma.net/xml-types-haskell"",""evidence_sha256"":""0d1420f967a5f6439dc03f554b4d77cf15f9ff0aa58fa408efc52ca16459119b"",""recovered_at"":""2026-09-23T16:26:42Z""}"
hackage.haskell.org,pkg:hackage/xmonad-contrib,"{""registry"":""hackage.haskell.org"",""purl"":""pkg:hackage/xmonad-contrib"",""repository_url"":""https://github.com/xmonad/xmonad-contrib"",""evidence_url"":""https://hackage.haskell.org/package/xmonad-contrib/xmonad-contrib.cabal"",""evidence_file"":""missing-url-evidence/26ad30bf3a5f52475ffa5a11e300962dacb0b183ac39df8426fe3e803f94c7e9"",""reason"":""Cabal source-repository head location"",""repository_role"":null,""application_repository_url"":null,""upstream_repository_url"":null,""additional_evidence_url"":null,""additional_evidence_file"":null,""source_repository_url"":""https://github.com/xmonad/xmonad-contrib"",""evidence_sha256"":""03c2e5e0c947e92edb4d46b7f252fe5b0fcc12881edc1e562214c7ae4720d479"",""recovered_at"":""2026-09-23T16:26:42Z""}"
hackage.haskell.org,pkg:hackage/yesod-newsfeed,"{""registry"":""hackage.haskell.org"",""purl"":""pkg:hackage/yesod-newsfeed"",""repository_url"":""https://github.com/yesodweb/yesod"",""evidence_url"":""https://hackage.haskell.org/package/yesod-newsfeed/yesod-newsfeed.cabal"",""evidence_file"":""missing-url-evidence/a91dbc94baa5d02281441b2d4656feed3e9242206c7ef02f1c3577205233dda3"",""reason"":""Cabal source-repository head location"",""repository_role"":null,""application_repository_url"":null,""upstream_repository_url"":null,""additional_evidence_url"":null,""additional_evidence_file"":null,""source_repository_url"":""https://github.com/yesodweb/yesod"",""evidence_sha256"":""257ba9496a41330b22eef53601b531101e48ab1026fad18f3c74417a28265d0a"",""recovered_at"":""2026-09-23T16:26:42Z""}"
hub.docker.com,pkg:docker/alpine%2Fgit,"{""registry"":""hub.docker.com"",""purl"":""pkg:docker/alpine%2Fgit"",""repository_url"":""https://github.com/alpine-docker/git"",""evidence_url"":""https://hub.docker.com/v2/repositories/alpine/git/"",""evidence_file"":""missing-url-evidence/f2bca471359b0768aa2570f87e3473c5760cfa915317a9cb80d72d16e395c09b"",""reason"":""Docker Hub image documentation identifies build repository"",""repository_role"":""image_build"",""application_repository_url"":null,""upstream_repository_url"":null,""additional_evidence_url"":null,""additional_evidence_file"":null,""source_repository_url"":""https://github.com/alpine-docker/git"",""evidence_sha256"":""394474b5c1dd20aa4bdd1152531a835d62ab05d766e5e09f5c83b4da07bc43a0"",""recovered_at"":""2026-09-23T16:26:42Z""}"
hub.docker.com,pkg:docker/atmoz%2Fsftp,"{""registry"":""hub.docker.com"",""purl"":""pkg:docker/atmoz%2Fsftp"",""repository_url"":""https://github.com/atmoz/sftp"",""evidence_url"":""https://hub.docker.com/v2/repositories/atmoz/sftp/"",""evidence_file"":""missing-url-evidence/6052522f9bb02778fa52f99d8345c95d5592280acd5ae6239fb00f2672c5ed04"",""reason"":""Docker Hub Dockerfile links (image build repository)"",""repository_role"":""image_build"",""application_repository_url"":null,""upstream_repository_url"":null,""additional_evidence_url"":null,""additional_evidence_file"":null,""source_repository_url"":""https://github.com/atmoz/sftp"",""evidence_sha256"":""129a6ae8729b48a1ba5e978b35604188853831341eeaabe0f101bc7d44c109ef"",""recovered_at"":""2026-09-23T16:26:42Z""}"
hub.docker.com,pkg:docker/bitnami%2Fmariadb,"{""registry"":""hub.docker.com"",""purl"":""pkg:docker/bitnami%2Fmariadb"",""repository_url"":""https://github.com/bitnami/containers"",""evidence_url"":""https://hub.docker.com/v2/repositories/bitnami/mariadb/"",""evidence_file"":""missing-url-evidence/fa5c379c3e1854df3fe2f48f48ca8cf4cc0b41227c22db5c48d86cd107fa4453"",""reason"":""Docker Hub image documentation identifies build repository"",""repository_role"":""image_build"",""application_repository_url"":null,""upstream_repository_url"":null,""additional_evidence_url"":null,""additional_evidence_file"":null,""source_repository_url"":""https://github.com/bitnami/containers"",""evidence_sha256"":""e00dbe796fdada56c2505f219ec996b2701f83a46ac70dfb048c152dc1d429fd"",""recovered_at"":""2026-09-23T16:26:42Z""}"
hub.docker.com,pkg:docker/bitnami%2Fmongodb,"{""registry"":""hub.docker.com"",""purl"":""pkg:docker/bitnami%2Fmongodb"",""repository_url"":""https://github.com/bitnami/containers"",""evidence_url"":""https://hub.docker.com/v2/repositories/bitnami/mongodb/"",""evidence_file"":""missing-url-evidence/0a0207f2ac17757df87f7926a463732df08b770188c8993085e6c625fb297556"",""reason"":""Docker Hub image documentation identifies build repository"",""repository_role"":""image_build"",""application_repository_url"":null,""upstream_repository_url"":null,""additional_evidence_url"":null,""additional_evidence_file"":null,""source_repository_url"":""https://github.com/bitnami/containers"",""evidence_sha256"":""a3b76666f1f7467ecc44cbcd290c7f76c5dcd7b65d9cffa25bb909cffe50a08b"",""recovered_at"":""2026-09-23T16:26:42Z""}"
hub.docker.com,pkg:docker/bitnami%2Fnginx,"{""registry"":""hub.docker.com"",""purl"":""pkg:docker/bitnami%2Fnginx"",""repository_url"":""https://github.com/bitnami/containers"",""evidence_url"":""https://hub.docker.com/v2/repositories/bitnami/nginx/"",""evidence_file"":""missing-url-evidence/402273d6c0d3e1f86e521724d141fa47346268d89fb0ccf25d8daef170465124"",""reason"":""Docker Hub image documentation identifies build repository"",""repository_role"":""image_build"",""application_repository_url"":null,""upstream_repository_url"":null,""additional_evidence_url"":null,""additional_evidence_file"":null,""source_repository_url"":""https://github.com/bitnami/containers"",""evidence_sha256"":""0d2047ee32c3e9d167b1376e5b1ff25a3068b57e4eb724f5cecdca83de37196a"",""recovered_at"":""2026-09-23T16:26:42Z""}"
hub.docker.com,pkg:docker/bitnami%2Fpostgresql,"{""registry"":""hub.docker.com"",""purl"":""pkg:docker/bitnami%2Fpostgresql"",""repository_url"":""https://github.com/bitnami/containers"",""evidence_url"":""https://hub.docker.com/v2/repositories/bitnami/postgresql/"",""evidence_file"":""missing-url-evidence/e08128f50784cc59bf7c3e20c2cef78db869761ff67755edae4692f5bcf3d746"",""reason"":""Docker Hub image documentation identifies build repository"",""repository_role"":""image_build"",""application_repository_url"":null,""upstream_repository_url"":null,""additional_evidence_url"":null,""additional_evidence_file"":null,""source_repository_url"":""https://github.com/bitnami/containers"",""evidence_sha256"":""c7d1f904c662ab9fc35ec868c58992fb8af1b6f0e4376e5c6e2632a58a43d9da"",""recovered_at"":""2026-09-23T16:26:42Z""}"
hub.docker.com,pkg:docker/bitnami%2Fredis,"{""registry"":""hub.docker.com"",""purl"":""pkg:docker/bitnami%2Fredis"",""repository_url"":""https://github.com/bitnami/containers"",""evidence_url"":""https://hub.docker.com/v2/repositories/bitnami/redis/"",""evidence_file"":""missing-url-evidence/5b94addcb2ea7cd5cc1bff15a20f841bdce73fb8fc2087e7369afc21a027a92d"",""reason"":""Docker Hub image documentation identifies build repository"",""repository_role"":""image_build"",""application_repository_url"":null,""upstream_repository_url"":null,""additional_evidence_url"":null,""additional_evidence_file"":null,""source_repository_url"":""https://github.com/bitnami/containers"",""evidence_sha256"":""1c67b504277ce673fcdef6abaf86c8f090ce8a78bb7934a6cd68b076673aef73"",""recovered_at"":""2026-09-23T16:26:42Z""}"
hub.docker.com,pkg:docker/bitnami%2Fsealed-secrets-controller,"{""registry"":""hub.docker.com"",""purl"":""pkg:docker/bitnami%2Fsealed-secrets-controller"",""repository_url"":""https://github.com/bitnami/containers"",""evidence_url"":""https://hub.docker.com/v2/repositories/bitnami/sealed-secrets-controller/"",""evidence_file"":""missing-url-evidence/e3b13eb712e6a9806902499504d0e90ebf6d4cbd786e0176657cf450ed3934bf"",""reason"":""Docker Hub image documentation identifies build repository"",""repository_role"":""image_build"",""application_repository_url"":""https://github.com/bitnami-labs/sealed-secrets"",""upstream_repository_url"":null,""additional_evidence_url"":null,""additional_evidence_file"":null,""source_repository_url"":""https://github.com/bitnami/containers"",""evidence_sha256"":""427dad273e2058ea6f3ace4657312ca205d44e56568511598b213c563ef23aa4"",""recovered_at"":""2026-09-23T16:26:42Z""}"
hub.docker.com,pkg:docker/cimg%2Fnode,"{""registry"":""hub.docker.com"",""purl"":""pkg:docker/cimg%2Fnode"",""repository_url"":""https://github.com/circleci-public/cimg-node"",""evidence_url"":""https://hub.docker.com/v2/repositories/cimg/node/"",""evidence_file"":""missing-url-evidence/1a54410a23170d6895802401333775b81ec9c74402983c82ae75ffa14a1b9617"",""reason"":""Docker Hub image documentation identifies build repository"",""repository_role"":""image_build"",""application_repository_url"":null,""upstream_repository_url"":null,""additional_evidence_url"":null,""additional_evidence_file"":null,""source_repository_url"":""https://github.com/CircleCI-Public/cimg-node"",""evidence_sha256"":""cdc7acb0225fcb71deb2adc21a54fe0457a6b1e858db1e06dd4fe55195ce8da5"",""recovered_at"":""2026-09-23T16:26:42Z""}"
hub.docker.com,pkg:docker/cloudfoundry%2Fbosh-deployment-resource,"{""registry"":""hub.docker.com"",""purl"":""pkg:docker/cloudfoundry%2Fbosh-deployment-resource"",""repository_url"":""https://github.com/cloudfoundry/bosh-deployment-resource"",""evidence_url"":""https://hub.docker.com/v2/repositories/cloudfoundry/bosh-deployment-resource/"",""evidence_file"":""missing-url-evidence/d38820526c12c290e3f19efe16669877f85f2b65452844f0cbe6d8fdf619d190"",""reason"":""Docker Hub Dockerfile links (image build repository)"",""repository_role"":""image_build"",""application_repository_url"":null,""upstream_repository_url"":null,""additional_evidence_url"":null,""additional_evidence_file"":null,""source_repository_url"":""https://github.com/cloudfoundry/bosh-deployment-resource"",""evidence_sha256"":""940364f6b335b9d7e2a6f79bc0ac7df9cc14198d6a9e29a000f7144959560af2"",""recovered_at"":""2026-09-23T16:26:42Z""}"
hub.docker.com,pkg:docker/curlimages%2Fcurl,"{""registry"":""hub.docker.com"",""purl"":""pkg:docker/curlimages%2Fcurl"",""repository_url"":""https://github.com/curl/curl-container"",""evidence_url"":""https://hub.docker.com/v2/repositories/curlimages/curl/"",""evidence_file"":""missing-url-evidence/f002ff6682764decea9c5ac78468b8f1b6d6946c8f01b0416e4e85006ac19865"",""reason"":""Docker Hub image documentation identifies build repository"",""repository_role"":""image_build"",""application_repository_url"":null,""upstream_repository_url"":null,""additional_evidence_url"":null,""additional_evidence_file"":null,""source_repository_url"":""https://github.com/curl/curl-container"",""evidence_sha256"":""a0aba25a27ab4d423cb75f1cb4122dab6e5edd0f632f71889cc2d255cef0f02f"",""recovered_at"":""2026-09-23T16:26:42Z""}"
hub.docker.com,pkg:docker/docker%2Fdockerfile,"{""registry"":""hub.docker.com"",""purl"":""pkg:docker/docker%2Fdockerfile"",""repository_url"":""https://github.com/moby/buildkit"",""evidence_url"":""https://hub.docker.com/v2/repositories/docker/dockerfile/"",""evidence_file"":""missing-url-evidence/70eb1f0764876a472df84fe3a130fcfe94b98ecc1f55dbec3ad19ab8b38a2b52"",""reason"":""Docker Hub Dockerfile links (image build repository)"",""repository_role"":""image_build"",""application_repository_url"":null,""upstream_repository_url"":null,""additional_evidence_url"":null,""additional_evidence_file"":null,""source_repository_url"":""https://github.com/moby/buildkit"",""evidence_sha256"":""45469514c4aff9b21971b70aecf01b81ca45600940e9d6f50b50e04927d61c48"",""recovered_at"":""2026-09-23T16:26:42Z""}"
hub.docker.com,pkg:docker/envoyproxy%2Fenvoy,"{""registry"":""hub.docker.com"",""purl"":""pkg:docker/envoyproxy%2Fenvoy"",""repository_url"":""https://github.com/envoyproxy/envoy"",""evidence_url"":""https://hub.docker.com/v2/repositories/envoyproxy/envoy/"",""evidence_file"":""missing-url-evidence/d9d8cfce1bb7c4f5912f842637b48f382f84921bfb29a572cd3c15a4e27eae95"",""reason"":""Docker Hub Dockerfile links (image build repository)"",""repository_role"":""image_build"",""application_repository_url"":null,""upstream_repository_url"":null,""additional_evidence_url"":null,""additional_evidence_file"":null,""source_repository_url"":""https://github.com/envoyproxy/envoy"",""evidence_sha256"":""62ef850e10b86285eb60eafa49879024174ae4bcaa70ee1ac044fe341192ab72"",""recovered_at"":""2026-09-23T16:26:42Z""}"
hub.docker.com,pkg:docker/fluent%2Ffluent-bit,"{""registry"":""hub.docker.com"",""purl"":""pkg:docker/fluent%2Ffluent-bit"",""repository_url"":""https://github.com/fluent/fluent-bit"",""evidence_url"":""https://hub.docker.com/v2/repositories/fluent/fluent-bit/"",""evidence_file"":""missing-url-evidence/2a525f4e9c70c2f596178fcd0a52c873aa7fee9ce7d938436cf7f6cddbe3ecfe"",""reason"":""Docker Hub Dockerfile links (image build repository)"",""repository_role"":""image_build"",""application_repository_url"":null,""upstream_repository_url"":null,""additional_evidence_url"":null,""additional_evidence_file"":null,""source_repository_url"":""https://github.com/fluent/fluent-bit"",""evidence_sha256"":""af0b27ca840c13b2be6e32538407ed7fd4012dbd836e045c124121ceb332025b"",""recovered_at"":""2026-09-23T16:26:42Z""}"
hub.docker.com,pkg:docker/google%2Fcadvisor,"{""registry"":""hub.docker.com"",""purl"":""pkg:docker/google%2Fcadvisor"",""repository_url"":""https://github.com/google/cadvisor"",""evidence_url"":""https://hub.docker.com/v2/repositories/google/cadvisor/"",""evidence_file"":""missing-url-evidence/625b82401a5f03e9ee8a512b35a1dabbb22f47c20fe4b862bc21c67fd24beafa"",""reason"":""Docker Hub Dockerfile links (image build repository)"",""repository_role"":""image_build"",""application_repository_url"":null,""upstream_repository_url"":null,""additional_evidence_url"":null,""additional_evidence_file"":null,""source_repository_url"":""https://github.com/google/cadvisor"",""evidence_sha256"":""6f7ef1ad69c34681282839859b2ffd7c116c2a473a90fb59572e664078e73351"",""recovered_at"":""2026-09-23T16:26:42Z""}"
hub.docker.com,pkg:docker/jenkins%2Fjenkins,"{""registry"":""hub.docker.com"",""purl"":""pkg:docker/jenkins%2Fjenkins"",""repository_url"":""https://github.com/jenkinsci/docker"",""evidence_url"":""https://hub.docker.com/v2/repositories/jenkins/jenkins/"",""evidence_file"":""missing-url-evidence/c57de9bf08df756a2f54fcd625fa19e5857fb29bafe2d153b015c20a9923b4b0"",""reason"":""Docker Hub image documentation identifies build repository"",""repository_role"":""image_build"",""application_repository_url"":null,""upstream_repository_url"":null,""additional_evidence_url"":null,""additional_evidence_file"":null,""source_repository_url"":""https://github.com/jenkinsci/docker"",""evidence_sha256"":""e9e762d5a0769dbb4c7b37a1d3308e8ab118c0af341886bbcf6550c0917721f8"",""recovered_at"":""2026-09-23T16:26:42Z""}"
hub.docker.com,pkg:docker/linuxserver%2Fbazarr,"{""registry"":""hub.docker.com"",""purl"":""pkg:docker/linuxserver%2Fbazarr"",""repository_url"":""https://github.com/linuxserver/docker-bazarr"",""evidence_url"":""https://hub.docker.com/v2/repositories/linuxserver/bazarr/"",""evidence_file"":""missing-url-evidence/a5e0490f5bda4c142c5e5d96f559fbc5d3fcbe67d69956f04e8f84c2189d7761"",""reason"":""Docker Hub image documentation identifies build repository"",""repository_role"":""image_build"",""application_repository_url"":null,""upstream_repository_url"":null,""additional_evidence_url"":null,""additional_evidence_file"":null,""source_repository_url"":""https://github.com/linuxserver/docker-bazarr"",""evidence_sha256"":""6361342ef0f17a5c0b925467c561f02dffd931992d85e4c59705ddfd91f74abf"",""recovered_at"":""2026-09-23T16:26:42Z""}"
hub.docker.com,pkg:docker/linuxserver%2Fheimdall,"{""registry"":""hub.docker.com"",""purl"":""pkg:docker/linuxserver%2Fheimdall"",""repository_url"":""https://github.com/linuxserver/docker-heimdall"",""evidence_url"":""https://hub.docker.com/v2/repositories/linuxserver/heimdall/"",""evidence_file"":""missing-url-evidence/bb59109ff61558708cfa813f8ddc188390e9d80212815513ca1d6e6b8c851bab"",""reason"":""Docker Hub image documentation identifies build repository"",""repository_role"":""image_build"",""application_repository_url"":null,""upstream_repository_url"":null,""additional_evidence_url"":null,""additional_evidence_file"":null,""source_repository_url"":""https://github.com/linuxserver/docker-heimdall"",""evidence_sha256"":""f30b23885cbee950979f0315b0bd7b8ed3c29633dc85efc60beea090347aa758"",""recovered_at"":""2026-09-23T16:26:42Z""}"
hub.docker.com,pkg:docker/linuxserver%2Fjackett,"{""registry"":""hub.docker.com"",""purl"":""pkg:docker/linuxserver%2Fjackett"",""repository_url"":""https://github.com/linuxserver/docker-jackett"",""evidence_url"":""https://hub.docker.com/v2/repositories/linuxserver/jackett/"",""evidence_file"":""missing-url-evidence/894f45eafdcbbf6432d36e61a9a2dee74ec9e274e03fdf6e2605f4a73564f38a"",""reason"":""Docker Hub image documentation identifies build repository"",""repository_role"":""image_build"",""application_repository_url"":""https://github.com/Jackett/Jackett"",""upstream_repository_url"":null,""additional_evidence_url"":null,""additional_evidence_file"":null,""source_repository_url"":""https://github.com/linuxserver/docker-jackett"",""evidence_sha256"":""0c28b5fb17cf65c172dc1c42a2678f774e61dd795aed8dd6e0973ff17e63cfe0"",""recovered_at"":""2026-09-23T16:26:42Z""}"
hub.docker.com,pkg:docker/linuxserver%2Fletsencrypt,"{""registry"":""hub.docker.com"",""purl"":""pkg:docker/linuxserver%2Fletsencrypt"",""repository_url"":""https://github.com/linuxserver/docker-letsencrypt"",""evidence_url"":""https://hub.docker.com/v2/repositories/linuxserver/letsencrypt/"",""evidence_file"":""missing-url-evidence/9f7a3a10f923891be846db2437b54429e129140f3a51f6e0a5c4662d441fa77d"",""reason"":""Docker Hub image documentation identifies build repository"",""repository_role"":""image_build"",""application_repository_url"":null,""upstream_repository_url"":null,""additional_evidence_url"":null,""additional_evidence_file"":null,""source_repository_url"":""https://github.com/linuxserver/docker-letsencrypt"",""evidence_sha256"":""661fbc059babe08eaba3a42ede19a46bc644078e2c1aef197b8557379f6d2573"",""recovered_at"":""2026-09-23T16:26:42Z""}"
hub.docker.com,pkg:docker/linuxserver%2Flidarr,"{""registry"":""hub.docker.com"",""purl"":""pkg:docker/linuxserver%2Flidarr"",""repository_url"":""https://github.com/linuxserver/docker-lidarr"",""evidence_url"":""https://hub.docker.com/v2/repositories/linuxserver/lidarr/"",""evidence_file"":""missing-url-evidence/d6231fff4776daa8fad2cccaf2f8b59d0b428d1557117175c000762cc269bf5b"",""reason"":""Docker Hub image documentation identifies build repository"",""repository_role"":""image_build"",""application_repository_url"":""https://github.com/lidarr/Lidarr"",""upstream_repository_url"":null,""additional_evidence_url"":null,""additional_evidence_file"":null,""source_repository_url"":""https://github.com/linuxserver/docker-lidarr"",""evidence_sha256"":""4caf79fd8733765fc74b6b60243d64b51e00b5bb0e49fedd89e0cc23205fa54f"",""recovered_at"":""2026-09-23T16:26:42Z""}"
hub.docker.com,pkg:docker/linuxserver%2Fmariadb,"{""registry"":""hub.docker.com"",""purl"":""pkg:docker/linuxserver%2Fmariadb"",""repository_url"":""https://github.com/linuxserver/docker-mariadb"",""evidence_url"":""https://hub.docker.com/v2/repositories/linuxserver/mariadb/"",""evidence_file"":""missing-url-evidence/87402f396ed844a335deaf9e15637f054836ac9c3aa6c08e5d78307a7940c1f5"",""reason"":""Docker Hub image documentation identifies build repository"",""repository_role"":""image_build"",""application_repository_url"":null,""upstream_repository_url"":null,""additional_evidence_url"":null,""additional_evidence_file"":null,""source_repository_url"":""https://github.com/linuxserver/docker-mariadb"",""evidence_sha256"":""359fd63f84652f7955a10b156f05da1b282692a03220db45a3d31295a59f2d77"",""recovered_at"":""2026-09-23T16:26:42Z""}"
hub.docker.com,pkg:docker/linuxserver%2Fnzbget,"{""registry"":""hub.docker.com"",""purl"":""pkg:docker/linuxserver%2Fnzbget"",""repository_url"":""https://github.com/linuxserver/docker-nzbget"",""evidence_url"":""https://hub.docker.com/v2/repositories/linuxserver/nzbget/"",""evidence_file"":""missing-url-evidence/ae68a55c8d6b06ad0c6bba7b5ff7cd102672dd18816cdf4237304854e0a46e71"",""reason"":""Docker Hub image documentation identifies build repository"",""repository_role"":""image_build"",""application_repository_url"":null,""upstream_repository_url"":null,""additional_evidence_url"":null,""additional_evidence_file"":null,""source_repository_url"":""https://github.com/linuxserver/docker-nzbget"",""evidence_sha256"":""6dc610cf1435918f7afb5441d21ac4974ab1c76c3efde3d31882c234972a32e8"",""recovered_at"":""2026-09-23T16:26:42Z""}"
hub.docker.com,pkg:docker/linuxserver%2Fombi,"{""registry"":""hub.docker.com"",""purl"":""pkg:docker/linuxserver%2Fombi"",""repository_url"":""https://github.com/linuxserver/docker-ombi"",""evidence_url"":""https://hub.docker.com/v2/repositories/linuxserver/ombi/"",""evidence_file"":""missing-url-evidence/e0468fc5be8d0838deec77345b3b81413b6e3d74f37ebc192f2b177b1bb51f9f"",""reason"":""Docker Hub image documentation identifies build repository"",""repository_role"":""image_build"",""application_repository_url"":null,""upstream_repository_url"":null,""additional_evidence_url"":null,""additional_evidence_file"":null,""source_repository_url"":""https://github.com/linuxserver/docker-ombi"",""evidence_sha256"":""2e717c768bbf0240a94be0271b3dfdf0e74aa2aff068bb810d56a64b70ff17e4"",""recovered_at"":""2026-09-23T16:26:42Z""}"
hub.docker.com,pkg:docker/linuxserver%2Fplex,"{""registry"":""hub.docker.com"",""purl"":""pkg:docker/linuxserver%2Fplex"",""repository_url"":""https://github.com/linuxserver/docker-plex"",""evidence_url"":""https://hub.docker.com/v2/repositories/linuxserver/plex/"",""evidence_file"":""missing-url-evidence/eb4692e6556dd0c5d99b5a1075865cd0d962979025aa3c0e092c4c79d6c16e0f"",""reason"":""Docker Hub image documentation identifies build repository"",""repository_role"":""image_build"",""application_repository_url"":null,""upstream_repository_url"":null,""additional_evidence_url"":null,""additional_evidence_file"":null,""source_repository_url"":""https://github.com/linuxserver/docker-plex"",""evidence_sha256"":""6c74e8298380e1a46ad57f99429d742f4cdd599e6faf1959ec693d788b860666"",""recovered_at"":""2026-09-23T16:26:42Z""}"
hub.docker.com,pkg:docker/linuxserver%2Fradarr,"{""registry"":""hub.docker.com"",""purl"":""pkg:docker/linuxserver%2Fradarr"",""repository_url"":""https://github.com/linuxserver/docker-radarr"",""evidence_url"":""https://hub.docker.com/v2/repositories/linuxserver/radarr/"",""evidence_file"":""missing-url-evidence/982222bdb0f3470be3fbe2e957bcc846e720eb10eb6a3088fca10f1269b7b197"",""reason"":""Docker Hub image documentation identifies build repository"",""repository_role"":""image_build"",""application_repository_url"":""https://github.com/Radarr/Radarr"",""upstream_repository_url"":null,""additional_evidence_url"":null,""additional_evidence_file"":null,""source_repository_url"":""https://github.com/linuxserver/docker-radarr"",""evidence_sha256"":""322fb74d331d9ee57fd0befa8ad7ffc9f7b9b10db067aa3d6b1272593a98aabe"",""recovered_at"":""2026-09-23T16:26:42Z""}"
hub.docker.com,pkg:docker/linuxserver%2Fsabnzbd,"{""registry"":""hub.docker.com"",""purl"":""pkg:docker/linuxserver%2Fsabnzbd"",""repository_url"":""https://github.com/linuxserver/docker-sabnzbd"",""evidence_url"":""https://hub.docker.com/v2/repositories/linuxserver/sabnzbd/"",""evidence_file"":""missing-url-evidence/ae529f7d14653d672a76367e39cb00f274b902ae0e19715a8746da436e1548ba"",""reason"":""Docker Hub image documentation identifies build repository"",""repository_role"":""image_build"",""application_repository_url"":null,""upstream_repository_url"":null,""additional_evidence_url"":null,""additional_evidence_file"":null,""source_repository_url"":""https://github.com/linuxserver/docker-sabnzbd"",""evidence_sha256"":""237fd2e0734652fb912cb45d2332d0313070e954c36aadbc49c3ea1791ff87d7"",""recovered_at"":""2026-09-23T16:26:42Z""}"
hub.docker.com,pkg:docker/linuxserver%2Fsonarr,"{""registry"":""hub.docker.com"",""purl"":""pkg:docker/linuxserver%2Fsonarr"",""repository_url"":""https://github.com/linuxserver/docker-sonarr"",""evidence_url"":""https://hub.docker.com/v2/repositories/linuxserver/sonarr/"",""evidence_file"":""missing-url-evidence/a84e7d1ac98cde94c9248003d95a27207308a7d7f70d539be632f5f849f89ee2"",""reason"":""Docker Hub image documentation identifies build repository"",""repository_role"":""image_build"",""application_repository_url"":null,""upstream_repository_url"":null,""additional_evidence_url"":null,""additional_evidence_file"":null,""source_repository_url"":""https://github.com/linuxserver/docker-sonarr"",""evidence_sha256"":""40cee7d9a52d8ad5dae57393bf67d0c0716cb2db31dfefe8f6b077c69339ca4e"",""recovered_at"":""2026-09-23T16:26:42Z""}"
hub.docker.com,pkg:docker/linuxserver%2Ftautulli,"{""registry"":""hub.docker.com"",""purl"":""pkg:docker/linuxserver%2Ftautulli"",""repository_url"":""https://github.com/linuxserver/docker-tautulli"",""evidence_url"":""https://hub.docker.com/v2/repositories/linuxserver/tautulli/"",""evidence_file"":""missing-url-evidence/ed348f35a14033261a10330bc24476894f79a36e99f70736e5e1ca75f1aa0baf"",""reason"":""Docker Hub image documentation identifies build repository"",""repository_role"":""image_build"",""application_repository_url"":null,""upstream_repository_url"":null,""additional_evidence_url"":null,""additional_evidence_file"":null,""source_repository_url"":""https://github.com/linuxserver/docker-tautulli"",""evidence_sha256"":""428fd0aa0215a7138ac1e4e6399e0eccda6de7c9a848471598e3161f9417ff3e"",""recovered_at"":""2026-09-23T16:26:42Z""}"
hub.docker.com,pkg:docker/linuxserver%2Ftransmission,"{""registry"":""hub.docker.com"",""purl"":""pkg:docker/linuxserver%2Ftransmission"",""repository_url"":""https://github.com/linuxserver/docker-transmission"",""evidence_url"":""https://hub.docker.com/v2/repositories/linuxserver/transmission/"",""evidence_file"":""missing-url-evidence/f0434e2d0cc5472c5555791e2a3e9b3d5fe12db6e28278335b5be9b70426c1a1"",""reason"":""Docker Hub image documentation identifies build repository"",""repository_role"":""image_build"",""application_repository_url"":null,""upstream_repository_url"":null,""additional_evidence_url"":null,""additional_evidence_file"":null,""source_repository_url"":""https://github.com/linuxserver/docker-transmission"",""evidence_sha256"":""ef53e043de0fd989bccbb80b7a1afaedd219b44d9d73d4cd29715466031dae71"",""recovered_at"":""2026-09-23T16:26:42Z""}"
hub.docker.com,pkg:docker/nginxinc%2Fnginx-unprivileged,"{""registry"":""hub.docker.com"",""purl"":""pkg:docker/nginxinc%2Fnginx-unprivileged"",""repository_url"":""https://github.com/nginxinc/docker-nginx-unprivileged"",""evidence_url"":""https://hub.docker.com/v2/repositories/nginxinc/nginx-unprivileged/"",""evidence_file"":""missing-url-evidence/249bb882edfcf1e031fd4a61abf26d7f342911986275d90b86ef72431892f6fd"",""reason"":""Docker Hub image documentation identifies build repository"",""repository_role"":""image_build"",""application_repository_url"":null,""upstream_repository_url"":null,""additional_evidence_url"":null,""additional_evidence_file"":null,""source_repository_url"":""https://github.com/nginxinc/docker-nginx-unprivileged"",""evidence_sha256"":""a8d346e77ec06cf7c5d9797c3bc1a795c415f328f609cd69c4d2756a81063992"",""recovered_at"":""2026-09-23T16:26:42Z""}"
hub.docker.com,pkg:docker/phpmyadmin%2Fphpmyadmin,"{""registry"":""hub.docker.com"",""purl"":""pkg:docker/phpmyadmin%2Fphpmyadmin"",""repository_url"":""https://github.com/phpmyadmin/docker"",""evidence_url"":""https://hub.docker.com/v2/repositories/phpmyadmin/phpmyadmin/"",""evidence_file"":""missing-url-evidence/6afd89df8f05b2eb1656720234cf73cbd546bdc91aa9b23b2c33b3a3c9c3e6c7"",""reason"":""Docker Hub image documentation identifies build repository"",""repository_role"":""image_build"",""application_repository_url"":""https://github.com/phpmyadmin/phpmyadmin"",""upstream_repository_url"":null,""additional_evidence_url"":null,""additional_evidence_file"":null,""source_repository_url"":""https://github.com/phpmyadmin/docker"",""evidence_sha256"":""982e0dffe2d961149bd9491c21df3b866a8b796819e93bd74e6d9aad6660e295"",""recovered_at"":""2026-09-23T16:26:42Z""}"
hub.docker.com,pkg:docker/selenium%2Fstandalone-chrome,"{""registry"":""hub.docker.com"",""purl"":""pkg:docker/selenium%2Fstandalone-chrome"",""repository_url"":""https://github.com/seleniumhq/docker-selenium"",""evidence_url"":""https://hub.docker.com/v2/repositories/selenium/standalone-chrome/"",""evidence_file"":""missing-url-evidence/218988e8ffb8509a18d319900bb4389697d72f14645ba8e7fcc49c9271643ba3"",""reason"":""Docker Hub image documentation identifies build repository"",""repository_role"":""image_build"",""application_repository_url"":null,""upstream_repository_url"":null,""additional_evidence_url"":null,""additional_evidence_file"":null,""source_repository_url"":""https://github.com/SeleniumHQ/docker-selenium"",""evidence_sha256"":""27735d99c4be34d3a03af8091b9f20b2111dbb89420b63ecd73b523d91acbab3"",""recovered_at"":""2026-09-23T16:26:42Z""}"
npmjs.org,pkg:npm/%40nodelib/fs.scandir,"{""registry"":""npmjs.org"",""purl"":""pkg:npm/%40nodelib/fs.scandir"",""repository_url"":""https://github.com/nodelib/nodelib"",""evidence_url"":""https://registry.npmjs.org/%40nodelib%2Ffs.scandir/latest"",""evidence_file"":""missing-url-evidence/b0cf0bac73eea3eafebfad7cf212e23e41a1df8f833e62776ff4e613db242d82"",""reason"":""npm repository field"",""repository_role"":null,""application_repository_url"":null,""upstream_repository_url"":null,""additional_evidence_url"":null,""additional_evidence_file"":null,""source_repository_url"":""https://github.com/nodelib/nodelib/tree/master/packages/fs/fs.scandir"",""evidence_sha256"":""2f52be49b6e846c6f68903ed980533842ec477d37c7335159ec5af2ab2271892"",""recovered_at"":""2026-09-23T16:26:42Z""}"
npmjs.org,pkg:npm/%40nodelib/fs.stat,"{""registry"":""npmjs.org"",""purl"":""pkg:npm/%40nodelib/fs.stat"",""repository_url"":""https://github.com/nodelib/nodelib"",""evidence_url"":""https://registry.npmjs.org/%40nodelib%2Ffs.stat/latest"",""evidence_file"":""missing-url-evidence/9064e15badbf9d0fb1f72a6c2ae1939f32ea5b12d5b1c85cd1e7bf6bfefa0c08"",""reason"":""npm repository field"",""repository_role"":null,""application_repository_url"":null,""upstream_repository_url"":null,""additional_evidence_url"":null,""additional_evidence_file"":null,""source_repository_url"":""https://github.com/nodelib/nodelib/tree/master/packages/fs/fs.stat"",""evidence_sha256"":""a425c8746db10a7187af070fea84a525b5359d3d5a8d4dbbe29edd544ff54821"",""recovered_at"":""2026-09-23T16:26:42Z""}"
npmjs.org,pkg:npm/%40nodelib/fs.walk,"{""registry"":""npmjs.org"",""purl"":""pkg:npm/%40nodelib/fs.walk"",""repository_url"":""https://github.com/nodelib/nodelib"",""evidence_url"":""https://registry.npmjs.org/%40nodelib%2Ffs.walk/latest"",""evidence_file"":""missing-url-evidence/7792f4bafac473252e1d9fca33649968070623bc6b4500612875976df022fe3d"",""reason"":""npm repository field"",""repository_role"":null,""application_repository_url"":null,""upstream_repository_url"":null,""additional_evidence_url"":null,""additional_evidence_file"":null,""source_repository_url"":""https://github.com/nodelib/nodelib/tree/master/packages/fs/fs.walk"",""evidence_sha256"":""503d88eeb86f71d31be6aaa9070cff931b6e12dd8730c5ee5ceb383edd068cd3"",""recovered_at"":""2026-09-23T16:26:42Z""}"
npmjs.org,pkg:npm/date-fns,"{""registry"":""npmjs.org"",""purl"":""pkg:npm/date-fns"",""repository_url"":""https://github.com/date-fns/date-fns"",""evidence_url"":""https://registry.npmjs.org/date-fns/latest"",""evidence_file"":""missing-url-evidence/3588f61965db9fe0481562a5037aa7cb27b84951466f5ce6721071b8bbaca301"",""reason"":""npm repository field"",""repository_role"":null,""application_repository_url"":null,""upstream_repository_url"":null,""additional_evidence_url"":null,""additional_evidence_file"":null,""source_repository_url"":""https://github.com/date-fns/date-fns"",""evidence_sha256"":""1c978cbe2a71dabfb5290843911f55192e14234bd7b7ec30351e39ec9b29cbc2"",""recovered_at"":""2026-09-23T16:26:42Z""}"
npmjs.org,pkg:npm/moment,"{""registry"":""npmjs.org"",""purl"":""pkg:npm/moment"",""repository_url"":""https://github.com/moment/moment"",""evidence_url"":""https://registry.npmjs.org/moment/latest"",""evidence_file"":""missing-url-evidence/de2d26e7c7cd45ca13cd4437372d40927cf6e8fc8f88f0dde4d1d31974456f7e"",""reason"":""npm repository field"",""repository_role"":null,""application_repository_url"":null,""upstream_repository_url"":null,""additional_evidence_url"":null,""additional_evidence_file"":null,""source_repository_url"":""https://github.com/moment/moment"",""evidence_sha256"":""5f20ebd10749d435a362bef2b281ac7600ca83be3afd87a2b9dbe59addb1a54c"",""recovered_at"":""2026-09-23T16:26:42Z""}"
npmjs.org,pkg:npm/pinkie,"{""registry"":""npmjs.org"",""purl"":""pkg:npm/pinkie"",""repository_url"":""https://github.com/floatdrop/pinkie"",""evidence_url"":""https://registry.npmjs.org/pinkie/latest"",""evidence_file"":""missing-url-evidence/7c7999aca81680082251a683b293c2818cc7084917002fe79731c8fbe07f789f"",""reason"":""npm repository field"",""repository_role"":null,""application_repository_url"":null,""upstream_repository_url"":null,""additional_evidence_url"":null,""additional_evidence_file"":null,""source_repository_url"":""https://github.com/floatdrop/pinkie"",""evidence_sha256"":""4c64351f23880f71b5f6be946cacd9a0d8f9c62663fcceb7718c627bbe6ae7cf"",""recovered_at"":""2026-09-23T16:26:42Z""}"
npmjs.org,pkg:npm/pkg-types,"{""registry"":""npmjs.org"",""purl"":""pkg:npm/pkg-types"",""repository_url"":""https://github.com/unjs/pkg-types"",""evidence_url"":""https://registry.npmjs.org/pkg-types/latest"",""evidence_file"":""missing-url-evidence/d2d1d484c4a559eb53a9c68555031400d9e1155e2b2120097872d643e71a2671"",""reason"":""npm repository field"",""repository_role"":null,""application_repository_url"":null,""upstream_repository_url"":null,""additional_evidence_url"":null,""additional_evidence_file"":null,""source_repository_url"":""https://github.com/unjs/pkg-types"",""evidence_sha256"":""3932683c2319bccdaa08518bf3302a70e63e6199a7019bca65bdb22438a2e4e6"",""recovered_at"":""2026-09-23T16:26:42Z""}"
nuget.org,pkg:nuget/entityframework,"{""registry"":""nuget.org"",""purl"":""pkg:nuget/entityframework"",""repository_url"":""https://github.com/dotnet/ef6"",""evidence_url"":""https://api.nuget.org/v3-flatcontainer/entityframework/6.5.2/entityframework.nuspec"",""evidence_file"":""missing-url-evidence/13a0342578db94d47775a36360b2dc51342af62718669d495328fc7957c04885"",""reason"":""NuGet nuspec repository"",""repository_role"":null,""application_repository_url"":null,""upstream_repository_url"":null,""additional_evidence_url"":null,""additional_evidence_file"":null,""source_repository_url"":""https://github.com/dotnet/ef6"",""evidence_sha256"":""87fad55b7a648a475217c7b0fbe21c564085d8262cf1c1aa90e00058a71de4f9"",""recovered_at"":""2026-09-23T16:26:42Z""}"
nuget.org,pkg:nuget/microsoft.aspnet.mvc,"{""registry"":""nuget.org"",""purl"":""pkg:nuget/microsoft.aspnet.mvc"",""repository_url"":""https://github.com/aspnet/aspnetwebstack"",""evidence_url"":""https://api.nuget.org/v3-flatcontainer/microsoft.aspnet.mvc/5.3.0/microsoft.aspnet.mvc.nuspec"",""evidence_file"":""missing-url-evidence/669ef4660e1e5a1bcf8eacfa4d1acb00199fcf4061435ade2b04ee4ef321b4c7"",""reason"":""NuGet nuspec repository"",""repository_role"":null,""application_repository_url"":null,""upstream_repository_url"":null,""additional_evidence_url"":null,""additional_evidence_file"":null,""source_repository_url"":""https://github.com/aspnet/AspNetWebStack"",""evidence_sha256"":""3223e6463f722122fba611cfc0aea75119f7b9750c6838bf42750214068b65a2"",""recovered_at"":""2026-09-23T16:26:42Z""}"
nuget.org,pkg:nuget/microsoft.aspnet.razor,"{""registry"":""nuget.org"",""purl"":""pkg:nuget/microsoft.aspnet.razor"",""repository_url"":""https://github.com/aspnet/aspnetwebstack"",""evidence_url"":""https://api.nuget.org/v3-flatcontainer/microsoft.aspnet.razor/3.3.0/microsoft.aspnet.razor.nuspec"",""evidence_file"":""missing-url-evidence/16b757c12e6c36f29561ffaa546fe79a3e44cad8ac0c7ee39e65769455e0708f"",""reason"":""NuGet nuspec repository"",""repository_role"":null,""application_repository_url"":null,""upstream_repository_url"":null,""additional_evidence_url"":null,""additional_evidence_file"":null,""source_repository_url"":""https://github.com/aspnet/AspNetWebStack"",""evidence_sha256"":""0a642101f45448a809b3c26b8de9cfc6261c61d94d4549388fcc177412b1ac72"",""recovered_at"":""2026-09-23T16:26:42Z""}"
nuget.org,pkg:nuget/microsoft.identitymodel.clients.activedirectory,"{""registry"":""nuget.org"",""purl"":""pkg:nuget/microsoft.identitymodel.clients.activedirectory"",""repository_url"":""https://github.com/azuread/azure-activedirectory-library-for-dotnet"",""evidence_url"":""https://aka.ms/adalnet"",""evidence_file"":""missing-url-evidence/activedirectory-project-headers.txt"",""reason"":""Published nuspec projectUrl redirects to the repository wiki; Git HEAD verified"",""manifest_url"":""https://api.nuget.org/v3-flatcontainer/microsoft.identitymodel.clients.activedirectory/5.3.0/microsoft.identitymodel.clients.activedirectory.nuspec"",""manifest_file"":""missing-url-evidence/activedirectory-nuspec.xml"",""git_head_file"":""missing-url-evidence/activedirectory-git-head.txt"",""source_repository_url"":""https://github.com/AzureAD/azure-activedirectory-library-for-dotnet"",""evidence_sha256"":""45718472d8efe23d1f639592e04d99c63e0f1fbe2430f68dc9bd7624dfb0b15e"",""recovered_at"":""2026-09-23T16:34:06Z""}"
packagist.org,pkg:composer/phpstan/phpstan,"{""registry"":""packagist.org"",""purl"":""pkg:composer/phpstan/phpstan"",""repository_url"":""https://github.com/phpstan/phpstan"",""evidence_url"":""https://packagist.org/packages/phpstan/phpstan.json"",""evidence_file"":""missing-url-evidence/3fafb5b2ef5b1e4db028bca2a9e977cb78ed5911755e40a6f2431699a8b73157"",""reason"":""Packagist package.repository"",""repository_role"":null,""application_repository_url"":null,""upstream_repository_url"":null,""additional_evidence_url"":null,""additional_evidence_file"":null,""source_repository_url"":""https://github.com/phpstan/phpstan"",""evidence_sha256"":""ea7f252a95069e916221c1ab2013105e7e75f85d5722f2479fc4c96c0e5dcac1"",""recovered_at"":""2026-09-23T16:26:42Z""}"
proxy.golang.org,pkg:golang/gomodules.xyz/jsonpatch/v2,"{""registry"":""proxy.golang.org"",""purl"":""pkg:golang/gomodules.xyz/jsonpatch/v2"",""repository_url"":""https://github.com/gomodules/jsonpatch"",""evidence_url"":""https://gomodules.xyz/jsonpatch/v2?go-get=1"",""evidence_file"":""missing-url-evidence/86e44c838a41c0b6ca88c3354fad30451412f76a2b84247827d15af179892da8"",""reason"":""Go go-source repository, with Git go-import metadata"",""repository_role"":null,""application_repository_url"":null,""upstream_repository_url"":null,""additional_evidence_url"":null,""additional_evidence_file"":null,""source_repository_url"":""https://github.com/gomodules/jsonpatch"",""evidence_sha256"":""a7ab0a39757cfa457e2a6b8aa895f5ba24b986ed717fdd172d2716aa46160ade"",""recovered_at"":""2026-09-23T16:26:42Z""}"
proxy.golang.org,pkg:golang/gopkg.in/warnings.v0,"{""registry"":""proxy.golang.org"",""purl"":""pkg:golang/gopkg.in/warnings.v0"",""repository_url"":""https://github.com/go-warnings/warnings"",""evidence_url"":""https://gopkg.in/warnings.v0?go-get=1"",""evidence_file"":""missing-url-evidence/1cdaf9a0a6a016324fb62f91e3219a0ad7c3f2cddee9eda94379f34168de1724"",""reason"":""Go go-source repository, with Git go-import metadata"",""repository_role"":null,""application_repository_url"":null,""upstream_repository_url"":null,""additional_evidence_url"":null,""additional_evidence_file"":null,""source_repository_url"":""https://github.com/go-warnings/warnings"",""evidence_sha256"":""e1f443ead7df82f1dd91d6e5ca0d6c5666fe0ef803d09ce7cea122377089c2b2"",""recovered_at"":""2026-09-23T16:26:42Z""}"
pypi.org,pkg:pypi/pbr,"{""registry"":""pypi.org"",""purl"":""pkg:pypi/pbr"",""repository_url"":""https://opendev.org/openstack/pbr"",""evidence_url"":""https://pypi.org/pypi/pbr/json"",""evidence_file"":""missing-url-evidence/5df12d82898ad35751cbc1c83baa239767243c4cd355d19e43b3fb9c10373fb6"",""reason"":""PyPI project_urls.Source Code"",""repository_role"":null,""application_repository_url"":null,""upstream_repository_url"":null,""additional_evidence_url"":null,""additional_evidence_file"":null,""source_repository_url"":""https://opendev.org/openstack/pbr"",""evidence_sha256"":""e9e5ebda3f1a25685bfcaacfcfc57a8b390a59ffe9751393dcada657f9e1059e"",""recovered_at"":""2026-09-23T16:26:42Z""}"
repo1.maven.org,pkg:maven/commons-beanutils/commons-beanutils,"{""registry"":""repo1.maven.org"",""purl"":""pkg:maven/commons-beanutils/commons-beanutils"",""repository_url"":""https://gitbox.apache.org/repos/asf/commons-beanutils"",""evidence_url"":""https://repo.maven.apache.org/maven2/commons-beanutils/commons-beanutils/1.11.0/commons-beanutils-1.11.0.pom"",""evidence_file"":""missing-url-evidence/d4296e88e7ba333781f48693ab29a8521cdcb28625d5054647fc7aa65f954d5f"",""reason"":""Published POM scm.connection; repository root on GitBox after ASF migration"",""repository_role"":null,""application_repository_url"":null,""upstream_repository_url"":""https://gitbox.apache.org/repos/asf?p=commons-beanutils.git"",""additional_evidence_url"":""https://infra.apache.org/blog/apache-and-github-a-friendly.html"",""additional_evidence_file"":""missing-url-evidence/apache-migration.html"",""source_repository_url"":""https://gitbox.apache.org/repos/asf/commons-beanutils.git"",""evidence_sha256"":""cff9eab1d751264bd775b6e3ebed1650794cac9cd8be1c416b48e3a5c6139d93"",""recovered_at"":""2026-09-23T16:26:42Z""}"
repo1.maven.org,pkg:maven/commons-cli/commons-cli,"{""registry"":""repo1.maven.org"",""purl"":""pkg:maven/commons-cli/commons-cli"",""repository_url"":""https://gitbox.apache.org/repos/asf/commons-cli"",""evidence_url"":""https://repo.maven.apache.org/maven2/commons-cli/commons-cli/1.11.0/commons-cli-1.11.0.pom"",""evidence_file"":""missing-url-evidence/64043de3fd5324cd95b24c5d4cff1af7125b1881e8a62fbd41d9a7f30735e62e"",""reason"":""Published POM scm.connection; repository root on GitBox after ASF migration"",""repository_role"":null,""application_repository_url"":null,""upstream_repository_url"":""https://gitbox.apache.org/repos/asf/commons-cli.git"",""additional_evidence_url"":""https://infra.apache.org/blog/apache-and-github-a-friendly.html"",""additional_evidence_file"":""missing-url-evidence/apache-migration.html"",""source_repository_url"":""https://gitbox.apache.org/repos/asf/commons-cli.git"",""evidence_sha256"":""96651f573e3c080e11052ff08bfc2e4cf04cf6eb1a3e3683010f4979496e0808"",""recovered_at"":""2026-09-23T16:26:42Z""}"
repo1.maven.org,pkg:maven/commons-dbutils/commons-dbutils,"{""registry"":""repo1.maven.org"",""purl"":""pkg:maven/commons-dbutils/commons-dbutils"",""repository_url"":""https://gitbox.apache.org/repos/asf/commons-dbutils"",""evidence_url"":""https://repo.maven.apache.org/maven2/commons-dbutils/commons-dbutils/1.8.1/commons-dbutils-1.8.1.pom"",""evidence_file"":""missing-url-evidence/18a62bc88cebb9a8c3b6b35b77da0167c90d4a93fc44e0768bfcee060f61a620"",""reason"":""Published POM scm.connection; repository root on GitBox after ASF migration"",""repository_role"":null,""application_repository_url"":null,""upstream_repository_url"":""git://git.apache.org/commons-dbutils.git"",""additional_evidence_url"":""https://infra.apache.org/blog/apache-and-github-a-friendly.html"",""additional_evidence_file"":""missing-url-evidence/apache-migration.html"",""source_repository_url"":""https://gitbox.apache.org/repos/asf/commons-dbutils.git"",""evidence_sha256"":""a94e9c987574f40bce80f6d9d49047fc88ca389425278b206a75a2610faddcb6"",""recovered_at"":""2026-09-23T16:26:42Z""}"
repo1.maven.org,pkg:maven/commons-fileupload/commons-fileupload,"{""registry"":""repo1.maven.org"",""purl"":""pkg:maven/commons-fileupload/commons-fileupload"",""repository_url"":""https://gitbox.apache.org/repos/asf/commons-fileupload"",""evidence_url"":""https://repo.maven.apache.org/maven2/commons-fileupload/commons-fileupload/1.6.0/commons-fileupload-1.6.0.pom"",""evidence_file"":""missing-url-evidence/fb9d5b57ca8542740ed40213fcfc70be6c2ed2d5a6fe16a5dcd86128dc3a859d"",""reason"":""Published POM scm.connection; repository root on GitBox after ASF migration"",""repository_role"":null,""application_repository_url"":null,""upstream_repository_url"":""http://gitbox.apache.org/repos/asf/commons-fileupload.git"",""additional_evidence_url"":""https://infra.apache.org/blog/apache-and-github-a-friendly.html"",""additional_evidence_file"":""missing-url-evidence/apache-migration.html"",""source_repository_url"":""https://gitbox.apache.org/repos/asf/commons-fileupload.git"",""evidence_sha256"":""e56093d06af5ac2382daae460b612da7926f4a3d06b1eae08c4cb32df43cfe74"",""recovered_at"":""2026-09-23T16:26:42Z""}"
repo1.maven.org,pkg:maven/org.apache.commons/commons-collections4,"{""registry"":""repo1.maven.org"",""purl"":""pkg:maven/org.apache.commons/commons-collections4"",""repository_url"":""https://gitbox.apache.org/repos/asf/commons-collections"",""evidence_url"":""https://repo.maven.apache.org/maven2/org/apache/commons/commons-collections4/4.6.0/commons-collections4-4.6.0.pom"",""evidence_file"":""missing-url-evidence/d60aa00ff63fe0dcecbb01b5027f3ba8434844a13aea06c1e51aa58c61ececa6"",""reason"":""Published POM scm.connection; repository root on GitBox after ASF migration"",""repository_role"":null,""application_repository_url"":null,""upstream_repository_url"":""https://gitbox.apache.org/repos/asf/commons-collections.git"",""additional_evidence_url"":""https://infra.apache.org/blog/apache-and-github-a-friendly.html"",""additional_evidence_file"":""missing-url-evidence/apache-migration.html"",""source_repository_url"":""https://gitbox.apache.org/repos/asf/commons-collections.git"",""evidence_sha256"":""94e5772ea3c7ba80f7c345a6950cc7a4015463f08a2a7be82e8ce8584c3978c3"",""recovered_at"":""2026-09-23T16:26:42Z""}"
repo1.maven.org,pkg:maven/org.apache.commons/commons-compress,"{""registry"":""repo1.maven.org"",""purl"":""pkg:maven/org.apache.commons/commons-compress"",""repository_url"":""https://gitbox.apache.org/repos/asf/commons-compress"",""evidence_url"":""https://repo.maven.apache.org/maven2/org/apache/commons/commons-compress/1.28.0/commons-compress-1.28.0.pom"",""evidence_file"":""missing-url-evidence/106fcd1ff8442a6a64cf472d83969fe656d5719a5435adb589184f475e0496a7"",""reason"":""Published POM scm.connection; repository root on GitBox after ASF migration"",""repository_role"":null,""application_repository_url"":null,""upstream_repository_url"":""https://gitbox.apache.org/repos/asf/commons-compress.git"",""additional_evidence_url"":""https://infra.apache.org/blog/apache-and-github-a-friendly.html"",""additional_evidence_file"":""missing-url-evidence/apache-migration.html"",""source_repository_url"":""https://gitbox.apache.org/repos/asf/commons-compress.git"",""evidence_sha256"":""033f4c78d632da88d0eb8ead974fc14a264392cebf12ab6c68d6cea7adf0c64a"",""recovered_at"":""2026-09-23T16:26:42Z""}"
repo1.maven.org,pkg:maven/org.apache.commons/commons-csv,"{""registry"":""repo1.maven.org"",""purl"":""pkg:maven/org.apache.commons/commons-csv"",""repository_url"":""https://gitbox.apache.org/repos/asf/commons-csv"",""evidence_url"":""https://repo.maven.apache.org/maven2/org/apache/commons/commons-csv/1.14.1/commons-csv-1.14.1.pom"",""evidence_file"":""missing-url-evidence/6bc3a95d3f08b4536c43a252d1114535c82110981e015e2db7560028d231fa61"",""reason"":""Published POM scm.connection; repository root on GitBox after ASF migration"",""repository_role"":null,""application_repository_url"":null,""upstream_repository_url"":""https://gitbox.apache.org/repos/asf/commons-csv.git"",""additional_evidence_url"":""https://infra.apache.org/blog/apache-and-github-a-friendly.html"",""additional_evidence_file"":""missing-url-evidence/apache-migration.html"",""source_repository_url"":""https://gitbox.apache.org/repos/asf/commons-csv.git"",""evidence_sha256"":""95df735302c0ab92cec05a2b51e2270758e15f0a64186de65662eb148ebd97fd"",""recovered_at"":""2026-09-23T16:26:42Z""}"
repo1.maven.org,pkg:maven/org.apache.commons/commons-dbcp2,"{""registry"":""repo1.maven.org"",""purl"":""pkg:maven/org.apache.commons/commons-dbcp2"",""repository_url"":""https://gitbox.apache.org/repos/asf/commons-dbcp"",""evidence_url"":""https://repo.maven.apache.org/maven2/org/apache/commons/commons-dbcp2/2.14.0/commons-dbcp2-2.14.0.pom"",""evidence_file"":""missing-url-evidence/b97b8f9c94606272c3768e0f04226a8d8506d2f56b21d9f2fcf37eed524a15de"",""reason"":""Published POM scm.connection; repository root on GitBox after ASF migration"",""repository_role"":null,""application_repository_url"":null,""upstream_repository_url"":""https://gitbox.apache.org/repos/asf/commons-dbcp.git"",""additional_evidence_url"":""https://infra.apache.org/blog/apache-and-github-a-friendly.html"",""additional_evidence_file"":""missing-url-evidence/apache-migration.html"",""source_repository_url"":""https://gitbox.apache.org/repos/asf/commons-dbcp.git"",""evidence_sha256"":""e4c5e0a216f67a02a9b86e3a6c49b1e02cd1452ae9507def330634f2e0e65fa8"",""recovered_at"":""2026-09-23T16:26:42Z""}"
repo1.maven.org,pkg:maven/org.apache.commons/commons-math3,"{""registry"":""repo1.maven.org"",""purl"":""pkg:maven/org.apache.commons/commons-math3"",""repository_url"":""https://gitbox.apache.org/repos/asf/commons-math"",""evidence_url"":""https://repo.maven.apache.org/maven2/org/apache/commons/commons-math3/3.6.1/commons-math3-3.6.1.pom"",""evidence_file"":""missing-url-evidence/abf346ce193dd9b430c9d33a5ccc8d5604e96f36c2b386d8a9f3b9fcaffdfcfe"",""reason"":""Published POM scm.connection; repository root on GitBox after ASF migration"",""repository_role"":null,""application_repository_url"":null,""upstream_repository_url"":""http://git-wip-us.apache.org/repos/asf/commons-math.git"",""additional_evidence_url"":""https://infra.apache.org/blog/apache-and-github-a-friendly.html"",""additional_evidence_file"":""missing-url-evidence/apache-migration.html"",""source_repository_url"":""https://gitbox.apache.org/repos/asf/commons-math.git"",""evidence_sha256"":""fad72336ea7d7dd06da103144e3740db508fa4b17d9c54d7847737edc24a7e60"",""recovered_at"":""2026-09-23T16:26:42Z""}"
repo1.maven.org,pkg:maven/org.apache.commons/commons-pool2,"{""registry"":""repo1.maven.org"",""purl"":""pkg:maven/org.apache.commons/commons-pool2"",""repository_url"":""https://gitbox.apache.org/repos/asf/commons-pool"",""evidence_url"":""https://repo.maven.apache.org/maven2/org/apache/commons/commons-pool2/2.13.1/commons-pool2-2.13.1.pom"",""evidence_file"":""missing-url-evidence/3dbc21649e89fb6e59349b23b0ef75400451cba08fcbaa7a79a4a4da091b77f7"",""reason"":""Published POM scm.connection; repository root on GitBox after ASF migration"",""repository_role"":null,""application_repository_url"":null,""upstream_repository_url"":""https://gitbox.apache.org/repos/asf/commons-pool.git"",""additional_evidence_url"":""https://infra.apache.org/blog/apache-and-github-a-friendly.html"",""additional_evidence_file"":""missing-url-evidence/apache-migration.html"",""source_repository_url"":""https://gitbox.apache.org/repos/asf/commons-pool.git"",""evidence_sha256"":""89de9c86af44f8163f6a826eb71b80c93e90479de8b8d9229bc243e5a48e5e03"",""recovered_at"":""2026-09-23T16:26:42Z""}"
repo1.maven.org,pkg:maven/org.apache.commons/commons-text,"{""registry"":""repo1.maven.org"",""purl"":""pkg:maven/org.apache.commons/commons-text"",""repository_url"":""https://gitbox.apache.org/repos/asf/commons-text"",""evidence_url"":""https://repo.maven.apache.org/maven2/org/apache/commons/commons-text/1.15.0/commons-text-1.15.0.pom"",""evidence_file"":""missing-url-evidence/9b4b35069124be2e6adb2fd16b5e9726fdd0414ef1d598a4aa7b8fcf940c0b51"",""reason"":""Published POM scm.connection; repository root on GitBox after ASF migration"",""repository_role"":null,""application_repository_url"":null,""upstream_repository_url"":""https://gitbox.apache.org/repos/asf/commons-text"",""additional_evidence_url"":""https://infra.apache.org/blog/apache-and-github-a-friendly.html"",""additional_evidence_file"":""missing-url-evidence/apache-migration.html"",""source_repository_url"":""https://gitbox.apache.org/repos/asf/commons-text.git"",""evidence_sha256"":""5e5168687bcedaea2aa8556b8b32f5afa08efcbc31d11b947c8676987bc9d239"",""recovered_at"":""2026-09-23T16:26:42Z""}"
repo1.maven.org,pkg:maven/org.apache.hbase/hbase,"{""registry"":""repo1.maven.org"",""purl"":""pkg:maven/org.apache.hbase/hbase"",""repository_url"":""https://gitbox.apache.org/repos/asf/hbase"",""evidence_url"":""https://repo.maven.apache.org/maven2/org/apache/hbase/hbase/3.0.0/hbase-3.0.0.pom"",""evidence_file"":""missing-url-evidence/3552a90827ae4d77d039b8d5b36d6820913657db708d03fc76279dd584566ef8"",""reason"":""Published POM scm.connection; repository root on GitBox after ASF migration"",""repository_role"":null,""application_repository_url"":null,""upstream_repository_url"":""git://gitbox.apache.org/repos/asf/hbase.git"",""additional_evidence_url"":""https://infra.apache.org/blog/apache-and-github-a-friendly.html"",""additional_evidence_file"":""missing-url-evidence/apache-migration.html"",""source_repository_url"":""https://gitbox.apache.org/repos/asf/hbase.git"",""evidence_sha256"":""5faa01a7a8410f102e38e482971d37fe75005b6c1aeed62234bbe75b30032656"",""recovered_at"":""2026-09-23T16:26:42Z""}"
repo1.maven.org,pkg:maven/org.apache.hbase/hbase-client,"{""registry"":""repo1.maven.org"",""purl"":""pkg:maven/org.apache.hbase/hbase-client"",""repository_url"":""https://gitbox.apache.org/repos/asf/hbase"",""evidence_url"":""https://repo.maven.apache.org/maven2/org/apache/hbase/hbase-client/3.0.0/hbase-client-3.0.0.pom"",""evidence_file"":""missing-url-evidence/f104e0e8b7ac824e89e71ad6617877400c2ebcf72e9e80a99b90fb2d885b5414"",""reason"":""Published POM scm.connection; repository root on GitBox after ASF migration"",""repository_role"":null,""application_repository_url"":null,""upstream_repository_url"":""git://gitbox.apache.org/repos/asf/hbase.git/hbase-build-configuration/hbase-client"",""additional_evidence_url"":""https://infra.apache.org/blog/apache-and-github-a-friendly.html"",""additional_evidence_file"":""missing-url-evidence/apache-migration.html"",""source_repository_url"":""https://gitbox.apache.org/repos/asf/hbase.git"",""evidence_sha256"":""ab8f6a323201c975e4aef53eaece503972e690ff08ef5cc6481c3ae01c51f7e8"",""recovered_at"":""2026-09-23T16:26:42Z""}"
repo1.maven.org,pkg:maven/org.apache.hbase/hbase-server,"{""registry"":""repo1.maven.org"",""purl"":""pkg:maven/org.apache.hbase/hbase-server"",""repository_url"":""https://gitbox.apache.org/repos/asf/hbase"",""evidence_url"":""https://repo.maven.apache.org/maven2/org/apache/hbase/hbase-server/3.0.0/hbase-server-3.0.0.pom"",""evidence_file"":""missing-url-evidence/2b761a9e592e3e84be8194e01fa6a6b29bd133ec215aff7a1f9107820846afda"",""reason"":""Published POM scm.connection; repository root on GitBox after ASF migration"",""repository_role"":null,""application_repository_url"":null,""upstream_repository_url"":""git://gitbox.apache.org/repos/asf/hbase.git/hbase-build-configuration/hbase-server"",""additional_evidence_url"":""https://infra.apache.org/blog/apache-and-github-a-friendly.html"",""additional_evidence_file"":""missing-url-evidence/apache-migration.html"",""source_repository_url"":""https://gitbox.apache.org/repos/asf/hbase.git"",""evidence_sha256"":""083de4f921fa9cd98e16add0b8025df1809e9bf89e334a512fc9569fb23e678e"",""recovered_at"":""2026-09-23T16:26:42Z""}"
repo1.maven.org,pkg:maven/org.apache.ivy/ivy,"{""registry"":""repo1.maven.org"",""purl"":""pkg:maven/org.apache.ivy/ivy"",""repository_url"":""https://gitbox.apache.org/repos/asf/ant-ivy"",""evidence_url"":""https://repo.maven.apache.org/maven2/org/apache/ivy/ivy/2.6.0/ivy-2.6.0.pom"",""evidence_file"":""missing-url-evidence/925a1841aa93a5d39c2c7f21b0e1ff48c1a85002a355aed2c0d85a56e740ab54"",""reason"":""Published POM scm.connection; repository root on GitBox after ASF migration"",""repository_role"":null,""application_repository_url"":null,""upstream_repository_url"":""https://gitbox.apache.org/repos/asf/ant-ivy.git"",""additional_evidence_url"":""https://infra.apache.org/blog/apache-and-github-a-friendly.html"",""additional_evidence_file"":""missing-url-evidence/apache-migration.html"",""source_repository_url"":""https://gitbox.apache.org/repos/asf/ant-ivy.git"",""evidence_sha256"":""52d6c471dabe9a53d0e448e6cc1a7327bb4faf1909278302d76c8f367bd89d93"",""recovered_at"":""2026-09-23T16:26:42Z""}"
repo1.maven.org,pkg:maven/org.apache.lucene/lucene-core,"{""registry"":""repo1.maven.org"",""purl"":""pkg:maven/org.apache.lucene/lucene-core"",""repository_url"":""https://gitbox.apache.org/repos/asf/lucene"",""evidence_url"":""https://repo.maven.apache.org/maven2/org/apache/lucene/lucene-core/10.5.1/lucene-core-10.5.1.pom"",""evidence_file"":""missing-url-evidence/cf0cabe9ae5f61c514445615c0ac0270691241b82be4f80d6e69a11a43a81c63"",""reason"":""Published POM scm.connection; repository root on GitBox after ASF migration"",""repository_role"":null,""application_repository_url"":null,""upstream_repository_url"":""https://gitbox.apache.org/repos/asf/lucene.git"",""additional_evidence_url"":""https://infra.apache.org/blog/apache-and-github-a-friendly.html"",""additional_evidence_file"":""missing-url-evidence/apache-migration.html"",""source_repository_url"":""https://gitbox.apache.org/repos/asf/lucene.git"",""evidence_sha256"":""cfdc2edcbc1a2add005105ce2f454855eb023b23261882d57d8597261e7bd5f2"",""recovered_at"":""2026-09-23T16:26:42Z""}"
repo1.maven.org,pkg:maven/org.apache.lucene/lucene-highlighter,"{""registry"":""repo1.maven.org"",""purl"":""pkg:maven/org.apache.lucene/lucene-highlighter"",""repository_url"":""https://gitbox.apache.org/repos/asf/lucene"",""evidence_url"":""https://repo.maven.apache.org/maven2/org/apache/lucene/lucene-highlighter/10.5.1/lucene-highlighter-10.5.1.pom"",""evidence_file"":""missing-url-evidence/2df05872099c2576d1ef88d6b2bec296d124e28a7a65ac76ceb95cede89dc724"",""reason"":""Published POM scm.connection; repository root on GitBox after ASF migration"",""repository_role"":null,""application_repository_url"":null,""upstream_repository_url"":""https://gitbox.apache.org/repos/asf/lucene.git"",""additional_evidence_url"":""https://infra.apache.org/blog/apache-and-github-a-friendly.html"",""additional_evidence_file"":""missing-url-evidence/apache-migration.html"",""source_repository_url"":""https://gitbox.apache.org/repos/asf/lucene.git"",""evidence_sha256"":""9a8a61f3fa56823cdbc4d509ecabc48a50d35be06174a938601979b2b441bcec"",""recovered_at"":""2026-09-23T16:26:42Z""}"
repo1.maven.org,pkg:maven/org.apache.lucene/lucene-queryparser,"{""registry"":""repo1.maven.org"",""purl"":""pkg:maven/org.apache.lucene/lucene-queryparser"",""repository_url"":""https://gitbox.apache.org/repos/asf/lucene"",""evidence_url"":""https://repo.maven.apache.org/maven2/org/apache/lucene/lucene-queryparser/10.5.1/lucene-queryparser-10.5.1.pom"",""evidence_file"":""missing-url-evidence/8c2bc844f7d23e0465b6d725dee0eea56b91553f487c3cee94af4ea11283daea"",""reason"":""Published POM scm.connection; repository root on GitBox after ASF migration"",""repository_role"":null,""application_repository_url"":null,""upstream_repository_url"":""https://gitbox.apache.org/repos/asf/lucene.git"",""additional_evidence_url"":""https://infra.apache.org/blog/apache-and-github-a-friendly.html"",""additional_evidence_file"":""missing-url-evidence/apache-migration.html"",""source_repository_url"":""https://gitbox.apache.org/repos/asf/lucene.git"",""evidence_sha256"":""9c6ad2a31202a09a7f371e33bf7ea9da2f3c83e14d51efb1cbb3d70461ef84cb"",""recovered_at"":""2026-09-23T16:26:42Z""}"
repo1.maven.org,pkg:maven/org.apache.solr/solr-core,"{""registry"":""repo1.maven.org"",""purl"":""pkg:maven/org.apache.solr/solr-core"",""repository_url"":""https://gitbox.apache.org/repos/asf/solr"",""evidence_url"":""https://repo.maven.apache.org/maven2/org/apache/solr/solr-core/10.0.0/solr-core-10.0.0.pom"",""evidence_file"":""missing-url-evidence/3d1d105079272712fc52ef706446919614f756d2da0e33b413a1ac8933763c85"",""reason"":""Published POM scm.connection; repository root on GitBox after ASF migration"",""repository_role"":null,""application_repository_url"":null,""upstream_repository_url"":""https://gitbox.apache.org/repos/asf/solr.git"",""additional_evidence_url"":""https://infra.apache.org/blog/apache-and-github-a-friendly.html"",""additional_evidence_file"":""missing-url-evidence/apache-migration.html"",""source_repository_url"":""https://gitbox.apache.org/repos/asf/solr.git"",""evidence_sha256"":""98a6b62e1daf6181641541f421013f35c13b5ecee76b9f1cce87c33be33303ac"",""recovered_at"":""2026-09-23T16:26:42Z""}"
repo1.maven.org,pkg:maven/org.apache.solr/solr-solrj,"{""registry"":""repo1.maven.org"",""purl"":""pkg:maven/org.apache.solr/solr-solrj"",""repository_url"":""https://gitbox.apache.org/repos/asf/solr"",""evidence_url"":""https://repo.maven.apache.org/maven2/org/apache/solr/solr-solrj/10.0.0/solr-solrj-10.0.0.pom"",""evidence_file"":""missing-url-evidence/f06a02f1d7eaa308cef9540c75a0d3f18d23d229df2ca69cab91ad5bb1848449"",""reason"":""Published POM scm.connection; repository root on GitBox after ASF migration"",""repository_role"":null,""application_repository_url"":null,""upstream_repository_url"":""https://gitbox.apache.org/repos/asf/solr.git"",""additional_evidence_url"":""https://infra.apache.org/blog/apache-and-github-a-friendly.html"",""additional_evidence_file"":""missing-url-evidence/apache-migration.html"",""source_repository_url"":""https://gitbox.apache.org/repos/asf/solr.git"",""evidence_sha256"":""76bb7b369724150b7489a55b597ab5f4c32a22b25584013dcaea1bd073b39953"",""recovered_at"":""2026-09-23T16:26:42Z""}"
repo1.maven.org,pkg:maven/org.freemarker/freemarker,"{""registry"":""repo1.maven.org"",""purl"":""pkg:maven/org.freemarker/freemarker"",""repository_url"":""https://gitbox.apache.org/repos/asf/freemarker"",""evidence_url"":""https://repo.maven.apache.org/maven2/org/freemarker/freemarker/2.3.35/freemarker-2.3.35.pom"",""evidence_file"":""missing-url-evidence/cb86401a8452db66c423832a504053bc4362171d4e8a96af177c1172adc8081d"",""reason"":""Published POM scm.connection; repository root on GitBox after ASF migration"",""repository_role"":null,""application_repository_url"":null,""upstream_repository_url"":""https://git-wip-us.apache.org/repos/asf/freemarker.git"",""additional_evidence_url"":""https://infra.apache.org/blog/apache-and-github-a-friendly.html"",""additional_evidence_file"":""missing-url-evidence/apache-migration.html"",""source_repository_url"":""https://gitbox.apache.org/repos/asf/freemarker.git"",""evidence_sha256"":""f6fdf883234817798790ecd924fc0d05c0c3e20151c9fdbc70194a5dc1bf3636"",""recovered_at"":""2026-09-23T16:26:42Z""}"
rubygems.org,pkg:gem/kgio,"{""registry"":""rubygems.org"",""purl"":""pkg:gem/kgio"",""repository_url"":""https://bogomips.org/kgio"",""evidence_url"":""https://rubygems.org/api/v1/gems/kgio.json"",""evidence_file"":""missing-url-evidence/b448dc80d36bcf6c679155efaa198bb4dac541df68670ecaeba7289b3095b0c5"",""reason"":""RubyGems source_code_uri"",""repository_role"":null,""application_repository_url"":null,""upstream_repository_url"":null,""additional_evidence_url"":null,""additional_evidence_file"":null,""source_repository_url"":""http://bogomips.org/kgio.git"",""evidence_sha256"":""795288116daa718821f95e999ab43870b6b4dafdefc0fe3dc696ecd763a764c2"",""recovered_at"":""2026-09-23T16:26:42Z""}"
rubygems.org,pkg:gem/raindrops,"{""registry"":""rubygems.org"",""purl"":""pkg:gem/raindrops"",""repository_url"":""https://bogomips.org/raindrops"",""evidence_url"":""https://rubygems.org/api/v1/gems/raindrops.json"",""evidence_file"":""missing-url-evidence/5e894676254f2640191f3292f6a8c62de70890df542b7a1195383ecc6d360593"",""reason"":""RubyGems source_code_uri"",""repository_role"":null,""application_repository_url"":null,""upstream_repository_url"":null,""additional_evidence_url"":null,""additional_evidence_file"":null,""source_repository_url"":""https://bogomips.org/raindrops.git"",""evidence_sha256"":""8d1f4ed6847bc167919f6ec7917160a510d4f85112345644714233a2354ff3ae"",""recovered_at"":""2026-09-23T16:26:42Z""}"
rubygems.org,pkg:gem/unicorn,"{""registry"":""rubygems.org"",""purl"":""pkg:gem/unicorn"",""repository_url"":""https://bogomips.org/unicorn"",""evidence_url"":""https://rubygems.org/api/v1/gems/unicorn.json"",""evidence_file"":""missing-url-evidence/c7ba12f744ce70b43871828e2232306a10d9857a336179f13d47eb46fe935c66"",""reason"":""RubyGems source_code_uri"",""repository_role"":null,""application_repository_url"":null,""upstream_repository_url"":null,""additional_evidence_url"":null,""additional_evidence_file"":null,""source_repository_url"":""https://bogomips.org/unicorn.git"",""evidence_sha256"":""b2d915985496b03ad914a313a1f9516c6b3e1b2683cc8d5fadd59c31b13df3e8"",""recovered_at"":""2026-09-23T16:26:42Z""}"
