registry,purl,repository_url,category,science_id,method,value,science_score,scientific_projects_count,evidence
crates.io,pkg:cargo/chrono,https://github.com/chronotope/chrono,dependencies,1,purl,pkg:cargo/chrono,16.15,82,"{""url"":""https://science.ecosyste.ms/api/v1/packages?per_page=1000&page=1"",""fetched_at"":""2026-09-23T18:31:48Z"",""cache_file"":""beb2c2734ee59190973df1e89ebd83f45e20e68fea0240075b80b5b80c528e10.json.gz""}"
crates.io,pkg:cargo/clap,https://github.com/clap-rs/clap,dependencies,2,purl,pkg:cargo/clap,16.12,146,"{""url"":""https://science.ecosyste.ms/api/v1/packages?per_page=1000&page=1"",""fetched_at"":""2026-09-23T18:31:48Z"",""cache_file"":""beb2c2734ee59190973df1e89ebd83f45e20e68fea0240075b80b5b80c528e10.json.gz""}"
crates.io,pkg:cargo/regex,https://github.com/rust-lang/regex,dependencies,15,purl,pkg:cargo/regex,13.17,97,"{""url"":""https://science.ecosyste.ms/api/v1/packages?per_page=1000&page=1"",""fetched_at"":""2026-09-23T18:31:48Z"",""cache_file"":""beb2c2734ee59190973df1e89ebd83f45e20e68fea0240075b80b5b80c528e10.json.gz""}"
github actions,pkg:githubactions/conda-incubator/setup-miniconda,https://github.com/conda-incubator/setup-miniconda,dependencies,29,purl,pkg:githubactions/conda-incubator/setup-miniconda,13.0,2157,"{""url"":""https://science.ecosyste.ms/api/v1/packages?per_page=1000&page=1"",""fetched_at"":""2026-09-23T18:31:48Z"",""cache_file"":""beb2c2734ee59190973df1e89ebd83f45e20e68fea0240075b80b5b80c528e10.json.gz""}"
pypi.org,pkg:pypi/antlr4-python3-runtime,,dependencies,50,purl,pkg:pypi/antlr4-python3-runtime,,247,"{""url"":""https://science.ecosyste.ms/api/v1/packages?per_page=1000&page=1"",""fetched_at"":""2026-09-23T18:31:48Z"",""cache_file"":""beb2c2734ee59190973df1e89ebd83f45e20e68fea0240075b80b5b80c528e10.json.gz""}"
pypi.org,pkg:pypi/attrs,https://github.com/python-attrs/attrs,dependencies,53,purl,pkg:pypi/attrs,18.55,1789,"{""url"":""https://science.ecosyste.ms/api/v1/packages?per_page=1000&page=1"",""fetched_at"":""2026-09-23T18:31:48Z"",""cache_file"":""beb2c2734ee59190973df1e89ebd83f45e20e68fea0240075b80b5b80c528e10.json.gz""}"
pypi.org,pkg:pypi/black,https://github.com/psf/black,dependencies,57,purl,pkg:pypi/black,16.15,2256,"{""url"":""https://science.ecosyste.ms/api/v1/packages?per_page=1000&page=1"",""fetched_at"":""2026-09-23T18:31:48Z"",""cache_file"":""beb2c2734ee59190973df1e89ebd83f45e20e68fea0240075b80b5b80c528e10.json.gz""}"
pypi.org,pkg:pypi/contourpy,https://github.com/contourpy/contourpy,dependencies,67,purl,pkg:pypi/contourpy,27.36,992,"{""url"":""https://science.ecosyste.ms/api/v1/packages?per_page=1000&page=1"",""fetched_at"":""2026-09-23T18:31:48Z"",""cache_file"":""beb2c2734ee59190973df1e89ebd83f45e20e68fea0240075b80b5b80c528e10.json.gz""}"
pypi.org,pkg:pypi/coverage,https://github.com/coveragepy/coveragepy,dependencies,69,purl,pkg:pypi/coverage,16.16,1681,"{""url"":""https://science.ecosyste.ms/api/v1/packages?per_page=1000&page=1"",""fetched_at"":""2026-09-23T18:31:48Z"",""cache_file"":""beb2c2734ee59190973df1e89ebd83f45e20e68fea0240075b80b5b80c528e10.json.gz""}"
pypi.org,pkg:pypi/cycler,https://github.com/matplotlib/cycler,dependencies,75,purl,pkg:pypi/cycler,21.59,1815,"{""url"":""https://science.ecosyste.ms/api/v1/packages?per_page=1000&page=1"",""fetched_at"":""2026-09-23T18:31:48Z"",""cache_file"":""beb2c2734ee59190973df1e89ebd83f45e20e68fea0240075b80b5b80c528e10.json.gz""}"
pypi.org,pkg:pypi/cython,https://github.com/cython/cython,dependencies,76,purl,pkg:pypi/cython,21.41,1551,"{""url"":""https://science.ecosyste.ms/api/v1/packages?per_page=1000&page=1"",""fetched_at"":""2026-09-23T18:31:48Z"",""cache_file"":""beb2c2734ee59190973df1e89ebd83f45e20e68fea0240075b80b5b80c528e10.json.gz""}"
pypi.org,pkg:pypi/dill,https://github.com/uqfoundation/dill,dependencies,79,purl,pkg:pypi/dill,29.29,943,"{""url"":""https://science.ecosyste.ms/api/v1/packages?per_page=1000&page=1"",""fetched_at"":""2026-09-23T18:31:48Z"",""cache_file"":""beb2c2734ee59190973df1e89ebd83f45e20e68fea0240075b80b5b80c528e10.json.gz""}"
pypi.org,pkg:pypi/docutils,,dependencies,80,purl,pkg:pypi/docutils,,1456,"{""url"":""https://science.ecosyste.ms/api/v1/packages?per_page=1000&page=1"",""fetched_at"":""2026-09-23T18:31:48Z"",""cache_file"":""beb2c2734ee59190973df1e89ebd83f45e20e68fea0240075b80b5b80c528e10.json.gz""}"
pypi.org,pkg:pypi/flake8,https://github.com/pycqa/flake8,dependencies,86,purl,pkg:pypi/flake8,21.34,2287,"{""url"":""https://science.ecosyste.ms/api/v1/packages?per_page=1000&page=1"",""fetched_at"":""2026-09-23T18:31:48Z"",""cache_file"":""beb2c2734ee59190973df1e89ebd83f45e20e68fea0240075b80b5b80c528e10.json.gz""}"
pypi.org,pkg:pypi/fonttools,https://github.com/fonttools/fonttools,dependencies,87,purl,pkg:pypi/fonttools,25.06,1300,"{""url"":""https://science.ecosyste.ms/api/v1/packages?per_page=1000&page=1"",""fetched_at"":""2026-09-23T18:31:48Z"",""cache_file"":""beb2c2734ee59190973df1e89ebd83f45e20e68fea0240075b80b5b80c528e10.json.gz""}"
pypi.org,pkg:pypi/fsspec,https://github.com/fsspec/filesystem_spec,dependencies,88,purl,pkg:pypi/fsspec,21.29,1192,"{""url"":""https://science.ecosyste.ms/api/v1/packages?per_page=1000&page=1"",""fetched_at"":""2026-09-23T18:31:48Z"",""cache_file"":""beb2c2734ee59190973df1e89ebd83f45e20e68fea0240075b80b5b80c528e10.json.gz""}"
pypi.org,pkg:pypi/gitpython,https://github.com/gitpython-developers/gitpython,dependencies,90,purl,pkg:pypi/gitpython,21.13,1003,"{""url"":""https://science.ecosyste.ms/api/v1/packages?per_page=1000&page=1"",""fetched_at"":""2026-09-23T18:31:48Z"",""cache_file"":""beb2c2734ee59190973df1e89ebd83f45e20e68fea0240075b80b5b80c528e10.json.gz""}"
pypi.org,pkg:pypi/grpcio,https://github.com/grpc/grpc,dependencies,93,purl,pkg:pypi/grpcio,21.06,825,"{""url"":""https://science.ecosyste.ms/api/v1/packages?per_page=1000&page=1"",""fetched_at"":""2026-09-23T18:31:48Z"",""cache_file"":""beb2c2734ee59190973df1e89ebd83f45e20e68fea0240075b80b5b80c528e10.json.gz""}"
pypi.org,pkg:pypi/h5py,https://github.com/h5py/h5py,dependencies,94,purl,pkg:pypi/h5py,36.24,2674,"{""url"":""https://science.ecosyste.ms/api/v1/packages?per_page=1000&page=1"",""fetched_at"":""2026-09-23T18:31:48Z"",""cache_file"":""beb2c2734ee59190973df1e89ebd83f45e20e68fea0240075b80b5b80c528e10.json.gz""}"
pypi.org,pkg:pypi/idna,https://github.com/kjd/idna,dependencies,95,purl,pkg:pypi/idna,21.14,2061,"{""url"":""https://science.ecosyste.ms/api/v1/packages?per_page=1000&page=1"",""fetched_at"":""2026-09-23T18:31:48Z"",""cache_file"":""beb2c2734ee59190973df1e89ebd83f45e20e68fea0240075b80b5b80c528e10.json.gz""}"
pypi.org,pkg:pypi/jsonschema,https://github.com/python-jsonschema/jsonschema,dependencies,98,purl,pkg:pypi/jsonschema,29.32,1419,"{""url"":""https://science.ecosyste.ms/api/v1/packages?per_page=1000&page=1"",""fetched_at"":""2026-09-23T18:31:48Z"",""cache_file"":""beb2c2734ee59190973df1e89ebd83f45e20e68fea0240075b80b5b80c528e10.json.gz""}"
pypi.org,pkg:pypi/kiwisolver,https://github.com/nucleic/kiwi,dependencies,99,purl,pkg:pypi/kiwisolver,21.0,1737,"{""url"":""https://science.ecosyste.ms/api/v1/packages?per_page=1000&page=1"",""fetched_at"":""2026-09-23T18:31:48Z"",""cache_file"":""beb2c2734ee59190973df1e89ebd83f45e20e68fea0240075b80b5b80c528e10.json.gz""}"
pypi.org,pkg:pypi/matplotlib,https://github.com/matplotlib/matplotlib,dependencies,105,purl,pkg:pypi/matplotlib,29.77,12083,"{""url"":""https://science.ecosyste.ms/api/v1/packages?per_page=1000&page=1"",""fetched_at"":""2026-09-23T18:31:48Z"",""cache_file"":""beb2c2734ee59190973df1e89ebd83f45e20e68fea0240075b80b5b80c528e10.json.gz""}"
pypi.org,pkg:pypi/mpmath,https://github.com/mpmath/mpmath,dependencies,110,purl,pkg:pypi/mpmath,37.6,820,"{""url"":""https://science.ecosyste.ms/api/v1/packages?per_page=1000&page=1"",""fetched_at"":""2026-09-23T18:31:48Z"",""cache_file"":""beb2c2734ee59190973df1e89ebd83f45e20e68fea0240075b80b5b80c528e10.json.gz""}"
pypi.org,pkg:pypi/networkx,https://github.com/networkx/networkx,dependencies,111,purl,pkg:pypi/networkx,35.33,2844,"{""url"":""https://science.ecosyste.ms/api/v1/packages?per_page=1000&page=1"",""fetched_at"":""2026-09-23T18:31:48Z"",""cache_file"":""beb2c2734ee59190973df1e89ebd83f45e20e68fea0240075b80b5b80c528e10.json.gz""}"
pypi.org,pkg:pypi/numba,,dependencies,114,purl,pkg:pypi/numba,,1866,"{""url"":""https://science.ecosyste.ms/api/v1/packages?per_page=1000&page=1"",""fetched_at"":""2026-09-23T18:31:48Z"",""cache_file"":""beb2c2734ee59190973df1e89ebd83f45e20e68fea0240075b80b5b80c528e10.json.gz""}"
pypi.org,pkg:pypi/numpy,https://github.com/numpy/numpy,dependencies,115,purl,pkg:pypi/numpy,54.53,18669,"{""url"":""https://science.ecosyste.ms/api/v1/packages?per_page=1000&page=1"",""fetched_at"":""2026-09-23T18:31:48Z"",""cache_file"":""beb2c2734ee59190973df1e89ebd83f45e20e68fea0240075b80b5b80c528e10.json.gz""}"
pypi.org,pkg:pypi/packaging,https://github.com/pypa/packaging,dependencies,130,purl,pkg:pypi/packaging,14.1,3067,"{""url"":""https://science.ecosyste.ms/api/v1/packages?per_page=1000&page=1"",""fetched_at"":""2026-09-23T18:31:48Z"",""cache_file"":""beb2c2734ee59190973df1e89ebd83f45e20e68fea0240075b80b5b80c528e10.json.gz""}"
pypi.org,pkg:pypi/pandas,https://github.com/pandas-dev/pandas,dependencies,131,purl,pkg:pypi/pandas,40.23,11813,"{""url"":""https://science.ecosyste.ms/api/v1/packages?per_page=1000&page=1"",""fetched_at"":""2026-09-23T18:31:48Z"",""cache_file"":""beb2c2734ee59190973df1e89ebd83f45e20e68fea0240075b80b5b80c528e10.json.gz""}"
pypi.org,pkg:pypi/pillow,https://github.com/python-pillow/pillow,dependencies,136,purl,pkg:pypi/pillow,8.19,4165,"{""url"":""https://science.ecosyste.ms/api/v1/packages?per_page=1000&page=1"",""fetched_at"":""2026-09-23T18:31:48Z"",""cache_file"":""beb2c2734ee59190973df1e89ebd83f45e20e68fea0240075b80b5b80c528e10.json.gz""}"
pypi.org,pkg:pypi/plotly,https://github.com/plotly/plotly.py,dependencies,137,purl,pkg:pypi/plotly,24.33,1542,"{""url"":""https://science.ecosyste.ms/api/v1/packages?per_page=1000&page=1"",""fetched_at"":""2026-09-23T18:31:48Z"",""cache_file"":""beb2c2734ee59190973df1e89ebd83f45e20e68fea0240075b80b5b80c528e10.json.gz""}"
pypi.org,pkg:pypi/protobuf,,dependencies,139,purl,pkg:pypi/protobuf,,1809,"{""url"":""https://science.ecosyste.ms/api/v1/packages?per_page=1000&page=1"",""fetched_at"":""2026-09-23T18:31:48Z"",""cache_file"":""beb2c2734ee59190973df1e89ebd83f45e20e68fea0240075b80b5b80c528e10.json.gz""}"
pypi.org,pkg:pypi/pygments,https://github.com/pygments/pygments,dependencies,141,purl,pkg:pypi/pygments,20.19,1948,"{""url"":""https://science.ecosyste.ms/api/v1/packages?per_page=1000&page=1"",""fetched_at"":""2026-09-23T18:31:48Z"",""cache_file"":""beb2c2734ee59190973df1e89ebd83f45e20e68fea0240075b80b5b80c528e10.json.gz""}"
pypi.org,pkg:pypi/pyparsing,https://github.com/pyparsing/pyparsing,dependencies,148,purl,pkg:pypi/pyparsing,21.06,2241,"{""url"":""https://science.ecosyste.ms/api/v1/packages?per_page=1000&page=1"",""fetched_at"":""2026-09-23T18:31:48Z"",""cache_file"":""beb2c2734ee59190973df1e89ebd83f45e20e68fea0240075b80b5b80c528e10.json.gz""}"
pypi.org,pkg:pypi/pytest,https://github.com/pytest-dev/pytest,dependencies,154,purl,pkg:pypi/pytest,8.18,6653,"{""url"":""https://science.ecosyste.ms/api/v1/packages?per_page=1000&page=1"",""fetched_at"":""2026-09-23T18:31:48Z"",""cache_file"":""beb2c2734ee59190973df1e89ebd83f45e20e68fea0240075b80b5b80c528e10.json.gz""}"
pypi.org,pkg:pypi/pytest-cov,https://github.com/pytest-dev/pytest-cov,dependencies,155,purl,pkg:pypi/pytest-cov,21.14,2624,"{""url"":""https://science.ecosyste.ms/api/v1/packages?per_page=1000&page=1"",""fetched_at"":""2026-09-23T18:31:48Z"",""cache_file"":""beb2c2734ee59190973df1e89ebd83f45e20e68fea0240075b80b5b80c528e10.json.gz""}"
pypi.org,pkg:pypi/pytz,https://github.com/stub42/pytz,dependencies,157,purl,pkg:pypi/pytz,13.19,2500,"{""url"":""https://science.ecosyste.ms/api/v1/packages?per_page=1000&page=1"",""fetched_at"":""2026-09-23T18:31:48Z"",""cache_file"":""beb2c2734ee59190973df1e89ebd83f45e20e68fea0240075b80b5b80c528e10.json.gz""}"
pypi.org,pkg:pypi/rich,https://github.com/textualize/rich,dependencies,163,purl,pkg:pypi/rich,14.14,1263,"{""url"":""https://science.ecosyste.ms/api/v1/packages?per_page=1000&page=1"",""fetched_at"":""2026-09-23T18:31:48Z"",""cache_file"":""beb2c2734ee59190973df1e89ebd83f45e20e68fea0240075b80b5b80c528e10.json.gz""}"
pypi.org,pkg:pypi/ruamel.yaml,,dependencies,164,purl,pkg:pypi/ruamel.yaml,,359,"{""url"":""https://science.ecosyste.ms/api/v1/packages?per_page=1000&page=1"",""fetched_at"":""2026-09-23T18:31:48Z"",""cache_file"":""beb2c2734ee59190973df1e89ebd83f45e20e68fea0240075b80b5b80c528e10.json.gz""}"
pypi.org,pkg:pypi/scikit-image,https://github.com/scikit-image/scikit-image,dependencies,165,purl,pkg:pypi/scikit-image,51.7,2047,"{""url"":""https://science.ecosyste.ms/api/v1/packages?per_page=1000&page=1"",""fetched_at"":""2026-09-23T18:31:48Z"",""cache_file"":""beb2c2734ee59190973df1e89ebd83f45e20e68fea0240075b80b5b80c528e10.json.gz""}"
pypi.org,pkg:pypi/scipy,https://github.com/scipy/scipy,dependencies,166,purl,pkg:pypi/scipy,57.56,11733,"{""url"":""https://science.ecosyste.ms/api/v1/packages?per_page=1000&page=1"",""fetched_at"":""2026-09-23T18:31:48Z"",""cache_file"":""beb2c2734ee59190973df1e89ebd83f45e20e68fea0240075b80b5b80c528e10.json.gz""}"
pypi.org,pkg:pypi/seaborn,https://github.com/mwaskom/seaborn,dependencies,167,purl,pkg:pypi/seaborn,89.0,3503,"{""url"":""https://science.ecosyste.ms/api/v1/packages?per_page=1000&page=1"",""fetched_at"":""2026-09-23T18:31:48Z"",""cache_file"":""beb2c2734ee59190973df1e89ebd83f45e20e68fea0240075b80b5b80c528e10.json.gz""}"
pypi.org,pkg:pypi/setuptools,https://github.com/pypa/setuptools,dependencies,168,purl,pkg:pypi/setuptools,21.25,2435,"{""url"":""https://science.ecosyste.ms/api/v1/packages?per_page=1000&page=1"",""fetched_at"":""2026-09-23T18:31:48Z"",""cache_file"":""beb2c2734ee59190973df1e89ebd83f45e20e68fea0240075b80b5b80c528e10.json.gz""}"
pypi.org,pkg:pypi/shapely,https://github.com/shapely/shapely,dependencies,169,purl,pkg:pypi/shapely,59.15,1308,"{""url"":""https://science.ecosyste.ms/api/v1/packages?per_page=1000&page=1"",""fetched_at"":""2026-09-23T18:31:48Z"",""cache_file"":""beb2c2734ee59190973df1e89ebd83f45e20e68fea0240075b80b5b80c528e10.json.gz""}"
pypi.org,pkg:pypi/statsmodels,https://github.com/statsmodels/statsmodels,dependencies,179,purl,pkg:pypi/statsmodels,49.49,1087,"{""url"":""https://science.ecosyste.ms/api/v1/packages?per_page=1000&page=1"",""fetched_at"":""2026-09-23T18:31:48Z"",""cache_file"":""beb2c2734ee59190973df1e89ebd83f45e20e68fea0240075b80b5b80c528e10.json.gz""}"
pypi.org,pkg:pypi/sympy,https://github.com/sympy/sympy,dependencies,182,purl,pkg:pypi/sympy,66.58,1344,"{""url"":""https://science.ecosyste.ms/api/v1/packages?per_page=1000&page=1"",""fetched_at"":""2026-09-23T18:31:48Z"",""cache_file"":""beb2c2734ee59190973df1e89ebd83f45e20e68fea0240075b80b5b80c528e10.json.gz""}"
pypi.org,pkg:pypi/tomli,https://github.com/hukkin/tomli,dependencies,186,purl,pkg:pypi/tomli,21.0,886,"{""url"":""https://science.ecosyste.ms/api/v1/packages?per_page=1000&page=1"",""fetched_at"":""2026-09-23T18:31:48Z"",""cache_file"":""beb2c2734ee59190973df1e89ebd83f45e20e68fea0240075b80b5b80c528e10.json.gz""}"
pypi.org,pkg:pypi/torch,https://github.com/pytorch/pytorch,dependencies,187,purl,pkg:pypi/torch,29.22,5198,"{""url"":""https://science.ecosyste.ms/api/v1/packages?per_page=1000&page=1"",""fetched_at"":""2026-09-23T18:31:48Z"",""cache_file"":""beb2c2734ee59190973df1e89ebd83f45e20e68fea0240075b80b5b80c528e10.json.gz""}"
pypi.org,pkg:pypi/tqdm,https://github.com/tqdm/tqdm,dependencies,190,purl,pkg:pypi/tqdm,92.0,6611,"{""url"":""https://science.ecosyste.ms/api/v1/packages?per_page=1000&page=1"",""fetched_at"":""2026-09-23T18:31:48Z"",""cache_file"":""beb2c2734ee59190973df1e89ebd83f45e20e68fea0240075b80b5b80c528e10.json.gz""}"
crates.io,pkg:cargo/md5,https://github.com/stainless-steel/md5,dependencies,761,purl,pkg:cargo/md5,21.0,2,"{""url"":""https://science.ecosyste.ms/api/v1/packages?per_page=1000&page=19"",""fetched_at"":""2026-09-23T20:13:05Z"",""cache_file"":""105b828bd2bcef6b3c9a60c861cb4d27d602a7d5f1791f3ae3889cef204ca6a4.json.gz""}"
crates.io,pkg:cargo/petgraph,https://github.com/petgraph/petgraph,dependencies,798,purl,pkg:cargo/petgraph,13.17,27,"{""url"":""https://science.ecosyste.ms/api/v1/packages?per_page=1000&page=3"",""fetched_at"":""2026-09-23T20:09:46Z"",""cache_file"":""43c6dde80c261ddc62688f062ec7bc17116645bcbcb0960d5639d1b0e0d3f36c.json.gz""}"
crates.io,pkg:cargo/pyo3,https://github.com/pyo3/pyo3,dependencies,810,purl,pkg:cargo/pyo3,37.19,84,"{""url"":""https://science.ecosyste.ms/api/v1/packages?per_page=1000&page=1"",""fetched_at"":""2026-09-23T18:31:48Z"",""cache_file"":""beb2c2734ee59190973df1e89ebd83f45e20e68fea0240075b80b5b80c528e10.json.gz""}"
crates.io,pkg:cargo/rand_distr,https://github.com/rust-random/rand_distr,dependencies,818,purl,pkg:cargo/rand_distr,13.08,27,"{""url"":""https://science.ecosyste.ms/api/v1/packages?per_page=1000&page=3"",""fetched_at"":""2026-09-23T20:09:46Z"",""cache_file"":""43c6dde80c261ddc62688f062ec7bc17116645bcbcb0960d5639d1b0e0d3f36c.json.gz""}"
cran.r-project.org,pkg:cran/dplyr,https://github.com/tidyverse/dplyr,dependencies,979,purl,pkg:cran/dplyr,34.36,6693,"{""url"":""https://science.ecosyste.ms/api/v1/packages?per_page=1000&page=1"",""fetched_at"":""2026-09-23T18:31:48Z"",""cache_file"":""beb2c2734ee59190973df1e89ebd83f45e20e68fea0240075b80b5b80c528e10.json.gz""}"
cran.r-project.org,pkg:cran/knitr,https://github.com/yihui/knitr,dependencies,982,purl,pkg:cran/knitr,7.68,11414,"{""url"":""https://science.ecosyste.ms/api/v1/packages?per_page=1000&page=1"",""fetched_at"":""2026-09-23T18:31:48Z"",""cache_file"":""beb2c2734ee59190973df1e89ebd83f45e20e68fea0240075b80b5b80c528e10.json.gz""}"
cran.r-project.org,pkg:cran/magrittr,https://github.com/tidyverse/magrittr,dependencies,983,purl,pkg:cran/magrittr,34.61,3354,"{""url"":""https://science.ecosyste.ms/api/v1/packages?per_page=1000&page=1"",""fetched_at"":""2026-09-23T18:31:48Z"",""cache_file"":""beb2c2734ee59190973df1e89ebd83f45e20e68fea0240075b80b5b80c528e10.json.gz""}"
cran.r-project.org,pkg:cran/plyr,https://github.com/hadley/plyr,dependencies,985,purl,pkg:cran/plyr,34.75,789,"{""url"":""https://science.ecosyste.ms/api/v1/packages?per_page=1000&page=1"",""fetched_at"":""2026-09-23T18:31:48Z"",""cache_file"":""beb2c2734ee59190973df1e89ebd83f45e20e68fea0240075b80b5b80c528e10.json.gz""}"
cran.r-project.org,pkg:cran/rlang,https://github.com/r-lib/rlang,dependencies,987,purl,pkg:cran/rlang,21.21,3863,"{""url"":""https://science.ecosyste.ms/api/v1/packages?per_page=1000&page=1"",""fetched_at"":""2026-09-23T18:31:48Z"",""cache_file"":""beb2c2734ee59190973df1e89ebd83f45e20e68fea0240075b80b5b80c528e10.json.gz""}"
cran.r-project.org,pkg:cran/rmarkdown,https://github.com/rstudio/rmarkdown,dependencies,988,purl,pkg:cran/rmarkdown,37.47,10754,"{""url"":""https://science.ecosyste.ms/api/v1/packages?per_page=1000&page=1"",""fetched_at"":""2026-09-23T18:31:48Z"",""cache_file"":""beb2c2734ee59190973df1e89ebd83f45e20e68fea0240075b80b5b80c528e10.json.gz""}"
cran.r-project.org,pkg:cran/testthat,https://github.com/r-lib/testthat,dependencies,990,purl,pkg:cran/testthat,34.48,12510,"{""url"":""https://science.ecosyste.ms/api/v1/packages?per_page=1000&page=1"",""fetched_at"":""2026-09-23T18:31:48Z"",""cache_file"":""beb2c2734ee59190973df1e89ebd83f45e20e68fea0240075b80b5b80c528e10.json.gz""}"
cran.r-project.org,pkg:cran/tibble,https://github.com/tidyverse/tibble,dependencies,991,purl,pkg:cran/tibble,34.66,3479,"{""url"":""https://science.ecosyste.ms/api/v1/packages?per_page=1000&page=1"",""fetched_at"":""2026-09-23T18:31:48Z"",""cache_file"":""beb2c2734ee59190973df1e89ebd83f45e20e68fea0240075b80b5b80c528e10.json.gz""}"
cran.r-project.org,pkg:cran/tidyr,https://github.com/tidyverse/tidyr,dependencies,992,purl,pkg:cran/tidyr,34.27,3529,"{""url"":""https://science.ecosyste.ms/api/v1/packages?per_page=1000&page=1"",""fetched_at"":""2026-09-23T18:31:48Z"",""cache_file"":""beb2c2734ee59190973df1e89ebd83f45e20e68fea0240075b80b5b80c528e10.json.gz""}"
pypi.org,pkg:pypi/scikit-learn,https://github.com/scikit-learn/scikit-learn,dependencies,1007,purl,pkg:pypi/scikit-learn,51.35,6026,"{""url"":""https://science.ecosyste.ms/api/v1/packages?per_page=1000&page=1"",""fetched_at"":""2026-09-23T18:31:48Z"",""cache_file"":""beb2c2734ee59190973df1e89ebd83f45e20e68fea0240075b80b5b80c528e10.json.gz""}"
cran.r-project.org,pkg:cran/abind,,dependencies,1724,purl,pkg:cran/abind,,263,"{""url"":""https://science.ecosyste.ms/api/v1/packages?per_page=1000&page=1"",""fetched_at"":""2026-09-23T18:31:48Z"",""cache_file"":""beb2c2734ee59190973df1e89ebd83f45e20e68fea0240075b80b5b80c528e10.json.gz""}"
cran.r-project.org,pkg:cran/arrow,https://github.com/apache/arrow,dependencies,1732,purl,pkg:cran/arrow,28.15,166,"{""url"":""https://science.ecosyste.ms/api/v1/packages?per_page=1000&page=1"",""fetched_at"":""2026-09-23T18:31:48Z"",""cache_file"":""beb2c2734ee59190973df1e89ebd83f45e20e68fea0240075b80b5b80c528e10.json.gz""}"
cran.r-project.org,pkg:cran/assertthat,,dependencies,1738,purl,pkg:cran/assertthat,,520,"{""url"":""https://science.ecosyste.ms/api/v1/packages?per_page=1000&page=1"",""fetched_at"":""2026-09-23T18:31:48Z"",""cache_file"":""beb2c2734ee59190973df1e89ebd83f45e20e68fea0240075b80b5b80c528e10.json.gz""}"
cran.r-project.org,pkg:cran/backports,https://github.com/r-lib/backports,dependencies,1745,purl,pkg:cran/backports,7.0,67,"{""url"":""https://science.ecosyste.ms/api/v1/packages?per_page=1000&page=2"",""fetched_at"":""2026-09-23T20:09:36Z"",""cache_file"":""2b1260162107e8d722838ec4ab177e096ed8cfe5c5acc667a84011b12735b3e8.json.gz""}"
cran.r-project.org,pkg:cran/base64enc,https://github.com/s-u/base64enc,dependencies,1750,purl,pkg:cran/base64enc,7.0,188,"{""url"":""https://science.ecosyste.ms/api/v1/packages?per_page=1000&page=1"",""fetched_at"":""2026-09-23T18:31:48Z"",""cache_file"":""beb2c2734ee59190973df1e89ebd83f45e20e68fea0240075b80b5b80c528e10.json.gz""}"
cran.r-project.org,pkg:cran/BiocManager,https://github.com/bioconductor/biocmanager,dependencies,1766,purl,pkg:cran/BiocManager,35.32,167,"{""url"":""https://science.ecosyste.ms/api/v1/packages?per_page=1000&page=1"",""fetched_at"":""2026-09-23T18:31:48Z"",""cache_file"":""beb2c2734ee59190973df1e89ebd83f45e20e68fea0240075b80b5b80c528e10.json.gz""}"
cran.r-project.org,pkg:cran/brio,https://github.com/r-lib/brio,dependencies,1776,purl,pkg:cran/brio,21.0,43,"{""url"":""https://science.ecosyste.ms/api/v1/packages?per_page=1000&page=2"",""fetched_at"":""2026-09-23T20:09:36Z"",""cache_file"":""2b1260162107e8d722838ec4ab177e096ed8cfe5c5acc667a84011b12735b3e8.json.gz""}"
cran.r-project.org,pkg:cran/broom,https://github.com/tidymodels/broom,dependencies,1779,purl,pkg:cran/broom,42.75,379,"{""url"":""https://science.ecosyste.ms/api/v1/packages?per_page=1000&page=1"",""fetched_at"":""2026-09-23T18:31:48Z"",""cache_file"":""beb2c2734ee59190973df1e89ebd83f45e20e68fea0240075b80b5b80c528e10.json.gz""}"
cran.r-project.org,pkg:cran/bslib,https://github.com/rstudio/bslib,dependencies,1782,purl,pkg:cran/bslib,34.5,212,"{""url"":""https://science.ecosyste.ms/api/v1/packages?per_page=1000&page=1"",""fetched_at"":""2026-09-23T18:31:48Z"",""cache_file"":""beb2c2734ee59190973df1e89ebd83f45e20e68fea0240075b80b5b80c528e10.json.gz""}"
cran.r-project.org,pkg:cran/callr,https://github.com/r-lib/callr,dependencies,1784,purl,pkg:cran/callr,34.23,215,"{""url"":""https://science.ecosyste.ms/api/v1/packages?per_page=1000&page=1"",""fetched_at"":""2026-09-23T18:31:48Z"",""cache_file"":""beb2c2734ee59190973df1e89ebd83f45e20e68fea0240075b80b5b80c528e10.json.gz""}"
cran.r-project.org,pkg:cran/car,https://github.com/bprice2652/car_repo,dependencies,1786,purl,pkg:cran/car,17.5,255,"{""url"":""https://science.ecosyste.ms/api/v1/packages?per_page=1000&page=1"",""fetched_at"":""2026-09-23T18:31:48Z"",""cache_file"":""beb2c2734ee59190973df1e89ebd83f45e20e68fea0240075b80b5b80c528e10.json.gz""}"
cran.r-project.org,pkg:cran/caret,https://github.com/topepo/caret,dependencies,1787,purl,pkg:cran/caret,34.35,286,"{""url"":""https://science.ecosyste.ms/api/v1/packages?per_page=1000&page=1"",""fetched_at"":""2026-09-23T18:31:48Z"",""cache_file"":""beb2c2734ee59190973df1e89ebd83f45e20e68fea0240075b80b5b80c528e10.json.gz""}"
cran.r-project.org,pkg:cran/caTools,,dependencies,1789,purl,pkg:cran/caTools,,41,"{""url"":""https://science.ecosyste.ms/api/v1/packages?per_page=1000&page=2"",""fetched_at"":""2026-09-23T20:09:36Z"",""cache_file"":""2b1260162107e8d722838ec4ab177e096ed8cfe5c5acc667a84011b12735b3e8.json.gz""}"
cran.r-project.org,pkg:cran/checkmate,https://github.com/mllg/checkmate,dependencies,1794,purl,pkg:cran/checkmate,47.0,606,"{""url"":""https://science.ecosyste.ms/api/v1/packages?per_page=1000&page=1"",""fetched_at"":""2026-09-23T18:31:48Z"",""cache_file"":""beb2c2734ee59190973df1e89ebd83f45e20e68fea0240075b80b5b80c528e10.json.gz""}"
cran.r-project.org,pkg:cran/cli,https://github.com/r-lib/cli,dependencies,1801,purl,pkg:cran/cli,21.19,1427,"{""url"":""https://science.ecosyste.ms/api/v1/packages?per_page=1000&page=1"",""fetched_at"":""2026-09-23T18:31:48Z"",""cache_file"":""beb2c2734ee59190973df1e89ebd83f45e20e68fea0240075b80b5b80c528e10.json.gz""}"
cran.r-project.org,pkg:cran/clock,https://github.com/r-lib/clock,dependencies,1802,purl,pkg:cran/clock,34.0,14,"{""url"":""https://science.ecosyste.ms/api/v1/packages?per_page=1000&page=4"",""fetched_at"":""2026-09-23T20:09:56Z"",""cache_file"":""1022619f69a3d12476e71e4b47fd5d60d4d59a1ddad984e1d08b462f5d51052a.json.gz""}"
cran.r-project.org,pkg:cran/coda,,dependencies,1809,purl,pkg:cran/coda,,320,"{""url"":""https://science.ecosyste.ms/api/v1/packages?per_page=1000&page=1"",""fetched_at"":""2026-09-23T18:31:48Z"",""cache_file"":""beb2c2734ee59190973df1e89ebd83f45e20e68fea0240075b80b5b80c528e10.json.gz""}"
pypi.org,pkg:pypi/distlib,https://github.com/pypa/distlib,dependencies,1819,purl,pkg:pypi/distlib,21.11,336,"{""url"":""https://science.ecosyste.ms/api/v1/packages?per_page=1000&page=1"",""fetched_at"":""2026-09-23T18:31:48Z"",""cache_file"":""beb2c2734ee59190973df1e89ebd83f45e20e68fea0240075b80b5b80c528e10.json.gz""}"
pypi.org,pkg:pypi/imageio,https://github.com/imageio/imageio,dependencies,1820,purl,pkg:pypi/imageio,34.5,1070,"{""url"":""https://science.ecosyste.ms/api/v1/packages?per_page=1000&page=1"",""fetched_at"":""2026-09-23T18:31:48Z"",""cache_file"":""beb2c2734ee59190973df1e89ebd83f45e20e68fea0240075b80b5b80c528e10.json.gz""}"
pypi.org,pkg:pypi/ipywidgets,https://github.com/jupyter-widgets/ipywidgets,dependencies,1822,purl,pkg:pypi/ipywidgets,8.58,1403,"{""url"":""https://science.ecosyste.ms/api/v1/packages?per_page=1000&page=1"",""fetched_at"":""2026-09-23T18:31:48Z"",""cache_file"":""beb2c2734ee59190973df1e89ebd83f45e20e68fea0240075b80b5b80c528e10.json.gz""}"
pypi.org,pkg:pypi/pluggy,https://github.com/pytest-dev/pluggy,dependencies,1827,purl,pkg:pypi/pluggy,21.08,773,"{""url"":""https://science.ecosyste.ms/api/v1/packages?per_page=1000&page=1"",""fetched_at"":""2026-09-23T18:31:48Z"",""cache_file"":""beb2c2734ee59190973df1e89ebd83f45e20e68fea0240075b80b5b80c528e10.json.gz""}"
cran.r-project.org,pkg:cran/classInt,https://github.com/r-spatial/classint,dependencies,1946,purl,pkg:cran/classInt,35.45,36,"{""url"":""https://science.ecosyste.ms/api/v1/packages?per_page=1000&page=2"",""fetched_at"":""2026-09-23T20:09:36Z"",""cache_file"":""2b1260162107e8d722838ec4ab177e096ed8cfe5c5acc667a84011b12735b3e8.json.gz""}"
cran.r-project.org,pkg:cran/colorspace,,dependencies,1949,purl,pkg:cran/colorspace,,198,"{""url"":""https://science.ecosyste.ms/api/v1/packages?per_page=1000&page=1"",""fetched_at"":""2026-09-23T18:31:48Z"",""cache_file"":""beb2c2734ee59190973df1e89ebd83f45e20e68fea0240075b80b5b80c528e10.json.gz""}"
cran.r-project.org,pkg:cran/countrycode,https://github.com/vincentarelbundock/countrycode,dependencies,1960,purl,pkg:cran/countrycode,89.0,78,"{""url"":""https://science.ecosyste.ms/api/v1/packages?per_page=1000&page=2"",""fetched_at"":""2026-09-23T20:09:36Z"",""cache_file"":""2b1260162107e8d722838ec4ab177e096ed8cfe5c5acc667a84011b12735b3e8.json.gz""}"
cran.r-project.org,pkg:cran/covr,https://github.com/r-lib/covr,dependencies,1962,purl,pkg:cran/covr,21.36,2978,"{""url"":""https://science.ecosyste.ms/api/v1/packages?per_page=1000&page=1"",""fetched_at"":""2026-09-23T18:31:48Z"",""cache_file"":""beb2c2734ee59190973df1e89ebd83f45e20e68fea0240075b80b5b80c528e10.json.gz""}"
cran.r-project.org,pkg:cran/cowplot,https://github.com/wilkelab/cowplot,dependencies,1964,purl,pkg:cran/cowplot,47.79,523,"{""url"":""https://science.ecosyste.ms/api/v1/packages?per_page=1000&page=1"",""fetched_at"":""2026-09-23T18:31:48Z"",""cache_file"":""beb2c2734ee59190973df1e89ebd83f45e20e68fea0240075b80b5b80c528e10.json.gz""}"
cran.r-project.org,pkg:cran/crayon,https://github.com/r-lib/crayon,dependencies,1965,purl,pkg:cran/crayon,34.53,528,"{""url"":""https://science.ecosyste.ms/api/v1/packages?per_page=1000&page=1"",""fetched_at"":""2026-09-23T18:31:48Z"",""cache_file"":""beb2c2734ee59190973df1e89ebd83f45e20e68fea0240075b80b5b80c528e10.json.gz""}"
cran.r-project.org,pkg:cran/curl,https://github.com/jeroen/curl,dependencies,1969,purl,pkg:cran/curl,,667,"{""url"":""https://science.ecosyste.ms/api/v1/packages?per_page=1000&page=1"",""fetched_at"":""2026-09-23T18:31:48Z"",""cache_file"":""beb2c2734ee59190973df1e89ebd83f45e20e68fea0240075b80b5b80c528e10.json.gz""}"
cran.r-project.org,pkg:cran/data.table,https://github.com/rdatatable/data.table,dependencies,1979,purl,pkg:cran/data.table,7.31,2126,"{""url"":""https://science.ecosyste.ms/api/v1/packages?per_page=1000&page=1"",""fetched_at"":""2026-09-23T18:31:48Z"",""cache_file"":""beb2c2734ee59190973df1e89ebd83f45e20e68fea0240075b80b5b80c528e10.json.gz""}"
cran.r-project.org,pkg:cran/datawizard,https://github.com/easystats/datawizard,dependencies,1980,purl,pkg:cran/datawizard,87.0,19,"{""url"":""https://science.ecosyste.ms/api/v1/packages?per_page=1000&page=3"",""fetched_at"":""2026-09-23T20:09:46Z"",""cache_file"":""43c6dde80c261ddc62688f062ec7bc17116645bcbcb0960d5639d1b0e0d3f36c.json.gz""}"
cran.r-project.org,pkg:cran/DBI,https://github.com/r-dbi/dbi,dependencies,1981,purl,pkg:cran/DBI,21.51,484,"{""url"":""https://science.ecosyste.ms/api/v1/packages?per_page=1000&page=1"",""fetched_at"":""2026-09-23T18:31:48Z"",""cache_file"":""beb2c2734ee59190973df1e89ebd83f45e20e68fea0240075b80b5b80c528e10.json.gz""}"
cran.r-project.org,pkg:cran/dbplyr,https://github.com/tidyverse/dbplyr,dependencies,1982,purl,pkg:cran/dbplyr,21.35,174,"{""url"":""https://science.ecosyste.ms/api/v1/packages?per_page=1000&page=1"",""fetched_at"":""2026-09-23T18:31:48Z"",""cache_file"":""beb2c2734ee59190973df1e89ebd83f45e20e68fea0240075b80b5b80c528e10.json.gz""}"
cran.r-project.org,pkg:cran/desc,https://github.com/r-lib/desc,dependencies,1989,purl,pkg:cran/desc,21.42,118,"{""url"":""https://science.ecosyste.ms/api/v1/packages?per_page=1000&page=1"",""fetched_at"":""2026-09-23T18:31:48Z"",""cache_file"":""beb2c2734ee59190973df1e89ebd83f45e20e68fea0240075b80b5b80c528e10.json.gz""}"
cran.r-project.org,pkg:cran/devtools,https://github.com/r-lib/devtools,dependencies,1993,purl,pkg:cran/devtools,34.64,766,"{""url"":""https://science.ecosyste.ms/api/v1/packages?per_page=1000&page=1"",""fetched_at"":""2026-09-23T18:31:48Z"",""cache_file"":""beb2c2734ee59190973df1e89ebd83f45e20e68fea0240075b80b5b80c528e10.json.gz""}"
cran.r-project.org,pkg:cran/digest,https://github.com/eddelbuettel/digest,dependencies,1998,purl,pkg:cran/digest,28.73,538,"{""url"":""https://science.ecosyste.ms/api/v1/packages?per_page=1000&page=1"",""fetched_at"":""2026-09-23T18:31:48Z"",""cache_file"":""beb2c2734ee59190973df1e89ebd83f45e20e68fea0240075b80b5b80c528e10.json.gz""}"
cran.r-project.org,pkg:cran/doParallel,https://github.com/revolutionanalytics/doparallel,dependencies,2005,purl,pkg:cran/doParallel,11.0,684,"{""url"":""https://science.ecosyste.ms/api/v1/packages?per_page=1000&page=1"",""fetched_at"":""2026-09-23T18:31:48Z"",""cache_file"":""beb2c2734ee59190973df1e89ebd83f45e20e68fea0240075b80b5b80c528e10.json.gz""}"
cran.r-project.org,pkg:cran/DT,https://github.com/rstudio/dt,dependencies,2012,purl,pkg:cran/DT,7.12,812,"{""url"":""https://science.ecosyste.ms/api/v1/packages?per_page=1000&page=1"",""fetched_at"":""2026-09-23T18:31:48Z"",""cache_file"":""beb2c2734ee59190973df1e89ebd83f45e20e68fea0240075b80b5b80c528e10.json.gz""}"
cran.r-project.org,pkg:cran/e1071,,dependencies,2017,purl,pkg:cran/e1071,,277,"{""url"":""https://science.ecosyste.ms/api/v1/packages?per_page=1000&page=1"",""fetched_at"":""2026-09-23T18:31:48Z"",""cache_file"":""beb2c2734ee59190973df1e89ebd83f45e20e68fea0240075b80b5b80c528e10.json.gz""}"
cran.r-project.org,pkg:cran/emmeans,https://github.com/rvlenth/emmeans,dependencies,2027,purl,pkg:cran/emmeans,42.83,110,"{""url"":""https://science.ecosyste.ms/api/v1/packages?per_page=1000&page=1"",""fetched_at"":""2026-09-23T18:31:48Z"",""cache_file"":""beb2c2734ee59190973df1e89ebd83f45e20e68fea0240075b80b5b80c528e10.json.gz""}"
cran.r-project.org,pkg:cran/fontawesome,https://github.com/rstudio/fontawesome,dependencies,2063,purl,pkg:cran/fontawesome,21.0,23,"{""url"":""https://science.ecosyste.ms/api/v1/packages?per_page=1000&page=3"",""fetched_at"":""2026-09-23T20:09:46Z"",""cache_file"":""43c6dde80c261ddc62688f062ec7bc17116645bcbcb0960d5639d1b0e0d3f36c.json.gz""}"
cran.r-project.org,pkg:cran/forcats,https://github.com/tidyverse/forcats,dependencies,2064,purl,pkg:cran/forcats,34.59,458,"{""url"":""https://science.ecosyste.ms/api/v1/packages?per_page=1000&page=1"",""fetched_at"":""2026-09-23T18:31:48Z"",""cache_file"":""beb2c2734ee59190973df1e89ebd83f45e20e68fea0240075b80b5b80c528e10.json.gz""}"
cran.r-project.org,pkg:cran/foreach,https://github.com/revolutionanalytics/foreach,dependencies,2065,purl,pkg:cran/foreach,38.0,845,"{""url"":""https://science.ecosyste.ms/api/v1/packages?per_page=1000&page=1"",""fetched_at"":""2026-09-23T18:31:48Z"",""cache_file"":""beb2c2734ee59190973df1e89ebd83f45e20e68fea0240075b80b5b80c528e10.json.gz""}"
cran.r-project.org,pkg:cran/forecast,https://github.com/robjhyndman/forecast,dependencies,2066,purl,pkg:cran/forecast,34.21,142,"{""url"":""https://science.ecosyste.ms/api/v1/packages?per_page=1000&page=1"",""fetched_at"":""2026-09-23T18:31:48Z"",""cache_file"":""beb2c2734ee59190973df1e89ebd83f45e20e68fea0240075b80b5b80c528e10.json.gz""}"
cran.r-project.org,pkg:cran/fs,https://github.com/r-lib/fs,dependencies,2071,purl,pkg:cran/fs,34.15,502,"{""url"":""https://science.ecosyste.ms/api/v1/packages?per_page=1000&page=1"",""fetched_at"":""2026-09-23T18:31:48Z"",""cache_file"":""beb2c2734ee59190973df1e89ebd83f45e20e68fea0240075b80b5b80c528e10.json.gz""}"
cran.r-project.org,pkg:cran/future,https://github.com/futureverse/future,dependencies,2074,purl,pkg:cran/future,28.28,492,"{""url"":""https://science.ecosyste.ms/api/v1/packages?per_page=1000&page=1"",""fetched_at"":""2026-09-23T18:31:48Z"",""cache_file"":""beb2c2734ee59190973df1e89ebd83f45e20e68fea0240075b80b5b80c528e10.json.gz""}"
cran.r-project.org,pkg:cran/future.apply,https://github.com/futureverse/future.apply,dependencies,2075,purl,pkg:cran/future.apply,28.0,254,"{""url"":""https://science.ecosyste.ms/api/v1/packages?per_page=1000&page=1"",""fetched_at"":""2026-09-23T18:31:48Z"",""cache_file"":""beb2c2734ee59190973df1e89ebd83f45e20e68fea0240075b80b5b80c528e10.json.gz""}"
cran.r-project.org,pkg:cran/gargle,https://github.com/r-lib/gargle,dependencies,2083,purl,pkg:cran/gargle,34.4,17,"{""url"":""https://science.ecosyste.ms/api/v1/packages?per_page=1000&page=4"",""fetched_at"":""2026-09-23T20:09:56Z"",""cache_file"":""1022619f69a3d12476e71e4b47fd5d60d4d59a1ddad984e1d08b462f5d51052a.json.gz""}"
cran.r-project.org,pkg:cran/generics,https://github.com/r-lib/generics,dependencies,2090,purl,pkg:cran/generics,21.5,217,"{""url"":""https://science.ecosyste.ms/api/v1/packages?per_page=1000&page=1"",""fetched_at"":""2026-09-23T18:31:48Z"",""cache_file"":""beb2c2734ee59190973df1e89ebd83f45e20e68fea0240075b80b5b80c528e10.json.gz""}"
cran.r-project.org,pkg:cran/ggmap,https://github.com/dkahle/ggmap,dependencies,2106,purl,pkg:cran/ggmap,42.31,54,"{""url"":""https://science.ecosyste.ms/api/v1/packages?per_page=1000&page=2"",""fetched_at"":""2026-09-23T20:09:36Z"",""cache_file"":""2b1260162107e8d722838ec4ab177e096ed8cfe5c5acc667a84011b12735b3e8.json.gz""}"
cran.r-project.org,pkg:cran/ggplot2,https://github.com/tidyverse/ggplot2,dependencies,2109,purl,pkg:cran/ggplot2,50.56,6706,"{""url"":""https://science.ecosyste.ms/api/v1/packages?per_page=1000&page=1"",""fetched_at"":""2026-09-23T18:31:48Z"",""cache_file"":""beb2c2734ee59190973df1e89ebd83f45e20e68fea0240075b80b5b80c528e10.json.gz""}"
cran.r-project.org,pkg:cran/ggpubr,https://github.com/kassambara/ggpubr,dependencies,2113,purl,pkg:cran/ggpubr,35.67,356,"{""url"":""https://science.ecosyste.ms/api/v1/packages?per_page=1000&page=1"",""fetched_at"":""2026-09-23T18:31:48Z"",""cache_file"":""beb2c2734ee59190973df1e89ebd83f45e20e68fea0240075b80b5b80c528e10.json.gz""}"
cran.r-project.org,pkg:cran/ggrepel,https://github.com/slowkow/ggrepel,dependencies,2116,purl,pkg:cran/ggrepel,34.83,555,"{""url"":""https://science.ecosyste.ms/api/v1/packages?per_page=1000&page=1"",""fetched_at"":""2026-09-23T18:31:48Z"",""cache_file"":""beb2c2734ee59190973df1e89ebd83f45e20e68fea0240075b80b5b80c528e10.json.gz""}"
cran.r-project.org,pkg:cran/ggsignif,https://github.com/const-ae/ggsignif,dependencies,2120,purl,pkg:cran/ggsignif,63.45,16,"{""url"":""https://science.ecosyste.ms/api/v1/packages?per_page=1000&page=4"",""fetched_at"":""2026-09-23T20:09:56Z"",""cache_file"":""1022619f69a3d12476e71e4b47fd5d60d4d59a1ddad984e1d08b462f5d51052a.json.gz""}"
cran.r-project.org,pkg:cran/glmnet,,dependencies,2132,purl,pkg:cran/glmnet,,451,"{""url"":""https://science.ecosyste.ms/api/v1/packages?per_page=1000&page=1"",""fetched_at"":""2026-09-23T18:31:48Z"",""cache_file"":""beb2c2734ee59190973df1e89ebd83f45e20e68fea0240075b80b5b80c528e10.json.gz""}"
cran.r-project.org,pkg:cran/globals,https://github.com/futureverse/globals,dependencies,2134,purl,pkg:cran/globals,7.0,23,"{""url"":""https://science.ecosyste.ms/api/v1/packages?per_page=1000&page=3"",""fetched_at"":""2026-09-23T20:09:46Z"",""cache_file"":""43c6dde80c261ddc62688f062ec7bc17116645bcbcb0960d5639d1b0e0d3f36c.json.gz""}"
cran.r-project.org,pkg:cran/glue,https://github.com/tidyverse/glue,dependencies,2135,purl,pkg:cran/glue,34.12,1211,"{""url"":""https://science.ecosyste.ms/api/v1/packages?per_page=1000&page=1"",""fetched_at"":""2026-09-23T18:31:48Z"",""cache_file"":""beb2c2734ee59190973df1e89ebd83f45e20e68fea0240075b80b5b80c528e10.json.gz""}"
cran.r-project.org,pkg:cran/googledrive,https://github.com/tidyverse/googledrive,dependencies,2141,purl,pkg:cran/googledrive,21.63,35,"{""url"":""https://science.ecosyste.ms/api/v1/packages?per_page=1000&page=2"",""fetched_at"":""2026-09-23T20:09:36Z"",""cache_file"":""2b1260162107e8d722838ec4ab177e096ed8cfe5c5acc667a84011b12735b3e8.json.gz""}"
cran.r-project.org,pkg:cran/GPArotation,https://cran.r-project.org/package=GPArotation,dependencies,2143,purl,pkg:cran/GPArotation,,30,"{""url"":""https://science.ecosyste.ms/api/v1/packages?per_page=1000&page=3"",""fetched_at"":""2026-09-23T20:09:46Z"",""cache_file"":""43c6dde80c261ddc62688f062ec7bc17116645bcbcb0960d5639d1b0e0d3f36c.json.gz""}"
cran.r-project.org,pkg:cran/gridExtra,,dependencies,2150,purl,pkg:cran/gridExtra,,866,"{""url"":""https://science.ecosyste.ms/api/v1/packages?per_page=1000&page=1"",""fetched_at"":""2026-09-23T18:31:48Z"",""cache_file"":""beb2c2734ee59190973df1e89ebd83f45e20e68fea0240075b80b5b80c528e10.json.gz""}"
cran.r-project.org,pkg:cran/gt,https://github.com/rstudio/gt,dependencies,2156,purl,pkg:cran/gt,34.58,193,"{""url"":""https://science.ecosyste.ms/api/v1/packages?per_page=1000&page=1"",""fetched_at"":""2026-09-23T18:31:48Z"",""cache_file"":""beb2c2734ee59190973df1e89ebd83f45e20e68fea0240075b80b5b80c528e10.json.gz""}"
cran.r-project.org,pkg:cran/gtools,https://github.com/r-gregmisc/gtools,dependencies,2157,purl,pkg:cran/gtools,34.0,236,"{""url"":""https://science.ecosyste.ms/api/v1/packages?per_page=1000&page=1"",""fetched_at"":""2026-09-23T18:31:48Z"",""cache_file"":""beb2c2734ee59190973df1e89ebd83f45e20e68fea0240075b80b5b80c528e10.json.gz""}"
cran.r-project.org,pkg:cran/haven,https://github.com/tidyverse/haven,dependencies,2162,purl,pkg:cran/haven,13.39,212,"{""url"":""https://science.ecosyste.ms/api/v1/packages?per_page=1000&page=1"",""fetched_at"":""2026-09-23T18:31:48Z"",""cache_file"":""beb2c2734ee59190973df1e89ebd83f45e20e68fea0240075b80b5b80c528e10.json.gz""}"
cran.r-project.org,pkg:cran/here,https://github.com/r-lib/here,dependencies,2166,purl,pkg:cran/here,21.56,359,"{""url"":""https://science.ecosyste.ms/api/v1/packages?per_page=1000&page=1"",""fetched_at"":""2026-09-23T18:31:48Z"",""cache_file"":""beb2c2734ee59190973df1e89ebd83f45e20e68fea0240075b80b5b80c528e10.json.gz""}"
cran.r-project.org,pkg:cran/Hmisc,https://hbiostat.org/R/Hmisc,dependencies,2167,purl,pkg:cran/Hmisc,7.0,324,"{""url"":""https://science.ecosyste.ms/api/v1/packages?per_page=1000&page=1"",""fetched_at"":""2026-09-23T18:31:48Z"",""cache_file"":""beb2c2734ee59190973df1e89ebd83f45e20e68fea0240075b80b5b80c528e10.json.gz""}"
cran.r-project.org,pkg:cran/hms,https://github.com/tidyverse/hms,dependencies,2168,purl,pkg:cran/hms,21.45,120,"{""url"":""https://science.ecosyste.ms/api/v1/packages?per_page=1000&page=1"",""fetched_at"":""2026-09-23T18:31:48Z"",""cache_file"":""beb2c2734ee59190973df1e89ebd83f45e20e68fea0240075b80b5b80c528e10.json.gz""}"
cran.r-project.org,pkg:cran/htmltools,https://github.com/rstudio/htmltools,dependencies,2169,purl,pkg:cran/htmltools,21.29,644,"{""url"":""https://science.ecosyste.ms/api/v1/packages?per_page=1000&page=1"",""fetched_at"":""2026-09-23T18:31:48Z"",""cache_file"":""beb2c2734ee59190973df1e89ebd83f45e20e68fea0240075b80b5b80c528e10.json.gz""}"
cran.r-project.org,pkg:cran/htmlwidgets,https://github.com/ramnathv/htmlwidgets,dependencies,2170,purl,pkg:cran/htmlwidgets,34.0,393,"{""url"":""https://science.ecosyste.ms/api/v1/packages?per_page=1000&page=1"",""fetched_at"":""2026-09-23T18:31:48Z"",""cache_file"":""beb2c2734ee59190973df1e89ebd83f45e20e68fea0240075b80b5b80c528e10.json.gz""}"
cran.r-project.org,pkg:cran/httr,https://github.com/r-lib/httr,dependencies,2172,purl,pkg:cran/httr,34.33,1434,"{""url"":""https://science.ecosyste.ms/api/v1/packages?per_page=1000&page=1"",""fetched_at"":""2026-09-23T18:31:48Z"",""cache_file"":""beb2c2734ee59190973df1e89ebd83f45e20e68fea0240075b80b5b80c528e10.json.gz""}"
cran.r-project.org,pkg:cran/httr2,https://github.com/r-lib/httr2,dependencies,2173,purl,pkg:cran/httr2,21.22,367,"{""url"":""https://science.ecosyste.ms/api/v1/packages?per_page=1000&page=1"",""fetched_at"":""2026-09-23T18:31:48Z"",""cache_file"":""beb2c2734ee59190973df1e89ebd83f45e20e68fea0240075b80b5b80c528e10.json.gz""}"
cran.r-project.org,pkg:cran/igraph,https://github.com/igraph/rigraph,dependencies,2176,purl,pkg:cran/igraph,65.38,1042,"{""url"":""https://science.ecosyste.ms/api/v1/packages?per_page=1000&page=1"",""fetched_at"":""2026-09-23T18:31:48Z"",""cache_file"":""beb2c2734ee59190973df1e89ebd83f45e20e68fea0240075b80b5b80c528e10.json.gz""}"
cran.r-project.org,pkg:cran/insight,https://github.com/easystats/insight,dependencies,2181,purl,pkg:cran/insight,89.0,50,"{""url"":""https://science.ecosyste.ms/api/v1/packages?per_page=1000&page=2"",""fetched_at"":""2026-09-23T20:09:36Z"",""cache_file"":""2b1260162107e8d722838ec4ab177e096ed8cfe5c5acc667a84011b12735b3e8.json.gz""}"
cran.r-project.org,pkg:cran/isoband,https://github.com/r-lib/isoband,dependencies,2189,purl,pkg:cran/isoband,35.67,26,"{""url"":""https://science.ecosyste.ms/api/v1/packages?per_page=1000&page=3"",""fetched_at"":""2026-09-23T20:09:46Z"",""cache_file"":""43c6dde80c261ddc62688f062ec7bc17116645bcbcb0960d5639d1b0e0d3f36c.json.gz""}"
cran.r-project.org,pkg:cran/iterators,https://github.com/revolutionanalytics/iterators,dependencies,2190,purl,pkg:cran/iterators,11.0,114,"{""url"":""https://science.ecosyste.ms/api/v1/packages?per_page=1000&page=1"",""fetched_at"":""2026-09-23T18:31:48Z"",""cache_file"":""beb2c2734ee59190973df1e89ebd83f45e20e68fea0240075b80b5b80c528e10.json.gz""}"
cran.r-project.org,pkg:cran/janitor,https://github.com/sfirke/janitor,dependencies,2191,purl,pkg:cran/janitor,34.42,239,"{""url"":""https://science.ecosyste.ms/api/v1/packages?per_page=1000&page=1"",""fetched_at"":""2026-09-23T18:31:48Z"",""cache_file"":""beb2c2734ee59190973df1e89ebd83f45e20e68fea0240075b80b5b80c528e10.json.gz""}"
cran.r-project.org,pkg:cran/jpeg,https://github.com/s-u/jpeg,dependencies,2198,purl,pkg:cran/jpeg,7.0,97,"{""url"":""https://science.ecosyste.ms/api/v1/packages?per_page=1000&page=1"",""fetched_at"":""2026-09-23T18:31:48Z"",""cache_file"":""beb2c2734ee59190973df1e89ebd83f45e20e68fea0240075b80b5b80c528e10.json.gz""}"
cran.r-project.org,pkg:cran/jsonlite,https://github.com/jeroen/jsonlite,dependencies,2199,purl,pkg:cran/jsonlite,34.16,2062,"{""url"":""https://science.ecosyste.ms/api/v1/packages?per_page=1000&page=1"",""fetched_at"":""2026-09-23T18:31:48Z"",""cache_file"":""beb2c2734ee59190973df1e89ebd83f45e20e68fea0240075b80b5b80c528e10.json.gz""}"
cran.r-project.org,pkg:cran/labelled,https://github.com/larmarange/labelled,dependencies,2212,purl,pkg:cran/labelled,47.31,55,"{""url"":""https://science.ecosyste.ms/api/v1/packages?per_page=1000&page=2"",""fetched_at"":""2026-09-23T20:09:36Z"",""cache_file"":""2b1260162107e8d722838ec4ab177e096ed8cfe5c5acc667a84011b12735b3e8.json.gz""}"
cran.r-project.org,pkg:cran/lifecycle,https://github.com/r-lib/lifecycle,dependencies,2222,purl,pkg:cran/lifecycle,34.0,592,"{""url"":""https://science.ecosyste.ms/api/v1/packages?per_page=1000&page=1"",""fetched_at"":""2026-09-23T18:31:48Z"",""cache_file"":""beb2c2734ee59190973df1e89ebd83f45e20e68fea0240075b80b5b80c528e10.json.gz""}"
cran.r-project.org,pkg:cran/listenv,https://github.com/futureverse/listenv,dependencies,2226,purl,pkg:cran/listenv,7.0,14,"{""url"":""https://science.ecosyste.ms/api/v1/packages?per_page=1000&page=4"",""fetched_at"":""2026-09-23T20:09:56Z"",""cache_file"":""1022619f69a3d12476e71e4b47fd5d60d4d59a1ddad984e1d08b462f5d51052a.json.gz""}"
cran.r-project.org,pkg:cran/lme4,https://github.com/lme4/lme4,dependencies,2228,purl,pkg:cran/lme4,42.94,445,"{""url"":""https://science.ecosyste.ms/api/v1/packages?per_page=1000&page=1"",""fetched_at"":""2026-09-23T18:31:48Z"",""cache_file"":""beb2c2734ee59190973df1e89ebd83f45e20e68fea0240075b80b5b80c528e10.json.gz""}"
cran.r-project.org,pkg:cran/lmtest,,dependencies,2230,purl,pkg:cran/lmtest,,145,"{""url"":""https://science.ecosyste.ms/api/v1/packages?per_page=1000&page=1"",""fetched_at"":""2026-09-23T18:31:48Z"",""cache_file"":""beb2c2734ee59190973df1e89ebd83f45e20e68fea0240075b80b5b80c528e10.json.gz""}"
cran.r-project.org,pkg:cran/lubridate,https://github.com/tidyverse/lubridate,dependencies,2237,purl,pkg:cran/lubridate,21.53,1212,"{""url"":""https://science.ecosyste.ms/api/v1/packages?per_page=1000&page=1"",""fetched_at"":""2026-09-23T18:31:48Z"",""cache_file"":""beb2c2734ee59190973df1e89ebd83f45e20e68fea0240075b80b5b80c528e10.json.gz""}"
cran.r-project.org,pkg:cran/maps,https://github.com/adeckmyn/maps,dependencies,2246,purl,pkg:cran/maps,20.0,212,"{""url"":""https://science.ecosyste.ms/api/v1/packages?per_page=1000&page=1"",""fetched_at"":""2026-09-23T18:31:48Z"",""cache_file"":""beb2c2734ee59190973df1e89ebd83f45e20e68fea0240075b80b5b80c528e10.json.gz""}"
cran.r-project.org,pkg:cran/markdown,https://github.com/rstudio/markdown,dependencies,2253,purl,pkg:cran/markdown,7.0,612,"{""url"":""https://science.ecosyste.ms/api/v1/packages?per_page=1000&page=1"",""fetched_at"":""2026-09-23T18:31:48Z"",""cache_file"":""beb2c2734ee59190973df1e89ebd83f45e20e68fea0240075b80b5b80c528e10.json.gz""}"
cran.r-project.org,pkg:cran/MatrixModels,,dependencies,2260,purl,pkg:cran/MatrixModels,,11,"{""url"":""https://science.ecosyste.ms/api/v1/packages?per_page=1000&page=5"",""fetched_at"":""2026-09-23T20:10:08Z"",""cache_file"":""40c89b8a138dc9c33db96f75b7e768e4ecde7ac0551ebf5e11d512e62a42e34b.json.gz""}"
cran.r-project.org,pkg:cran/matrixStats,https://github.com/henrikbengtsson/matrixstats,dependencies,2261,purl,pkg:cran/matrixStats,28.0,454,"{""url"":""https://science.ecosyste.ms/api/v1/packages?per_page=1000&page=1"",""fetched_at"":""2026-09-23T18:31:48Z"",""cache_file"":""beb2c2734ee59190973df1e89ebd83f45e20e68fea0240075b80b5b80c528e10.json.gz""}"
cran.r-project.org,pkg:cran/microbenchmark,https://github.com/joshuaulrich/microbenchmark,dependencies,2278,purl,pkg:cran/microbenchmark,7.64,196,"{""url"":""https://science.ecosyste.ms/api/v1/packages?per_page=1000&page=1"",""fetched_at"":""2026-09-23T18:31:48Z"",""cache_file"":""beb2c2734ee59190973df1e89ebd83f45e20e68fea0240075b80b5b80c528e10.json.gz""}"
cran.r-project.org,pkg:cran/miniUI,https://github.com/rstudio/miniui,dependencies,2280,purl,pkg:cran/miniUI,7.0,129,"{""url"":""https://science.ecosyste.ms/api/v1/packages?per_page=1000&page=1"",""fetched_at"":""2026-09-23T18:31:48Z"",""cache_file"":""beb2c2734ee59190973df1e89ebd83f45e20e68fea0240075b80b5b80c528e10.json.gz""}"
cran.r-project.org,pkg:cran/modelr,https://github.com/tidyverse/modelr,dependencies,2299,purl,pkg:cran/modelr,34.26,27,"{""url"":""https://science.ecosyste.ms/api/v1/packages?per_page=1000&page=3"",""fetched_at"":""2026-09-23T20:09:46Z"",""cache_file"":""43c6dde80c261ddc62688f062ec7bc17116645bcbcb0960d5639d1b0e0d3f36c.json.gz""}"
cran.r-project.org,pkg:cran/mvtnorm,https://codeberg.org/thothorn/mvtnorm,dependencies,2313,purl,pkg:cran/mvtnorm,7.0,567,"{""url"":""https://science.ecosyste.ms/api/v1/packages?per_page=1000&page=1"",""fetched_at"":""2026-09-23T18:31:48Z"",""cache_file"":""beb2c2734ee59190973df1e89ebd83f45e20e68fea0240075b80b5b80c528e10.json.gz""}"
cran.r-project.org,pkg:cran/nloptr,https://github.com/astamm/nloptr,dependencies,2328,purl,pkg:cran/nloptr,35.33,124,"{""url"":""https://science.ecosyste.ms/api/v1/packages?per_page=1000&page=1"",""fetched_at"":""2026-09-23T18:31:48Z"",""cache_file"":""beb2c2734ee59190973df1e89ebd83f45e20e68fea0240075b80b5b80c528e10.json.gz""}"
cran.r-project.org,pkg:cran/numDeriv,,dependencies,2335,purl,pkg:cran/numDeriv,,274,"{""url"":""https://science.ecosyste.ms/api/v1/packages?per_page=1000&page=1"",""fetched_at"":""2026-09-23T18:31:48Z"",""cache_file"":""beb2c2734ee59190973df1e89ebd83f45e20e68fea0240075b80b5b80c528e10.json.gz""}"
cran.r-project.org,pkg:cran/openssl,https://github.com/jeroen/openssl,dependencies,2345,purl,pkg:cran/openssl,,130,"{""url"":""https://science.ecosyste.ms/api/v1/packages?per_page=1000&page=1"",""fetched_at"":""2026-09-23T18:31:48Z"",""cache_file"":""beb2c2734ee59190973df1e89ebd83f45e20e68fea0240075b80b5b80c528e10.json.gz""}"
cran.r-project.org,pkg:cran/openxlsx,https://github.com/ycphs/openxlsx,dependencies,2346,purl,pkg:cran/openxlsx,34.62,277,"{""url"":""https://science.ecosyste.ms/api/v1/packages?per_page=1000&page=1"",""fetched_at"":""2026-09-23T18:31:48Z"",""cache_file"":""beb2c2734ee59190973df1e89ebd83f45e20e68fea0240075b80b5b80c528e10.json.gz""}"
cran.r-project.org,pkg:cran/parallelly,https://github.com/futureverse/parallelly,dependencies,2357,purl,pkg:cran/parallelly,28.0,62,"{""url"":""https://science.ecosyste.ms/api/v1/packages?per_page=1000&page=2"",""fetched_at"":""2026-09-23T20:09:36Z"",""cache_file"":""2b1260162107e8d722838ec4ab177e096ed8cfe5c5acc667a84011b12735b3e8.json.gz""}"
cran.r-project.org,pkg:cran/patchwork,https://github.com/thomasp85/patchwork,dependencies,2364,purl,pkg:cran/patchwork,34.24,631,"{""url"":""https://science.ecosyste.ms/api/v1/packages?per_page=1000&page=1"",""fetched_at"":""2026-09-23T18:31:48Z"",""cache_file"":""beb2c2734ee59190973df1e89ebd83f45e20e68fea0240075b80b5b80c528e10.json.gz""}"
cran.r-project.org,pkg:cran/pillar,https://github.com/r-lib/pillar,dependencies,2375,purl,pkg:cran/pillar,21.2,162,"{""url"":""https://science.ecosyste.ms/api/v1/packages?per_page=1000&page=1"",""fetched_at"":""2026-09-23T18:31:48Z"",""cache_file"":""beb2c2734ee59190973df1e89ebd83f45e20e68fea0240075b80b5b80c528e10.json.gz""}"
cran.r-project.org,pkg:cran/pkgconfig,https://github.com/r-lib/pkgconfig,dependencies,2377,purl,pkg:cran/pkgconfig,34.0,26,"{""url"":""https://science.ecosyste.ms/api/v1/packages?per_page=1000&page=3"",""fetched_at"":""2026-09-23T20:09:46Z"",""cache_file"":""43c6dde80c261ddc62688f062ec7bc17116645bcbcb0960d5639d1b0e0d3f36c.json.gz""}"
cran.r-project.org,pkg:cran/pkgdown,https://github.com/r-lib/pkgdown,dependencies,2378,purl,pkg:cran/pkgdown,34.42,366,"{""url"":""https://science.ecosyste.ms/api/v1/packages?per_page=1000&page=1"",""fetched_at"":""2026-09-23T18:31:48Z"",""cache_file"":""beb2c2734ee59190973df1e89ebd83f45e20e68fea0240075b80b5b80c528e10.json.gz""}"
cran.r-project.org,pkg:cran/pkgload,https://github.com/r-lib/pkgload,dependencies,2379,purl,pkg:cran/pkgload,21.59,159,"{""url"":""https://science.ecosyste.ms/api/v1/packages?per_page=1000&page=1"",""fetched_at"":""2026-09-23T18:31:48Z"",""cache_file"":""beb2c2734ee59190973df1e89ebd83f45e20e68fea0240075b80b5b80c528e10.json.gz""}"
cran.r-project.org,pkg:cran/plotly,https://github.com/plotly/plotly.r,dependencies,2381,purl,pkg:cran/plotly,34.23,727,"{""url"":""https://science.ecosyste.ms/api/v1/packages?per_page=1000&page=1"",""fetched_at"":""2026-09-23T18:31:48Z"",""cache_file"":""beb2c2734ee59190973df1e89ebd83f45e20e68fea0240075b80b5b80c528e10.json.gz""}"
cran.r-project.org,pkg:cran/plumber,https://github.com/rstudio/plumber,dependencies,2382,purl,pkg:cran/plumber,21.2,33,"{""url"":""https://science.ecosyste.ms/api/v1/packages?per_page=1000&page=2"",""fetched_at"":""2026-09-23T20:09:36Z"",""cache_file"":""2b1260162107e8d722838ec4ab177e096ed8cfe5c5acc667a84011b12735b3e8.json.gz""}"
cran.r-project.org,pkg:cran/png,https://github.com/s-u/png,dependencies,2384,purl,pkg:cran/png,7.0,256,"{""url"":""https://science.ecosyste.ms/api/v1/packages?per_page=1000&page=1"",""fetched_at"":""2026-09-23T18:31:48Z"",""cache_file"":""beb2c2734ee59190973df1e89ebd83f45e20e68fea0240075b80b5b80c528e10.json.gz""}"
cran.r-project.org,pkg:cran/prettydoc,https://github.com/yixuan/prettydoc,dependencies,2402,purl,pkg:cran/prettydoc,7.0,84,"{""url"":""https://science.ecosyste.ms/api/v1/packages?per_page=1000&page=1"",""fetched_at"":""2026-09-23T18:31:48Z"",""cache_file"":""beb2c2734ee59190973df1e89ebd83f45e20e68fea0240075b80b5b80c528e10.json.gz""}"
cran.r-project.org,pkg:cran/pROC,https://github.com/xrobin/proc,dependencies,2403,purl,pkg:cran/pROC,41.45,161,"{""url"":""https://science.ecosyste.ms/api/v1/packages?per_page=1000&page=1"",""fetched_at"":""2026-09-23T18:31:48Z"",""cache_file"":""beb2c2734ee59190973df1e89ebd83f45e20e68fea0240075b80b5b80c528e10.json.gz""}"
cran.r-project.org,pkg:cran/processx,https://github.com/r-lib/processx,dependencies,2405,purl,pkg:cran/processx,21.24,147,"{""url"":""https://science.ecosyste.ms/api/v1/packages?per_page=1000&page=1"",""fetched_at"":""2026-09-23T18:31:48Z"",""cache_file"":""beb2c2734ee59190973df1e89ebd83f45e20e68fea0240075b80b5b80c528e10.json.gz""}"
cran.r-project.org,pkg:cran/progress,https://github.com/r-lib/progress,dependencies,2406,purl,pkg:cran/progress,21.63,362,"{""url"":""https://science.ecosyste.ms/api/v1/packages?per_page=1000&page=1"",""fetched_at"":""2026-09-23T18:31:48Z"",""cache_file"":""beb2c2734ee59190973df1e89ebd83f45e20e68fea0240075b80b5b80c528e10.json.gz""}"
cran.r-project.org,pkg:cran/progressr,https://github.com/futureverse/progressr,dependencies,2407,purl,pkg:cran/progressr,7.71,150,"{""url"":""https://science.ecosyste.ms/api/v1/packages?per_page=1000&page=1"",""fetched_at"":""2026-09-23T18:31:48Z"",""cache_file"":""beb2c2734ee59190973df1e89ebd83f45e20e68fea0240075b80b5b80c528e10.json.gz""}"
cran.r-project.org,pkg:cran/promises,https://github.com/rstudio/promises,dependencies,2408,purl,pkg:cran/promises,21.0,58,"{""url"":""https://science.ecosyste.ms/api/v1/packages?per_page=1000&page=2"",""fetched_at"":""2026-09-23T20:09:36Z"",""cache_file"":""2b1260162107e8d722838ec4ab177e096ed8cfe5c5acc667a84011b12735b3e8.json.gz""}"
cran.r-project.org,pkg:cran/proxy,,dependencies,2410,purl,pkg:cran/proxy,,70,"{""url"":""https://science.ecosyste.ms/api/v1/packages?per_page=1000&page=2"",""fetched_at"":""2026-09-23T20:09:36Z"",""cache_file"":""2b1260162107e8d722838ec4ab177e096ed8cfe5c5acc667a84011b12735b3e8.json.gz""}"
cran.r-project.org,pkg:cran/ps,https://github.com/r-lib/ps,dependencies,2411,purl,pkg:cran/ps,21.28,43,"{""url"":""https://science.ecosyste.ms/api/v1/packages?per_page=1000&page=2"",""fetched_at"":""2026-09-23T20:09:36Z"",""cache_file"":""2b1260162107e8d722838ec4ab177e096ed8cfe5c5acc667a84011b12735b3e8.json.gz""}"
pypi.org,pkg:pypi/llvmlite,https://github.com/numba/llvmlite,dependencies,2418,purl,pkg:pypi/llvmlite,21.42,583,"{""url"":""https://science.ecosyste.ms/api/v1/packages?per_page=1000&page=1"",""fetched_at"":""2026-09-23T18:31:48Z"",""cache_file"":""beb2c2734ee59190973df1e89ebd83f45e20e68fea0240075b80b5b80c528e10.json.gz""}"
cran.r-project.org,pkg:cran/corrplot,https://github.com/taiyun/corrplot,dependencies,2512,purl,pkg:cran/corrplot,34.26,86,"{""url"":""https://science.ecosyste.ms/api/v1/packages?per_page=1000&page=1"",""fetched_at"":""2026-09-23T18:31:48Z"",""cache_file"":""beb2c2734ee59190973df1e89ebd83f45e20e68fea0240075b80b5b80c528e10.json.gz""}"
cran.r-project.org,pkg:cran/doBy,https://github.com/hojsgaard/doby,dependencies,2517,purl,pkg:cran/doBy,26.0,14,"{""url"":""https://science.ecosyste.ms/api/v1/packages?per_page=1000&page=4"",""fetched_at"":""2026-09-23T20:09:56Z"",""cache_file"":""1022619f69a3d12476e71e4b47fd5d60d4d59a1ddad984e1d08b462f5d51052a.json.gz""}"
cran.r-project.org,pkg:cran/memoise,https://github.com/r-lib/memoise,dependencies,2543,purl,pkg:cran/memoise,21.37,201,"{""url"":""https://science.ecosyste.ms/api/v1/packages?per_page=1000&page=1"",""fetched_at"":""2026-09-23T18:31:48Z"",""cache_file"":""beb2c2734ee59190973df1e89ebd83f45e20e68fea0240075b80b5b80c528e10.json.gz""}"
cran.r-project.org,pkg:cran/paletteer,https://github.com/emilhvitfeldt/paletteer,dependencies,2556,purl,pkg:cran/paletteer,34.0,23,"{""url"":""https://science.ecosyste.ms/api/v1/packages?per_page=1000&page=3"",""fetched_at"":""2026-09-23T20:09:46Z"",""cache_file"":""43c6dde80c261ddc62688f062ec7bc17116645bcbcb0960d5639d1b0e0d3f36c.json.gz""}"
cran.r-project.org,pkg:cran/psych,https://personality-project.org/r/psych,dependencies,2563,purl,pkg:cran/psych,7.0,223,"{""url"":""https://science.ecosyste.ms/api/v1/packages?per_page=1000&page=1"",""fetched_at"":""2026-09-23T18:31:48Z"",""cache_file"":""beb2c2734ee59190973df1e89ebd83f45e20e68fea0240075b80b5b80c528e10.json.gz""}"
cran.r-project.org,pkg:cran/purrr,https://github.com/tidyverse/purrr,dependencies,2565,purl,pkg:cran/purrr,21.29,2690,"{""url"":""https://science.ecosyste.ms/api/v1/packages?per_page=1000&page=1"",""fetched_at"":""2026-09-23T18:31:48Z"",""cache_file"":""beb2c2734ee59190973df1e89ebd83f45e20e68fea0240075b80b5b80c528e10.json.gz""}"
cran.r-project.org,pkg:cran/quadprog,,dependencies,2574,purl,pkg:cran/quadprog,,80,"{""url"":""https://science.ecosyste.ms/api/v1/packages?per_page=1000&page=2"",""fetched_at"":""2026-09-23T20:09:36Z"",""cache_file"":""2b1260162107e8d722838ec4ab177e096ed8cfe5c5acc667a84011b12735b3e8.json.gz""}"
cran.r-project.org,pkg:cran/quantreg,,dependencies,2576,purl,pkg:cran/quantreg,,115,"{""url"":""https://science.ecosyste.ms/api/v1/packages?per_page=1000&page=1"",""fetched_at"":""2026-09-23T18:31:48Z"",""cache_file"":""beb2c2734ee59190973df1e89ebd83f45e20e68fea0240075b80b5b80c528e10.json.gz""}"
cran.r-project.org,pkg:cran/R6,https://github.com/r-lib/r6,dependencies,2580,purl,pkg:cran/R6,21.75,765,"{""url"":""https://science.ecosyste.ms/api/v1/packages?per_page=1000&page=1"",""fetched_at"":""2026-09-23T18:31:48Z"",""cache_file"":""beb2c2734ee59190973df1e89ebd83f45e20e68fea0240075b80b5b80c528e10.json.gz""}"
cran.r-project.org,pkg:cran/ragg,https://github.com/r-lib/ragg,dependencies,2581,purl,pkg:cran/ragg,34.28,82,"{""url"":""https://science.ecosyste.ms/api/v1/packages?per_page=1000&page=1"",""fetched_at"":""2026-09-23T18:31:48Z"",""cache_file"":""beb2c2734ee59190973df1e89ebd83f45e20e68fea0240075b80b5b80c528e10.json.gz""}"
cran.r-project.org,pkg:cran/rappdirs,https://github.com/r-lib/rappdirs,dependencies,2588,purl,pkg:cran/rappdirs,22.88,183,"{""url"":""https://science.ecosyste.ms/api/v1/packages?per_page=1000&page=1"",""fetched_at"":""2026-09-23T18:31:48Z"",""cache_file"":""beb2c2734ee59190973df1e89ebd83f45e20e68fea0240075b80b5b80c528e10.json.gz""}"
cran.r-project.org,pkg:cran/raster,https://github.com/rspatial/raster,dependencies,2589,purl,pkg:cran/raster,,594,"{""url"":""https://science.ecosyste.ms/api/v1/packages?per_page=1000&page=1"",""fetched_at"":""2026-09-23T18:31:48Z"",""cache_file"":""beb2c2734ee59190973df1e89ebd83f45e20e68fea0240075b80b5b80c528e10.json.gz""}"
cran.r-project.org,pkg:cran/rcmdcheck,https://github.com/r-lib/rcmdcheck,dependencies,2593,purl,pkg:cran/rcmdcheck,21.0,45,"{""url"":""https://science.ecosyste.ms/api/v1/packages?per_page=1000&page=2"",""fetched_at"":""2026-09-23T20:09:36Z"",""cache_file"":""2b1260162107e8d722838ec4ab177e096ed8cfe5c5acc667a84011b12735b3e8.json.gz""}"
cran.r-project.org,pkg:cran/RColorBrewer,,dependencies,2594,purl,pkg:cran/RColorBrewer,,930,"{""url"":""https://science.ecosyste.ms/api/v1/packages?per_page=1000&page=1"",""fetched_at"":""2026-09-23T18:31:48Z"",""cache_file"":""beb2c2734ee59190973df1e89ebd83f45e20e68fea0240075b80b5b80c528e10.json.gz""}"
cran.r-project.org,pkg:cran/Rcpp,https://github.com/rcppcore/rcpp,dependencies,2595,purl,pkg:cran/Rcpp,49.6,2677,"{""url"":""https://science.ecosyste.ms/api/v1/packages?per_page=1000&page=1"",""fetched_at"":""2026-09-23T18:31:48Z"",""cache_file"":""beb2c2734ee59190973df1e89ebd83f45e20e68fea0240075b80b5b80c528e10.json.gz""}"
cran.r-project.org,pkg:cran/RcppArmadillo,https://github.com/rcppcore/rcpparmadillo,dependencies,2596,purl,pkg:cran/RcppArmadillo,48.25,182,"{""url"":""https://science.ecosyste.ms/api/v1/packages?per_page=1000&page=1"",""fetched_at"":""2026-09-23T18:31:48Z"",""cache_file"":""beb2c2734ee59190973df1e89ebd83f45e20e68fea0240075b80b5b80c528e10.json.gz""}"
cran.r-project.org,pkg:cran/RcppEigen,https://github.com/rcppcore/rcppeigen,dependencies,2597,purl,pkg:cran/RcppEigen,47.71,108,"{""url"":""https://science.ecosyste.ms/api/v1/packages?per_page=1000&page=1"",""fetched_at"":""2026-09-23T18:31:48Z"",""cache_file"":""beb2c2734ee59190973df1e89ebd83f45e20e68fea0240075b80b5b80c528e10.json.gz""}"
cran.r-project.org,pkg:cran/RcppParallel,https://github.com/rcppcore/rcppparallel,dependencies,2598,purl,pkg:cran/RcppParallel,7.43,231,"{""url"":""https://science.ecosyste.ms/api/v1/packages?per_page=1000&page=1"",""fetched_at"":""2026-09-23T18:31:48Z"",""cache_file"":""beb2c2734ee59190973df1e89ebd83f45e20e68fea0240075b80b5b80c528e10.json.gz""}"
cran.r-project.org,pkg:cran/RCurl,https://codeberg.org/aitap/RCurl,dependencies,2600,purl,pkg:cran/RCurl,7.0,234,"{""url"":""https://science.ecosyste.ms/api/v1/packages?per_page=1000&page=1"",""fetched_at"":""2026-09-23T18:31:48Z"",""cache_file"":""beb2c2734ee59190973df1e89ebd83f45e20e68fea0240075b80b5b80c528e10.json.gz""}"
cran.r-project.org,pkg:cran/reactable,https://github.com/glin/reactable,dependencies,2607,purl,pkg:cran/reactable,21.5,71,"{""url"":""https://science.ecosyste.ms/api/v1/packages?per_page=1000&page=2"",""fetched_at"":""2026-09-23T20:09:36Z"",""cache_file"":""2b1260162107e8d722838ec4ab177e096ed8cfe5c5acc667a84011b12735b3e8.json.gz""}"
cran.r-project.org,pkg:cran/readr,https://github.com/tidyverse/readr,dependencies,2608,purl,pkg:cran/readr,34.7,1397,"{""url"":""https://science.ecosyste.ms/api/v1/packages?per_page=1000&page=1"",""fetched_at"":""2026-09-23T18:31:48Z"",""cache_file"":""beb2c2734ee59190973df1e89ebd83f45e20e68fea0240075b80b5b80c528e10.json.gz""}"
cran.r-project.org,pkg:cran/readxl,https://github.com/tidyverse/readxl,dependencies,2610,purl,pkg:cran/readxl,21.45,609,"{""url"":""https://science.ecosyste.ms/api/v1/packages?per_page=1000&page=1"",""fetched_at"":""2026-09-23T18:31:48Z"",""cache_file"":""beb2c2734ee59190973df1e89ebd83f45e20e68fea0240075b80b5b80c528e10.json.gz""}"
cran.r-project.org,pkg:cran/recipes,https://github.com/tidymodels/recipes,dependencies,2611,purl,pkg:cran/recipes,34.72,94,"{""url"":""https://science.ecosyste.ms/api/v1/packages?per_page=1000&page=1"",""fetched_at"":""2026-09-23T18:31:48Z"",""cache_file"":""beb2c2734ee59190973df1e89ebd83f45e20e68fea0240075b80b5b80c528e10.json.gz""}"
cran.r-project.org,pkg:cran/remotes,https://github.com/r-lib/remotes,dependencies,2615,purl,pkg:cran/remotes,34.51,212,"{""url"":""https://science.ecosyste.ms/api/v1/packages?per_page=1000&page=1"",""fetched_at"":""2026-09-23T18:31:48Z"",""cache_file"":""beb2c2734ee59190973df1e89ebd83f45e20e68fea0240075b80b5b80c528e10.json.gz""}"
cran.r-project.org,pkg:cran/reprex,https://github.com/tidyverse/reprex,dependencies,2619,purl,pkg:cran/reprex,21.33,14,"{""url"":""https://science.ecosyste.ms/api/v1/packages?per_page=1000&page=4"",""fetched_at"":""2026-09-23T20:09:56Z"",""cache_file"":""1022619f69a3d12476e71e4b47fd5d60d4d59a1ddad984e1d08b462f5d51052a.json.gz""}"
cran.r-project.org,pkg:cran/reshape2,https://github.com/hadley/reshape,dependencies,2622,purl,pkg:cran/reshape2,34.77,1075,"{""url"":""https://science.ecosyste.ms/api/v1/packages?per_page=1000&page=1"",""fetched_at"":""2026-09-23T18:31:48Z"",""cache_file"":""beb2c2734ee59190973df1e89ebd83f45e20e68fea0240075b80b5b80c528e10.json.gz""}"
cran.r-project.org,pkg:cran/reticulate,https://github.com/rstudio/reticulate,dependencies,2624,purl,pkg:cran/reticulate,34.37,372,"{""url"":""https://science.ecosyste.ms/api/v1/packages?per_page=1000&page=1"",""fetched_at"":""2026-09-23T18:31:48Z"",""cache_file"":""beb2c2734ee59190973df1e89ebd83f45e20e68fea0240075b80b5b80c528e10.json.gz""}"
cran.r-project.org,pkg:cran/rex,https://github.com/r-lib/rex,dependencies,2625,purl,pkg:cran/rex,21.0,25,"{""url"":""https://science.ecosyste.ms/api/v1/packages?per_page=1000&page=3"",""fetched_at"":""2026-09-23T20:09:46Z"",""cache_file"":""43c6dde80c261ddc62688f062ec7bc17116645bcbcb0960d5639d1b0e0d3f36c.json.gz""}"
cran.r-project.org,pkg:cran/rgl,https://github.com/dmurdoch/rgl,dependencies,2633,purl,pkg:cran/rgl,34.67,202,"{""url"":""https://science.ecosyste.ms/api/v1/packages?per_page=1000&page=1"",""fetched_at"":""2026-09-23T18:31:48Z"",""cache_file"":""beb2c2734ee59190973df1e89ebd83f45e20e68fea0240075b80b5b80c528e10.json.gz""}"
cran.r-project.org,pkg:cran/rJava,https://github.com/s-u/rjava,dependencies,2642,purl,pkg:cran/rJava,7.86,96,"{""url"":""https://science.ecosyste.ms/api/v1/packages?per_page=1000&page=1"",""fetched_at"":""2026-09-23T18:31:48Z"",""cache_file"":""beb2c2734ee59190973df1e89ebd83f45e20e68fea0240075b80b5b80c528e10.json.gz""}"
cran.r-project.org,pkg:cran/rjson,https://github.com/alexcb/rjson,dependencies,2643,purl,pkg:cran/rjson,7.0,119,"{""url"":""https://science.ecosyste.ms/api/v1/packages?per_page=1000&page=1"",""fetched_at"":""2026-09-23T18:31:48Z"",""cache_file"":""beb2c2734ee59190973df1e89ebd83f45e20e68fea0240075b80b5b80c528e10.json.gz""}"
cran.r-project.org,pkg:cran/rlist,https://github.com/renkun-ken/rlist,dependencies,2644,purl,pkg:cran/rlist,34.0,79,"{""url"":""https://science.ecosyste.ms/api/v1/packages?per_page=1000&page=2"",""fetched_at"":""2026-09-23T20:09:36Z"",""cache_file"":""2b1260162107e8d722838ec4ab177e096ed8cfe5c5acc667a84011b12735b3e8.json.gz""}"
cran.r-project.org,pkg:cran/roxygen2,https://github.com/r-lib/roxygen2,dependencies,2667,purl,pkg:cran/roxygen2,34.61,673,"{""url"":""https://science.ecosyste.ms/api/v1/packages?per_page=1000&page=1"",""fetched_at"":""2026-09-23T18:31:48Z"",""cache_file"":""beb2c2734ee59190973df1e89ebd83f45e20e68fea0240075b80b5b80c528e10.json.gz""}"
cran.r-project.org,pkg:cran/rprojroot,https://github.com/r-lib/rprojroot,dependencies,2673,purl,pkg:cran/rprojroot,35.11,128,"{""url"":""https://science.ecosyste.ms/api/v1/packages?per_page=1000&page=1"",""fetched_at"":""2026-09-23T18:31:48Z"",""cache_file"":""beb2c2734ee59190973df1e89ebd83f45e20e68fea0240075b80b5b80c528e10.json.gz""}"
cran.r-project.org,pkg:cran/RSQLite,https://github.com/r-dbi/rsqlite,dependencies,2686,purl,pkg:cran/RSQLite,21.18,358,"{""url"":""https://science.ecosyste.ms/api/v1/packages?per_page=1000&page=1"",""fetched_at"":""2026-09-23T18:31:48Z"",""cache_file"":""beb2c2734ee59190973df1e89ebd83f45e20e68fea0240075b80b5b80c528e10.json.gz""}"
cran.r-project.org,pkg:cran/rstantools,https://github.com/stan-dev/rstantools,dependencies,2690,purl,pkg:cran/rstantools,35.3,146,"{""url"":""https://science.ecosyste.ms/api/v1/packages?per_page=1000&page=1"",""fetched_at"":""2026-09-23T18:31:48Z"",""cache_file"":""beb2c2734ee59190973df1e89ebd83f45e20e68fea0240075b80b5b80c528e10.json.gz""}"
cran.r-project.org,pkg:cran/rstudioapi,https://github.com/rstudio/rstudioapi,dependencies,2691,purl,pkg:cran/rstudioapi,21.0,474,"{""url"":""https://science.ecosyste.ms/api/v1/packages?per_page=1000&page=1"",""fetched_at"":""2026-09-23T18:31:48Z"",""cache_file"":""beb2c2734ee59190973df1e89ebd83f45e20e68fea0240075b80b5b80c528e10.json.gz""}"
cran.r-project.org,pkg:cran/R.utils,https://github.com/henrikbengtsson/r.utils,dependencies,2699,purl,pkg:cran/R.utils,7.0,304,"{""url"":""https://science.ecosyste.ms/api/v1/packages?per_page=1000&page=1"",""fetched_at"":""2026-09-23T18:31:48Z"",""cache_file"":""beb2c2734ee59190973df1e89ebd83f45e20e68fea0240075b80b5b80c528e10.json.gz""}"
cran.r-project.org,pkg:cran/rvest,https://github.com/tidyverse/rvest,dependencies,2700,purl,pkg:cran/rvest,21.27,324,"{""url"":""https://science.ecosyste.ms/api/v1/packages?per_page=1000&page=1"",""fetched_at"":""2026-09-23T18:31:48Z"",""cache_file"":""beb2c2734ee59190973df1e89ebd83f45e20e68fea0240075b80b5b80c528e10.json.gz""}"
cran.r-project.org,pkg:cran/s2,https://github.com/r-spatial/s2,dependencies,2704,purl,pkg:cran/s2,34.56,26,"{""url"":""https://science.ecosyste.ms/api/v1/packages?per_page=1000&page=3"",""fetched_at"":""2026-09-23T20:09:46Z"",""cache_file"":""43c6dde80c261ddc62688f062ec7bc17116645bcbcb0960d5639d1b0e0d3f36c.json.gz""}"
cran.r-project.org,pkg:cran/sandwich,https://codeberg.org/zeileis/sandwich,dependencies,2706,purl,pkg:cran/sandwich,,191,"{""url"":""https://science.ecosyste.ms/api/v1/packages?per_page=1000&page=1"",""fetched_at"":""2026-09-23T18:31:48Z"",""cache_file"":""beb2c2734ee59190973df1e89ebd83f45e20e68fea0240075b80b5b80c528e10.json.gz""}"
cran.r-project.org,pkg:cran/scales,https://github.com/r-lib/scales,dependencies,2707,purl,pkg:cran/scales,34.5,1512,"{""url"":""https://science.ecosyste.ms/api/v1/packages?per_page=1000&page=1"",""fetched_at"":""2026-09-23T18:31:48Z"",""cache_file"":""beb2c2734ee59190973df1e89ebd83f45e20e68fea0240075b80b5b80c528e10.json.gz""}"
cran.r-project.org,pkg:cran/sessioninfo,https://github.com/r-lib/sessioninfo,dependencies,2720,purl,pkg:cran/sessioninfo,21.0,137,"{""url"":""https://science.ecosyste.ms/api/v1/packages?per_page=1000&page=1"",""fetched_at"":""2026-09-23T18:31:48Z"",""cache_file"":""beb2c2734ee59190973df1e89ebd83f45e20e68fea0240075b80b5b80c528e10.json.gz""}"
cran.r-project.org,pkg:cran/sf,https://github.com/r-spatial/sf,dependencies,2722,purl,pkg:cran/sf,55.99,1256,"{""url"":""https://science.ecosyste.ms/api/v1/packages?per_page=1000&page=1"",""fetched_at"":""2026-09-23T18:31:48Z"",""cache_file"":""beb2c2734ee59190973df1e89ebd83f45e20e68fea0240075b80b5b80c528e10.json.gz""}"
cran.r-project.org,pkg:cran/shiny,https://github.com/rstudio/shiny,dependencies,2724,purl,pkg:cran/shiny,21.42,1573,"{""url"":""https://science.ecosyste.ms/api/v1/packages?per_page=1000&page=1"",""fetched_at"":""2026-09-23T18:31:48Z"",""cache_file"":""beb2c2734ee59190973df1e89ebd83f45e20e68fea0240075b80b5b80c528e10.json.gz""}"
cran.r-project.org,pkg:cran/sp,https://github.com/edzer/sp,dependencies,2756,purl,pkg:cran/sp,15.83,628,"{""url"":""https://science.ecosyste.ms/api/v1/packages?per_page=1000&page=1"",""fetched_at"":""2026-09-23T18:31:48Z"",""cache_file"":""beb2c2734ee59190973df1e89ebd83f45e20e68fea0240075b80b5b80c528e10.json.gz""}"
cran.r-project.org,pkg:cran/stringi,https://github.com/gagolews/stringi,dependencies,2786,purl,pkg:cran/stringi,28.29,560,"{""url"":""https://science.ecosyste.ms/api/v1/packages?per_page=1000&page=1"",""fetched_at"":""2026-09-23T18:31:48Z"",""cache_file"":""beb2c2734ee59190973df1e89ebd83f45e20e68fea0240075b80b5b80c528e10.json.gz""}"
cran.r-project.org,pkg:cran/stringr,https://github.com/tidyverse/stringr,dependencies,2787,purl,pkg:cran/stringr,34.47,2971,"{""url"":""https://science.ecosyste.ms/api/v1/packages?per_page=1000&page=1"",""fetched_at"":""2026-09-23T18:31:48Z"",""cache_file"":""beb2c2734ee59190973df1e89ebd83f45e20e68fea0240075b80b5b80c528e10.json.gz""}"
cran.r-project.org,pkg:cran/survival,https://github.com/therneau/survival,dependencies,2793,purl,pkg:cran/survival,37.54,633,"{""url"":""https://science.ecosyste.ms/api/v1/packages?per_page=1000&page=1"",""fetched_at"":""2026-09-23T18:31:48Z"",""cache_file"":""beb2c2734ee59190973df1e89ebd83f45e20e68fea0240075b80b5b80c528e10.json.gz""}"
cran.r-project.org,pkg:cran/svglite,https://github.com/r-lib/svglite,dependencies,2795,purl,pkg:cran/svglite,21.5,105,"{""url"":""https://science.ecosyste.ms/api/v1/packages?per_page=1000&page=1"",""fetched_at"":""2026-09-23T18:31:48Z"",""cache_file"":""beb2c2734ee59190973df1e89ebd83f45e20e68fea0240075b80b5b80c528e10.json.gz""}"
cran.r-project.org,pkg:cran/terra,https://github.com/rspatial/terra,dependencies,2804,purl,pkg:cran/terra,37.07,427,"{""url"":""https://science.ecosyste.ms/api/v1/packages?per_page=1000&page=1"",""fetched_at"":""2026-09-23T18:31:48Z"",""cache_file"":""beb2c2734ee59190973df1e89ebd83f45e20e68fea0240075b80b5b80c528e10.json.gz""}"
cran.r-project.org,pkg:cran/tidyselect,https://github.com/r-lib/tidyselect,dependencies,2811,purl,pkg:cran/tidyselect,34.33,729,"{""url"":""https://science.ecosyste.ms/api/v1/packages?per_page=1000&page=1"",""fetched_at"":""2026-09-23T18:31:48Z"",""cache_file"":""beb2c2734ee59190973df1e89ebd83f45e20e68fea0240075b80b5b80c528e10.json.gz""}"
cran.r-project.org,pkg:cran/tidyverse,https://github.com/tidyverse/tidyverse,dependencies,2814,purl,pkg:cran/tidyverse,92.0,534,"{""url"":""https://science.ecosyste.ms/api/v1/packages?per_page=1000&page=1"",""fetched_at"":""2026-09-23T18:31:48Z"",""cache_file"":""beb2c2734ee59190973df1e89ebd83f45e20e68fea0240075b80b5b80c528e10.json.gz""}"
cran.r-project.org,pkg:cran/tinytex,https://github.com/rstudio/tinytex,dependencies,2817,purl,pkg:cran/tinytex,7.38,81,"{""url"":""https://science.ecosyste.ms/api/v1/packages?per_page=1000&page=2"",""fetched_at"":""2026-09-23T20:09:36Z"",""cache_file"":""2b1260162107e8d722838ec4ab177e096ed8cfe5c5acc667a84011b12735b3e8.json.gz""}"
cran.r-project.org,pkg:cran/units,https://github.com/r-quantities/units,dependencies,2840,purl,pkg:cran/units,34.87,192,"{""url"":""https://science.ecosyste.ms/api/v1/packages?per_page=1000&page=1"",""fetched_at"":""2026-09-23T18:31:48Z"",""cache_file"":""beb2c2734ee59190973df1e89ebd83f45e20e68fea0240075b80b5b80c528e10.json.gz""}"
cran.r-project.org,pkg:cran/usethis,https://github.com/r-lib/usethis,dependencies,2844,purl,pkg:cran/usethis,34.42,390,"{""url"":""https://science.ecosyste.ms/api/v1/packages?per_page=1000&page=1"",""fetched_at"":""2026-09-23T18:31:48Z"",""cache_file"":""beb2c2734ee59190973df1e89ebd83f45e20e68fea0240075b80b5b80c528e10.json.gz""}"
cran.r-project.org,pkg:cran/uuid,https://github.com/s-u/uuid,dependencies,2845,purl,pkg:cran/uuid,7.0,115,"{""url"":""https://science.ecosyste.ms/api/v1/packages?per_page=1000&page=1"",""fetched_at"":""2026-09-23T18:31:48Z"",""cache_file"":""beb2c2734ee59190973df1e89ebd83f45e20e68fea0240075b80b5b80c528e10.json.gz""}"
cran.r-project.org,pkg:cran/V8,https://github.com/jeroen/v8,dependencies,2847,purl,pkg:cran/V8,21.0,53,"{""url"":""https://science.ecosyste.ms/api/v1/packages?per_page=1000&page=2"",""fetched_at"":""2026-09-23T20:09:36Z"",""cache_file"":""2b1260162107e8d722838ec4ab177e096ed8cfe5c5acc667a84011b12735b3e8.json.gz""}"
cran.r-project.org,pkg:cran/vctrs,https://github.com/r-lib/vctrs,dependencies,2850,purl,pkg:cran/vctrs,34.25,394,"{""url"":""https://science.ecosyste.ms/api/v1/packages?per_page=1000&page=1"",""fetched_at"":""2026-09-23T18:31:48Z"",""cache_file"":""beb2c2734ee59190973df1e89ebd83f45e20e68fea0240075b80b5b80c528e10.json.gz""}"
cran.r-project.org,pkg:cran/viridis,https://github.com/sjmgarnier/viridis,dependencies,2857,purl,pkg:cran/viridis,30.0,403,"{""url"":""https://science.ecosyste.ms/api/v1/packages?per_page=1000&page=1"",""fetched_at"":""2026-09-23T18:31:48Z"",""cache_file"":""beb2c2734ee59190973df1e89ebd83f45e20e68fea0240075b80b5b80c528e10.json.gz""}"
cran.r-project.org,pkg:cran/viridisLite,https://github.com/sjmgarnier/viridislite,dependencies,2858,purl,pkg:cran/viridisLite,30.88,148,"{""url"":""https://science.ecosyste.ms/api/v1/packages?per_page=1000&page=1"",""fetched_at"":""2026-09-23T18:31:48Z"",""cache_file"":""beb2c2734ee59190973df1e89ebd83f45e20e68fea0240075b80b5b80c528e10.json.gz""}"
cran.r-project.org,pkg:cran/vroom,https://github.com/tidyverse/vroom,dependencies,2860,purl,pkg:cran/vroom,21.19,88,"{""url"":""https://science.ecosyste.ms/api/v1/packages?per_page=1000&page=1"",""fetched_at"":""2026-09-23T18:31:48Z"",""cache_file"":""beb2c2734ee59190973df1e89ebd83f45e20e68fea0240075b80b5b80c528e10.json.gz""}"
cran.r-project.org,pkg:cran/withr,https://github.com/r-lib/withr,dependencies,2869,purl,pkg:cran/withr,21.57,1159,"{""url"":""https://science.ecosyste.ms/api/v1/packages?per_page=1000&page=1"",""fetched_at"":""2026-09-23T18:31:48Z"",""cache_file"":""beb2c2734ee59190973df1e89ebd83f45e20e68fea0240075b80b5b80c528e10.json.gz""}"
cran.r-project.org,pkg:cran/wk,https://github.com/paleolimbot/wk,dependencies,2870,purl,pkg:cran/wk,35.11,21,"{""url"":""https://science.ecosyste.ms/api/v1/packages?per_page=1000&page=3"",""fetched_at"":""2026-09-23T20:09:46Z"",""cache_file"":""43c6dde80c261ddc62688f062ec7bc17116645bcbcb0960d5639d1b0e0d3f36c.json.gz""}"
cran.r-project.org,pkg:cran/writexl,https://github.com/ropensci/writexl,dependencies,2876,purl,pkg:cran/writexl,,142,"{""url"":""https://science.ecosyste.ms/api/v1/packages?per_page=1000&page=1"",""fetched_at"":""2026-09-23T18:31:48Z"",""cache_file"":""beb2c2734ee59190973df1e89ebd83f45e20e68fea0240075b80b5b80c528e10.json.gz""}"
cran.r-project.org,pkg:cran/xfun,https://github.com/yihui/xfun,dependencies,2879,purl,pkg:cran/xfun,7.43,94,"{""url"":""https://science.ecosyste.ms/api/v1/packages?per_page=1000&page=1"",""fetched_at"":""2026-09-23T18:31:48Z"",""cache_file"":""beb2c2734ee59190973df1e89ebd83f45e20e68fea0240075b80b5b80c528e10.json.gz""}"
cran.r-project.org,pkg:cran/XML,https://codeberg.org/aitap/XML,dependencies,2881,purl,pkg:cran/XML,7.0,258,"{""url"":""https://science.ecosyste.ms/api/v1/packages?per_page=1000&page=1"",""fetched_at"":""2026-09-23T18:31:48Z"",""cache_file"":""beb2c2734ee59190973df1e89ebd83f45e20e68fea0240075b80b5b80c528e10.json.gz""}"
cran.r-project.org,pkg:cran/xml2,https://github.com/r-lib/xml2,dependencies,2882,purl,pkg:cran/xml2,21.24,812,"{""url"":""https://science.ecosyste.ms/api/v1/packages?per_page=1000&page=1"",""fetched_at"":""2026-09-23T18:31:48Z"",""cache_file"":""beb2c2734ee59190973df1e89ebd83f45e20e68fea0240075b80b5b80c528e10.json.gz""}"
cran.r-project.org,pkg:cran/xtable,,dependencies,2884,purl,pkg:cran/xtable,,168,"{""url"":""https://science.ecosyste.ms/api/v1/packages?per_page=1000&page=1"",""fetched_at"":""2026-09-23T18:31:48Z"",""cache_file"":""beb2c2734ee59190973df1e89ebd83f45e20e68fea0240075b80b5b80c528e10.json.gz""}"
cran.r-project.org,pkg:cran/xts,https://github.com/joshuaulrich/xts,dependencies,2885,purl,pkg:cran/xts,20.54,163,"{""url"":""https://science.ecosyste.ms/api/v1/packages?per_page=1000&page=1"",""fetched_at"":""2026-09-23T18:31:48Z"",""cache_file"":""beb2c2734ee59190973df1e89ebd83f45e20e68fea0240075b80b5b80c528e10.json.gz""}"
cran.r-project.org,pkg:cran/yaml,https://github.com/r-lib/yaml,dependencies,2886,purl,pkg:cran/yaml,34.71,498,"{""url"":""https://science.ecosyste.ms/api/v1/packages?per_page=1000&page=1"",""fetched_at"":""2026-09-23T18:31:48Z"",""cache_file"":""beb2c2734ee59190973df1e89ebd83f45e20e68fea0240075b80b5b80c528e10.json.gz""}"
cran.r-project.org,pkg:cran/zip,https://github.com/r-lib/zip,dependencies,2889,purl,pkg:cran/zip,21.29,113,"{""url"":""https://science.ecosyste.ms/api/v1/packages?per_page=1000&page=1"",""fetched_at"":""2026-09-23T18:31:48Z"",""cache_file"":""beb2c2734ee59190973df1e89ebd83f45e20e68fea0240075b80b5b80c528e10.json.gz""}"
cran.r-project.org,pkg:cran/zoo,https://codeberg.org/zeileis/zoo,dependencies,2890,purl,pkg:cran/zoo,,482,"{""url"":""https://science.ecosyste.ms/api/v1/packages?per_page=1000&page=1"",""fetched_at"":""2026-09-23T18:31:48Z"",""cache_file"":""beb2c2734ee59190973df1e89ebd83f45e20e68fea0240075b80b5b80c528e10.json.gz""}"
hub.docker.com,pkg:docker/grafana%2Fgrafana,,dependencies,2952,purl,pkg:docker/grafana%2Fgrafana,,2,"{""url"":""https://science.ecosyste.ms/api/v1/packages?per_page=1000&page=18"",""fetched_at"":""2026-09-23T20:12:53Z"",""cache_file"":""ab110e1e192d304bd69ea5f571dbacca5c0eb30375c74456a1473f874eb63870.json.gz""}"
hub.docker.com,pkg:docker/minio%2Fminio,,dependencies,2980,purl,pkg:docker/minio%2Fminio,,3,"{""url"":""https://science.ecosyste.ms/api/v1/packages?per_page=1000&page=14"",""fetched_at"":""2026-09-23T20:11:52Z"",""cache_file"":""155e8ad70933594fef7cf6387b59a328219fa033eebe17babae7110e08da48cf.json.gz""}"
hub.docker.com,pkg:docker/phpmyadmin%2Fphpmyadmin,https://github.com/phpmyadmin/docker,dependencies,3013,purl,pkg:docker/phpmyadmin%2Fphpmyadmin,,3,"{""url"":""https://science.ecosyste.ms/api/v1/packages?per_page=1000&page=14"",""fetched_at"":""2026-09-23T20:11:52Z"",""cache_file"":""155e8ad70933594fef7cf6387b59a328219fa033eebe17babae7110e08da48cf.json.gz""}"
hub.docker.com,pkg:docker/prom%2Fprometheus,,dependencies,3018,purl,pkg:docker/prom%2Fprometheus,,3,"{""url"":""https://science.ecosyste.ms/api/v1/packages?per_page=1000&page=14"",""fetched_at"":""2026-09-23T20:11:52Z"",""cache_file"":""155e8ad70933594fef7cf6387b59a328219fa033eebe17babae7110e08da48cf.json.gz""}"
cran.r-project.org,pkg:cran/ggsci,https://github.com/nanxstats/ggsci,dependencies,3110,purl,pkg:cran/ggsci,21.0,46,"{""url"":""https://science.ecosyste.ms/api/v1/packages?per_page=1000&page=2"",""fetched_at"":""2026-09-23T20:09:36Z"",""cache_file"":""2b1260162107e8d722838ec4ab177e096ed8cfe5c5acc667a84011b12735b3e8.json.gz""}"
cran.r-project.org,pkg:cran/lazyeval,,dependencies,3122,purl,pkg:cran/lazyeval,,99,"{""url"":""https://science.ecosyste.ms/api/v1/packages?per_page=1000&page=1"",""fetched_at"":""2026-09-23T18:31:48Z"",""cache_file"":""beb2c2734ee59190973df1e89ebd83f45e20e68fea0240075b80b5b80c528e10.json.gz""}"
cran.r-project.org,pkg:cran/multcomp,https://codeberg.org/thothorn/multcomp,dependencies,3137,purl,pkg:cran/multcomp,7.0,81,"{""url"":""https://science.ecosyste.ms/api/v1/packages?per_page=1000&page=2"",""fetched_at"":""2026-09-23T20:09:36Z"",""cache_file"":""2b1260162107e8d722838ec4ab177e096ed8cfe5c5acc667a84011b12735b3e8.json.gz""}"
cran.r-project.org,pkg:cran/urca,,dependencies,3170,purl,pkg:cran/urca,,22,"{""url"":""https://science.ecosyste.ms/api/v1/packages?per_page=1000&page=3"",""fetched_at"":""2026-09-23T20:09:46Z"",""cache_file"":""43c6dde80c261ddc62688f062ec7bc17116645bcbcb0960d5639d1b0e0d3f36c.json.gz""}"
proxy.golang.org,pkg:golang/github.com/go-git/go-git/v5,https://github.com/go-git/go-git,dependencies,3255,purl,pkg:golang/github.com/go-git/go-git/v5,13.06,8,"{""url"":""https://science.ecosyste.ms/api/v1/packages?per_page=1000&page=6"",""fetched_at"":""2026-09-23T20:10:21Z"",""cache_file"":""953ff191a5369de755bbbfbb0f10641279d1ecda54c0d35e7d57ba60421998ab.json.gz""}"
proxy.golang.org,pkg:golang/gonum.org/v1/gonum,https://github.com/gonum/gonum,dependencies,3315,purl,pkg:golang/gonum.org/v1/gonum,13.38,20,"{""url"":""https://science.ecosyste.ms/api/v1/packages?per_page=1000&page=3"",""fetched_at"":""2026-09-23T20:09:46Z"",""cache_file"":""43c6dde80c261ddc62688f062ec7bc17116645bcbcb0960d5639d1b0e0d3f36c.json.gz""}"
hackage.haskell.org,pkg:hackage/array,https://github.com/haskell/array,dependencies,3323,purl,pkg:hackage/array,,14,"{""url"":""https://science.ecosyste.ms/api/v1/packages?per_page=1000&page=4"",""fetched_at"":""2026-09-23T20:09:56Z"",""cache_file"":""1022619f69a3d12476e71e4b47fd5d60d4d59a1ddad984e1d08b462f5d51052a.json.gz""}"
hackage.haskell.org,pkg:hackage/base,https://github.com/haskell/core-libraries-committee,dependencies,3324,purl,pkg:hackage/base,,46,"{""url"":""https://science.ecosyste.ms/api/v1/packages?per_page=1000&page=2"",""fetched_at"":""2026-09-23T20:09:36Z"",""cache_file"":""2b1260162107e8d722838ec4ab177e096ed8cfe5c5acc667a84011b12735b3e8.json.gz""}"
hackage.haskell.org,pkg:hackage/deepseq,https://github.com/haskell/deepseq,dependencies,3328,purl,pkg:hackage/deepseq,,17,"{""url"":""https://science.ecosyste.ms/api/v1/packages?per_page=1000&page=4"",""fetched_at"":""2026-09-23T20:09:56Z"",""cache_file"":""1022619f69a3d12476e71e4b47fd5d60d4d59a1ddad984e1d08b462f5d51052a.json.gz""}"
hackage.haskell.org,pkg:hackage/directory,https://github.com/haskell/directory,dependencies,3329,purl,pkg:hackage/directory,,24,"{""url"":""https://science.ecosyste.ms/api/v1/packages?per_page=1000&page=3"",""fetched_at"":""2026-09-23T20:09:46Z"",""cache_file"":""43c6dde80c261ddc62688f062ec7bc17116645bcbcb0960d5639d1b0e0d3f36c.json.gz""}"
hackage.haskell.org,pkg:hackage/fgl,https://github.com/haskell/fgl,dependencies,3332,purl,pkg:hackage/fgl,,6,"{""url"":""https://science.ecosyste.ms/api/v1/packages?per_page=1000&page=8"",""fetched_at"":""2026-09-23T20:10:47Z"",""cache_file"":""edead3ff1ae05c52736c2cae091eda9a38cad1633de2df4b29be9314eb30cc6e.json.gz""}"
hackage.haskell.org,pkg:hackage/hspec,https://github.com/hspec/hspec,dependencies,3337,purl,pkg:hackage/hspec,,11,"{""url"":""https://science.ecosyste.ms/api/v1/packages?per_page=1000&page=5"",""fetched_at"":""2026-09-23T20:10:08Z"",""cache_file"":""40c89b8a138dc9c33db96f75b7e768e4ecde7ac0551ebf5e11d512e62a42e34b.json.gz""}"
hackage.haskell.org,pkg:hackage/hxt-unicode,https://github.com/uweschmidt/hxt,dependencies,3339,purl,pkg:hackage/hxt-unicode,,1,"{""url"":""https://science.ecosyste.ms/api/v1/packages?per_page=1000&page=77"",""fetched_at"":""2026-09-23T20:24:04Z"",""cache_file"":""4eee5f8253ac5aa851d1a1a8d246c62acf1b86dec001c3852a86f74cb6e98455.json.gz""}"
hackage.haskell.org,pkg:hackage/matrix,https://codeberg.org/daniel-casanueva/matrix,dependencies,3340,purl,pkg:hackage/matrix,,3,"{""url"":""https://science.ecosyste.ms/api/v1/packages?per_page=1000&page=14"",""fetched_at"":""2026-09-23T20:11:52Z"",""cache_file"":""155e8ad70933594fef7cf6387b59a328219fa033eebe17babae7110e08da48cf.json.gz""}"
hackage.haskell.org,pkg:hackage/MissingH,https://github.com/haskell-hvr/missingh,dependencies,3341,purl,pkg:hackage/MissingH,13.33,1,"{""url"":""https://science.ecosyste.ms/api/v1/packages?per_page=1000&page=83"",""fetched_at"":""2026-09-23T20:26:36Z"",""cache_file"":""20cf55a2a2964e7cfdbe498bc7d610a7657ebe11c778e219ab82593355292796.json.gz""}"
hackage.haskell.org,pkg:hackage/process,https://github.com/haskell/process,dependencies,3346,purl,pkg:hackage/process,,14,"{""url"":""https://science.ecosyste.ms/api/v1/packages?per_page=1000&page=4"",""fetched_at"":""2026-09-23T20:09:56Z"",""cache_file"":""1022619f69a3d12476e71e4b47fd5d60d4d59a1ddad984e1d08b462f5d51052a.json.gz""}"
hackage.haskell.org,pkg:hackage/random,https://github.com/haskell/random,dependencies,3348,purl,pkg:hackage/random,,14,"{""url"":""https://science.ecosyste.ms/api/v1/packages?per_page=1000&page=4"",""fetched_at"":""2026-09-23T20:09:56Z"",""cache_file"":""1022619f69a3d12476e71e4b47fd5d60d4d59a1ddad984e1d08b462f5d51052a.json.gz""}"
hackage.haskell.org,pkg:hackage/split,https://github.com/byorgey/split,dependencies,3353,purl,pkg:hackage/split,,11,"{""url"":""https://science.ecosyste.ms/api/v1/packages?per_page=1000&page=5"",""fetched_at"":""2026-09-23T20:10:08Z"",""cache_file"":""40c89b8a138dc9c33db96f75b7e768e4ecde7ac0551ebf5e11d512e62a42e34b.json.gz""}"
hackage.haskell.org,pkg:hackage/transformers,https://github.com/haskell/transformers,dependencies,3358,purl,pkg:hackage/transformers,,21,"{""url"":""https://science.ecosyste.ms/api/v1/packages?per_page=1000&page=3"",""fetched_at"":""2026-09-23T20:09:46Z"",""cache_file"":""43c6dde80c261ddc62688f062ec7bc17116645bcbcb0960d5639d1b0e0d3f36c.json.gz""}"
hackage.haskell.org,pkg:hackage/uniplate,https://github.com/ndmitchell/uniplate,dependencies,3359,purl,pkg:hackage/uniplate,8.0,3,"{""url"":""https://science.ecosyste.ms/api/v1/packages?per_page=1000&page=16"",""fetched_at"":""2026-09-23T20:12:27Z"",""cache_file"":""ffde8df4be5e6610bd1efff0a2c0aefa2c9f532afc02a082317a377cedeefc27.json.gz""}"
juliahub.com,pkg:julia/ColorVectorSpace,https://github.com/juliagraphics/colorvectorspace.jl,dependencies,3454,purl,pkg:julia/ColorVectorSpace,13.25,3,"{""url"":""https://science.ecosyste.ms/api/v1/packages?per_page=1000&page=13"",""fetched_at"":""2026-09-23T20:11:43Z"",""cache_file"":""cfd3afd1e2ab168f294a24cc99445b97277da89f3d663f161b984636086899da.json.gz""}"
juliahub.com,pkg:julia/ComputationalResources,https://github.com/timholy/computationalresources.jl,dependencies,3460,purl,pkg:julia/ComputationalResources,13.0,5,"{""url"":""https://science.ecosyste.ms/api/v1/packages?per_page=1000&page=9"",""fetched_at"":""2026-09-23T20:10:58Z"",""cache_file"":""f525864688bd2f9b2a718f3ed95db9e06c620acb8d63dffab1d7e2b154250d66.json.gz""}"
juliahub.com,pkg:julia/Contour,https://github.com/juliageometry/contour.jl,dependencies,3469,purl,pkg:julia/Contour,14.25,6,"{""url"":""https://science.ecosyste.ms/api/v1/packages?per_page=1000&page=8"",""fetched_at"":""2026-09-23T20:10:47Z"",""cache_file"":""edead3ff1ae05c52736c2cae091eda9a38cad1633de2df4b29be9314eb30cc6e.json.gz""}"
juliahub.com,pkg:julia/CSVFiles,https://github.com/queryverse/csvfiles.jl,dependencies,3477,purl,pkg:julia/CSVFiles,13.5,4,"{""url"":""https://science.ecosyste.ms/api/v1/packages?per_page=1000&page=11"",""fetched_at"":""2026-09-23T20:11:25Z"",""cache_file"":""a234178575677f74c2fb7d3614b3052f63eefe4cbd53f665243a3d0180b30e02.json.gz""}"
juliahub.com,pkg:julia/DataDeps,https://github.com/oxinabox/datadeps.jl,dependencies,3484,purl,pkg:julia/DataDeps,48.57,18,"{""url"":""https://science.ecosyste.ms/api/v1/packages?per_page=1000&page=4"",""fetched_at"":""2026-09-23T20:09:56Z"",""cache_file"":""1022619f69a3d12476e71e4b47fd5d60d4d59a1ddad984e1d08b462f5d51052a.json.gz""}"
juliahub.com,pkg:julia/DiffResults,https://github.com/juliadiff/diffresults.jl,dependencies,3501,purl,pkg:julia/DiffResults,27.0,16,"{""url"":""https://science.ecosyste.ms/api/v1/packages?per_page=1000&page=4"",""fetched_at"":""2026-09-23T20:09:56Z"",""cache_file"":""1022619f69a3d12476e71e4b47fd5d60d4d59a1ddad984e1d08b462f5d51052a.json.gz""}"
juliahub.com,pkg:julia/DocumenterTools,https://github.com/juliadocs/documentertools.jl,dependencies,3520,purl,pkg:julia/DocumenterTools,13.53,64,"{""url"":""https://science.ecosyste.ms/api/v1/packages?per_page=1000&page=2"",""fetched_at"":""2026-09-23T20:09:36Z"",""cache_file"":""2b1260162107e8d722838ec4ab177e096ed8cfe5c5acc667a84011b12735b3e8.json.gz""}"
pypi.org,pkg:pypi/jupyterlab,https://github.com/jupyterlab/jupyterlab,dependencies,3596,purl,pkg:pypi/jupyterlab,21.27,1027,"{""url"":""https://science.ecosyste.ms/api/v1/packages?per_page=1000&page=1"",""fetched_at"":""2026-09-23T18:31:48Z"",""cache_file"":""beb2c2734ee59190973df1e89ebd83f45e20e68fea0240075b80b5b80c528e10.json.gz""}"
pypi.org,pkg:pypi/openpyxl,,dependencies,3600,purl,pkg:pypi/openpyxl,,1143,"{""url"":""https://science.ecosyste.ms/api/v1/packages?per_page=1000&page=1"",""fetched_at"":""2026-09-23T18:31:48Z"",""cache_file"":""beb2c2734ee59190973df1e89ebd83f45e20e68fea0240075b80b5b80c528e10.json.gz""}"
pypi.org,pkg:pypi/pyarrow,https://github.com/apache/arrow,dependencies,3603,purl,pkg:pypi/pyarrow,28.15,1309,"{""url"":""https://science.ecosyste.ms/api/v1/packages?per_page=1000&page=1"",""fetched_at"":""2026-09-23T18:31:48Z"",""cache_file"":""beb2c2734ee59190973df1e89ebd83f45e20e68fea0240075b80b5b80c528e10.json.gz""}"
cran.r-project.org,pkg:cran/askpass,https://github.com/r-lib/askpass,dependencies,3662,purl,pkg:cran/askpass,,28,"{""url"":""https://science.ecosyste.ms/api/v1/packages?per_page=1000&page=3"",""fetched_at"":""2026-09-23T20:09:46Z"",""cache_file"":""43c6dde80c261ddc62688f062ec7bc17116645bcbcb0960d5639d1b0e0d3f36c.json.gz""}"
cran.r-project.org,pkg:cran/bit64,https://github.com/r-lib/bit64,dependencies,3664,purl,pkg:cran/bit64,21.0,117,"{""url"":""https://science.ecosyste.ms/api/v1/packages?per_page=1000&page=1"",""fetched_at"":""2026-09-23T18:31:48Z"",""cache_file"":""beb2c2734ee59190973df1e89ebd83f45e20e68fea0240075b80b5b80c528e10.json.gz""}"
cran.r-project.org,pkg:cran/clipr,https://github.com/mdlincoln/clipr,dependencies,3666,purl,pkg:cran/clipr,34.83,83,"{""url"":""https://science.ecosyste.ms/api/v1/packages?per_page=1000&page=1"",""fetched_at"":""2026-09-23T18:31:48Z"",""cache_file"":""beb2c2734ee59190973df1e89ebd83f45e20e68fea0240075b80b5b80c528e10.json.gz""}"
cran.r-project.org,pkg:cran/dtplyr,https://github.com/tidyverse/dtplyr,dependencies,3673,purl,pkg:cran/dtplyr,21.37,28,"{""url"":""https://science.ecosyste.ms/api/v1/packages?per_page=1000&page=3"",""fetched_at"":""2026-09-23T20:09:46Z"",""cache_file"":""43c6dde80c261ddc62688f062ec7bc17116645bcbcb0960d5639d1b0e0d3f36c.json.gz""}"
cran.r-project.org,pkg:cran/evaluate,https://github.com/r-lib/evaluate,dependencies,3678,purl,pkg:cran/evaluate,21.0,30,"{""url"":""https://science.ecosyste.ms/api/v1/packages?per_page=1000&page=3"",""fetched_at"":""2026-09-23T20:09:46Z"",""cache_file"":""43c6dde80c261ddc62688f062ec7bc17116645bcbcb0960d5639d1b0e0d3f36c.json.gz""}"
cran.r-project.org,pkg:cran/fracdiff,https://github.com/mmaechler/fracdiff,dependencies,3683,purl,pkg:cran/fracdiff,20.0,7,"{""url"":""https://science.ecosyste.ms/api/v1/packages?per_page=1000&page=7"",""fetched_at"":""2026-09-23T20:10:35Z"",""cache_file"":""cdeda14cbf7590ae5034c6ae27903c52dce2d2539920c41a59c2f2234e820ca7.json.gz""}"
cran.r-project.org,pkg:cran/googlesheets4,https://github.com/tidyverse/googlesheets4,dependencies,3686,purl,pkg:cran/googlesheets4,21.71,29,"{""url"":""https://science.ecosyste.ms/api/v1/packages?per_page=1000&page=3"",""fetched_at"":""2026-09-23T20:09:46Z"",""cache_file"":""43c6dde80c261ddc62688f062ec7bc17116645bcbcb0960d5639d1b0e0d3f36c.json.gz""}"
cran.r-project.org,pkg:cran/gtable,https://github.com/r-lib/gtable,dependencies,3687,purl,pkg:cran/gtable,34.45,115,"{""url"":""https://science.ecosyste.ms/api/v1/packages?per_page=1000&page=1"",""fetched_at"":""2026-09-23T18:31:48Z"",""cache_file"":""beb2c2734ee59190973df1e89ebd83f45e20e68fea0240075b80b5b80c528e10.json.gz""}"
cran.r-project.org,pkg:cran/httpuv,https://github.com/rstudio/httpuv,dependencies,3689,purl,pkg:cran/httpuv,34.0,84,"{""url"":""https://science.ecosyste.ms/api/v1/packages?per_page=1000&page=1"",""fetched_at"":""2026-09-23T18:31:48Z"",""cache_file"":""beb2c2734ee59190973df1e89ebd83f45e20e68fea0240075b80b5b80c528e10.json.gz""}"
juliahub.com,pkg:julia/BinDeps,https://github.com/juliapackaging/bindeps.jl,dependencies,3739,purl,pkg:julia/BinDeps,13.53,5,"{""url"":""https://science.ecosyste.ms/api/v1/packages?per_page=1000&page=9"",""fetched_at"":""2026-09-23T20:10:58Z"",""cache_file"":""f525864688bd2f9b2a718f3ed95db9e06c620acb8d63dffab1d7e2b154250d66.json.gz""}"
juliahub.com,pkg:julia/ImageFiltering,https://github.com/juliaimages/imagefiltering.jl,dependencies,3793,purl,pkg:julia/ImageFiltering,13.33,23,"{""url"":""https://science.ecosyste.ms/api/v1/packages?per_page=1000&page=3"",""fetched_at"":""2026-09-23T20:09:46Z"",""cache_file"":""43c6dde80c261ddc62688f062ec7bc17116645bcbcb0960d5639d1b0e0d3f36c.json.gz""}"
juliahub.com,pkg:julia/InplaceOps,https://github.com/simonbyrne/inplaceops.jl,dependencies,3800,purl,pkg:julia/InplaceOps,13.71,2,"{""url"":""https://science.ecosyste.ms/api/v1/packages?per_page=1000&page=18"",""fetched_at"":""2026-09-23T20:12:53Z"",""cache_file"":""ab110e1e192d304bd69ea5f571dbacca5c0eb30375c74456a1473f874eb63870.json.gz""}"
juliahub.com,pkg:julia/MetaGraphs,https://github.com/juliagraphs/metagraphs.jl,dependencies,3893,purl,pkg:julia/MetaGraphs,27.5,10,"{""url"":""https://science.ecosyste.ms/api/v1/packages?per_page=1000&page=5"",""fetched_at"":""2026-09-23T20:10:08Z"",""cache_file"":""40c89b8a138dc9c33db96f75b7e768e4ecde7ac0551ebf5e11d512e62a42e34b.json.gz""}"
juliahub.com,pkg:julia/Missings,https://github.com/juliadata/missings.jl,dependencies,3899,purl,pkg:julia/Missings,21.26,20,"{""url"":""https://science.ecosyste.ms/api/v1/packages?per_page=1000&page=3"",""fetched_at"":""2026-09-23T20:09:46Z"",""cache_file"":""43c6dde80c261ddc62688f062ec7bc17116645bcbcb0960d5639d1b0e0d3f36c.json.gz""}"
juliahub.com,pkg:julia/NCDatasets,https://github.com/juliageo/ncdatasets.jl,dependencies,3940,purl,pkg:julia/NCDatasets,94.0,46,"{""url"":""https://science.ecosyste.ms/api/v1/packages?per_page=1000&page=2"",""fetched_at"":""2026-09-23T20:09:36Z"",""cache_file"":""2b1260162107e8d722838ec4ab177e096ed8cfe5c5acc667a84011b12735b3e8.json.gz""}"
juliahub.com,pkg:julia/OnlineStatsBase,https://github.com/joshday/onlinestatsbase.jl,dependencies,3969,purl,pkg:julia/OnlineStatsBase,21.36,3,"{""url"":""https://science.ecosyste.ms/api/v1/packages?per_page=1000&page=14"",""fetched_at"":""2026-09-23T20:11:52Z"",""cache_file"":""155e8ad70933594fef7cf6387b59a328219fa033eebe17babae7110e08da48cf.json.gz""}"
juliahub.com,pkg:julia/ParameterizedFunctions,https://github.com/sciml/parameterizedfunctions.jl,dependencies,4003,purl,pkg:julia/ParameterizedFunctions,35.8,11,"{""url"":""https://science.ecosyste.ms/api/v1/packages?per_page=1000&page=5"",""fetched_at"":""2026-09-23T20:10:08Z"",""cache_file"":""40c89b8a138dc9c33db96f75b7e768e4ecde7ac0551ebf5e11d512e62a42e34b.json.gz""}"
juliahub.com,pkg:julia/PDMats,https://github.com/juliastats/pdmats.jl,dependencies,4009,purl,pkg:julia/PDMats,21.43,22,"{""url"":""https://science.ecosyste.ms/api/v1/packages?per_page=1000&page=3"",""fetched_at"":""2026-09-23T20:09:46Z"",""cache_file"":""43c6dde80c261ddc62688f062ec7bc17116645bcbcb0960d5639d1b0e0d3f36c.json.gz""}"
juliahub.com,pkg:julia/Permutations,https://github.com/scheinerman/permutations.jl,dependencies,4010,purl,pkg:julia/Permutations,13.63,4,"{""url"":""https://science.ecosyste.ms/api/v1/packages?per_page=1000&page=12"",""fetched_at"":""2026-09-23T20:11:33Z"",""cache_file"":""726e4acba0dce811ec23946ba4adc96b23e026803f186554c6e683ac2cd0008b.json.gz""}"
juliahub.com,pkg:julia/RomanNumerals,https://github.com/anthonyclays/romannumerals.jl,dependencies,4083,purl,pkg:julia/RomanNumerals,13.0,1,"{""url"":""https://science.ecosyste.ms/api/v1/packages?per_page=1000&page=92"",""fetched_at"":""2026-09-24T08:37:55Z"",""cache_file"":""1e0f637c4b919b8ab51c4ac8c5315cee820747cca81e9ed12db5fc19eca191bd.json.gz""}"
cran.r-project.org,pkg:cran/whisker,https://github.com/edwindj/whisker,dependencies,4236,purl,pkg:cran/whisker,7.0,80,"{""url"":""https://science.ecosyste.ms/api/v1/packages?per_page=1000&page=2"",""fetched_at"":""2026-09-23T20:09:36Z"",""cache_file"":""2b1260162107e8d722838ec4ab177e096ed8cfe5c5acc667a84011b12735b3e8.json.gz""}"
formulae.brew.sh,pkg:brew/coreutils,https://git.savannah.gnu.org/git/coreutils,dependencies,4243,purl,pkg:brew/coreutils,,4,"{""url"":""https://science.ecosyste.ms/api/v1/packages?per_page=1000&page=10"",""fetched_at"":""2026-09-23T20:11:09Z"",""cache_file"":""9cf1186763fd9fd14f7165135c92a92f814f36ec8edcd277f5d7bbac47547e4f.json.gz""}"
formulae.brew.sh,pkg:brew/gcc,https://gcc.gnu.org/git/gcc,dependencies,4244,purl,pkg:brew/gcc,,1,"{""url"":""https://science.ecosyste.ms/api/v1/packages?per_page=1000&page=74"",""fetched_at"":""2026-09-23T20:23:16Z"",""cache_file"":""ee01b651f04f736f29deeb2b3d1eeda45ffbea89a6e42f65cb65a1fe637fb0f3.json.gz""}"
formulae.brew.sh,pkg:brew/ninja,https://github.com/ninja-build/ninja,dependencies,4248,purl,pkg:brew/ninja,,3,"{""url"":""https://science.ecosyste.ms/api/v1/packages?per_page=1000&page=14"",""fetched_at"":""2026-09-23T20:11:52Z"",""cache_file"":""155e8ad70933594fef7cf6387b59a328219fa033eebe17babae7110e08da48cf.json.gz""}"
juliahub.com,pkg:julia/SimpleGraphs,https://github.com/scheinerman/simplegraphs.jl,dependencies,4259,purl,pkg:julia/SimpleGraphs,15.14,2,"{""url"":""https://science.ecosyste.ms/api/v1/packages?per_page=1000&page=22"",""fetched_at"":""2026-09-23T20:13:46Z"",""cache_file"":""01e918286eb7b385178c16e5eafabac47ac58be83c5522545b37ef2d1be72b21.json.gz""}"
juliahub.com,pkg:julia/StrTables,https://github.com/juliastring/strtables.jl,dependencies,4292,purl,pkg:julia/StrTables,15.5,1,"{""url"":""https://science.ecosyste.ms/api/v1/packages?per_page=1000&page=95"",""fetched_at"":""2026-09-24T08:38:18Z"",""cache_file"":""9657063ac710c11748ca616bfbca5d158dea3f72ea66f27f3e84867bb33d2f01.json.gz""}"
juliahub.com,pkg:julia/TestSetExtensions,https://github.com/ssfrr/testsetextensions.jl,dependencies,4318,purl,pkg:julia/TestSetExtensions,13.0,6,"{""url"":""https://science.ecosyste.ms/api/v1/packages?per_page=1000&page=9"",""fetched_at"":""2026-09-23T20:10:58Z"",""cache_file"":""f525864688bd2f9b2a718f3ed95db9e06c620acb8d63dffab1d7e2b154250d66.json.gz""}"
repo1.maven.org,pkg:maven/args4j/args4j,,dependencies,4383,purl,pkg:maven/args4j/args4j,,14,"{""url"":""https://science.ecosyste.ms/api/v1/packages?per_page=1000&page=4"",""fetched_at"":""2026-09-23T20:09:56Z"",""cache_file"":""1022619f69a3d12476e71e4b47fd5d60d4d59a1ddad984e1d08b462f5d51052a.json.gz""}"
repo1.maven.org,pkg:maven/com.fasterxml.jackson.core/jackson-databind,https://github.com/fasterxml/jackson-databind,dependencies,4401,purl,pkg:maven/com.fasterxml.jackson.core/jackson-databind,21.05,137,"{""url"":""https://science.ecosyste.ms/api/v1/packages?per_page=1000&page=1"",""fetched_at"":""2026-09-23T18:31:48Z"",""cache_file"":""beb2c2734ee59190973df1e89ebd83f45e20e68fea0240075b80b5b80c528e10.json.gz""}"
repo1.maven.org,pkg:maven/commons-collections/commons-collections,,dependencies,4438,purl,pkg:maven/commons-collections/commons-collections,,18,"{""url"":""https://science.ecosyste.ms/api/v1/packages?per_page=1000&page=4"",""fetched_at"":""2026-09-23T20:09:56Z"",""cache_file"":""1022619f69a3d12476e71e4b47fd5d60d4d59a1ddad984e1d08b462f5d51052a.json.gz""}"
repo1.maven.org,pkg:maven/com.squareup.okhttp/okhttp,https://github.com/square/okhttp,dependencies,4444,purl,pkg:maven/com.squareup.okhttp/okhttp,,7,"{""url"":""https://science.ecosyste.ms/api/v1/packages?per_page=1000&page=7"",""fetched_at"":""2026-09-23T20:10:35Z"",""cache_file"":""cdeda14cbf7590ae5034c6ae27903c52dce2d2539920c41a59c2f2234e820ca7.json.gz""}"
repo1.maven.org,pkg:maven/javax.servlet/jsp-api,,dependencies,4525,purl,pkg:maven/javax.servlet/jsp-api,,4,"{""url"":""https://science.ecosyste.ms/api/v1/packages?per_page=1000&page=11"",""fetched_at"":""2026-09-23T20:11:25Z"",""cache_file"":""a234178575677f74c2fb7d3614b3052f63eefe4cbd53f665243a3d0180b30e02.json.gz""}"
repo1.maven.org,pkg:maven/javax.servlet/servlet-api,,dependencies,4526,purl,pkg:maven/javax.servlet/servlet-api,,21,"{""url"":""https://science.ecosyste.ms/api/v1/packages?per_page=1000&page=3"",""fetched_at"":""2026-09-23T20:09:46Z"",""cache_file"":""43c6dde80c261ddc62688f062ec7bc17116645bcbcb0960d5639d1b0e0d3f36c.json.gz""}"
repo1.maven.org,pkg:maven/javax.ws.rs/javax.ws.rs-api,https://github.com/eclipse-ee4j/jaxrs-api,dependencies,4528,purl,pkg:maven/javax.ws.rs/javax.ws.rs-api,,11,"{""url"":""https://science.ecosyste.ms/api/v1/packages?per_page=1000&page=5"",""fetched_at"":""2026-09-23T20:10:08Z"",""cache_file"":""40c89b8a138dc9c33db96f75b7e768e4ecde7ac0551ebf5e11d512e62a42e34b.json.gz""}"
repo1.maven.org,pkg:maven/mysql/mysql-connector-java,,dependencies,4532,purl,pkg:maven/mysql/mysql-connector-java,,49,"{""url"":""https://science.ecosyste.ms/api/v1/packages?per_page=1000&page=2"",""fetched_at"":""2026-09-23T20:09:36Z"",""cache_file"":""2b1260162107e8d722838ec4ab177e096ed8cfe5c5acc667a84011b12735b3e8.json.gz""}"
repo1.maven.org,pkg:maven/net.java.dev.jna/jna,https://github.com/java-native-access/jna,dependencies,4536,purl,pkg:maven/net.java.dev.jna/jna,13.07,22,"{""url"":""https://science.ecosyste.ms/api/v1/packages?per_page=1000&page=3"",""fetched_at"":""2026-09-23T20:09:46Z"",""cache_file"":""43c6dde80c261ddc62688f062ec7bc17116645bcbcb0960d5639d1b0e0d3f36c.json.gz""}"
repo1.maven.org,pkg:maven/org.apache.poi/poi-ooxml,,dependencies,4560,purl,pkg:maven/org.apache.poi/poi-ooxml,,34,"{""url"":""https://science.ecosyste.ms/api/v1/packages?per_page=1000&page=2"",""fetched_at"":""2026-09-23T20:09:36Z"",""cache_file"":""2b1260162107e8d722838ec4ab177e096ed8cfe5c5acc667a84011b12735b3e8.json.gz""}"
pypi.org,pkg:pypi/arrow,https://github.com/arrow-py/arrow,dependencies,4646,purl,pkg:pypi/arrow,21.16,426,"{""url"":""https://science.ecosyste.ms/api/v1/packages?per_page=1000&page=1"",""fetched_at"":""2026-09-23T18:31:48Z"",""cache_file"":""beb2c2734ee59190973df1e89ebd83f45e20e68fea0240075b80b5b80c528e10.json.gz""}"
pypi.org,pkg:pypi/beautifulsoup4,,dependencies,4650,purl,pkg:pypi/beautifulsoup4,,1296,"{""url"":""https://science.ecosyste.ms/api/v1/packages?per_page=1000&page=1"",""fetched_at"":""2026-09-23T18:31:48Z"",""cache_file"":""beb2c2734ee59190973df1e89ebd83f45e20e68fea0240075b80b5b80c528e10.json.gz""}"
pypi.org,pkg:pypi/greenlet,https://github.com/python-greenlet/greenlet,dependencies,4661,purl,pkg:pypi/greenlet,21.22,407,"{""url"":""https://science.ecosyste.ms/api/v1/packages?per_page=1000&page=1"",""fetched_at"":""2026-09-23T18:31:48Z"",""cache_file"":""beb2c2734ee59190973df1e89ebd83f45e20e68fea0240075b80b5b80c528e10.json.gz""}"
pypi.org,pkg:pypi/h11,https://github.com/python-hyper/h11,dependencies,4662,purl,pkg:pypi/h11,14.15,484,"{""url"":""https://science.ecosyste.ms/api/v1/packages?per_page=1000&page=1"",""fetched_at"":""2026-09-23T18:31:48Z"",""cache_file"":""beb2c2734ee59190973df1e89ebd83f45e20e68fea0240075b80b5b80c528e10.json.gz""}"
pypi.org,pkg:pypi/joblib,https://github.com/joblib/joblib,dependencies,4667,purl,pkg:pypi/joblib,37.49,2232,"{""url"":""https://science.ecosyste.ms/api/v1/packages?per_page=1000&page=1"",""fetched_at"":""2026-09-23T18:31:48Z"",""cache_file"":""beb2c2734ee59190973df1e89ebd83f45e20e68fea0240075b80b5b80c528e10.json.gz""}"
pypi.org,pkg:pypi/json5,https://github.com/dpranke/pyjson5,dependencies,4668,purl,pkg:pypi/json5,13.0,410,"{""url"":""https://science.ecosyste.ms/api/v1/packages?per_page=1000&page=1"",""fetched_at"":""2026-09-23T18:31:48Z"",""cache_file"":""beb2c2734ee59190973df1e89ebd83f45e20e68fea0240075b80b5b80c528e10.json.gz""}"
pypi.org,pkg:pypi/jupyterlab-widgets,https://github.com/jupyter-widgets/ipywidgets,dependencies,4678,purl,pkg:pypi/jupyterlab-widgets,8.58,457,"{""url"":""https://science.ecosyste.ms/api/v1/packages?per_page=1000&page=1"",""fetched_at"":""2026-09-23T18:31:48Z"",""cache_file"":""beb2c2734ee59190973df1e89ebd83f45e20e68fea0240075b80b5b80c528e10.json.gz""}"
pypi.org,pkg:pypi/lxml,https://github.com/lxml/lxml,dependencies,4682,purl,pkg:pypi/lxml,13.15,1266,"{""url"":""https://science.ecosyste.ms/api/v1/packages?per_page=1000&page=1"",""fetched_at"":""2026-09-23T18:31:48Z"",""cache_file"":""beb2c2734ee59190973df1e89ebd83f45e20e68fea0240075b80b5b80c528e10.json.gz""}"
pypi.org,pkg:pypi/notebook-shim,,dependencies,4694,purl,pkg:pypi/notebook-shim,,325,"{""url"":""https://science.ecosyste.ms/api/v1/packages?per_page=1000&page=1"",""fetched_at"":""2026-09-23T18:31:48Z"",""cache_file"":""beb2c2734ee59190973df1e89ebd83f45e20e68fea0240075b80b5b80c528e10.json.gz""}"
pypi.org,pkg:pypi/pandocfilters,https://github.com/jgm/pandocfilters,dependencies,4697,purl,pkg:pypi/pandocfilters,7.6,750,"{""url"":""https://science.ecosyste.ms/api/v1/packages?per_page=1000&page=1"",""fetched_at"":""2026-09-23T18:31:48Z"",""cache_file"":""beb2c2734ee59190973df1e89ebd83f45e20e68fea0240075b80b5b80c528e10.json.gz""}"
pypi.org,pkg:pypi/pbr,https://opendev.org/openstack/pbr,dependencies,4699,purl,pkg:pypi/pbr,,210,"{""url"":""https://science.ecosyste.ms/api/v1/packages?per_page=1000&page=1"",""fetched_at"":""2026-09-23T18:31:48Z"",""cache_file"":""beb2c2734ee59190973df1e89ebd83f45e20e68fea0240075b80b5b80c528e10.json.gz""}"
pypi.org,pkg:pypi/pexpect,https://github.com/pexpect/pexpect,dependencies,4700,purl,pkg:pypi/pexpect,21.32,1002,"{""url"":""https://science.ecosyste.ms/api/v1/packages?per_page=1000&page=1"",""fetched_at"":""2026-09-23T18:31:48Z"",""cache_file"":""beb2c2734ee59190973df1e89ebd83f45e20e68fea0240075b80b5b80c528e10.json.gz""}"
pypi.org,pkg:pypi/pure-eval,https://github.com/alexmojaki/pure_eval,dependencies,4706,purl,pkg:pypi/pure-eval,13.0,708,"{""url"":""https://science.ecosyste.ms/api/v1/packages?per_page=1000&page=1"",""fetched_at"":""2026-09-23T18:31:48Z"",""cache_file"":""beb2c2734ee59190973df1e89ebd83f45e20e68fea0240075b80b5b80c528e10.json.gz""}"
pypi.org,pkg:pypi/pylint,https://github.com/pylint-dev/pylint,dependencies,4712,purl,pkg:pypi/pylint,16.12,931,"{""url"":""https://science.ecosyste.ms/api/v1/packages?per_page=1000&page=1"",""fetched_at"":""2026-09-23T18:31:48Z"",""cache_file"":""beb2c2734ee59190973df1e89ebd83f45e20e68fea0240075b80b5b80c528e10.json.gz""}"
pypi.org,pkg:pypi/pywavelets,https://github.com/pywavelets/pywt,dependencies,4717,purl,pkg:pypi/pywavelets,89.0,422,"{""url"":""https://science.ecosyste.ms/api/v1/packages?per_page=1000&page=1"",""fetched_at"":""2026-09-23T18:31:48Z"",""cache_file"":""beb2c2734ee59190973df1e89ebd83f45e20e68fea0240075b80b5b80c528e10.json.gz""}"
pypi.org,pkg:pypi/ruff,https://github.com/astral-sh/ruff,dependencies,4731,purl,pkg:pypi/ruff,13.11,754,"{""url"":""https://science.ecosyste.ms/api/v1/packages?per_page=1000&page=1"",""fetched_at"":""2026-09-23T18:31:48Z"",""cache_file"":""beb2c2734ee59190973df1e89ebd83f45e20e68fea0240075b80b5b80c528e10.json.gz""}"
pypi.org,pkg:pypi/send2trash,https://github.com/arsenetar/send2trash,dependencies,4734,purl,pkg:pypi/send2trash,13.0,657,"{""url"":""https://science.ecosyste.ms/api/v1/packages?per_page=1000&page=1"",""fetched_at"":""2026-09-23T18:31:48Z"",""cache_file"":""beb2c2734ee59190973df1e89ebd83f45e20e68fea0240075b80b5b80c528e10.json.gz""}"
pypi.org,pkg:pypi/sqlalchemy,https://github.com/sqlalchemy/sqlalchemy,dependencies,4742,purl,pkg:pypi/sqlalchemy,21.18,953,"{""url"":""https://science.ecosyste.ms/api/v1/packages?per_page=1000&page=1"",""fetched_at"":""2026-09-23T18:31:48Z"",""cache_file"":""beb2c2734ee59190973df1e89ebd83f45e20e68fea0240075b80b5b80c528e10.json.gz""}"
pypi.org,pkg:pypi/threadpoolctl,https://github.com/joblib/threadpoolctl,dependencies,4746,purl,pkg:pypi/threadpoolctl,21.0,1089,"{""url"":""https://science.ecosyste.ms/api/v1/packages?per_page=1000&page=1"",""fetched_at"":""2026-09-23T18:31:48Z"",""cache_file"":""beb2c2734ee59190973df1e89ebd83f45e20e68fea0240075b80b5b80c528e10.json.gz""}"
pypi.org,pkg:pypi/traitlets,https://github.com/ipython/traitlets,dependencies,4750,purl,pkg:pypi/traitlets,21.73,1149,"{""url"":""https://science.ecosyste.ms/api/v1/packages?per_page=1000&page=1"",""fetched_at"":""2026-09-23T18:31:48Z"",""cache_file"":""beb2c2734ee59190973df1e89ebd83f45e20e68fea0240075b80b5b80c528e10.json.gz""}"
pypi.org,pkg:pypi/typer,https://github.com/fastapi/typer,dependencies,4751,purl,pkg:pypi/typer,37.05,674,"{""url"":""https://science.ecosyste.ms/api/v1/packages?per_page=1000&page=1"",""fetched_at"":""2026-09-23T18:31:48Z"",""cache_file"":""beb2c2734ee59190973df1e89ebd83f45e20e68fea0240075b80b5b80c528e10.json.gz""}"
pypi.org,pkg:pypi/uri-template,,dependencies,4753,purl,pkg:pypi/uri-template,,263,"{""url"":""https://science.ecosyste.ms/api/v1/packages?per_page=1000&page=1"",""fetched_at"":""2026-09-23T18:31:48Z"",""cache_file"":""beb2c2734ee59190973df1e89ebd83f45e20e68fea0240075b80b5b80c528e10.json.gz""}"
pypi.org,pkg:pypi/webencodings,https://github.com/simonsapin/python-webencodings,dependencies,4757,purl,pkg:pypi/webencodings,,852,"{""url"":""https://science.ecosyste.ms/api/v1/packages?per_page=1000&page=1"",""fetched_at"":""2026-09-23T18:31:48Z"",""cache_file"":""beb2c2734ee59190973df1e89ebd83f45e20e68fea0240075b80b5b80c528e10.json.gz""}"
pypi.org,pkg:pypi/widgetsnbextension,,dependencies,4759,purl,pkg:pypi/widgetsnbextension,,639,"{""url"":""https://science.ecosyste.ms/api/v1/packages?per_page=1000&page=1"",""fetched_at"":""2026-09-23T18:31:48Z"",""cache_file"":""beb2c2734ee59190973df1e89ebd83f45e20e68fea0240075b80b5b80c528e10.json.gz""}"
cran.r-project.org,pkg:cran/crosstalk,https://github.com/rstudio/crosstalk,dependencies,4809,purl,pkg:cran/crosstalk,34.0,36,"{""url"":""https://science.ecosyste.ms/api/v1/packages?per_page=1000&page=2"",""fetched_at"":""2026-09-23T20:09:36Z"",""cache_file"":""2b1260162107e8d722838ec4ab177e096ed8cfe5c5acc667a84011b12735b3e8.json.gz""}"
cran.r-project.org,pkg:cran/Formula,https://codeberg.org/zeileis/Formula,dependencies,4822,purl,pkg:cran/Formula,,103,"{""url"":""https://science.ecosyste.ms/api/v1/packages?per_page=1000&page=1"",""fetched_at"":""2026-09-23T18:31:48Z"",""cache_file"":""beb2c2734ee59190973df1e89ebd83f45e20e68fea0240075b80b5b80c528e10.json.gz""}"
cran.r-project.org,pkg:cran/gert,https://github.com/r-lib/gert,dependencies,4826,purl,pkg:cran/gert,,50,"{""url"":""https://science.ecosyste.ms/api/v1/packages?per_page=1000&page=2"",""fetched_at"":""2026-09-23T20:09:36Z"",""cache_file"":""2b1260162107e8d722838ec4ab177e096ed8cfe5c5acc667a84011b12735b3e8.json.gz""}"
cran.r-project.org,pkg:cran/gh,https://github.com/r-lib/gh,dependencies,4827,purl,pkg:cran/gh,21.56,67,"{""url"":""https://science.ecosyste.ms/api/v1/packages?per_page=1000&page=2"",""fetched_at"":""2026-09-23T20:09:36Z"",""cache_file"":""2b1260162107e8d722838ec4ab177e096ed8cfe5c5acc667a84011b12735b3e8.json.gz""}"
cran.r-project.org,pkg:cran/gower,https://github.com/markvanderloo/gower,dependencies,4829,purl,pkg:cran/gower,20.0,19,"{""url"":""https://science.ecosyste.ms/api/v1/packages?per_page=1000&page=3"",""fetched_at"":""2026-09-23T20:09:46Z"",""cache_file"":""43c6dde80c261ddc62688f062ec7bc17116645bcbcb0960d5639d1b0e0d3f36c.json.gz""}"
cran.r-project.org,pkg:cran/minqa,,dependencies,4838,purl,pkg:cran/minqa,,35,"{""url"":""https://science.ecosyste.ms/api/v1/packages?per_page=1000&page=2"",""fetched_at"":""2026-09-23T20:09:36Z"",""cache_file"":""2b1260162107e8d722838ec4ab177e096ed8cfe5c5acc667a84011b12735b3e8.json.gz""}"
cran.r-project.org,pkg:cran/prodlim,https://github.com/tagteam/prodlim,dependencies,4851,purl,pkg:cran/prodlim,22.0,31,"{""url"":""https://science.ecosyste.ms/api/v1/packages?per_page=1000&page=3"",""fetched_at"":""2026-09-23T20:09:46Z"",""cache_file"":""43c6dde80c261ddc62688f062ec7bc17116645bcbcb0960d5639d1b0e0d3f36c.json.gz""}"
cran.r-project.org,pkg:cran/snakecase,https://github.com/tazinho/snakecase,dependencies,4867,purl,pkg:cran/snakecase,21.0,47,"{""url"":""https://science.ecosyste.ms/api/v1/packages?per_page=1000&page=2"",""fetched_at"":""2026-09-23T20:09:36Z"",""cache_file"":""2b1260162107e8d722838ec4ab177e096ed8cfe5c5acc667a84011b12735b3e8.json.gz""}"
proxy.golang.org,pkg:golang/github.com/remyoudompheng/bigfft,https://github.com/remyoudompheng/bigfft,dependencies,4887,purl,pkg:golang/github.com/remyoudompheng/bigfft,13.0,7,"{""url"":""https://science.ecosyste.ms/api/v1/packages?per_page=1000&page=7"",""fetched_at"":""2026-09-23T20:10:35Z"",""cache_file"":""cdeda14cbf7590ae5034c6ae27903c52dce2d2539920c41a59c2f2234e820ca7.json.gz""}"
formulae.brew.sh,pkg:brew/bzip2,,dependencies,4894,purl,pkg:brew/bzip2,,1,"{""url"":""https://science.ecosyste.ms/api/v1/packages?per_page=1000&page=67"",""fetched_at"":""2026-09-23T20:21:33Z"",""cache_file"":""27cea091ed3b0d1e6b1c72ff96a025255be0444abae87779b1d6ca0e025c9ca2.json.gz""}"
formulae.brew.sh,pkg:brew/ffmpeg,https://github.com/ffmpeg/ffmpeg,dependencies,4896,purl,pkg:brew/ffmpeg,,1,"{""url"":""https://science.ecosyste.ms/api/v1/packages?per_page=1000&page=73"",""fetched_at"":""2026-09-23T20:23:09Z"",""cache_file"":""d981730f013e7b72bd71b184f2e0eabc58a4ec3253de1b1242be51cf7d9900f4.json.gz""}"
formulae.brew.sh,pkg:brew/pkg-config,,dependencies,4903,purl,pkg:brew/pkg-config,,5,"{""url"":""https://science.ecosyste.ms/api/v1/packages?per_page=1000&page=10"",""fetched_at"":""2026-09-23T20:11:09Z"",""cache_file"":""9cf1186763fd9fd14f7165135c92a92f814f36ec8edcd277f5d7bbac47547e4f.json.gz""}"
repo1.maven.org,pkg:maven/org.ow2.asm/asm,https://gitlab.ow2.org/asm/asm,dependencies,4975,purl,pkg:maven/org.ow2.asm/asm,13.38,17,"{""url"":""https://science.ecosyste.ms/api/v1/packages?per_page=1000&page=4"",""fetched_at"":""2026-09-23T20:09:56Z"",""cache_file"":""1022619f69a3d12476e71e4b47fd5d60d4d59a1ddad984e1d08b462f5d51052a.json.gz""}"
repo1.maven.org,pkg:maven/org.ow2.asm/asm-commons,https://gitlab.ow2.org/asm/asm,dependencies,4976,purl,pkg:maven/org.ow2.asm/asm-commons,13.38,6,"{""url"":""https://science.ecosyste.ms/api/v1/packages?per_page=1000&page=8"",""fetched_at"":""2026-09-23T20:10:47Z"",""cache_file"":""edead3ff1ae05c52736c2cae091eda9a38cad1633de2df4b29be9314eb30cc6e.json.gz""}"
pypi.org,pkg:pypi/pydantic,https://github.com/pydantic/pydantic,dependencies,5193,purl,pkg:pypi/pydantic,16.1,1846,"{""url"":""https://science.ecosyste.ms/api/v1/packages?per_page=1000&page=1"",""fetched_at"":""2026-09-23T18:31:48Z"",""cache_file"":""beb2c2734ee59190973df1e89ebd83f45e20e68fea0240075b80b5b80c528e10.json.gz""}"
cran.r-project.org,pkg:cran/brew,https://github.com/gregfrog/brew,dependencies,5291,purl,pkg:cran/brew,7.0,16,"{""url"":""https://science.ecosyste.ms/api/v1/packages?per_page=1000&page=4"",""fetched_at"":""2026-09-23T20:09:56Z"",""cache_file"":""1022619f69a3d12476e71e4b47fd5d60d4d59a1ddad984e1d08b462f5d51052a.json.gz""}"
cran.r-project.org,pkg:cran/commonmark,https://github.com/r-lib/commonmark,dependencies,5293,purl,pkg:cran/commonmark,7.0,32,"{""url"":""https://science.ecosyste.ms/api/v1/packages?per_page=1000&page=2"",""fetched_at"":""2026-09-23T20:09:36Z"",""cache_file"":""2b1260162107e8d722838ec4ab177e096ed8cfe5c5acc667a84011b12735b3e8.json.gz""}"
cran.r-project.org,pkg:cran/gridBase,,dependencies,5312,purl,pkg:cran/gridBase,,16,"{""url"":""https://science.ecosyste.ms/api/v1/packages?per_page=1000&page=4"",""fetched_at"":""2026-09-23T20:09:56Z"",""cache_file"":""1022619f69a3d12476e71e4b47fd5d60d4d59a1ddad984e1d08b462f5d51052a.json.gz""}"
cran.r-project.org,pkg:cran/pacman,https://github.com/trinker/pacman,dependencies,5324,purl,pkg:cran/pacman,47.77,24,"{""url"":""https://science.ecosyste.ms/api/v1/packages?per_page=1000&page=3"",""fetched_at"":""2026-09-23T20:09:46Z"",""cache_file"":""43c6dde80c261ddc62688f062ec7bc17116645bcbcb0960d5639d1b0e0d3f36c.json.gz""}"
cran.r-project.org,pkg:cran/quantmod,https://github.com/joshuaulrich/quantmod,dependencies,5329,purl,pkg:cran/quantmod,20.24,34,"{""url"":""https://science.ecosyste.ms/api/v1/packages?per_page=1000&page=2"",""fetched_at"":""2026-09-23T20:09:36Z"",""cache_file"":""2b1260162107e8d722838ec4ab177e096ed8cfe5c5acc667a84011b12735b3e8.json.gz""}"
proxy.golang.org,pkg:golang/github.com/ajstarks/svgo,https://github.com/ajstarks/svgo,dependencies,5368,purl,pkg:golang/github.com/ajstarks/svgo,13.0,4,"{""url"":""https://science.ecosyste.ms/api/v1/packages?per_page=1000&page=11"",""fetched_at"":""2026-09-23T20:11:25Z"",""cache_file"":""a234178575677f74c2fb7d3614b3052f63eefe4cbd53f665243a3d0180b30e02.json.gz""}"
proxy.golang.org,pkg:golang/github.com/hashicorp/errwrap,https://github.com/hashicorp/errwrap,dependencies,5386,purl,pkg:golang/github.com/hashicorp/errwrap,13.0,20,"{""url"":""https://science.ecosyste.ms/api/v1/packages?per_page=1000&page=3"",""fetched_at"":""2026-09-23T20:09:46Z"",""cache_file"":""43c6dde80c261ddc62688f062ec7bc17116645bcbcb0960d5639d1b0e0d3f36c.json.gz""}"
proxy.golang.org,pkg:golang/github.com/hashicorp/go-multierror,https://github.com/hashicorp/go-multierror,dependencies,5387,purl,pkg:golang/github.com/hashicorp/go-multierror,6.5,22,"{""url"":""https://science.ecosyste.ms/api/v1/packages?per_page=1000&page=3"",""fetched_at"":""2026-09-23T20:09:46Z"",""cache_file"":""43c6dde80c261ddc62688f062ec7bc17116645bcbcb0960d5639d1b0e0d3f36c.json.gz""}"
proxy.golang.org,pkg:golang/github.com/rivo/uniseg,https://github.com/rivo/uniseg,dependencies,5402,purl,pkg:golang/github.com/rivo/uniseg,13.0,26,"{""url"":""https://science.ecosyste.ms/api/v1/packages?per_page=1000&page=3"",""fetched_at"":""2026-09-23T20:09:46Z"",""cache_file"":""43c6dde80c261ddc62688f062ec7bc17116645bcbcb0960d5639d1b0e0d3f36c.json.gz""}"
proxy.golang.org,pkg:golang/github.com/ulikunitz/xz,https://github.com/ulikunitz/xz,dependencies,5404,purl,pkg:golang/github.com/ulikunitz/xz,13.0,11,"{""url"":""https://science.ecosyste.ms/api/v1/packages?per_page=1000&page=5"",""fetched_at"":""2026-09-23T20:10:08Z"",""cache_file"":""40c89b8a138dc9c33db96f75b7e768e4ecde7ac0551ebf5e11d512e62a42e34b.json.gz""}"
proxy.golang.org,pkg:golang/gonum.org/v1/plot,https://github.com/gonum/plot,dependencies,5413,purl,pkg:golang/gonum.org/v1/plot,13.53,8,"{""url"":""https://science.ecosyste.ms/api/v1/packages?per_page=1000&page=6"",""fetched_at"":""2026-09-23T20:10:21Z"",""cache_file"":""953ff191a5369de755bbbfbb0f10641279d1ecda54c0d35e7d57ba60421998ab.json.gz""}"
formulae.brew.sh,pkg:brew/cmake,https://gitlab.kitware.com/cmake/cmake,dependencies,5429,purl,pkg:brew/cmake,,7,"{""url"":""https://science.ecosyste.ms/api/v1/packages?per_page=1000&page=7"",""fetched_at"":""2026-09-23T20:10:35Z"",""cache_file"":""cdeda14cbf7590ae5034c6ae27903c52dce2d2539920c41a59c2f2234e820ca7.json.gz""}"
formulae.brew.sh,pkg:brew/fmt,https://github.com/fmtlib/fmt,dependencies,5433,purl,pkg:brew/fmt,,4,"{""url"":""https://science.ecosyste.ms/api/v1/packages?per_page=1000&page=11"",""fetched_at"":""2026-09-23T20:11:25Z"",""cache_file"":""a234178575677f74c2fb7d3614b3052f63eefe4cbd53f665243a3d0180b30e02.json.gz""}"
juliahub.com,pkg:julia/DelayEmbeddings,https://github.com/juliadynamics/delayembeddings.jl,dependencies,5452,purl,pkg:julia/DelayEmbeddings,44.25,7,"{""url"":""https://science.ecosyste.ms/api/v1/packages?per_page=1000&page=7"",""fetched_at"":""2026-09-23T20:10:35Z"",""cache_file"":""cdeda14cbf7590ae5034c6ae27903c52dce2d2539920c41a59c2f2234e820ca7.json.gz""}"
juliahub.com,pkg:julia/NLSolversBase,https://github.com/julianlsolvers/nlsolversbase.jl,dependencies,5476,purl,pkg:julia/NLSolversBase,21.0,14,"{""url"":""https://science.ecosyste.ms/api/v1/packages?per_page=1000&page=4"",""fetched_at"":""2026-09-23T20:09:56Z"",""cache_file"":""1022619f69a3d12476e71e4b47fd5d60d4d59a1ddad984e1d08b462f5d51052a.json.gz""}"
pypi.org,pkg:pypi/multiprocess,https://github.com/uqfoundation/multiprocess,dependencies,5592,purl,pkg:pypi/multiprocess,29.5,443,"{""url"":""https://science.ecosyste.ms/api/v1/packages?per_page=1000&page=1"",""fetched_at"":""2026-09-23T18:31:48Z"",""cache_file"":""beb2c2734ee59190973df1e89ebd83f45e20e68fea0240075b80b5b80c528e10.json.gz""}"
pypi.org,pkg:pypi/nltk,https://github.com/nltk/nltk,dependencies,5594,purl,pkg:pypi/nltk,37.6,1002,"{""url"":""https://science.ecosyste.ms/api/v1/packages?per_page=1000&page=1"",""fetched_at"":""2026-09-23T18:31:48Z"",""cache_file"":""beb2c2734ee59190973df1e89ebd83f45e20e68fea0240075b80b5b80c528e10.json.gz""}"
pypi.org,pkg:pypi/pip,https://github.com/pypa/pip,dependencies,5603,purl,pkg:pypi/pip,21.23,819,"{""url"":""https://science.ecosyste.ms/api/v1/packages?per_page=1000&page=1"",""fetched_at"":""2026-09-23T18:31:48Z"",""cache_file"":""beb2c2734ee59190973df1e89ebd83f45e20e68fea0240075b80b5b80c528e10.json.gz""}"
pypi.org,pkg:pypi/tensorflow,https://github.com/tensorflow/tensorflow,dependencies,5617,purl,pkg:pypi/tensorflow,49.19,1536,"{""url"":""https://science.ecosyste.ms/api/v1/packages?per_page=1000&page=1"",""fetched_at"":""2026-09-23T18:31:48Z"",""cache_file"":""beb2c2734ee59190973df1e89ebd83f45e20e68fea0240075b80b5b80c528e10.json.gz""}"
pypi.org,pkg:pypi/xlrd,,dependencies,5624,purl,pkg:pypi/xlrd,,452,"{""url"":""https://science.ecosyste.ms/api/v1/packages?per_page=1000&page=1"",""fetched_at"":""2026-09-23T18:31:48Z"",""cache_file"":""beb2c2734ee59190973df1e89ebd83f45e20e68fea0240075b80b5b80c528e10.json.gz""}"
crates.io,pkg:cargo/aho-corasick,https://github.com/burntsushi/aho-corasick,dependencies,5743,purl,pkg:cargo/aho-corasick,13.0,3,"{""url"":""https://science.ecosyste.ms/api/v1/packages?per_page=1000&page=12"",""fetched_at"":""2026-09-23T20:11:33Z"",""cache_file"":""726e4acba0dce811ec23946ba4adc96b23e026803f186554c6e683ac2cd0008b.json.gz""}"
proxy.golang.org,pkg:golang/github.com/hashicorp/go-hclog,https://github.com/hashicorp/go-hclog,dependencies,5927,purl,pkg:golang/github.com/hashicorp/go-hclog,13.0,8,"{""url"":""https://science.ecosyste.ms/api/v1/packages?per_page=1000&page=6"",""fetched_at"":""2026-09-23T20:10:21Z"",""cache_file"":""953ff191a5369de755bbbfbb0f10641279d1ecda54c0d35e7d57ba60421998ab.json.gz""}"
hex.pm,pkg:hex/ex_doc,https://github.com/elixir-lang/ex_doc,dependencies,6047,purl,pkg:hex/ex_doc,13.0,10,"{""url"":""https://science.ecosyste.ms/api/v1/packages?per_page=1000&page=5"",""fetched_at"":""2026-09-23T20:10:08Z"",""cache_file"":""40c89b8a138dc9c33db96f75b7e768e4ecde7ac0551ebf5e11d512e62a42e34b.json.gz""}"
formulae.brew.sh,pkg:brew/autoconf,,dependencies,6051,purl,pkg:brew/autoconf,,1,"{""url"":""https://science.ecosyste.ms/api/v1/packages?per_page=1000&page=65"",""fetched_at"":""2026-09-23T20:21:07Z"",""cache_file"":""f3f00e9961c88faaa31def2b557972e1d401fad657ed65f492590ed4b7fa1bfd.json.gz""}"
formulae.brew.sh,pkg:brew/automake,,dependencies,6052,purl,pkg:brew/automake,,1,"{""url"":""https://science.ecosyste.ms/api/v1/packages?per_page=1000&page=65"",""fetched_at"":""2026-09-23T20:21:07Z"",""cache_file"":""f3f00e9961c88faaa31def2b557972e1d401fad657ed65f492590ed4b7fa1bfd.json.gz""}"
formulae.brew.sh,pkg:brew/libtool,,dependencies,6054,purl,pkg:brew/libtool,,1,"{""url"":""https://science.ecosyste.ms/api/v1/packages?per_page=1000&page=81"",""fetched_at"":""2026-09-23T20:25:20Z"",""cache_file"":""5bdab7d39657e472d166c65c908ee724040f928ce70ed15c8a8793468c837466.json.gz""}"
repo1.maven.org,pkg:maven/org.apache.poi/poi,,dependencies,6094,purl,pkg:maven/org.apache.poi/poi,,30,"{""url"":""https://science.ecosyste.ms/api/v1/packages?per_page=1000&page=3"",""fetched_at"":""2026-09-23T20:09:46Z"",""cache_file"":""43c6dde80c261ddc62688f062ec7bc17116645bcbcb0960d5639d1b0e0d3f36c.json.gz""}"
pypi.org,pkg:pypi/pytest-mock,https://github.com/pytest-dev/pytest-mock,dependencies,6141,purl,pkg:pypi/pytest-mock,21.12,377,"{""url"":""https://science.ecosyste.ms/api/v1/packages?per_page=1000&page=1"",""fetched_at"":""2026-09-23T18:31:48Z"",""cache_file"":""beb2c2734ee59190973df1e89ebd83f45e20e68fea0240075b80b5b80c528e10.json.gz""}"
proxy.golang.org,pkg:golang/github.com/docker/docker,https://github.com/docker/docker,dependencies,6277,purl,pkg:golang/github.com/docker/docker,,20,"{""url"":""https://science.ecosyste.ms/api/v1/packages?per_page=1000&page=3"",""fetched_at"":""2026-09-23T20:09:46Z"",""cache_file"":""43c6dde80c261ddc62688f062ec7bc17116645bcbcb0960d5639d1b0e0d3f36c.json.gz""}"
proxy.golang.org,pkg:golang/github.com/google/pprof,https://github.com/google/pprof,dependencies,6280,purl,pkg:golang/github.com/google/pprof,13.12,17,"{""url"":""https://science.ecosyste.ms/api/v1/packages?per_page=1000&page=4"",""fetched_at"":""2026-09-23T20:09:56Z"",""cache_file"":""1022619f69a3d12476e71e4b47fd5d60d4d59a1ddad984e1d08b462f5d51052a.json.gz""}"
npmjs.org,pkg:npm/date-fns,https://github.com/date-fns/date-fns,dependencies,6545,purl,pkg:npm/date-fns,,76,"{""url"":""https://science.ecosyste.ms/api/v1/packages?per_page=1000&page=2"",""fetched_at"":""2026-09-23T20:09:36Z"",""cache_file"":""2b1260162107e8d722838ec4ab177e096ed8cfe5c5acc667a84011b12735b3e8.json.gz""}"
npmjs.org,pkg:npm/enquirer,https://github.com/enquirer/enquirer,dependencies,6648,purl,pkg:npm/enquirer,13.09,1,"{""url"":""https://science.ecosyste.ms/api/v1/packages?per_page=1000&page=72"",""fetched_at"":""2026-09-23T20:22:57Z"",""cache_file"":""c27ed46f779b4974ffbadde6176d8df69f8a3932dce569cf891262a03e162099.json.gz""}"
crates.io,pkg:cargo/protobuf,https://github.com/stepancheg/rust-protobuf,dependencies,6863,purl,pkg:cargo/protobuf,,3,"{""url"":""https://science.ecosyste.ms/api/v1/packages?per_page=1000&page=14"",""fetched_at"":""2026-09-23T20:11:52Z"",""cache_file"":""155e8ad70933594fef7cf6387b59a328219fa033eebe17babae7110e08da48cf.json.gz""}"
crates.io,pkg:cargo/rand_core,https://github.com/rust-lang-nursery/rand,dependencies,6865,purl,pkg:cargo/rand_core,,11,"{""url"":""https://science.ecosyste.ms/api/v1/packages?per_page=1000&page=5"",""fetched_at"":""2026-09-23T20:10:08Z"",""cache_file"":""40c89b8a138dc9c33db96f75b7e768e4ecde7ac0551ebf5e11d512e62a42e34b.json.gz""}"
crates.io,pkg:cargo/regex-syntax,https://github.com/rust-lang/regex,dependencies,6869,purl,pkg:cargo/regex-syntax,13.17,4,"{""url"":""https://science.ecosyste.ms/api/v1/packages?per_page=1000&page=12"",""fetched_at"":""2026-09-23T20:11:33Z"",""cache_file"":""726e4acba0dce811ec23946ba4adc96b23e026803f186554c6e683ac2cd0008b.json.gz""}"
crates.io,pkg:cargo/tokio-native-tls,https://github.com/tokio-rs/tls,dependencies,6876,purl,pkg:cargo/tokio-native-tls,13.0,1,"{""url"":""https://science.ecosyste.ms/api/v1/packages?per_page=1000&page=97"",""fetched_at"":""2026-09-24T08:38:35Z"",""cache_file"":""6cc6e6e4ae59a37f2889e53039f4d21527f0e56650798c4d8e7c966fceee8408.json.gz""}"
cran.r-project.org,pkg:cran/downlit,https://github.com/r-lib/downlit,dependencies,6891,purl,pkg:cran/downlit,34.0,29,"{""url"":""https://science.ecosyste.ms/api/v1/packages?per_page=1000&page=3"",""fetched_at"":""2026-09-23T20:09:46Z"",""cache_file"":""43c6dde80c261ddc62688f062ec7bc17116645bcbcb0960d5639d1b0e0d3f36c.json.gz""}"
proxy.golang.org,pkg:golang/github.com/go-redis/redis,https://github.com/go-redis/redis,dependencies,6918,purl,pkg:golang/github.com/go-redis/redis,,1,"{""url"":""https://science.ecosyste.ms/api/v1/packages?per_page=1000&page=75"",""fetched_at"":""2026-09-23T20:23:26Z"",""cache_file"":""14965df019687f8faa3fb8485eb187a06b696297345e0cce0db1a0b7def979ae.json.gz""}"
crates.io,pkg:cargo/clap_complete,https://github.com/clap-rs/clap,dependencies,7350,purl,pkg:cargo/clap_complete,16.12,4,"{""url"":""https://science.ecosyste.ms/api/v1/packages?per_page=1000&page=10"",""fetched_at"":""2026-09-23T20:11:09Z"",""cache_file"":""9cf1186763fd9fd14f7165135c92a92f814f36ec8edcd277f5d7bbac47547e4f.json.gz""}"
crates.io,pkg:cargo/fancy-regex,https://github.com/fancy-regex/fancy-regex,dependencies,7364,purl,pkg:cargo/fancy-regex,21.14,9,"{""url"":""https://science.ecosyste.ms/api/v1/packages?per_page=1000&page=6"",""fetched_at"":""2026-09-23T20:10:21Z"",""cache_file"":""953ff191a5369de755bbbfbb0f10641279d1ecda54c0d35e7d57ba60421998ab.json.gz""}"
crates.io,pkg:cargo/memchr,https://github.com/burntsushi/memchr,dependencies,7383,purl,pkg:cargo/memchr,13.19,10,"{""url"":""https://science.ecosyste.ms/api/v1/packages?per_page=1000&page=5"",""fetched_at"":""2026-09-23T20:10:08Z"",""cache_file"":""40c89b8a138dc9c33db96f75b7e768e4ecde7ac0551ebf5e11d512e62a42e34b.json.gz""}"
crates.io,pkg:cargo/sha2,https://github.com/rustcrypto/hashes,dependencies,7406,purl,pkg:cargo/sha2,13.16,28,"{""url"":""https://science.ecosyste.ms/api/v1/packages?per_page=1000&page=3"",""fetched_at"":""2026-09-23T20:09:46Z"",""cache_file"":""43c6dde80c261ddc62688f062ec7bc17116645bcbcb0960d5639d1b0e0d3f36c.json.gz""}"
proxy.golang.org,pkg:golang/cloud.google.com/go,https://github.com/googleapis/google-cloud-go,dependencies,7483,purl,pkg:golang/cloud.google.com/go,13.03,20,"{""url"":""https://science.ecosyste.ms/api/v1/packages?per_page=1000&page=3"",""fetched_at"":""2026-09-23T20:09:46Z"",""cache_file"":""43c6dde80c261ddc62688f062ec7bc17116645bcbcb0960d5639d1b0e0d3f36c.json.gz""}"
proxy.golang.org,pkg:golang/github.com/hpcloud/tail,https://github.com/hpcloud/tail,dependencies,7497,purl,pkg:golang/github.com/hpcloud/tail,13.0,1,"{""url"":""https://science.ecosyste.ms/api/v1/packages?per_page=1000&page=75"",""fetched_at"":""2026-09-23T20:23:26Z"",""cache_file"":""14965df019687f8faa3fb8485eb187a06b696297345e0cce0db1a0b7def979ae.json.gz""}"
proxy.golang.org,pkg:golang/github.com/jtolds/gls,https://github.com/jtolds/gls,dependencies,7502,purl,pkg:golang/github.com/jtolds/gls,13.0,1,"{""url"":""https://science.ecosyste.ms/api/v1/packages?per_page=1000&page=75"",""fetched_at"":""2026-09-23T20:23:26Z"",""cache_file"":""14965df019687f8faa3fb8485eb187a06b696297345e0cce0db1a0b7def979ae.json.gz""}"
proxy.golang.org,pkg:golang/gopkg.in/warnings.v0,https://github.com/go-warnings/warnings,dependencies,7536,purl,pkg:golang/gopkg.in/warnings.v0,,8,"{""url"":""https://science.ecosyste.ms/api/v1/packages?per_page=1000&page=6"",""fetched_at"":""2026-09-23T20:10:21Z"",""cache_file"":""953ff191a5369de755bbbfbb0f10641279d1ecda54c0d35e7d57ba60421998ab.json.gz""}"
proxy.golang.org,pkg:golang/k8s.io/kubernetes,https://github.com/kubernetes/kubernetes,dependencies,7539,purl,pkg:golang/k8s.io/kubernetes,21.07,2,"{""url"":""https://science.ecosyste.ms/api/v1/packages?per_page=1000&page=18"",""fetched_at"":""2026-09-23T20:12:53Z"",""cache_file"":""ab110e1e192d304bd69ea5f571dbacca5c0eb30375c74456a1473f874eb63870.json.gz""}"
repo1.maven.org,pkg:maven/com.jcraft/jsch,https://git.jcraft.com/jsch,dependencies,7557,purl,pkg:maven/com.jcraft/jsch,,7,"{""url"":""https://science.ecosyste.ms/api/v1/packages?per_page=1000&page=7"",""fetched_at"":""2026-09-23T20:10:35Z"",""cache_file"":""cdeda14cbf7590ae5034c6ae27903c52dce2d2539920c41a59c2f2234e820ca7.json.gz""}"
repo1.maven.org,pkg:maven/io.swagger/swagger-annotations,https://github.com/swagger-api/swagger-core,dependencies,7565,purl,pkg:maven/io.swagger/swagger-annotations,13.1,5,"{""url"":""https://science.ecosyste.ms/api/v1/packages?per_page=1000&page=9"",""fetched_at"":""2026-09-23T20:10:58Z"",""cache_file"":""f525864688bd2f9b2a718f3ed95db9e06c620acb8d63dffab1d7e2b154250d66.json.gz""}"
pypi.org,pkg:pypi/importlib-metadata,https://github.com/python/importlib_metadata,dependencies,7631,purl,pkg:pypi/importlib-metadata,13.29,1554,"{""url"":""https://science.ecosyste.ms/api/v1/packages?per_page=1000&page=1"",""fetched_at"":""2026-09-23T18:31:48Z"",""cache_file"":""beb2c2734ee59190973df1e89ebd83f45e20e68fea0240075b80b5b80c528e10.json.gz""}"
crates.io,pkg:cargo/blake2,https://github.com/rustcrypto/hashes,dependencies,7697,purl,pkg:cargo/blake2,13.16,7,"{""url"":""https://science.ecosyste.ms/api/v1/packages?per_page=1000&page=7"",""fetched_at"":""2026-09-23T20:10:35Z"",""cache_file"":""cdeda14cbf7590ae5034c6ae27903c52dce2d2539920c41a59c2f2234e820ca7.json.gz""}"
crates.io,pkg:cargo/sha3,https://github.com/rustcrypto/hashes,dependencies,7701,purl,pkg:cargo/sha3,13.16,5,"{""url"":""https://science.ecosyste.ms/api/v1/packages?per_page=1000&page=10"",""fetched_at"":""2026-09-23T20:11:09Z"",""cache_file"":""9cf1186763fd9fd14f7165135c92a92f814f36ec8edcd277f5d7bbac47547e4f.json.gz""}"
proxy.golang.org,pkg:golang/cloud.google.com/go/compute/metadata,https://github.com/googleapis/google-cloud-go,dependencies,7789,purl,pkg:golang/cloud.google.com/go/compute/metadata,13.03,10,"{""url"":""https://science.ecosyste.ms/api/v1/packages?per_page=1000&page=5"",""fetched_at"":""2026-09-23T20:10:08Z"",""cache_file"":""40c89b8a138dc9c33db96f75b7e768e4ecde7ac0551ebf5e11d512e62a42e34b.json.gz""}"
proxy.golang.org,pkg:golang/cloud.google.com/go/iam,https://github.com/googleapis/google-cloud-go,dependencies,7790,purl,pkg:golang/cloud.google.com/go/iam,13.03,11,"{""url"":""https://science.ecosyste.ms/api/v1/packages?per_page=1000&page=5"",""fetched_at"":""2026-09-23T20:10:08Z"",""cache_file"":""40c89b8a138dc9c33db96f75b7e768e4ecde7ac0551ebf5e11d512e62a42e34b.json.gz""}"
proxy.golang.org,pkg:golang/cloud.google.com/go/storage,https://github.com/googleapis/google-cloud-go,dependencies,7792,purl,pkg:golang/cloud.google.com/go/storage,13.03,10,"{""url"":""https://science.ecosyste.ms/api/v1/packages?per_page=1000&page=5"",""fetched_at"":""2026-09-23T20:10:08Z"",""cache_file"":""40c89b8a138dc9c33db96f75b7e768e4ecde7ac0551ebf5e11d512e62a42e34b.json.gz""}"
proxy.golang.org,pkg:golang/github.com/hashicorp/consul/api,https://github.com/hashicorp/consul,dependencies,7862,purl,pkg:golang/github.com/hashicorp/consul/api,13.05,1,"{""url"":""https://science.ecosyste.ms/api/v1/packages?per_page=1000&page=75"",""fetched_at"":""2026-09-23T20:23:26Z"",""cache_file"":""14965df019687f8faa3fb8485eb187a06b696297345e0cce0db1a0b7def979ae.json.gz""}"
proxy.golang.org,pkg:golang/github.com/hashicorp/memberlist,https://github.com/hashicorp/memberlist,dependencies,7864,purl,pkg:golang/github.com/hashicorp/memberlist,21.0,2,"{""url"":""https://science.ecosyste.ms/api/v1/packages?per_page=1000&page=18"",""fetched_at"":""2026-09-23T20:12:53Z"",""cache_file"":""ab110e1e192d304bd69ea5f571dbacca5c0eb30375c74456a1473f874eb63870.json.gz""}"
proxy.golang.org,pkg:golang/github.com/stretchr/objx,https://github.com/stretchr/objx,dependencies,7911,purl,pkg:golang/github.com/stretchr/objx,13.0,14,"{""url"":""https://science.ecosyste.ms/api/v1/packages?per_page=1000&page=4"",""fetched_at"":""2026-09-23T20:09:56Z"",""cache_file"":""1022619f69a3d12476e71e4b47fd5d60d4d59a1ddad984e1d08b462f5d51052a.json.gz""}"
proxy.golang.org,pkg:golang/github.com/urfave/cli/v2,https://github.com/urfave/cli,dependencies,7917,purl,pkg:golang/github.com/urfave/cli/v2,13.04,17,"{""url"":""https://science.ecosyste.ms/api/v1/packages?per_page=1000&page=4"",""fetched_at"":""2026-09-23T20:09:56Z"",""cache_file"":""1022619f69a3d12476e71e4b47fd5d60d4d59a1ddad984e1d08b462f5d51052a.json.gz""}"
proxy.golang.org,pkg:golang/github.com/valyala/fasthttp,https://github.com/valyala/fasthttp,dependencies,7918,purl,pkg:golang/github.com/valyala/fasthttp,13.04,1,"{""url"":""https://science.ecosyste.ms/api/v1/packages?per_page=1000&page=76"",""fetched_at"":""2026-09-23T20:23:48Z"",""cache_file"":""3b2b99bba2d25491b0a7a32e9add214584aeb0c3602e476b05e760f0a1d5ba34.json.gz""}"
pypi.org,pkg:pypi/et-xmlfile,,dependencies,7922,purl,pkg:pypi/et-xmlfile,,287,"{""url"":""https://science.ecosyste.ms/api/v1/packages?per_page=1000&page=1"",""fetched_at"":""2026-09-23T18:31:48Z"",""cache_file"":""beb2c2734ee59190973df1e89ebd83f45e20e68fea0240075b80b5b80c528e10.json.gz""}"
pypi.org,pkg:pypi/patsy,https://github.com/pydata/patsy,dependencies,7926,purl,pkg:pypi/patsy,17.2,400,"{""url"":""https://science.ecosyste.ms/api/v1/packages?per_page=1000&page=1"",""fetched_at"":""2026-09-23T18:31:48Z"",""cache_file"":""beb2c2734ee59190973df1e89ebd83f45e20e68fea0240075b80b5b80c528e10.json.gz""}"
pypi.org,pkg:pypi/tabulate,https://github.com/astanin/python-tabulate,dependencies,7934,purl,pkg:pypi/tabulate,13.19,1139,"{""url"":""https://science.ecosyste.ms/api/v1/packages?per_page=1000&page=1"",""fetched_at"":""2026-09-23T18:31:48Z"",""cache_file"":""beb2c2734ee59190973df1e89ebd83f45e20e68fea0240075b80b5b80c528e10.json.gz""}"
cran.r-project.org,pkg:cran/ellipsis,https://github.com/r-lib/ellipsis,dependencies,7988,purl,pkg:cran/ellipsis,21.0,50,"{""url"":""https://science.ecosyste.ms/api/v1/packages?per_page=1000&page=2"",""fetched_at"":""2026-09-23T20:09:36Z"",""cache_file"":""2b1260162107e8d722838ec4ab177e096ed8cfe5c5acc667a84011b12735b3e8.json.gz""}"
proxy.golang.org,pkg:golang/cloud.google.com/go/compute,https://github.com/googleapis/google-cloud-go,dependencies,8023,purl,pkg:golang/cloud.google.com/go/compute,13.03,5,"{""url"":""https://science.ecosyste.ms/api/v1/packages?per_page=1000&page=9"",""fetched_at"":""2026-09-23T20:10:58Z"",""cache_file"":""f525864688bd2f9b2a718f3ed95db9e06c620acb8d63dffab1d7e2b154250d66.json.gz""}"
proxy.golang.org,pkg:golang/github.com/opencontainers/runc,https://github.com/opencontainers/runc,dependencies,8055,purl,pkg:golang/github.com/opencontainers/runc,13.1,11,"{""url"":""https://science.ecosyste.ms/api/v1/packages?per_page=1000&page=5"",""fetched_at"":""2026-09-23T20:10:08Z"",""cache_file"":""40c89b8a138dc9c33db96f75b7e768e4ecde7ac0551ebf5e11d512e62a42e34b.json.gz""}"
proxy.golang.org,pkg:golang/github.com/willf/bitset,https://github.com/willf/bitset,dependencies,8075,purl,pkg:golang/github.com/willf/bitset,,3,"{""url"":""https://science.ecosyste.ms/api/v1/packages?per_page=1000&page=13"",""fetched_at"":""2026-09-23T20:11:43Z"",""cache_file"":""cfd3afd1e2ab168f294a24cc99445b97277da89f3d663f161b984636086899da.json.gz""}"
proxy.golang.org,pkg:golang/go.uber.org/zap,https://github.com/uber-go/zap,dependencies,8100,purl,pkg:golang/go.uber.org/zap,,36,"{""url"":""https://science.ecosyste.ms/api/v1/packages?per_page=1000&page=2"",""fetched_at"":""2026-09-23T20:09:36Z"",""cache_file"":""2b1260162107e8d722838ec4ab177e096ed8cfe5c5acc667a84011b12735b3e8.json.gz""}"
hub.docker.com,pkg:docker/jaegertracing%2Fall-in-one,,dependencies,8292,purl,pkg:docker/jaegertracing%2Fall-in-one,,5,"{""url"":""https://science.ecosyste.ms/api/v1/packages?per_page=1000&page=9"",""fetched_at"":""2026-09-23T20:10:58Z"",""cache_file"":""f525864688bd2f9b2a718f3ed95db9e06c620acb8d63dffab1d7e2b154250d66.json.gz""}"
proxy.golang.org,pkg:golang/github.com/urfave/cli,https://github.com/urfave/cli,dependencies,8325,purl,pkg:golang/github.com/urfave/cli,13.04,5,"{""url"":""https://science.ecosyste.ms/api/v1/packages?per_page=1000&page=9"",""fetched_at"":""2026-09-23T20:10:58Z"",""cache_file"":""f525864688bd2f9b2a718f3ed95db9e06c620acb8d63dffab1d7e2b154250d66.json.gz""}"
hackage.haskell.org,pkg:hackage/blaze-html,https://github.com/jaspervdj/blaze-html,dependencies,8333,purl,pkg:hackage/blaze-html,,2,"{""url"":""https://science.ecosyste.ms/api/v1/packages?per_page=1000&page=16"",""fetched_at"":""2026-09-23T20:12:27Z"",""cache_file"":""ffde8df4be5e6610bd1efff0a2c0aefa2c9f532afc02a082317a377cedeefc27.json.gz""}"
hackage.haskell.org,pkg:hackage/directory-tree,https://github.com/jberryman/directory-tree,dependencies,8340,purl,pkg:hackage/directory-tree,,1,"{""url"":""https://science.ecosyste.ms/api/v1/packages?per_page=1000&page=71"",""fetched_at"":""2026-09-23T20:22:49Z"",""cache_file"":""ffc7db324b2ce8850b5372a3ea37922abdd9151a6fd47f05da057e93fcef27ee.json.gz""}"
hackage.haskell.org,pkg:hackage/happy,https://github.com/haskell/happy,dependencies,8351,purl,pkg:hackage/happy,,4,"{""url"":""https://science.ecosyste.ms/api/v1/packages?per_page=1000&page=11"",""fetched_at"":""2026-09-23T20:11:25Z"",""cache_file"":""a234178575677f74c2fb7d3614b3052f63eefe4cbd53f665243a3d0180b30e02.json.gz""}"
hackage.haskell.org,pkg:hackage/megaparsec,https://github.com/mrkkrp/megaparsec,dependencies,8357,purl,pkg:hackage/megaparsec,13.26,9,"{""url"":""https://science.ecosyste.ms/api/v1/packages?per_page=1000&page=6"",""fetched_at"":""2026-09-23T20:10:21Z"",""cache_file"":""953ff191a5369de755bbbfbb0f10641279d1ecda54c0d35e7d57ba60421998ab.json.gz""}"
hackage.haskell.org,pkg:hackage/regex-tdfa,https://github.com/haskell-hvr/regex-tdfa,dependencies,8363,purl,pkg:hackage/regex-tdfa,,4,"{""url"":""https://science.ecosyste.ms/api/v1/packages?per_page=1000&page=12"",""fetched_at"":""2026-09-23T20:11:33Z"",""cache_file"":""726e4acba0dce811ec23946ba4adc96b23e026803f186554c6e683ac2cd0008b.json.gz""}"
hackage.haskell.org,pkg:hackage/statistics,https://github.com/haskell/statistics,dependencies,8365,purl,pkg:hackage/statistics,13.32,4,"{""url"":""https://science.ecosyste.ms/api/v1/packages?per_page=1000&page=12"",""fetched_at"":""2026-09-23T20:11:33Z"",""cache_file"":""726e4acba0dce811ec23946ba4adc96b23e026803f186554c6e683ac2cd0008b.json.gz""}"
hackage.haskell.org,pkg:hackage/template-haskell,https://gitlab.haskell.org/ghc/ghc.git(libraries/template-haskell),dependencies,8367,purl,pkg:hackage/template-haskell,,10,"{""url"":""https://science.ecosyste.ms/api/v1/packages?per_page=1000&page=6"",""fetched_at"":""2026-09-23T20:10:21Z"",""cache_file"":""953ff191a5369de755bbbfbb0f10641279d1ecda54c0d35e7d57ba60421998ab.json.gz""}"
hackage.haskell.org,pkg:hackage/terminal-size,https://github.com/biegunka/terminal-size,dependencies,8368,purl,pkg:hackage/terminal-size,,5,"{""url"":""https://science.ecosyste.ms/api/v1/packages?per_page=1000&page=10"",""fetched_at"":""2026-09-23T20:11:09Z"",""cache_file"":""9cf1186763fd9fd14f7165135c92a92f814f36ec8edcd277f5d7bbac47547e4f.json.gz""}"
hackage.haskell.org,pkg:hackage/zlib,https://github.com/haskell/zlib,dependencies,8371,purl,pkg:hackage/zlib,,2,"{""url"":""https://science.ecosyste.ms/api/v1/packages?per_page=1000&page=23"",""fetched_at"":""2026-09-23T20:14:10Z"",""cache_file"":""b290333de94b5db372bee4e07dcb6954650b9bf3e54bb2f8e51f8ef3b0249a7d.json.gz""}"
cran.r-project.org,pkg:cran/renv,https://github.com/rstudio/renv,dependencies,8474,purl,pkg:cran/renv,34.25,66,"{""url"":""https://science.ecosyste.ms/api/v1/packages?per_page=1000&page=2"",""fetched_at"":""2026-09-23T20:09:36Z"",""cache_file"":""2b1260162107e8d722838ec4ab177e096ed8cfe5c5acc667a84011b12735b3e8.json.gz""}"
repo1.maven.org,pkg:maven/com.github.tomakehurst/wiremock,https://github.com/wiremock/wiremock,dependencies,8550,purl,pkg:maven/com.github.tomakehurst/wiremock,13.02,7,"{""url"":""https://science.ecosyste.ms/api/v1/packages?per_page=1000&page=7"",""fetched_at"":""2026-09-23T20:10:35Z"",""cache_file"":""cdeda14cbf7590ae5034c6ae27903c52dce2d2539920c41a59c2f2234e820ca7.json.gz""}"
repo1.maven.org,pkg:maven/javax.servlet/jstl,,dependencies,8576,purl,pkg:maven/javax.servlet/jstl,,11,"{""url"":""https://science.ecosyste.ms/api/v1/packages?per_page=1000&page=5"",""fetched_at"":""2026-09-23T20:10:08Z"",""cache_file"":""40c89b8a138dc9c33db96f75b7e768e4ecde7ac0551ebf5e11d512e62a42e34b.json.gz""}"
repo1.maven.org,pkg:maven/org.apache.hadoop/hadoop-common,,dependencies,8583,purl,pkg:maven/org.apache.hadoop/hadoop-common,,28,"{""url"":""https://science.ecosyste.ms/api/v1/packages?per_page=1000&page=3"",""fetched_at"":""2026-09-23T20:09:46Z"",""cache_file"":""43c6dde80c261ddc62688f062ec7bc17116645bcbcb0960d5639d1b0e0d3f36c.json.gz""}"
repo1.maven.org,pkg:maven/org.apache.hadoop/hadoop-hdfs,,dependencies,8584,purl,pkg:maven/org.apache.hadoop/hadoop-hdfs,,8,"{""url"":""https://science.ecosyste.ms/api/v1/packages?per_page=1000&page=7"",""fetched_at"":""2026-09-23T20:10:35Z"",""cache_file"":""cdeda14cbf7590ae5034c6ae27903c52dce2d2539920c41a59c2f2234e820ca7.json.gz""}"
crates.io,pkg:cargo/blake3,https://github.com/blake3-team/blake3,dependencies,8731,purl,pkg:cargo/blake3,8.18,9,"{""url"":""https://science.ecosyste.ms/api/v1/packages?per_page=1000&page=6"",""fetched_at"":""2026-09-23T20:10:21Z"",""cache_file"":""953ff191a5369de755bbbfbb0f10641279d1ecda54c0d35e7d57ba60421998ab.json.gz""}"
cran.r-project.org,pkg:cran/conflicted,https://github.com/r-lib/conflicted,dependencies,8769,purl,pkg:cran/conflicted,21.56,42,"{""url"":""https://science.ecosyste.ms/api/v1/packages?per_page=1000&page=2"",""fetched_at"":""2026-09-23T20:09:36Z"",""cache_file"":""2b1260162107e8d722838ec4ab177e096ed8cfe5c5acc667a84011b12735b3e8.json.gz""}"
cran.r-project.org,pkg:cran/munsell,https://github.com/cwickham/munsell,dependencies,8774,purl,pkg:cran/munsell,35.25,15,"{""url"":""https://science.ecosyste.ms/api/v1/packages?per_page=1000&page=4"",""fetched_at"":""2026-09-23T20:09:56Z"",""cache_file"":""1022619f69a3d12476e71e4b47fd5d60d4d59a1ddad984e1d08b462f5d51052a.json.gz""}"
cran.r-project.org,pkg:cran/profvis,https://github.com/r-lib/profvis,dependencies,8777,purl,pkg:cran/profvis,21.28,28,"{""url"":""https://science.ecosyste.ms/api/v1/packages?per_page=1000&page=3"",""fetched_at"":""2026-09-23T20:09:46Z"",""cache_file"":""43c6dde80c261ddc62688f062ec7bc17116645bcbcb0960d5639d1b0e0d3f36c.json.gz""}"
proxy.golang.org,pkg:golang/github.com/go-kit/kit,https://github.com/go-kit/kit,dependencies,8855,purl,pkg:golang/github.com/go-kit/kit,13.08,1,"{""url"":""https://science.ecosyste.ms/api/v1/packages?per_page=1000&page=75"",""fetched_at"":""2026-09-23T20:23:26Z"",""cache_file"":""14965df019687f8faa3fb8485eb187a06b696297345e0cce0db1a0b7def979ae.json.gz""}"
proxy.golang.org,pkg:golang/github.com/olekukonko/tablewriter,https://github.com/olekukonko/tablewriter,dependencies,9196,purl,pkg:golang/github.com/olekukonko/tablewriter,13.14,11,"{""url"":""https://science.ecosyste.ms/api/v1/packages?per_page=1000&page=5"",""fetched_at"":""2026-09-23T20:10:08Z"",""cache_file"":""40c89b8a138dc9c33db96f75b7e768e4ecde7ac0551ebf5e11d512e62a42e34b.json.gz""}"
cran.r-project.org,pkg:cran/credentials,https://github.com/r-lib/credentials,dependencies,9253,purl,pkg:cran/credentials,20.0,4,"{""url"":""https://science.ecosyste.ms/api/v1/packages?per_page=1000&page=11"",""fetched_at"":""2026-09-23T20:11:25Z"",""cache_file"":""a234178575677f74c2fb7d3614b3052f63eefe4cbd53f665243a3d0180b30e02.json.gz""}"
cran.r-project.org,pkg:cran/diagram,,dependencies,9254,purl,pkg:cran/diagram,,19,"{""url"":""https://science.ecosyste.ms/api/v1/packages?per_page=1000&page=3"",""fetched_at"":""2026-09-23T20:09:46Z"",""cache_file"":""43c6dde80c261ddc62688f062ec7bc17116645bcbcb0960d5639d1b0e0d3f36c.json.gz""}"
cran.r-project.org,pkg:cran/fansi,https://github.com/brodieg/fansi,dependencies,9260,purl,pkg:cran/fansi,28.0,59,"{""url"":""https://science.ecosyste.ms/api/v1/packages?per_page=1000&page=2"",""fetched_at"":""2026-09-23T20:09:36Z"",""cache_file"":""2b1260162107e8d722838ec4ab177e096ed8cfe5c5acc667a84011b12735b3e8.json.gz""}"
cran.r-project.org,pkg:cran/gitcreds,https://github.com/r-lib/gitcreds,dependencies,9273,purl,pkg:cran/gitcreds,21.56,21,"{""url"":""https://science.ecosyste.ms/api/v1/packages?per_page=1000&page=3"",""fetched_at"":""2026-09-23T20:09:46Z"",""cache_file"":""43c6dde80c261ddc62688f062ec7bc17116645bcbcb0960d5639d1b0e0d3f36c.json.gz""}"
cran.r-project.org,pkg:cran/mime,https://github.com/yihui/mime,dependencies,9284,purl,pkg:cran/mime,7.45,52,"{""url"":""https://science.ecosyste.ms/api/v1/packages?per_page=1000&page=2"",""fetched_at"":""2026-09-23T20:09:36Z"",""cache_file"":""2b1260162107e8d722838ec4ab177e096ed8cfe5c5acc667a84011b12735b3e8.json.gz""}"
cran.r-project.org,pkg:cran/pkgbuild,https://github.com/r-lib/pkgbuild,dependencies,9290,purl,pkg:cran/pkgbuild,21.0,49,"{""url"":""https://science.ecosyste.ms/api/v1/packages?per_page=1000&page=2"",""fetched_at"":""2026-09-23T20:09:36Z"",""cache_file"":""2b1260162107e8d722838ec4ab177e096ed8cfe5c5acc667a84011b12735b3e8.json.gz""}"
cran.r-project.org,pkg:cran/quarto,https://github.com/quarto-dev/quarto-r,dependencies,9294,purl,pkg:cran/quarto,21.21,154,"{""url"":""https://science.ecosyste.ms/api/v1/packages?per_page=1000&page=1"",""fetched_at"":""2026-09-23T18:31:48Z"",""cache_file"":""beb2c2734ee59190973df1e89ebd83f45e20e68fea0240075b80b5b80c528e10.json.gz""}"
cran.r-project.org,pkg:cran/rstatix,https://github.com/kassambara/rstatix,dependencies,9300,purl,pkg:cran/rstatix,34.0,44,"{""url"":""https://science.ecosyste.ms/api/v1/packages?per_page=1000&page=2"",""fetched_at"":""2026-09-23T20:09:36Z"",""cache_file"":""2b1260162107e8d722838ec4ab177e096ed8cfe5c5acc667a84011b12735b3e8.json.gz""}"
cran.r-project.org,pkg:cran/utf8,https://github.com/krlmlr/utf8,dependencies,9310,purl,pkg:cran/utf8,34.0,50,"{""url"":""https://science.ecosyste.ms/api/v1/packages?per_page=1000&page=2"",""fetched_at"":""2026-09-23T20:09:36Z"",""cache_file"":""2b1260162107e8d722838ec4ab177e096ed8cfe5c5acc667a84011b12735b3e8.json.gz""}"
hub.docker.com,pkg:docker/apache%2Fsuperset,,dependencies,9314,purl,pkg:docker/apache%2Fsuperset,,1,"{""url"":""https://science.ecosyste.ms/api/v1/packages?per_page=1000&page=64"",""fetched_at"":""2026-09-23T20:20:50Z"",""cache_file"":""dc7ec6b1efe6371145ff33b6a769b76f8b2aaaaaca1e3d0eb88b5848186cd9fe.json.gz""}"
hackage.haskell.org,pkg:hackage/cassava,https://github.com/haskell-hvr/cassava,dependencies,9336,purl,pkg:hackage/cassava,13.21,3,"{""url"":""https://science.ecosyste.ms/api/v1/packages?per_page=1000&page=13"",""fetched_at"":""2026-09-23T20:11:43Z"",""cache_file"":""cfd3afd1e2ab168f294a24cc99445b97277da89f3d663f161b984636086899da.json.gz""}"
repo1.maven.org,pkg:maven/antlr/antlr,,dependencies,9386,purl,pkg:maven/antlr/antlr,,3,"{""url"":""https://science.ecosyste.ms/api/v1/packages?per_page=1000&page=12"",""fetched_at"":""2026-09-23T20:11:33Z"",""cache_file"":""726e4acba0dce811ec23946ba4adc96b23e026803f186554c6e683ac2cd0008b.json.gz""}"
repo1.maven.org,pkg:maven/aopalliance/aopalliance,,dependencies,9387,purl,pkg:maven/aopalliance/aopalliance,,2,"{""url"":""https://science.ecosyste.ms/api/v1/packages?per_page=1000&page=16"",""fetched_at"":""2026-09-23T20:12:27Z"",""cache_file"":""ffde8df4be5e6610bd1efff0a2c0aefa2c9f532afc02a082317a377cedeefc27.json.gz""}"
cran.r-project.org,pkg:cran/cachem,https://github.com/r-lib/cachem,dependencies,9530,purl,pkg:cran/cachem,34.0,44,"{""url"":""https://science.ecosyste.ms/api/v1/packages?per_page=1000&page=2"",""fetched_at"":""2026-09-23T20:09:36Z"",""cache_file"":""2b1260162107e8d722838ec4ab177e096ed8cfe5c5acc667a84011b12735b3e8.json.gz""}"
cran.r-project.org,pkg:cran/diffobj,https://github.com/brodieg/diffobj,dependencies,9538,purl,pkg:cran/diffobj,28.0,17,"{""url"":""https://science.ecosyste.ms/api/v1/packages?per_page=1000&page=4"",""fetched_at"":""2026-09-23T20:09:56Z"",""cache_file"":""1022619f69a3d12476e71e4b47fd5d60d4d59a1ddad984e1d08b462f5d51052a.json.gz""}"
cran.r-project.org,pkg:cran/keyring,https://github.com/r-lib/keyring,dependencies,9565,purl,pkg:cran/keyring,21.25,64,"{""url"":""https://science.ecosyste.ms/api/v1/packages?per_page=1000&page=2"",""fetched_at"":""2026-09-23T20:09:36Z"",""cache_file"":""2b1260162107e8d722838ec4ab177e096ed8cfe5c5acc667a84011b12735b3e8.json.gz""}"
cran.r-project.org,pkg:cran/odbc,https://github.com/r-dbi/odbc,dependencies,9579,purl,pkg:cran/odbc,21.21,54,"{""url"":""https://science.ecosyste.ms/api/v1/packages?per_page=1000&page=2"",""fetched_at"":""2026-09-23T20:09:36Z"",""cache_file"":""2b1260162107e8d722838ec4ab177e096ed8cfe5c5acc667a84011b12735b3e8.json.gz""}"
cran.r-project.org,pkg:cran/polyclip,https://github.com/baddstats/polyclip,dependencies,9584,purl,pkg:cran/polyclip,10.0,9,"{""url"":""https://science.ecosyste.ms/api/v1/packages?per_page=1000&page=6"",""fetched_at"":""2026-09-23T20:10:21Z"",""cache_file"":""953ff191a5369de755bbbfbb0f10641279d1ecda54c0d35e7d57ba60421998ab.json.gz""}"
cran.r-project.org,pkg:cran/sys,https://github.com/jeroen/sys,dependencies,9611,purl,pkg:cran/sys,21.0,37,"{""url"":""https://science.ecosyste.ms/api/v1/packages?per_page=1000&page=2"",""fetched_at"":""2026-09-23T20:09:36Z"",""cache_file"":""2b1260162107e8d722838ec4ab177e096ed8cfe5c5acc667a84011b12735b3e8.json.gz""}"
cran.r-project.org,pkg:cran/systemfonts,https://github.com/r-lib/systemfonts,dependencies,9612,purl,pkg:cran/systemfonts,34.0,44,"{""url"":""https://science.ecosyste.ms/api/v1/packages?per_page=1000&page=2"",""fetched_at"":""2026-09-23T20:09:36Z"",""cache_file"":""2b1260162107e8d722838ec4ab177e096ed8cfe5c5acc667a84011b12735b3e8.json.gz""}"
cran.r-project.org,pkg:cran/textshaping,https://github.com/r-lib/textshaping,dependencies,9616,purl,pkg:cran/textshaping,21.0,5,"{""url"":""https://science.ecosyste.ms/api/v1/packages?per_page=1000&page=10"",""fetched_at"":""2026-09-23T20:11:09Z"",""cache_file"":""9cf1186763fd9fd14f7165135c92a92f814f36ec8edcd277f5d7bbac47547e4f.json.gz""}"
cran.r-project.org,pkg:cran/tseries,,dependencies,9623,purl,pkg:cran/tseries,,42,"{""url"":""https://science.ecosyste.ms/api/v1/packages?per_page=1000&page=2"",""fetched_at"":""2026-09-23T20:09:36Z"",""cache_file"":""2b1260162107e8d722838ec4ab177e096ed8cfe5c5acc667a84011b12735b3e8.json.gz""}"
cran.r-project.org,pkg:cran/waldo,https://github.com/r-lib/waldo,dependencies,9628,purl,pkg:cran/waldo,21.0,51,"{""url"":""https://science.ecosyste.ms/api/v1/packages?per_page=1000&page=2"",""fetched_at"":""2026-09-23T20:09:36Z"",""cache_file"":""2b1260162107e8d722838ec4ab177e096ed8cfe5c5acc667a84011b12735b3e8.json.gz""}"
repo1.maven.org,pkg:maven/javax.transaction/jta,,dependencies,9682,purl,pkg:maven/javax.transaction/jta,,3,"{""url"":""https://science.ecosyste.ms/api/v1/packages?per_page=1000&page=14"",""fetched_at"":""2026-09-23T20:11:52Z"",""cache_file"":""155e8ad70933594fef7cf6387b59a328219fa033eebe17babae7110e08da48cf.json.gz""}"
cran.r-project.org,pkg:cran/farver,https://github.com/thomasp85/farver,dependencies,9844,purl,pkg:cran/farver,34.0,33,"{""url"":""https://science.ecosyste.ms/api/v1/packages?per_page=1000&page=2"",""fetched_at"":""2026-09-23T20:09:36Z"",""cache_file"":""2b1260162107e8d722838ec4ab177e096ed8cfe5c5acc667a84011b12735b3e8.json.gz""}"
cran.r-project.org,pkg:cran/rematch,https://github.com/gaborcsardi/rematch,dependencies,9862,purl,pkg:cran/rematch,11.75,6,"{""url"":""https://science.ecosyste.ms/api/v1/packages?per_page=1000&page=8"",""fetched_at"":""2026-09-23T20:10:47Z"",""cache_file"":""edead3ff1ae05c52736c2cae091eda9a38cad1633de2df4b29be9314eb30cc6e.json.gz""}"
repo1.maven.org,pkg:maven/org.apache.ant/ant,https://gitbox.apache.org/repos/asf/ant,dependencies,9908,purl,pkg:maven/org.apache.ant/ant,,7,"{""url"":""https://science.ecosyste.ms/api/v1/packages?per_page=1000&page=7"",""fetched_at"":""2026-09-23T20:10:35Z"",""cache_file"":""cdeda14cbf7590ae5034c6ae27903c52dce2d2539920c41a59c2f2234e820ca7.json.gz""}"
repo1.maven.org,pkg:maven/org.apache.poi/poi-scratchpad,,dependencies,9909,purl,pkg:maven/org.apache.poi/poi-scratchpad,,3,"{""url"":""https://science.ecosyste.ms/api/v1/packages?per_page=1000&page=14"",""fetched_at"":""2026-09-23T20:11:52Z"",""cache_file"":""155e8ad70933594fef7cf6387b59a328219fa033eebe17babae7110e08da48cf.json.gz""}"
repo1.maven.org,pkg:maven/oro/oro,,dependencies,10072,purl,pkg:maven/oro/oro,,3,"{""url"":""https://science.ecosyste.ms/api/v1/packages?per_page=1000&page=14"",""fetched_at"":""2026-09-23T20:11:52Z"",""cache_file"":""155e8ad70933594fef7cf6387b59a328219fa033eebe17babae7110e08da48cf.json.gz""}"
repo1.maven.org,pkg:maven/taglibs/standard,,dependencies,10073,purl,pkg:maven/taglibs/standard,,4,"{""url"":""https://science.ecosyste.ms/api/v1/packages?per_page=1000&page=12"",""fetched_at"":""2026-09-23T20:11:33Z"",""cache_file"":""726e4acba0dce811ec23946ba4adc96b23e026803f186554c6e683ac2cd0008b.json.gz""}"
repo1.maven.org,pkg:maven/xalan/xalan,,dependencies,10075,purl,pkg:maven/xalan/xalan,,11,"{""url"":""https://science.ecosyste.ms/api/v1/packages?per_page=1000&page=5"",""fetched_at"":""2026-09-23T20:10:08Z"",""cache_file"":""40c89b8a138dc9c33db96f75b7e768e4ecde7ac0551ebf5e11d512e62a42e34b.json.gz""}"
repo1.maven.org,pkg:maven/xml-apis/xml-apis,,dependencies,10076,purl,pkg:maven/xml-apis/xml-apis,,14,"{""url"":""https://science.ecosyste.ms/api/v1/packages?per_page=1000&page=4"",""fetched_at"":""2026-09-23T20:09:56Z"",""cache_file"":""1022619f69a3d12476e71e4b47fd5d60d4d59a1ddad984e1d08b462f5d51052a.json.gz""}"
hub.docker.com,pkg:docker/jenkins%2Fjenkins,https://github.com/jenkinsci/docker,dependencies,10246,purl,pkg:docker/jenkins%2Fjenkins,,2,"{""url"":""https://science.ecosyste.ms/api/v1/packages?per_page=1000&page=18"",""fetched_at"":""2026-09-23T20:12:53Z"",""cache_file"":""ab110e1e192d304bd69ea5f571dbacca5c0eb30375c74456a1473f874eb63870.json.gz""}"
proxy.golang.org,pkg:golang/github.com/%21azure/azure-sdk-for-go,https://github.com/azure/azure-sdk-for-go,dependencies,10270,purl,pkg:golang/github.com/%21azure/azure-sdk-for-go,17.03,4,"{""url"":""https://science.ecosyste.ms/api/v1/packages?per_page=1000&page=11"",""fetched_at"":""2026-09-23T20:11:25Z"",""cache_file"":""a234178575677f74c2fb7d3614b3052f63eefe4cbd53f665243a3d0180b30e02.json.gz""}"
proxy.golang.org,pkg:golang/github.com/coreos/go-oidc,https://github.com/coreos/go-oidc,dependencies,10291,purl,pkg:golang/github.com/coreos/go-oidc,13.1,3,"{""url"":""https://science.ecosyste.ms/api/v1/packages?per_page=1000&page=13"",""fetched_at"":""2026-09-23T20:11:43Z"",""cache_file"":""cfd3afd1e2ab168f294a24cc99445b97277da89f3d663f161b984636086899da.json.gz""}"
hackage.haskell.org,pkg:hackage/extra,https://github.com/ndmitchell/extra,dependencies,10335,purl,pkg:hackage/extra,13.33,6,"{""url"":""https://science.ecosyste.ms/api/v1/packages?per_page=1000&page=8"",""fetched_at"":""2026-09-23T20:10:47Z"",""cache_file"":""edead3ff1ae05c52736c2cae091eda9a38cad1633de2df4b29be9314eb30cc6e.json.gz""}"
repo1.maven.org,pkg:maven/com.facebook.react/hermes-android,https://github.com/facebook/react-native,dependencies,10354,purl,pkg:maven/com.facebook.react/hermes-android,,2,"{""url"":""https://science.ecosyste.ms/api/v1/packages?per_page=1000&page=17"",""fetched_at"":""2026-09-23T20:12:39Z"",""cache_file"":""c8170e0e835f21abad2d9d81d6b4b965466a58a190058f9cfae46a50d79aab2a.json.gz""}"
repo1.maven.org,pkg:maven/com.facebook.react/react-android,https://github.com/facebook/react-native,dependencies,10355,purl,pkg:maven/com.facebook.react/react-android,,2,"{""url"":""https://science.ecosyste.ms/api/v1/packages?per_page=1000&page=17"",""fetched_at"":""2026-09-23T20:12:39Z"",""cache_file"":""c8170e0e835f21abad2d9d81d6b4b965466a58a190058f9cfae46a50d79aab2a.json.gz""}"
clojars.org,pkg:clojars/clojure-complete,https://github.com/ninjudd/clojure-complete,dependencies,10448,purl,pkg:clojars/clojure-complete,,1,"{""url"":""https://science.ecosyste.ms/api/v1/packages?per_page=1000&page=68"",""fetched_at"":""2026-09-23T20:21:51Z"",""cache_file"":""b88339821d02806e9e691df1ab193846757a13a736865afd5591acf67840f660.json.gz""}"
npmjs.org,pkg:npm/bson,https://github.com/mongodb/js-bson,dependencies,10593,purl,pkg:npm/bson,17.18,2,"{""url"":""https://science.ecosyste.ms/api/v1/packages?per_page=1000&page=16"",""fetched_at"":""2026-09-23T20:12:27Z"",""cache_file"":""ffde8df4be5e6610bd1efff0a2c0aefa2c9f532afc02a082317a377cedeefc27.json.gz""}"
npmjs.org,pkg:npm/decimal.js,https://github.com/mikemcl/decimal.js,dependencies,10886,purl,pkg:npm/decimal.js,13.0,3,"{""url"":""https://science.ecosyste.ms/api/v1/packages?per_page=1000&page=13"",""fetched_at"":""2026-09-23T20:11:43Z"",""cache_file"":""cfd3afd1e2ab168f294a24cc99445b97277da89f3d663f161b984636086899da.json.gz""}"
crates.io,pkg:cargo/image,https://github.com/image-rs/image,dependencies,10980,purl,pkg:cargo/image,13.14,21,"{""url"":""https://science.ecosyste.ms/api/v1/packages?per_page=1000&page=3"",""fetched_at"":""2026-09-23T20:09:46Z"",""cache_file"":""43c6dde80c261ddc62688f062ec7bc17116645bcbcb0960d5639d1b0e0d3f36c.json.gz""}"
cran.r-project.org,pkg:cran/cpp11,https://github.com/r-lib/cpp11,dependencies,10991,purl,pkg:cran/cpp11,34.14,30,"{""url"":""https://science.ecosyste.ms/api/v1/packages?per_page=1000&page=3"",""fetched_at"":""2026-09-23T20:09:46Z"",""cache_file"":""43c6dde80c261ddc62688f062ec7bc17116645bcbcb0960d5639d1b0e0d3f36c.json.gz""}"
npmjs.org,pkg:npm/file-type,https://github.com/sindresorhus/file-type,dependencies,11215,purl,pkg:npm/file-type,13.04,5,"{""url"":""https://science.ecosyste.ms/api/v1/packages?per_page=1000&page=9"",""fetched_at"":""2026-09-23T20:10:58Z"",""cache_file"":""f525864688bd2f9b2a718f3ed95db9e06c620acb8d63dffab1d7e2b154250d66.json.gz""}"
pypi.org,pkg:pypi/tox,https://github.com/tox-dev/tox,dependencies,11266,purl,pkg:pypi/tox,21.03,596,"{""url"":""https://science.ecosyste.ms/api/v1/packages?per_page=1000&page=1"",""fetched_at"":""2026-09-23T18:31:48Z"",""cache_file"":""beb2c2734ee59190973df1e89ebd83f45e20e68fea0240075b80b5b80c528e10.json.gz""}"
hub.docker.com,pkg:docker/dpage%2Fpgadmin4,,dependencies,11285,purl,pkg:docker/dpage%2Fpgadmin4,,4,"{""url"":""https://science.ecosyste.ms/api/v1/packages?per_page=1000&page=11"",""fetched_at"":""2026-09-23T20:11:25Z"",""cache_file"":""a234178575677f74c2fb7d3614b3052f63eefe4cbd53f665243a3d0180b30e02.json.gz""}"
npmjs.org,pkg:npm/jsonwebtoken,https://github.com/auth0/node-jsonwebtoken,dependencies,11654,purl,pkg:npm/jsonwebtoken,13.1,50,"{""url"":""https://science.ecosyste.ms/api/v1/packages?per_page=1000&page=2"",""fetched_at"":""2026-09-23T20:09:36Z"",""cache_file"":""2b1260162107e8d722838ec4ab177e096ed8cfe5c5acc667a84011b12735b3e8.json.gz""}"
proxy.golang.org,pkg:golang/github.com/emicklei/go-restful,https://github.com/emicklei/go-restful,dependencies,12163,purl,pkg:golang/github.com/emicklei/go-restful,13.04,6,"{""url"":""https://science.ecosyste.ms/api/v1/packages?per_page=1000&page=8"",""fetched_at"":""2026-09-23T20:10:47Z"",""cache_file"":""edead3ff1ae05c52736c2cae091eda9a38cad1633de2df4b29be9314eb30cc6e.json.gz""}"
proxy.golang.org,pkg:golang/github.com/nxadm/tail,https://github.com/nxadm/tail,dependencies,12168,purl,pkg:golang/github.com/nxadm/tail,13.0,9,"{""url"":""https://science.ecosyste.ms/api/v1/packages?per_page=1000&page=6"",""fetched_at"":""2026-09-23T20:10:21Z"",""cache_file"":""953ff191a5369de755bbbfbb0f10641279d1ecda54c0d35e7d57ba60421998ab.json.gz""}"
proxy.golang.org,pkg:golang/gomodules.xyz/jsonpatch/v2,https://github.com/gomodules/jsonpatch,dependencies,12170,purl,pkg:golang/gomodules.xyz/jsonpatch/v2,,13,"{""url"":""https://science.ecosyste.ms/api/v1/packages?per_page=1000&page=4"",""fetched_at"":""2026-09-23T20:09:56Z"",""cache_file"":""1022619f69a3d12476e71e4b47fd5d60d4d59a1ddad984e1d08b462f5d51052a.json.gz""}"
npmjs.org,pkg:npm/mongodb,https://github.com/mongodb/node-mongodb-native,dependencies,12446,purl,pkg:npm/mongodb,17.12,19,"{""url"":""https://science.ecosyste.ms/api/v1/packages?per_page=1000&page=4"",""fetched_at"":""2026-09-23T20:09:56Z"",""cache_file"":""1022619f69a3d12476e71e4b47fd5d60d4d59a1ddad984e1d08b462f5d51052a.json.gz""}"
npmjs.org,pkg:npm/nodemon,https://github.com/remy/nodemon,dependencies,12575,purl,pkg:npm/nodemon,13.03,142,"{""url"":""https://science.ecosyste.ms/api/v1/packages?per_page=1000&page=1"",""fetched_at"":""2026-09-23T18:31:48Z"",""cache_file"":""beb2c2734ee59190973df1e89ebd83f45e20e68fea0240075b80b5b80c528e10.json.gz""}"
proxy.golang.org,pkg:golang/github.com/googleapis/gnostic,https://github.com/googleapis/gnostic,dependencies,12892,purl,pkg:golang/github.com/googleapis/gnostic,,8,"{""url"":""https://science.ecosyste.ms/api/v1/packages?per_page=1000&page=6"",""fetched_at"":""2026-09-23T20:10:21Z"",""cache_file"":""953ff191a5369de755bbbfbb0f10641279d1ecda54c0d35e7d57ba60421998ab.json.gz""}"
cran.r-project.org,pkg:cran/BH,https://github.com/eddelbuettel/bh,dependencies,12959,purl,pkg:cran/BH,21.0,58,"{""url"":""https://science.ecosyste.ms/api/v1/packages?per_page=1000&page=2"",""fetched_at"":""2026-09-23T20:09:36Z"",""cache_file"":""2b1260162107e8d722838ec4ab177e096ed8cfe5c5acc667a84011b12735b3e8.json.gz""}"
pypi.org,pkg:pypi/pickleshare,https://github.com/pickleshare/pickleshare,dependencies,12982,purl,pkg:pypi/pickleshare,,792,"{""url"":""https://science.ecosyste.ms/api/v1/packages?per_page=1000&page=1"",""fetched_at"":""2026-09-23T18:31:48Z"",""cache_file"":""beb2c2734ee59190973df1e89ebd83f45e20e68fea0240075b80b5b80c528e10.json.gz""}"
pypi.org,pkg:pypi/pkginfo,,dependencies,12984,purl,pkg:pypi/pkginfo,,126,"{""url"":""https://science.ecosyste.ms/api/v1/packages?per_page=1000&page=1"",""fetched_at"":""2026-09-23T18:31:48Z"",""cache_file"":""beb2c2734ee59190973df1e89ebd83f45e20e68fea0240075b80b5b80c528e10.json.gz""}"
pypi.org,pkg:pypi/toml,https://github.com/uiri/toml,dependencies,12998,purl,pkg:pypi/toml,13.34,801,"{""url"":""https://science.ecosyste.ms/api/v1/packages?per_page=1000&page=1"",""fetched_at"":""2026-09-23T18:31:48Z"",""cache_file"":""beb2c2734ee59190973df1e89ebd83f45e20e68fea0240075b80b5b80c528e10.json.gz""}"
cran.r-project.org,pkg:cran/timeDate,https://github.com/geobosh/timedatedoc,dependencies,13050,purl,pkg:cran/timeDate,7.0,24,"{""url"":""https://science.ecosyste.ms/api/v1/packages?per_page=1000&page=3"",""fetched_at"":""2026-09-23T20:09:46Z"",""cache_file"":""43c6dde80c261ddc62688f062ec7bc17116645bcbcb0960d5639d1b0e0d3f36c.json.gz""}"
hackage.haskell.org,pkg:hackage/ghc-prim,https://gitlab.haskell.org/ghc/ghc.git(libraries/ghc-prim),dependencies,13062,purl,pkg:hackage/ghc-prim,,3,"{""url"":""https://science.ecosyste.ms/api/v1/packages?per_page=1000&page=13"",""fetched_at"":""2026-09-23T20:11:43Z"",""cache_file"":""cfd3afd1e2ab168f294a24cc99445b97277da89f3d663f161b984636086899da.json.gz""}"
npmjs.org,pkg:npm/%40popperjs/core,https://github.com/popperjs/popper-core,dependencies,13209,purl,pkg:npm/%40popperjs/core,,57,"{""url"":""https://science.ecosyste.ms/api/v1/packages?per_page=1000&page=2"",""fetched_at"":""2026-09-23T20:09:36Z"",""cache_file"":""2b1260162107e8d722838ec4ab177e096ed8cfe5c5acc667a84011b12735b3e8.json.gz""}"
hackage.haskell.org,pkg:hackage/Cabal,https://github.com/haskell/cabal,dependencies,13343,purl,pkg:hackage/Cabal,21.34,2,"{""url"":""https://science.ecosyste.ms/api/v1/packages?per_page=1000&page=16"",""fetched_at"":""2026-09-23T20:12:27Z"",""cache_file"":""ffde8df4be5e6610bd1efff0a2c0aefa2c9f532afc02a082317a377cedeefc27.json.gz""}"
hackage.haskell.org,pkg:hackage/cmdargs,https://github.com/ndmitchell/cmdargs,dependencies,13344,purl,pkg:hackage/cmdargs,13.0,2,"{""url"":""https://science.ecosyste.ms/api/v1/packages?per_page=1000&page=17"",""fetched_at"":""2026-09-23T20:12:39Z"",""cache_file"":""c8170e0e835f21abad2d9d81d6b4b965466a58a190058f9cfae46a50d79aab2a.json.gz""}"
npmjs.org,pkg:npm/json5,https://github.com/json5/json5,dependencies,13453,purl,pkg:npm/json5,8.17,22,"{""url"":""https://science.ecosyste.ms/api/v1/packages?per_page=1000&page=3"",""fetched_at"":""2026-09-23T20:09:46Z"",""cache_file"":""43c6dde80c261ddc62688f062ec7bc17116645bcbcb0960d5639d1b0e0d3f36c.json.gz""}"
npmjs.org,pkg:npm/%40nicolo-ribaudo/eslint-scope-5-internals,,dependencies,13477,purl,pkg:npm/%40nicolo-ribaudo/eslint-scope-5-internals,,2,"{""url"":""https://science.ecosyste.ms/api/v1/packages?per_page=1000&page=20"",""fetched_at"":""2026-09-23T20:13:19Z"",""cache_file"":""9ac3c6678577c334f71c432e9cb15cdc5b4f79bd40e486e1578cb8682b6d2e93.json.gz""}"
juliahub.com,pkg:julia/JOLI,https://github.com/slimgroup/joli.jl,dependencies,13889,purl,pkg:julia/JOLI,52.0,5,"{""url"":""https://science.ecosyste.ms/api/v1/packages?per_page=1000&page=9"",""fetched_at"":""2026-09-23T20:10:58Z"",""cache_file"":""f525864688bd2f9b2a718f3ed95db9e06c620acb8d63dffab1d7e2b154250d66.json.gz""}"
npmjs.org,pkg:npm/retry,https://github.com/tim-kos/node-retry,dependencies,14063,purl,pkg:npm/retry,13.0,13,"{""url"":""https://science.ecosyste.ms/api/v1/packages?per_page=1000&page=5"",""fetched_at"":""2026-09-23T20:10:08Z"",""cache_file"":""40c89b8a138dc9c33db96f75b7e768e4ecde7ac0551ebf5e11d512e62a42e34b.json.gz""}"
npmjs.org,pkg:npm/%40sinonjs/fake-timers,https://github.com/sinonjs/fake-timers,dependencies,14268,purl,pkg:npm/%40sinonjs/fake-timers,13.06,3,"{""url"":""https://science.ecosyste.ms/api/v1/packages?per_page=1000&page=15"",""fetched_at"":""2026-09-23T20:12:11Z"",""cache_file"":""95370fa99492919b19e221b84c1e2a21fd9745d8516cc572284630b3456504ed.json.gz""}"
hub.docker.com,pkg:docker/apache%2Fairflow,,dependencies,14521,purl,pkg:docker/apache%2Fairflow,,6,"{""url"":""https://science.ecosyste.ms/api/v1/packages?per_page=1000&page=8"",""fetched_at"":""2026-09-23T20:10:47Z"",""cache_file"":""edead3ff1ae05c52736c2cae091eda9a38cad1633de2df4b29be9314eb30cc6e.json.gz""}"
juliahub.com,pkg:julia/TestImages,https://github.com/juliaimages/testimages.jl,dependencies,14557,purl,pkg:julia/TestImages,13.5,10,"{""url"":""https://science.ecosyste.ms/api/v1/packages?per_page=1000&page=6"",""fetched_at"":""2026-09-23T20:10:21Z"",""cache_file"":""953ff191a5369de755bbbfbb0f10641279d1ecda54c0d35e7d57ba60421998ab.json.gz""}"
repo1.maven.org,pkg:maven/io.quarkus/quarkus-arc,https://github.com/quarkusio/quarkus,dependencies,14580,purl,pkg:maven/io.quarkus/quarkus-arc,13.04,6,"{""url"":""https://science.ecosyste.ms/api/v1/packages?per_page=1000&page=8"",""fetched_at"":""2026-09-23T20:10:47Z"",""cache_file"":""edead3ff1ae05c52736c2cae091eda9a38cad1633de2df4b29be9314eb30cc6e.json.gz""}"
repo1.maven.org,pkg:maven/io.quarkus/quarkus-junit5,https://github.com/quarkusio/quarkus,dependencies,14583,purl,pkg:maven/io.quarkus/quarkus-junit5,13.04,6,"{""url"":""https://science.ecosyste.ms/api/v1/packages?per_page=1000&page=8"",""fetched_at"":""2026-09-23T20:10:47Z"",""cache_file"":""edead3ff1ae05c52736c2cae091eda9a38cad1633de2df4b29be9314eb30cc6e.json.gz""}"
repo1.maven.org,pkg:maven/jstl/jstl,,dependencies,14609,purl,pkg:maven/jstl/jstl,,2,"{""url"":""https://science.ecosyste.ms/api/v1/packages?per_page=1000&page=18"",""fetched_at"":""2026-09-23T20:12:53Z"",""cache_file"":""ab110e1e192d304bd69ea5f571dbacca5c0eb30375c74456a1473f874eb63870.json.gz""}"
repo1.maven.org,pkg:maven/org.apache.tomcat.embed/tomcat-embed-jasper,,dependencies,14612,purl,pkg:maven/org.apache.tomcat.embed/tomcat-embed-jasper,,2,"{""url"":""https://science.ecosyste.ms/api/v1/packages?per_page=1000&page=20"",""fetched_at"":""2026-09-23T20:13:19Z"",""cache_file"":""9ac3c6678577c334f71c432e9cb15cdc5b4f79bd40e486e1578cb8682b6d2e93.json.gz""}"
repo1.maven.org,pkg:maven/org.osgi/org.osgi.core,,dependencies,15200,purl,pkg:maven/org.osgi/org.osgi.core,,9,"{""url"":""https://science.ecosyste.ms/api/v1/packages?per_page=1000&page=6"",""fetched_at"":""2026-09-23T20:10:21Z"",""cache_file"":""953ff191a5369de755bbbfbb0f10641279d1ecda54c0d35e7d57ba60421998ab.json.gz""}"
npmjs.org,pkg:npm/%40testing-library/user-event,https://github.com/testing-library/user-event,dependencies,15440,purl,pkg:npm/%40testing-library/user-event,13.02,246,"{""url"":""https://science.ecosyste.ms/api/v1/packages?per_page=1000&page=1"",""fetched_at"":""2026-09-23T18:31:48Z"",""cache_file"":""beb2c2734ee59190973df1e89ebd83f45e20e68fea0240075b80b5b80c528e10.json.gz""}"
npmjs.org,pkg:npm/tinyspy,https://github.com/tinylibs/tinyspy,dependencies,15477,purl,pkg:npm/tinyspy,13.0,10,"{""url"":""https://science.ecosyste.ms/api/v1/packages?per_page=1000&page=6"",""fetched_at"":""2026-09-23T20:10:21Z"",""cache_file"":""953ff191a5369de755bbbfbb0f10641279d1ecda54c0d35e7d57ba60421998ab.json.gz""}"
bower.io,pkg:bower/leaflet,https://github.com/leaflet/leaflet,dependencies,15625,purl,pkg:bower/leaflet,16.14,13,"{""url"":""https://science.ecosyste.ms/api/v1/packages?per_page=1000&page=5"",""fetched_at"":""2026-09-23T20:10:08Z"",""cache_file"":""40c89b8a138dc9c33db96f75b7e768e4ecde7ac0551ebf5e11d512e62a42e34b.json.gz""}"
npmjs.org,pkg:npm/%40aws-sdk/client-s3,https://github.com/aws/aws-sdk-js-v3,dependencies,15717,purl,pkg:npm/%40aws-sdk/client-s3,17.03,15,"{""url"":""https://science.ecosyste.ms/api/v1/packages?per_page=1000&page=4"",""fetched_at"":""2026-09-23T20:09:56Z"",""cache_file"":""1022619f69a3d12476e71e4b47fd5d60d4d59a1ddad984e1d08b462f5d51052a.json.gz""}"
pypi.org,pkg:pypi/pathos,https://github.com/uqfoundation/pathos,dependencies,15775,purl,pkg:pypi/pathos,29.71,124,"{""url"":""https://science.ecosyste.ms/api/v1/packages?per_page=1000&page=1"",""fetched_at"":""2026-09-23T18:31:48Z"",""cache_file"":""beb2c2734ee59190973df1e89ebd83f45e20e68fea0240075b80b5b80c528e10.json.gz""}"
crates.io,pkg:cargo/md-5,https://github.com/rustcrypto/hashes,dependencies,16173,purl,pkg:cargo/md-5,13.16,3,"{""url"":""https://science.ecosyste.ms/api/v1/packages?per_page=1000&page=14"",""fetched_at"":""2026-09-23T20:11:52Z"",""cache_file"":""155e8ad70933594fef7cf6387b59a328219fa033eebe17babae7110e08da48cf.json.gz""}"
cran.r-project.org,pkg:cran/piggyback,https://github.com/ropensci/piggyback,dependencies,16209,purl,pkg:cran/piggyback,95.0,19,"{""url"":""https://science.ecosyste.ms/api/v1/packages?per_page=1000&page=4"",""fetched_at"":""2026-09-23T20:09:56Z"",""cache_file"":""1022619f69a3d12476e71e4b47fd5d60d4d59a1ddad984e1d08b462f5d51052a.json.gz""}"
cran.r-project.org,pkg:cran/bitops,https://github.com/mmaechler/r-bitops,dependencies,16581,purl,pkg:cran/bitops,7.0,20,"{""url"":""https://science.ecosyste.ms/api/v1/packages?per_page=1000&page=3"",""fetched_at"":""2026-09-23T20:09:46Z"",""cache_file"":""43c6dde80c261ddc62688f062ec7bc17116645bcbcb0960d5639d1b0e0d3f36c.json.gz""}"
juliahub.com,pkg:julia/Cumulants,https://github.com/iitis/cumulants.jl,dependencies,16689,purl,pkg:julia/Cumulants,54.0,3,"{""url"":""https://science.ecosyste.ms/api/v1/packages?per_page=1000&page=13"",""fetched_at"":""2026-09-23T20:11:43Z"",""cache_file"":""cfd3afd1e2ab168f294a24cc99445b97277da89f3d663f161b984636086899da.json.gz""}"
npmjs.org,pkg:npm/is-number,https://github.com/jonschlinkert/is-number,dependencies,16721,purl,pkg:npm/is-number,13.0,4,"{""url"":""https://science.ecosyste.ms/api/v1/packages?per_page=1000&page=11"",""fetched_at"":""2026-09-23T20:11:25Z"",""cache_file"":""a234178575677f74c2fb7d3614b3052f63eefe4cbd53f665243a3d0180b30e02.json.gz""}"
hackage.haskell.org,pkg:hackage/hostname,,dependencies,17068,purl,pkg:hackage/hostname,,1,"{""url"":""https://science.ecosyste.ms/api/v1/packages?per_page=1000&page=77"",""fetched_at"":""2026-09-23T20:24:04Z"",""cache_file"":""4eee5f8253ac5aa851d1a1a8d246c62acf1b86dec001c3852a86f74cb6e98455.json.gz""}"
hackage.haskell.org,pkg:hackage/microlens,https://github.com/stevenfontanella/microlens,dependencies,17071,purl,pkg:hackage/microlens,13.29,2,"{""url"":""https://science.ecosyste.ms/api/v1/packages?per_page=1000&page=19"",""fetched_at"":""2026-09-23T20:13:05Z"",""cache_file"":""105b828bd2bcef6b3c9a60c861cb4d27d602a7d5f1791f3ae3889cef204ca6a4.json.gz""}"
hackage.haskell.org,pkg:hackage/pipes-parse,https://github.com/gabriella439/haskell-pipes-parse-library,dependencies,17077,purl,pkg:hackage/pipes-parse,,1,"{""url"":""https://science.ecosyste.ms/api/v1/packages?per_page=1000&page=88"",""fetched_at"":""2026-09-24T08:37:27Z"",""cache_file"":""bba2d86760e17a60d9975f76e03f09cbbdcaef8efb18febb95c642e43647c231.json.gz""}"
hackage.haskell.org,pkg:hackage/pipes-safe,https://github.com/gabriella439/haskell-pipes-safe-library,dependencies,17078,purl,pkg:hackage/pipes-safe,,2,"{""url"":""https://science.ecosyste.ms/api/v1/packages?per_page=1000&page=20"",""fetched_at"":""2026-09-23T20:13:19Z"",""cache_file"":""9ac3c6678577c334f71c432e9cb15cdc5b4f79bd40e486e1578cb8682b6d2e93.json.gz""}"
hackage.haskell.org,pkg:hackage/random-fu,https://github.com/mokus0/random-fu,dependencies,17081,purl,pkg:hackage/random-fu,13.5,1,"{""url"":""https://science.ecosyste.ms/api/v1/packages?per_page=1000&page=91"",""fetched_at"":""2026-09-24T08:37:48Z"",""cache_file"":""8bdf99942200c774913a1c8315ae5f8ac7abb62a79ba7511a3066b8be4336095.json.gz""}"
hub.docker.com,pkg:docker/nginxinc%2Fnginx-unprivileged,https://github.com/nginxinc/docker-nginx-unprivileged,dependencies,17315,purl,pkg:docker/nginxinc%2Fnginx-unprivileged,,5,"{""url"":""https://science.ecosyste.ms/api/v1/packages?per_page=1000&page=9"",""fetched_at"":""2026-09-23T20:10:58Z"",""cache_file"":""f525864688bd2f9b2a718f3ed95db9e06c620acb8d63dffab1d7e2b154250d66.json.gz""}"
npmjs.org,pkg:npm/%40types/cookie,,dependencies,17513,purl,pkg:npm/%40types/cookie,,7,"{""url"":""https://science.ecosyste.ms/api/v1/packages?per_page=1000&page=8"",""fetched_at"":""2026-09-23T20:10:47Z"",""cache_file"":""edead3ff1ae05c52736c2cae091eda9a38cad1633de2df4b29be9314eb30cc6e.json.gz""}"
npmjs.org,pkg:npm/%40types/glob,,dependencies,17598,purl,pkg:npm/%40types/glob,,26,"{""url"":""https://science.ecosyste.ms/api/v1/packages?per_page=1000&page=3"",""fetched_at"":""2026-09-23T20:09:46Z"",""cache_file"":""43c6dde80c261ddc62688f062ec7bc17116645bcbcb0960d5639d1b0e0d3f36c.json.gz""}"
hex.pm,pkg:hex/gettext,https://github.com/elixir-gettext/gettext,dependencies,17742,purl,pkg:hex/gettext,13.0,1,"{""url"":""https://science.ecosyste.ms/api/v1/packages?per_page=1000&page=74"",""fetched_at"":""2026-09-23T20:23:16Z"",""cache_file"":""ee01b651f04f736f29deeb2b3d1eeda45ffbea89a6e42f65cb65a1fe637fb0f3.json.gz""}"
hex.pm,pkg:hex/phoenix_live_view,https://github.com/phoenixframework/phoenix_live_view,dependencies,17749,purl,pkg:hex/phoenix_live_view,13.03,1,"{""url"":""https://science.ecosyste.ms/api/v1/packages?per_page=1000&page=88"",""fetched_at"":""2026-09-24T08:37:27Z"",""cache_file"":""bba2d86760e17a60d9975f76e03f09cbbdcaef8efb18febb95c642e43647c231.json.gz""}"
repo1.maven.org,pkg:maven/com.github.ben-manes.caffeine/caffeine,https://github.com/ben-manes/caffeine,dependencies,17759,purl,pkg:maven/com.github.ben-manes.caffeine/caffeine,21.06,12,"{""url"":""https://science.ecosyste.ms/api/v1/packages?per_page=1000&page=5"",""fetched_at"":""2026-09-23T20:10:08Z"",""cache_file"":""40c89b8a138dc9c33db96f75b7e768e4ecde7ac0551ebf5e11d512e62a42e34b.json.gz""}"
npmjs.org,pkg:npm/%40types/long,,dependencies,17902,purl,pkg:npm/%40types/long,,4,"{""url"":""https://science.ecosyste.ms/api/v1/packages?per_page=1000&page=12"",""fetched_at"":""2026-09-23T20:11:33Z"",""cache_file"":""726e4acba0dce811ec23946ba4adc96b23e026803f186554c6e683ac2cd0008b.json.gz""}"
npmjs.org,pkg:npm/%40types/mime,,dependencies,17919,purl,pkg:npm/%40types/mime,,2,"{""url"":""https://science.ecosyste.ms/api/v1/packages?per_page=1000&page=23"",""fetched_at"":""2026-09-23T20:14:10Z"",""cache_file"":""b290333de94b5db372bee4e07dcb6954650b9bf3e54bb2f8e51f8ef3b0249a7d.json.gz""}"
npmjs.org,pkg:npm/%40types/minimatch,,dependencies,17922,purl,pkg:npm/%40types/minimatch,,4,"{""url"":""https://science.ecosyste.ms/api/v1/packages?per_page=1000&page=12"",""fetched_at"":""2026-09-23T20:11:33Z"",""cache_file"":""726e4acba0dce811ec23946ba4adc96b23e026803f186554c6e683ac2cd0008b.json.gz""}"
npmjs.org,pkg:npm/%40types/parse-json,,dependencies,17962,purl,pkg:npm/%40types/parse-json,,1,"{""url"":""https://science.ecosyste.ms/api/v1/packages?per_page=1000&page=97"",""fetched_at"":""2026-09-24T08:38:35Z"",""cache_file"":""6cc6e6e4ae59a37f2889e53039f4d21527f0e56650798c4d8e7c966fceee8408.json.gz""}"
npmjs.org,pkg:npm/%40types/prettier,,dependencies,17985,purl,pkg:npm/%40types/prettier,,2,"{""url"":""https://science.ecosyste.ms/api/v1/packages?per_page=1000&page=23"",""fetched_at"":""2026-09-23T20:14:10Z"",""cache_file"":""b290333de94b5db372bee4e07dcb6954650b9bf3e54bb2f8e51f8ef3b0249a7d.json.gz""}"
npmjs.org,pkg:npm/%40types/uuid,,dependencies,18093,purl,pkg:npm/%40types/uuid,,86,"{""url"":""https://science.ecosyste.ms/api/v1/packages?per_page=1000&page=1"",""fetched_at"":""2026-09-23T18:31:48Z"",""cache_file"":""beb2c2734ee59190973df1e89ebd83f45e20e68fea0240075b80b5b80c528e10.json.gz""}"
npmjs.org,pkg:npm/unified,https://github.com/unifiedjs/unified,dependencies,18144,purl,pkg:npm/unified,13.0,13,"{""url"":""https://science.ecosyste.ms/api/v1/packages?per_page=1000&page=5"",""fetched_at"":""2026-09-23T20:10:08Z"",""cache_file"":""40c89b8a138dc9c33db96f75b7e768e4ecde7ac0551ebf5e11d512e62a42e34b.json.gz""}"
cran.r-project.org,pkg:cran/praise,https://github.com/gaborcsardi/praise,dependencies,18670,purl,pkg:cran/praise,24.51,7,"{""url"":""https://science.ecosyste.ms/api/v1/packages?per_page=1000&page=7"",""fetched_at"":""2026-09-23T20:10:35Z"",""cache_file"":""cdeda14cbf7590ae5034c6ae27903c52dce2d2539920c41a59c2f2234e820ca7.json.gz""}"
npmjs.org,pkg:npm/webpack-sources,https://github.com/webpack/webpack-sources,dependencies,18871,purl,pkg:npm/webpack-sources,13.16,1,"{""url"":""https://science.ecosyste.ms/api/v1/packages?per_page=1000&page=99"",""fetched_at"":""2026-09-24T08:38:49Z"",""cache_file"":""9383035325794e2f9c94ecee5bb7de1103ccb9bcd6bf7e125aeff399b8bcbf61.json.gz""}"
crates.io,pkg:cargo/ryu,https://github.com/dtolnay/ryu,dependencies,19226,purl,pkg:cargo/ryu,21.0,5,"{""url"":""https://science.ecosyste.ms/api/v1/packages?per_page=1000&page=10"",""fetched_at"":""2026-09-23T20:11:09Z"",""cache_file"":""9cf1186763fd9fd14f7165135c92a92f814f36ec8edcd277f5d7bbac47547e4f.json.gz""}"
pypi.org,pkg:pypi/orjson,https://github.com/ijl/orjson,dependencies,19342,purl,pkg:pypi/orjson,21.21,281,"{""url"":""https://science.ecosyste.ms/api/v1/packages?per_page=1000&page=1"",""fetched_at"":""2026-09-23T18:31:48Z"",""cache_file"":""beb2c2734ee59190973df1e89ebd83f45e20e68fea0240075b80b5b80c528e10.json.gz""}"
cran.r-project.org,pkg:cran/highr,https://github.com/yihui/highr,dependencies,19757,purl,pkg:cran/highr,28.0,12,"{""url"":""https://science.ecosyste.ms/api/v1/packages?per_page=1000&page=5"",""fetched_at"":""2026-09-23T20:10:08Z"",""cache_file"":""40c89b8a138dc9c33db96f75b7e768e4ecde7ac0551ebf5e11d512e62a42e34b.json.gz""}"
cran.r-project.org,pkg:cran/sass,https://github.com/rstudio/sass,dependencies,19765,purl,pkg:cran/sass,34.0,30,"{""url"":""https://science.ecosyste.ms/api/v1/packages?per_page=1000&page=3"",""fetched_at"":""2026-09-23T20:09:46Z"",""cache_file"":""43c6dde80c261ddc62688f062ec7bc17116645bcbcb0960d5639d1b0e0d3f36c.json.gz""}"
repo1.maven.org,pkg:maven/javax.activation/activation,,dependencies,19791,purl,pkg:maven/javax.activation/activation,,16,"{""url"":""https://science.ecosyste.ms/api/v1/packages?per_page=1000&page=4"",""fetched_at"":""2026-09-23T20:09:56Z"",""cache_file"":""1022619f69a3d12476e71e4b47fd5d60d4d59a1ddad984e1d08b462f5d51052a.json.gz""}"
repo1.maven.org,pkg:maven/net.sf.ehcache/ehcache,,dependencies,19793,purl,pkg:maven/net.sf.ehcache/ehcache,,4,"{""url"":""https://science.ecosyste.ms/api/v1/packages?per_page=1000&page=11"",""fetched_at"":""2026-09-23T20:11:25Z"",""cache_file"":""a234178575677f74c2fb7d3614b3052f63eefe4cbd53f665243a3d0180b30e02.json.gz""}"
repo1.maven.org,pkg:maven/org.apache.hadoop/hadoop-client,,dependencies,19797,purl,pkg:maven/org.apache.hadoop/hadoop-client,,17,"{""url"":""https://science.ecosyste.ms/api/v1/packages?per_page=1000&page=4"",""fetched_at"":""2026-09-23T20:09:56Z"",""cache_file"":""1022619f69a3d12476e71e4b47fd5d60d4d59a1ddad984e1d08b462f5d51052a.json.gz""}"
repo1.maven.org,pkg:maven/wsdl4j/wsdl4j,https://wsdl4j.cvs.sourceforge.net/wsdl4j,dependencies,19857,purl,pkg:maven/wsdl4j/wsdl4j,,2,"{""url"":""https://science.ecosyste.ms/api/v1/packages?per_page=1000&page=23"",""fetched_at"":""2026-09-23T20:14:10Z"",""cache_file"":""b290333de94b5db372bee4e07dcb6954650b9bf3e54bb2f8e51f8ef3b0249a7d.json.gz""}"
crates.io,pkg:cargo/pyo3-ffi,https://github.com/pyo3/pyo3,dependencies,19936,purl,pkg:cargo/pyo3-ffi,37.19,3,"{""url"":""https://science.ecosyste.ms/api/v1/packages?per_page=1000&page=15"",""fetched_at"":""2026-09-23T20:12:11Z"",""cache_file"":""95370fa99492919b19e221b84c1e2a21fd9745d8516cc572284630b3456504ed.json.gz""}"
crates.io,pkg:cargo/pyo3-macros,https://github.com/pyo3/pyo3,dependencies,19937,purl,pkg:cargo/pyo3-macros,37.19,3,"{""url"":""https://science.ecosyste.ms/api/v1/packages?per_page=1000&page=15"",""fetched_at"":""2026-09-23T20:12:11Z"",""cache_file"":""95370fa99492919b19e221b84c1e2a21fd9745d8516cc572284630b3456504ed.json.gz""}"
proxy.golang.org,pkg:golang/github.com/docker/go-metrics,https://github.com/docker/go-metrics,dependencies,20271,purl,pkg:golang/github.com/docker/go-metrics,13.0,4,"{""url"":""https://science.ecosyste.ms/api/v1/packages?per_page=1000&page=11"",""fetched_at"":""2026-09-23T20:11:25Z"",""cache_file"":""a234178575677f74c2fb7d3614b3052f63eefe4cbd53f665243a3d0180b30e02.json.gz""}"
repo1.maven.org,pkg:maven/com.oracle.database.jdbc/ojdbc8,,dependencies,20574,purl,pkg:maven/com.oracle.database.jdbc/ojdbc8,,1,"{""url"":""https://science.ecosyste.ms/api/v1/packages?per_page=1000&page=68"",""fetched_at"":""2026-09-23T20:21:51Z"",""cache_file"":""b88339821d02806e9e691df1ab193846757a13a736865afd5591acf67840f660.json.gz""}"
repo1.maven.org,pkg:maven/com.squareup.retrofit2/converter-gson,https://github.com/square/retrofit,dependencies,20577,purl,pkg:maven/com.squareup.retrofit2/converter-gson,,7,"{""url"":""https://science.ecosyste.ms/api/v1/packages?per_page=1000&page=7"",""fetched_at"":""2026-09-23T20:10:35Z"",""cache_file"":""cdeda14cbf7590ae5034c6ae27903c52dce2d2539920c41a59c2f2234e820ca7.json.gz""}"
repo1.maven.org,pkg:maven/com.squareup.retrofit2/converter-scalars,https://github.com/square/retrofit,dependencies,20578,purl,pkg:maven/com.squareup.retrofit2/converter-scalars,,2,"{""url"":""https://science.ecosyste.ms/api/v1/packages?per_page=1000&page=17"",""fetched_at"":""2026-09-23T20:12:39Z"",""cache_file"":""c8170e0e835f21abad2d9d81d6b4b965466a58a190058f9cfae46a50d79aab2a.json.gz""}"
repo1.maven.org,pkg:maven/net.sf.json-lib/json-lib,https://json-lib.cvs.sourceforge.net/json-lib,dependencies,20595,purl,pkg:maven/net.sf.json-lib/json-lib,,14,"{""url"":""https://science.ecosyste.ms/api/v1/packages?per_page=1000&page=4"",""fetched_at"":""2026-09-23T20:09:56Z"",""cache_file"":""1022619f69a3d12476e71e4b47fd5d60d4d59a1ddad984e1d08b462f5d51052a.json.gz""}"
repo1.maven.org,pkg:maven/org.apache.kafka/kafka-clients,,dependencies,20610,purl,pkg:maven/org.apache.kafka/kafka-clients,,12,"{""url"":""https://science.ecosyste.ms/api/v1/packages?per_page=1000&page=5"",""fetched_at"":""2026-09-23T20:10:08Z"",""cache_file"":""40c89b8a138dc9c33db96f75b7e768e4ecde7ac0551ebf5e11d512e62a42e34b.json.gz""}"
cran.r-project.org,pkg:cran/ini,https://github.com/dvdscripter/ini,dependencies,20768,purl,pkg:cran/ini,21.0,8,"{""url"":""https://science.ecosyste.ms/api/v1/packages?per_page=1000&page=6"",""fetched_at"":""2026-09-23T20:10:21Z"",""cache_file"":""953ff191a5369de755bbbfbb0f10641279d1ecda54c0d35e7d57ba60421998ab.json.gz""}"
hackage.haskell.org,pkg:hackage/arithmoi,https://github.com/bodigrim/arithmoi,dependencies,20792,purl,pkg:hackage/arithmoi,13.27,1,"{""url"":""https://science.ecosyste.ms/api/v1/packages?per_page=1000&page=64"",""fetched_at"":""2026-09-23T20:20:50Z"",""cache_file"":""dc7ec6b1efe6371145ff33b6a769b76f8b2aaaaaca1e3d0eb88b5848186cd9fe.json.gz""}"
hackage.haskell.org,pkg:hackage/basic-prelude,https://github.com/snoyberg/basic-prelude,dependencies,20793,purl,pkg:hackage/basic-prelude,,1,"{""url"":""https://science.ecosyste.ms/api/v1/packages?per_page=1000&page=65"",""fetched_at"":""2026-09-23T20:21:07Z"",""cache_file"":""f3f00e9961c88faaa31def2b557972e1d401fad657ed65f492590ed4b7fa1bfd.json.gz""}"
hackage.haskell.org,pkg:hackage/convertible,https://github.com/hdbc/convertible,dependencies,20797,purl,pkg:hackage/convertible,,1,"{""url"":""https://science.ecosyste.ms/api/v1/packages?per_page=1000&page=69"",""fetched_at"":""2026-09-23T20:22:11Z"",""cache_file"":""d9a6f92b0931f507c5c7d90ade5ce851846d13dab5cba809cc5b9e5bb2463f26.json.gz""}"
hackage.haskell.org,pkg:hackage/hmatrix,https://github.com/haskell-numerics/hmatrix,dependencies,20813,purl,pkg:hackage/hmatrix,13.33,3,"{""url"":""https://science.ecosyste.ms/api/v1/packages?per_page=1000&page=14"",""fetched_at"":""2026-09-23T20:11:52Z"",""cache_file"":""155e8ad70933594fef7cf6387b59a328219fa033eebe17babae7110e08da48cf.json.gz""}"
hub.docker.com,pkg:docker/alpine%2Fgit,https://github.com/alpine-docker/git,dependencies,20969,purl,pkg:docker/alpine%2Fgit,,4,"{""url"":""https://science.ecosyste.ms/api/v1/packages?per_page=1000&page=10"",""fetched_at"":""2026-09-23T20:11:09Z"",""cache_file"":""9cf1186763fd9fd14f7165135c92a92f814f36ec8edcd277f5d7bbac47547e4f.json.gz""}"
packagist.org,pkg:composer/bacon/bacon-qr-code,https://github.com/bacon/baconqrcode,dependencies,21310,purl,pkg:composer/bacon/bacon-qr-code,13.0,2,"{""url"":""https://science.ecosyste.ms/api/v1/packages?per_page=1000&page=16"",""fetched_at"":""2026-09-23T20:12:27Z"",""cache_file"":""ffde8df4be5e6610bd1efff0a2c0aefa2c9f532afc02a082317a377cedeefc27.json.gz""}"
packagist.org,pkg:composer/fideloper/proxy,https://github.com/fideloper/trustedproxy,dependencies,21364,purl,pkg:composer/fideloper/proxy,13.0,4,"{""url"":""https://science.ecosyste.ms/api/v1/packages?per_page=1000&page=11"",""fetched_at"":""2026-09-23T20:11:25Z"",""cache_file"":""a234178575677f74c2fb7d3614b3052f63eefe4cbd53f665243a3d0180b30e02.json.gz""}"
packagist.org,pkg:composer/friendsofphp/php-cs-fixer,https://github.com/php-cs-fixer/php-cs-fixer,dependencies,21368,purl,pkg:composer/friendsofphp/php-cs-fixer,13.02,7,"{""url"":""https://science.ecosyste.ms/api/v1/packages?per_page=1000&page=7"",""fetched_at"":""2026-09-23T20:10:35Z"",""cache_file"":""cdeda14cbf7590ae5034c6ae27903c52dce2d2539920c41a59c2f2234e820ca7.json.gz""}"
packagist.org,pkg:composer/nunomaduro/collision,https://github.com/nunomaduro/collision,dependencies,21426,purl,pkg:composer/nunomaduro/collision,13.09,13,"{""url"":""https://science.ecosyste.ms/api/v1/packages?per_page=1000&page=5"",""fetched_at"":""2026-09-23T20:10:08Z"",""cache_file"":""40c89b8a138dc9c33db96f75b7e768e4ecde7ac0551ebf5e11d512e62a42e34b.json.gz""}"
packagist.org,pkg:composer/phpstan/phpstan,https://github.com/phpstan/phpstan,dependencies,21439,purl,pkg:composer/phpstan/phpstan,,9,"{""url"":""https://science.ecosyste.ms/api/v1/packages?per_page=1000&page=6"",""fetched_at"":""2026-09-23T20:10:21Z"",""cache_file"":""953ff191a5369de755bbbfbb0f10641279d1ecda54c0d35e7d57ba60421998ab.json.gz""}"
pypi.org,pkg:pypi/fastapi,https://github.com/fastapi/fastapi,dependencies,21504,purl,pkg:pypi/fastapi,37.06,923,"{""url"":""https://science.ecosyste.ms/api/v1/packages?per_page=1000&page=1"",""fetched_at"":""2026-09-23T18:31:48Z"",""cache_file"":""beb2c2734ee59190973df1e89ebd83f45e20e68fea0240075b80b5b80c528e10.json.gz""}"
pypi.org,pkg:pypi/sentencepiece,https://github.com/google/sentencepiece,dependencies,21518,purl,pkg:pypi/sentencepiece,8.16,771,"{""url"":""https://science.ecosyste.ms/api/v1/packages?per_page=1000&page=1"",""fetched_at"":""2026-09-23T18:31:48Z"",""cache_file"":""beb2c2734ee59190973df1e89ebd83f45e20e68fea0240075b80b5b80c528e10.json.gz""}"
pypi.org,pkg:pypi/transformers,https://github.com/huggingface/transformers,dependencies,21522,purl,pkg:pypi/transformers,28.2,2161,"{""url"":""https://science.ecosyste.ms/api/v1/packages?per_page=1000&page=1"",""fetched_at"":""2026-09-23T18:31:48Z"",""cache_file"":""beb2c2734ee59190973df1e89ebd83f45e20e68fea0240075b80b5b80c528e10.json.gz""}"
pypi.org,pkg:pypi/uvicorn,https://github.com/kludex/uvicorn,dependencies,21524,purl,pkg:pypi/uvicorn,16.05,798,"{""url"":""https://science.ecosyste.ms/api/v1/packages?per_page=1000&page=1"",""fetched_at"":""2026-09-23T18:31:48Z"",""cache_file"":""beb2c2734ee59190973df1e89ebd83f45e20e68fea0240075b80b5b80c528e10.json.gz""}"
cran.r-project.org,pkg:cran/prismatic,https://github.com/emilhvitfeldt/prismatic,dependencies,21558,purl,pkg:cran/prismatic,42.0,5,"{""url"":""https://science.ecosyste.ms/api/v1/packages?per_page=1000&page=10"",""fetched_at"":""2026-09-23T20:11:09Z"",""cache_file"":""9cf1186763fd9fd14f7165135c92a92f814f36ec8edcd277f5d7bbac47547e4f.json.gz""}"
pypi.org,pkg:pypi/adal,https://github.com/azuread/azure-activedirectory-library-for-python,dependencies,21859,purl,pkg:pypi/adal,17.0,16,"{""url"":""https://science.ecosyste.ms/api/v1/packages?per_page=1000&page=4"",""fetched_at"":""2026-09-23T20:09:56Z"",""cache_file"":""1022619f69a3d12476e71e4b47fd5d60d4d59a1ddad984e1d08b462f5d51052a.json.gz""}"
pypi.org,pkg:pypi/altair,https://github.com/vega/altair,dependencies,21953,purl,pkg:pypi/altair,89.0,270,"{""url"":""https://science.ecosyste.ms/api/v1/packages?per_page=1000&page=1"",""fetched_at"":""2026-09-23T18:31:48Z"",""cache_file"":""beb2c2734ee59190973df1e89ebd83f45e20e68fea0240075b80b5b80c528e10.json.gz""}"
repo1.maven.org,pkg:maven/org.apache.poi/poi-ooxml-schemas,,dependencies,22203,purl,pkg:maven/org.apache.poi/poi-ooxml-schemas,,3,"{""url"":""https://science.ecosyste.ms/api/v1/packages?per_page=1000&page=14"",""fetched_at"":""2026-09-23T20:11:52Z"",""cache_file"":""155e8ad70933594fef7cf6387b59a328219fa033eebe17babae7110e08da48cf.json.gz""}"
repo1.maven.org,pkg:maven/org.apache.tomcat.embed/tomcat-embed-core,,dependencies,22204,purl,pkg:maven/org.apache.tomcat.embed/tomcat-embed-core,,3,"{""url"":""https://science.ecosyste.ms/api/v1/packages?per_page=1000&page=14"",""fetched_at"":""2026-09-23T20:11:52Z"",""cache_file"":""155e8ad70933594fef7cf6387b59a328219fa033eebe17babae7110e08da48cf.json.gz""}"
pypi.org,pkg:pypi/async-timeout,https://github.com/aio-libs/async-timeout,dependencies,22263,purl,pkg:pypi/async-timeout,,452,"{""url"":""https://science.ecosyste.ms/api/v1/packages?per_page=1000&page=1"",""fetched_at"":""2026-09-23T18:31:48Z"",""cache_file"":""beb2c2734ee59190973df1e89ebd83f45e20e68fea0240075b80b5b80c528e10.json.gz""}"
pypi.org,pkg:pypi/cryptography,https://github.com/pyca/cryptography,dependencies,22283,purl,pkg:pypi/cryptography,21.08,777,"{""url"":""https://science.ecosyste.ms/api/v1/packages?per_page=1000&page=1"",""fetched_at"":""2026-09-23T18:31:48Z"",""cache_file"":""beb2c2734ee59190973df1e89ebd83f45e20e68fea0240075b80b5b80c528e10.json.gz""}"
pypi.org,pkg:pypi/google-pasta,https://github.com/google/pasta,dependencies,22301,purl,pkg:pypi/google-pasta,13.0,428,"{""url"":""https://science.ecosyste.ms/api/v1/packages?per_page=1000&page=1"",""fetched_at"":""2026-09-23T18:31:48Z"",""cache_file"":""beb2c2734ee59190973df1e89ebd83f45e20e68fea0240075b80b5b80c528e10.json.gz""}"
pypi.org,pkg:pypi/humanfriendly,https://github.com/xolox/python-humanfriendly,dependencies,22303,purl,pkg:pypi/humanfriendly,13.0,132,"{""url"":""https://science.ecosyste.ms/api/v1/packages?per_page=1000&page=1"",""fetched_at"":""2026-09-23T18:31:48Z"",""cache_file"":""beb2c2734ee59190973df1e89ebd83f45e20e68fea0240075b80b5b80c528e10.json.gz""}"
pypi.org,pkg:pypi/py4j,,dependencies,22361,purl,pkg:pypi/py4j,,72,"{""url"":""https://science.ecosyste.ms/api/v1/packages?per_page=1000&page=2"",""fetched_at"":""2026-09-23T20:09:36Z"",""cache_file"":""2b1260162107e8d722838ec4ab177e096ed8cfe5c5acc667a84011b12735b3e8.json.gz""}"
pypi.org,pkg:pypi/pyasn1,https://github.com/pyasn1/pyasn1,dependencies,22362,purl,pkg:pypi/pyasn1,6.5,700,"{""url"":""https://science.ecosyste.ms/api/v1/packages?per_page=1000&page=1"",""fetched_at"":""2026-09-23T18:31:48Z"",""cache_file"":""beb2c2734ee59190973df1e89ebd83f45e20e68fea0240075b80b5b80c528e10.json.gz""}"
pypi.org,pkg:pypi/tokenizers,https://github.com/huggingface/tokenizers,dependencies,22399,purl,pkg:pypi/tokenizers,33.23,719,"{""url"":""https://science.ecosyste.ms/api/v1/packages?per_page=1000&page=1"",""fetched_at"":""2026-09-23T18:31:48Z"",""cache_file"":""beb2c2734ee59190973df1e89ebd83f45e20e68fea0240075b80b5b80c528e10.json.gz""}"
pypi.org,pkg:pypi/bs4,,dependencies,22592,purl,pkg:pypi/bs4,,242,"{""url"":""https://science.ecosyste.ms/api/v1/packages?per_page=1000&page=1"",""fetched_at"":""2026-09-23T18:31:48Z"",""cache_file"":""beb2c2734ee59190973df1e89ebd83f45e20e68fea0240075b80b5b80c528e10.json.gz""}"
repo1.maven.org,pkg:maven/org.apache.hadoop/hadoop-core,,dependencies,22739,purl,pkg:maven/org.apache.hadoop/hadoop-core,,4,"{""url"":""https://science.ecosyste.ms/api/v1/packages?per_page=1000&page=11"",""fetched_at"":""2026-09-23T20:11:25Z"",""cache_file"":""a234178575677f74c2fb7d3614b3052f63eefe4cbd53f665243a3d0180b30e02.json.gz""}"
repo1.maven.org,pkg:maven/org.apache.hadoop/hadoop-minicluster,,dependencies,22740,purl,pkg:maven/org.apache.hadoop/hadoop-minicluster,,2,"{""url"":""https://science.ecosyste.ms/api/v1/packages?per_page=1000&page=20"",""fetched_at"":""2026-09-23T20:13:19Z"",""cache_file"":""9ac3c6678577c334f71c432e9cb15cdc5b4f79bd40e486e1578cb8682b6d2e93.json.gz""}"
repo1.maven.org,pkg:maven/org.apache.hadoop/hadoop-mapreduce-client-core,,dependencies,22994,purl,pkg:maven/org.apache.hadoop/hadoop-mapreduce-client-core,,8,"{""url"":""https://science.ecosyste.ms/api/v1/packages?per_page=1000&page=7"",""fetched_at"":""2026-09-23T20:10:35Z"",""cache_file"":""cdeda14cbf7590ae5034c6ae27903c52dce2d2539920c41a59c2f2234e820ca7.json.gz""}"
pypi.org,pkg:pypi/tomlkit,https://github.com/python-poetry/tomlkit,dependencies,23093,purl,pkg:pypi/tomlkit,21.08,227,"{""url"":""https://science.ecosyste.ms/api/v1/packages?per_page=1000&page=1"",""fetched_at"":""2026-09-23T18:31:48Z"",""cache_file"":""beb2c2734ee59190973df1e89ebd83f45e20e68fea0240075b80b5b80c528e10.json.gz""}"
proxy.golang.org,pkg:golang/k8s.io/gengo,https://github.com/kubernetes/gengo,dependencies,23209,purl,pkg:golang/k8s.io/gengo,13.06,5,"{""url"":""https://science.ecosyste.ms/api/v1/packages?per_page=1000&page=9"",""fetched_at"":""2026-09-23T20:10:58Z"",""cache_file"":""f525864688bd2f9b2a718f3ed95db9e06c620acb8d63dffab1d7e2b154250d66.json.gz""}"
juliahub.com,pkg:julia/Tensors,https://github.com/ferrite-fem/tensors.jl,dependencies,23271,purl,pkg:julia/Tensors,57.39,6,"{""url"":""https://science.ecosyste.ms/api/v1/packages?per_page=1000&page=9"",""fetched_at"":""2026-09-23T20:10:58Z"",""cache_file"":""f525864688bd2f9b2a718f3ed95db9e06c620acb8d63dffab1d7e2b154250d66.json.gz""}"
proxy.golang.org,pkg:golang/gopkg.in/airbrake/gobrake.v2,https://github.com/airbrake/gobrake,dependencies,23570,purl,pkg:golang/gopkg.in/airbrake/gobrake.v2,13.0,1,"{""url"":""https://science.ecosyste.ms/api/v1/packages?per_page=1000&page=76"",""fetched_at"":""2026-09-23T20:23:48Z"",""cache_file"":""3b2b99bba2d25491b0a7a32e9add214584aeb0c3602e476b05e760f0a1d5ba34.json.gz""}"
repo1.maven.org,pkg:maven/org.eclipse.persistence/eclipselink,,dependencies,23642,purl,pkg:maven/org.eclipse.persistence/eclipselink,,4,"{""url"":""https://science.ecosyste.ms/api/v1/packages?per_page=1000&page=11"",""fetched_at"":""2026-09-23T20:11:25Z"",""cache_file"":""a234178575677f74c2fb7d3614b3052f63eefe4cbd53f665243a3d0180b30e02.json.gz""}"
npmjs.org,pkg:npm/pretty-ms,https://github.com/sindresorhus/pretty-ms,dependencies,23701,purl,pkg:npm/pretty-ms,13.0,1,"{""url"":""https://science.ecosyste.ms/api/v1/packages?per_page=1000&page=88"",""fetched_at"":""2026-09-24T08:37:27Z"",""cache_file"":""bba2d86760e17a60d9975f76e03f09cbbdcaef8efb18febb95c642e43647c231.json.gz""}"
rubygems.org,pkg:gem/concurrent-ruby,https://github.com/ruby-concurrency/concurrent-ruby,dependencies,23806,purl,pkg:gem/concurrent-ruby,13.0,8,"{""url"":""https://science.ecosyste.ms/api/v1/packages?per_page=1000&page=6"",""fetched_at"":""2026-09-23T20:10:21Z"",""cache_file"":""953ff191a5369de755bbbfbb0f10641279d1ecda54c0d35e7d57ba60421998ab.json.gz""}"
cran.r-project.org,pkg:cran/bit,https://github.com/r-lib/bit,dependencies,24267,purl,pkg:cran/bit,21.0,17,"{""url"":""https://science.ecosyste.ms/api/v1/packages?per_page=1000&page=4"",""fetched_at"":""2026-09-23T20:09:56Z"",""cache_file"":""1022619f69a3d12476e71e4b47fd5d60d4d59a1ddad984e1d08b462f5d51052a.json.gz""}"
juliahub.com,pkg:julia/Elliptic,https://github.com/nolta/elliptic.jl,dependencies,24310,purl,pkg:julia/Elliptic,13.0,6,"{""url"":""https://science.ecosyste.ms/api/v1/packages?per_page=1000&page=8"",""fetched_at"":""2026-09-23T20:10:47Z"",""cache_file"":""edead3ff1ae05c52736c2cae091eda9a38cad1633de2df4b29be9314eb30cc6e.json.gz""}"
pypi.org,pkg:pypi/pycryptodomex,https://github.com/legrandin/pycryptodome,dependencies,24374,purl,pkg:pypi/pycryptodomex,13.15,58,"{""url"":""https://science.ecosyste.ms/api/v1/packages?per_page=1000&page=2"",""fetched_at"":""2026-09-23T20:09:36Z"",""cache_file"":""2b1260162107e8d722838ec4ab177e096ed8cfe5c5acc667a84011b12735b3e8.json.gz""}"
pypi.org,pkg:pypi/starlette,https://github.com/kludex/starlette,dependencies,24379,purl,pkg:pypi/starlette,16.04,296,"{""url"":""https://science.ecosyste.ms/api/v1/packages?per_page=1000&page=1"",""fetched_at"":""2026-09-23T18:31:48Z"",""cache_file"":""beb2c2734ee59190973df1e89ebd83f45e20e68fea0240075b80b5b80c528e10.json.gz""}"
pypi.org,pkg:pypi/boto3,https://github.com/boto/boto3,dependencies,24426,purl,pkg:pypi/boto3,21.06,816,"{""url"":""https://science.ecosyste.ms/api/v1/packages?per_page=1000&page=1"",""fetched_at"":""2026-09-23T18:31:48Z"",""cache_file"":""beb2c2734ee59190973df1e89ebd83f45e20e68fea0240075b80b5b80c528e10.json.gz""}"
proxy.golang.org,pkg:golang/github.com/docker/spdystream,https://github.com/docker/spdystream,dependencies,24468,purl,pkg:golang/github.com/docker/spdystream,,1,"{""url"":""https://science.ecosyste.ms/api/v1/packages?per_page=1000&page=75"",""fetched_at"":""2026-09-23T20:23:26Z"",""cache_file"":""14965df019687f8faa3fb8485eb187a06b696297345e0cce0db1a0b7def979ae.json.gz""}"
proxy.golang.org,pkg:golang/github.com/nats-io/nkeys,https://github.com/nats-io/nkeys,dependencies,24472,purl,pkg:golang/github.com/nats-io/nkeys,13.24,4,"{""url"":""https://science.ecosyste.ms/api/v1/packages?per_page=1000&page=11"",""fetched_at"":""2026-09-23T20:11:25Z"",""cache_file"":""a234178575677f74c2fb7d3614b3052f63eefe4cbd53f665243a3d0180b30e02.json.gz""}"
cran.r-project.org,pkg:cran/cellranger,https://github.com/rsheets/cellranger,dependencies,24904,purl,pkg:cran/cellranger,35.25,11,"{""url"":""https://science.ecosyste.ms/api/v1/packages?per_page=1000&page=5"",""fetched_at"":""2026-09-23T20:10:08Z"",""cache_file"":""40c89b8a138dc9c33db96f75b7e768e4ecde7ac0551ebf5e11d512e62a42e34b.json.gz""}"
cran.r-project.org,pkg:cran/fastmap,https://github.com/r-lib/fastmap,dependencies,24910,purl,pkg:cran/fastmap,21.0,25,"{""url"":""https://science.ecosyste.ms/api/v1/packages?per_page=1000&page=3"",""fetched_at"":""2026-09-23T20:09:46Z"",""cache_file"":""43c6dde80c261ddc62688f062ec7bc17116645bcbcb0960d5639d1b0e0d3f36c.json.gz""}"
cran.r-project.org,pkg:cran/jquerylib,,dependencies,24915,purl,pkg:cran/jquerylib,,8,"{""url"":""https://science.ecosyste.ms/api/v1/packages?per_page=1000&page=6"",""fetched_at"":""2026-09-23T20:10:21Z"",""cache_file"":""953ff191a5369de755bbbfbb0f10641279d1ecda54c0d35e7d57ba60421998ab.json.gz""}"
cran.r-project.org,pkg:cran/later,https://github.com/r-lib/later,dependencies,24916,purl,pkg:cran/later,21.0,53,"{""url"":""https://science.ecosyste.ms/api/v1/packages?per_page=1000&page=2"",""fetched_at"":""2026-09-23T20:09:36Z"",""cache_file"":""2b1260162107e8d722838ec4ab177e096ed8cfe5c5acc667a84011b12735b3e8.json.gz""}"
cran.r-project.org,pkg:cran/prettyunits,https://github.com/r-lib/prettyunits,dependencies,25031,purl,pkg:cran/prettyunits,34.0,41,"{""url"":""https://science.ecosyste.ms/api/v1/packages?per_page=1000&page=2"",""fetched_at"":""2026-09-23T20:09:36Z"",""cache_file"":""2b1260162107e8d722838ec4ab177e096ed8cfe5c5acc667a84011b12735b3e8.json.gz""}"
cran.r-project.org,pkg:cran/timechange,https://github.com/vspinu/timechange,dependencies,25041,purl,pkg:cran/timechange,21.0,2,"{""url"":""https://science.ecosyste.ms/api/v1/packages?per_page=1000&page=23"",""fetched_at"":""2026-09-23T20:14:10Z"",""cache_file"":""b290333de94b5db372bee4e07dcb6954650b9bf3e54bb2f8e51f8ef3b0249a7d.json.gz""}"
cran.r-project.org,pkg:cran/tzdb,https://github.com/r-lib/tzdb,dependencies,25042,purl,pkg:cran/tzdb,21.0,14,"{""url"":""https://science.ecosyste.ms/api/v1/packages?per_page=1000&page=4"",""fetched_at"":""2026-09-23T20:09:56Z"",""cache_file"":""1022619f69a3d12476e71e4b47fd5d60d4d59a1ddad984e1d08b462f5d51052a.json.gz""}"
repo1.maven.org,pkg:maven/org.apache.kafka/kafka-streams,,dependencies,25231,purl,pkg:maven/org.apache.kafka/kafka-streams,,7,"{""url"":""https://science.ecosyste.ms/api/v1/packages?per_page=1000&page=7"",""fetched_at"":""2026-09-23T20:10:35Z"",""cache_file"":""cdeda14cbf7590ae5034c6ae27903c52dce2d2539920c41a59c2f2234e820ca7.json.gz""}"
bower.io,pkg:bower/jquery-validation,https://github.com/jzaefferer/jquery-validation,dependencies,25254,purl,pkg:bower/jquery-validation,,2,"{""url"":""https://science.ecosyste.ms/api/v1/packages?per_page=1000&page=18"",""fetched_at"":""2026-09-23T20:12:53Z"",""cache_file"":""ab110e1e192d304bd69ea5f571dbacca5c0eb30375c74456a1473f874eb63870.json.gz""}"
juliahub.com,pkg:julia/StringDistances,https://github.com/matthieugomez/stringdistances.jl,dependencies,25902,purl,pkg:julia/StringDistances,29.77,5,"{""url"":""https://science.ecosyste.ms/api/v1/packages?per_page=1000&page=10"",""fetched_at"":""2026-09-23T20:11:09Z"",""cache_file"":""9cf1186763fd9fd14f7165135c92a92f814f36ec8edcd277f5d7bbac47547e4f.json.gz""}"
crates.io,pkg:cargo/ff,https://github.com/zkcrypto/ff,dependencies,26712,purl,pkg:cargo/ff,13.0,4,"{""url"":""https://science.ecosyste.ms/api/v1/packages?per_page=1000&page=11"",""fetched_at"":""2026-09-23T20:11:25Z"",""cache_file"":""a234178575677f74c2fb7d3614b3052f63eefe4cbd53f665243a3d0180b30e02.json.gz""}"
proxy.golang.org,pkg:golang/cloud.google.com/go/pubsub,https://github.com/googleapis/google-cloud-go,dependencies,26837,purl,pkg:golang/cloud.google.com/go/pubsub,13.03,2,"{""url"":""https://science.ecosyste.ms/api/v1/packages?per_page=1000&page=17"",""fetched_at"":""2026-09-23T20:12:39Z"",""cache_file"":""c8170e0e835f21abad2d9d81d6b4b965466a58a190058f9cfae46a50d79aab2a.json.gz""}"
proxy.golang.org,pkg:golang/github.com/%21shopify/sarama,https://github.com/shopify/sarama,dependencies,26838,purl,pkg:golang/github.com/%21shopify/sarama,,3,"{""url"":""https://science.ecosyste.ms/api/v1/packages?per_page=1000&page=13"",""fetched_at"":""2026-09-23T20:11:43Z"",""cache_file"":""cfd3afd1e2ab168f294a24cc99445b97277da89f3d663f161b984636086899da.json.gz""}"
repo1.maven.org,pkg:maven/org.mindrot/jbcrypt,https://github.com/djmdjm/jbcrypt,dependencies,26909,purl,pkg:maven/org.mindrot/jbcrypt,13.0,5,"{""url"":""https://science.ecosyste.ms/api/v1/packages?per_page=1000&page=9"",""fetched_at"":""2026-09-23T20:10:58Z"",""cache_file"":""f525864688bd2f9b2a718f3ed95db9e06c620acb8d63dffab1d7e2b154250d66.json.gz""}"
pypi.org,pkg:pypi/poetry,https://github.com/python-poetry/poetry,dependencies,26926,purl,pkg:pypi/poetry,16.08,55,"{""url"":""https://science.ecosyste.ms/api/v1/packages?per_page=1000&page=2"",""fetched_at"":""2026-09-23T20:09:36Z"",""cache_file"":""2b1260162107e8d722838ec4ab177e096ed8cfe5c5acc667a84011b12735b3e8.json.gz""}"
repo1.maven.org,pkg:maven/org.apache.shiro/shiro-core,https://github.com/apache/shiro,dependencies,27061,purl,pkg:maven/org.apache.shiro/shiro-core,16.18,2,"{""url"":""https://science.ecosyste.ms/api/v1/packages?per_page=1000&page=20"",""fetched_at"":""2026-09-23T20:13:19Z"",""cache_file"":""9ac3c6678577c334f71c432e9cb15cdc5b4f79bd40e486e1578cb8682b6d2e93.json.gz""}"
repo1.maven.org,pkg:maven/org.apache.shiro/shiro-spring,https://github.com/apache/shiro,dependencies,27062,purl,pkg:maven/org.apache.shiro/shiro-spring,16.18,1,"{""url"":""https://science.ecosyste.ms/api/v1/packages?per_page=1000&page=86"",""fetched_at"":""2026-09-24T08:37:10Z"",""cache_file"":""80310978b2c88c8469f9e4b54244acafe8828a5496eae4e969283c62f12c9b92.json.gz""}"
repo1.maven.org,pkg:maven/org.apache.shiro/shiro-web,https://github.com/apache/shiro,dependencies,27063,purl,pkg:maven/org.apache.shiro/shiro-web,16.18,1,"{""url"":""https://science.ecosyste.ms/api/v1/packages?per_page=1000&page=86"",""fetched_at"":""2026-09-24T08:37:10Z"",""cache_file"":""80310978b2c88c8469f9e4b54244acafe8828a5496eae4e969283c62f12c9b92.json.gz""}"
pypi.org,pkg:pypi/distro,https://github.com/python-distro/distro,dependencies,27439,purl,pkg:pypi/distro,21.31,303,"{""url"":""https://science.ecosyste.ms/api/v1/packages?per_page=1000&page=1"",""fetched_at"":""2026-09-23T18:31:48Z"",""cache_file"":""beb2c2734ee59190973df1e89ebd83f45e20e68fea0240075b80b5b80c528e10.json.gz""}"
pypi.org,pkg:pypi/langchain-core,https://github.com/langchain-ai/langchain,dependencies,27444,purl,pkg:pypi/langchain-core,24.08,113,"{""url"":""https://science.ecosyste.ms/api/v1/packages?per_page=1000&page=1"",""fetched_at"":""2026-09-23T18:31:48Z"",""cache_file"":""beb2c2734ee59190973df1e89ebd83f45e20e68fea0240075b80b5b80c528e10.json.gz""}"
repo1.maven.org,pkg:maven/org.apache.commons/commons-io,,dependencies,27498,purl,pkg:maven/org.apache.commons/commons-io,,4,"{""url"":""https://science.ecosyste.ms/api/v1/packages?per_page=1000&page=11"",""fetched_at"":""2026-09-23T20:11:25Z"",""cache_file"":""a234178575677f74c2fb7d3614b3052f63eefe4cbd53f665243a3d0180b30e02.json.gz""}"
hub.docker.com,pkg:docker/atmoz%2Fsftp,https://github.com/atmoz/sftp,dependencies,28102,purl,pkg:docker/atmoz%2Fsftp,,2,"{""url"":""https://science.ecosyste.ms/api/v1/packages?per_page=1000&page=16"",""fetched_at"":""2026-09-23T20:12:27Z"",""cache_file"":""ffde8df4be5e6610bd1efff0a2c0aefa2c9f532afc02a082317a377cedeefc27.json.gz""}"
metacpan.org,pkg:cpan/Carp,,dependencies,28204,purl,pkg:cpan/Carp,,2,"{""url"":""https://science.ecosyste.ms/api/v1/packages?per_page=1000&page=16"",""fetched_at"":""2026-09-23T20:12:27Z"",""cache_file"":""ffde8df4be5e6610bd1efff0a2c0aefa2c9f532afc02a082317a377cedeefc27.json.gz""}"
npmjs.org,pkg:npm/nan,https://github.com/nodejs/nan,dependencies,28310,purl,pkg:npm/nan,13.04,6,"{""url"":""https://science.ecosyste.ms/api/v1/packages?per_page=1000&page=8"",""fetched_at"":""2026-09-23T20:10:47Z"",""cache_file"":""edead3ff1ae05c52736c2cae091eda9a38cad1633de2df4b29be9314eb30cc6e.json.gz""}"
npmjs.org,pkg:npm/%40nodelib/fs.scandir,https://github.com/nodelib/nodelib,dependencies,28314,purl,pkg:npm/%40nodelib/fs.scandir,,3,"{""url"":""https://science.ecosyste.ms/api/v1/packages?per_page=1000&page=14"",""fetched_at"":""2026-09-23T20:11:52Z"",""cache_file"":""155e8ad70933594fef7cf6387b59a328219fa033eebe17babae7110e08da48cf.json.gz""}"
npmjs.org,pkg:npm/%40nodelib/fs.stat,https://github.com/nodelib/nodelib,dependencies,28315,purl,pkg:npm/%40nodelib/fs.stat,,4,"{""url"":""https://science.ecosyste.ms/api/v1/packages?per_page=1000&page=11"",""fetched_at"":""2026-09-23T20:11:25Z"",""cache_file"":""a234178575677f74c2fb7d3614b3052f63eefe4cbd53f665243a3d0180b30e02.json.gz""}"
npmjs.org,pkg:npm/pinkie,https://github.com/floatdrop/pinkie,dependencies,28324,purl,pkg:npm/pinkie,,2,"{""url"":""https://science.ecosyste.ms/api/v1/packages?per_page=1000&page=20"",""fetched_at"":""2026-09-23T20:13:19Z"",""cache_file"":""9ac3c6678577c334f71c432e9cb15cdc5b4f79bd40e486e1578cb8682b6d2e93.json.gz""}"
cran.r-project.org,pkg:cran/gtExtras,https://github.com/jthomasmock/gtextras,dependencies,28389,purl,pkg:cran/gtExtras,34.83,7,"{""url"":""https://science.ecosyste.ms/api/v1/packages?per_page=1000&page=7"",""fetched_at"":""2026-09-23T20:10:35Z"",""cache_file"":""cdeda14cbf7590ae5034c6ae27903c52dce2d2539920c41a59c2f2234e820ca7.json.gz""}"
pypi.org,pkg:pypi/azure-storage-blob,https://github.com/azure/azure-sdk-for-python,dependencies,29082,purl,pkg:pypi/azure-storage-blob,25.09,98,"{""url"":""https://science.ecosyste.ms/api/v1/packages?per_page=1000&page=1"",""fetched_at"":""2026-09-23T18:31:48Z"",""cache_file"":""beb2c2734ee59190973df1e89ebd83f45e20e68fea0240075b80b5b80c528e10.json.gz""}"
cran.r-project.org,pkg:cran/blob,https://github.com/tidyverse/blob,dependencies,29115,purl,pkg:cran/blob,21.0,37,"{""url"":""https://science.ecosyste.ms/api/v1/packages?per_page=1000&page=2"",""fetched_at"":""2026-09-23T20:09:36Z"",""cache_file"":""2b1260162107e8d722838ec4ab177e096ed8cfe5c5acc667a84011b12735b3e8.json.gz""}"
cran.r-project.org,pkg:cran/ipred,https://codeberg.org/thothorn/ipred,dependencies,29139,purl,pkg:cran/ipred,7.0,15,"{""url"":""https://science.ecosyste.ms/api/v1/packages?per_page=1000&page=4"",""fetched_at"":""2026-09-23T20:09:56Z"",""cache_file"":""1022619f69a3d12476e71e4b47fd5d60d4d59a1ddad984e1d08b462f5d51052a.json.gz""}"
cran.r-project.org,pkg:cran/reactR,https://github.com/react-r/reactr,dependencies,29161,purl,pkg:cran/reactR,28.0,15,"{""url"":""https://science.ecosyste.ms/api/v1/packages?per_page=1000&page=4"",""fetched_at"":""2026-09-23T20:09:56Z"",""cache_file"":""1022619f69a3d12476e71e4b47fd5d60d4d59a1ddad984e1d08b462f5d51052a.json.gz""}"
cran.r-project.org,pkg:cran/rversions,https://github.com/r-hub/rversions,dependencies,29164,purl,pkg:cran/rversions,34.0,5,"{""url"":""https://science.ecosyste.ms/api/v1/packages?per_page=1000&page=10"",""fetched_at"":""2026-09-23T20:11:09Z"",""cache_file"":""9cf1186763fd9fd14f7165135c92a92f814f36ec8edcd277f5d7bbac47547e4f.json.gz""}"
cran.r-project.org,pkg:cran/SQUAREM,,dependencies,29168,purl,pkg:cran/SQUAREM,,11,"{""url"":""https://science.ecosyste.ms/api/v1/packages?per_page=1000&page=5"",""fetched_at"":""2026-09-23T20:10:08Z"",""cache_file"":""40c89b8a138dc9c33db96f75b7e768e4ecde7ac0551ebf5e11d512e62a42e34b.json.gz""}"
cran.r-project.org,pkg:cran/treemap,,dependencies,29173,purl,pkg:cran/treemap,,16,"{""url"":""https://science.ecosyste.ms/api/v1/packages?per_page=1000&page=4"",""fetched_at"":""2026-09-23T20:09:56Z"",""cache_file"":""1022619f69a3d12476e71e4b47fd5d60d4d59a1ddad984e1d08b462f5d51052a.json.gz""}"
crates.io,pkg:cargo/blake2b_simd,https://github.com/oconnor663/blake2_simd,dependencies,34090,purl,pkg:cargo/blake2b_simd,13.0,3,"{""url"":""https://science.ecosyste.ms/api/v1/packages?per_page=1000&page=13"",""fetched_at"":""2026-09-23T20:11:43Z"",""cache_file"":""cfd3afd1e2ab168f294a24cc99445b97277da89f3d663f161b984636086899da.json.gz""}"
crates.io,pkg:cargo/sha1,https://github.com/rustcrypto/hashes,dependencies,34291,purl,pkg:cargo/sha1,13.16,4,"{""url"":""https://science.ecosyste.ms/api/v1/packages?per_page=1000&page=12"",""fetched_at"":""2026-09-23T20:11:33Z"",""cache_file"":""726e4acba0dce811ec23946ba4adc96b23e026803f186554c6e683ac2cd0008b.json.gz""}"
hackage.haskell.org,pkg:hackage/diagrams-contrib,https://github.com/diagrams/diagrams-contrib,dependencies,35712,purl,pkg:hackage/diagrams-contrib,,1,"{""url"":""https://science.ecosyste.ms/api/v1/packages?per_page=1000&page=71"",""fetched_at"":""2026-09-23T20:22:49Z"",""cache_file"":""ffc7db324b2ce8850b5372a3ea37922abdd9151a6fd47f05da057e93fcef27ee.json.gz""}"
hackage.haskell.org,pkg:hackage/ghc,,dependencies,35718,purl,pkg:hackage/ghc,,1,"{""url"":""https://science.ecosyste.ms/api/v1/packages?per_page=1000&page=75"",""fetched_at"":""2026-09-23T20:23:26Z"",""cache_file"":""14965df019687f8faa3fb8485eb187a06b696297345e0cce0db1a0b7def979ae.json.gz""}"
npmjs.org,pkg:npm/%40types/keyv,,dependencies,39137,purl,pkg:npm/%40types/keyv,,2,"{""url"":""https://science.ecosyste.ms/api/v1/packages?per_page=1000&page=23"",""fetched_at"":""2026-09-23T20:14:10Z"",""cache_file"":""b290333de94b5db372bee4e07dcb6954650b9bf3e54bb2f8e51f8ef3b0249a7d.json.gz""}"
pypi.org,pkg:pypi/xgboost,https://github.com/dmlc/xgboost,dependencies,39765,purl,pkg:pypi/xgboost,23.2,358,"{""url"":""https://science.ecosyste.ms/api/v1/packages?per_page=1000&page=1"",""fetched_at"":""2026-09-23T18:31:48Z"",""cache_file"":""beb2c2734ee59190973df1e89ebd83f45e20e68fea0240075b80b5b80c528e10.json.gz""}"
repo1.maven.org,pkg:maven/com.sun.jersey.contribs/jersey-multipart,,dependencies,40374,purl,pkg:maven/com.sun.jersey.contribs/jersey-multipart,,1,"{""url"":""https://science.ecosyste.ms/api/v1/packages?per_page=1000&page=69"",""fetched_at"":""2026-09-23T20:22:11Z"",""cache_file"":""d9a6f92b0931f507c5c7d90ade5ce851846d13dab5cba809cc5b9e5bb2463f26.json.gz""}"
repo1.maven.org,pkg:maven/com.sun.jersey/jersey-bundle,,dependencies,40375,purl,pkg:maven/com.sun.jersey/jersey-bundle,,1,"{""url"":""https://science.ecosyste.ms/api/v1/packages?per_page=1000&page=69"",""fetched_at"":""2026-09-23T20:22:11Z"",""cache_file"":""d9a6f92b0931f507c5c7d90ade5ce851846d13dab5cba809cc5b9e5bb2463f26.json.gz""}"
repo1.maven.org,pkg:maven/com.sun.jersey/jersey-client,,dependencies,40376,purl,pkg:maven/com.sun.jersey/jersey-client,,5,"{""url"":""https://science.ecosyste.ms/api/v1/packages?per_page=1000&page=9"",""fetched_at"":""2026-09-23T20:10:58Z"",""cache_file"":""f525864688bd2f9b2a718f3ed95db9e06c620acb8d63dffab1d7e2b154250d66.json.gz""}"
repo1.maven.org,pkg:maven/com.sun.jersey/jersey-servlet,,dependencies,40378,purl,pkg:maven/com.sun.jersey/jersey-servlet,,1,"{""url"":""https://science.ecosyste.ms/api/v1/packages?per_page=1000&page=69"",""fetched_at"":""2026-09-23T20:22:11Z"",""cache_file"":""d9a6f92b0931f507c5c7d90ade5ce851846d13dab5cba809cc5b9e5bb2463f26.json.gz""}"
crates.io,pkg:cargo/rust_decimal,https://github.com/paupino/rust-decimal,dependencies,40445,purl,pkg:cargo/rust_decimal,13.1,3,"{""url"":""https://science.ecosyste.ms/api/v1/packages?per_page=1000&page=15"",""fetched_at"":""2026-09-23T20:12:11Z"",""cache_file"":""95370fa99492919b19e221b84c1e2a21fd9745d8516cc572284630b3456504ed.json.gz""}"
hub.docker.com,pkg:docker/kylemanna%2Fopenvpn,,dependencies,40728,purl,pkg:docker/kylemanna%2Fopenvpn,,1,"{""url"":""https://science.ecosyste.ms/api/v1/packages?per_page=1000&page=79"",""fetched_at"":""2026-09-23T20:24:40Z"",""cache_file"":""66a06cc6f351a6018008fa1e98eb71d8e526bcfa97b7689b383532f79529fdf9.json.gz""}"
hub.docker.com,pkg:docker/pihole%2Fpihole,,dependencies,40730,purl,pkg:docker/pihole%2Fpihole,,1,"{""url"":""https://science.ecosyste.ms/api/v1/packages?per_page=1000&page=88"",""fetched_at"":""2026-09-24T08:37:27Z"",""cache_file"":""bba2d86760e17a60d9975f76e03f09cbbdcaef8efb18febb95c642e43647c231.json.gz""}"
pypi.org,pkg:pypi/deepdiff,https://github.com/qlustered/deepdiff,dependencies,40870,purl,pkg:pypi/deepdiff,16.42,104,"{""url"":""https://science.ecosyste.ms/api/v1/packages?per_page=1000&page=1"",""fetched_at"":""2026-09-23T18:31:48Z"",""cache_file"":""beb2c2734ee59190973df1e89ebd83f45e20e68fea0240075b80b5b80c528e10.json.gz""}"
pypi.org,pkg:pypi/pox,https://github.com/uqfoundation/pox,dependencies,40898,purl,pkg:pypi/pox,30.25,41,"{""url"":""https://science.ecosyste.ms/api/v1/packages?per_page=1000&page=2"",""fetched_at"":""2026-09-23T20:09:36Z"",""cache_file"":""2b1260162107e8d722838ec4ab177e096ed8cfe5c5acc667a84011b12735b3e8.json.gz""}"
pypi.org,pkg:pypi/ppft,https://github.com/uqfoundation/ppft,dependencies,40899,purl,pkg:pypi/ppft,30.25,41,"{""url"":""https://science.ecosyste.ms/api/v1/packages?per_page=1000&page=2"",""fetched_at"":""2026-09-23T20:09:36Z"",""cache_file"":""2b1260162107e8d722838ec4ab177e096ed8cfe5c5acc667a84011b12735b3e8.json.gz""}"
pypi.org,pkg:pypi/semantic-version,https://github.com/rbarrois/python-semanticversion,dependencies,40915,purl,pkg:pypi/semantic-version,21.0,132,"{""url"":""https://science.ecosyste.ms/api/v1/packages?per_page=1000&page=1"",""fetched_at"":""2026-09-23T18:31:48Z"",""cache_file"":""beb2c2734ee59190973df1e89ebd83f45e20e68fea0240075b80b5b80c528e10.json.gz""}"
pypi.org,pkg:pypi/ujson,https://github.com/ultrajson/ultrajson,dependencies,40932,purl,pkg:pypi/ujson,8.06,186,"{""url"":""https://science.ecosyste.ms/api/v1/packages?per_page=1000&page=1"",""fetched_at"":""2026-09-23T18:31:48Z"",""cache_file"":""beb2c2734ee59190973df1e89ebd83f45e20e68fea0240075b80b5b80c528e10.json.gz""}"
cran.r-project.org,pkg:cran/TTR,https://github.com/joshuaulrich/ttr,dependencies,41008,purl,pkg:cran/TTR,20.0,15,"{""url"":""https://science.ecosyste.ms/api/v1/packages?per_page=1000&page=4"",""fetched_at"":""2026-09-23T20:09:56Z"",""cache_file"":""1022619f69a3d12476e71e4b47fd5d60d4d59a1ddad984e1d08b462f5d51052a.json.gz""}"
hackage.haskell.org,pkg:hackage/data-default-class,https://github.com/mauke/data-default,dependencies,41029,purl,pkg:hackage/data-default-class,,3,"{""url"":""https://science.ecosyste.ms/api/v1/packages?per_page=1000&page=13"",""fetched_at"":""2026-09-23T20:11:43Z"",""cache_file"":""cfd3afd1e2ab168f294a24cc99445b97277da89f3d663f161b984636086899da.json.gz""}"
hackage.haskell.org,pkg:hackage/microlens-th,https://github.com/stevenfontanella/microlens,dependencies,41037,purl,pkg:hackage/microlens-th,13.29,1,"{""url"":""https://science.ecosyste.ms/api/v1/packages?per_page=1000&page=83"",""fetched_at"":""2026-09-23T20:26:36Z"",""cache_file"":""20cf55a2a2964e7cfdbe498bc7d610a7657ebe11c778e219ab82593355292796.json.gz""}"
hackage.haskell.org,pkg:hackage/pipes,https://github.com/gabriella439/haskell-pipes-library,dependencies,41041,purl,pkg:hackage/pipes,13.19,5,"{""url"":""https://science.ecosyste.ms/api/v1/packages?per_page=1000&page=10"",""fetched_at"":""2026-09-23T20:11:09Z"",""cache_file"":""9cf1186763fd9fd14f7165135c92a92f814f36ec8edcd277f5d7bbac47547e4f.json.gz""}"
pypi.org,pkg:pypi/pytest-asyncio,https://github.com/pytest-dev/pytest-asyncio,dependencies,41082,purl,pkg:pypi/pytest-asyncio,21.06,207,"{""url"":""https://science.ecosyste.ms/api/v1/packages?per_page=1000&page=1"",""fetched_at"":""2026-09-23T18:31:48Z"",""cache_file"":""beb2c2734ee59190973df1e89ebd83f45e20e68fea0240075b80b5b80c528e10.json.gz""}"
npmjs.org,pkg:npm/workerpool,https://github.com/josdejong/workerpool,dependencies,41327,purl,pkg:npm/workerpool,13.19,1,"{""url"":""https://science.ecosyste.ms/api/v1/packages?per_page=1000&page=99"",""fetched_at"":""2026-09-24T08:38:49Z"",""cache_file"":""9383035325794e2f9c94ecee5bb7de1103ccb9bcd6bf7e125aeff399b8bcbf61.json.gz""}"
pypi.org,pkg:pypi/commonmark,https://github.com/rtfd/commonmark.py,dependencies,41468,purl,pkg:pypi/commonmark,,162,"{""url"":""https://science.ecosyste.ms/api/v1/packages?per_page=1000&page=1"",""fetched_at"":""2026-09-23T18:31:48Z"",""cache_file"":""beb2c2734ee59190973df1e89ebd83f45e20e68fea0240075b80b5b80c528e10.json.gz""}"
pypi.org,pkg:pypi/ordered-set,https://github.com/rspeer/ordered-set,dependencies,41480,purl,pkg:pypi/ordered-set,21.22,125,"{""url"":""https://science.ecosyste.ms/api/v1/packages?per_page=1000&page=1"",""fetched_at"":""2026-09-23T18:31:48Z"",""cache_file"":""beb2c2734ee59190973df1e89ebd83f45e20e68fea0240075b80b5b80c528e10.json.gz""}"
pypi.org,pkg:pypi/pymongo,https://github.com/mongodb/mongo-python-driver,dependencies,41486,purl,pkg:pypi/pymongo,25.11,275,"{""url"":""https://science.ecosyste.ms/api/v1/packages?per_page=1000&page=1"",""fetched_at"":""2026-09-23T18:31:48Z"",""cache_file"":""beb2c2734ee59190973df1e89ebd83f45e20e68fea0240075b80b5b80c528e10.json.gz""}"
pypi.org,pkg:pypi/lockfile,,dependencies,41562,purl,pkg:pypi/lockfile,,139,"{""url"":""https://science.ecosyste.ms/api/v1/packages?per_page=1000&page=1"",""fetched_at"":""2026-09-23T18:31:48Z"",""cache_file"":""beb2c2734ee59190973df1e89ebd83f45e20e68fea0240075b80b5b80c528e10.json.gz""}"
pypi.org,pkg:pypi/sortedcontainers,https://github.com/grantjenks/python-sortedcontainers,dependencies,41999,purl,pkg:pypi/sortedcontainers,89.0,366,"{""url"":""https://science.ecosyste.ms/api/v1/packages?per_page=1000&page=1"",""fetched_at"":""2026-09-23T18:31:48Z"",""cache_file"":""beb2c2734ee59190973df1e89ebd83f45e20e68fea0240075b80b5b80c528e10.json.gz""}"
cran.r-project.org,pkg:cran/RcppTOML,https://github.com/eddelbuettel/rcpptoml,dependencies,42024,purl,pkg:cran/RcppTOML,7.0,8,"{""url"":""https://science.ecosyste.ms/api/v1/packages?per_page=1000&page=7"",""fetched_at"":""2026-09-23T20:10:35Z"",""cache_file"":""cdeda14cbf7590ae5034c6ae27903c52dce2d2539920c41a59c2f2234e820ca7.json.gz""}"
nuget.org,pkg:nuget/system.componentmodel.primitives,,dependencies,42391,purl,pkg:nuget/system.componentmodel.primitives,,1,"{""url"":""https://science.ecosyste.ms/api/v1/packages?per_page=1000&page=96"",""fetched_at"":""2026-09-24T08:38:28Z"",""cache_file"":""2225d27739a66fff4b240ecfa35b56185d359a4450013fa5c780cb8fc82be029.json.gz""}"
pypi.org,pkg:pypi/asn1crypto,https://github.com/wbond/asn1crypto,dependencies,42952,purl,pkg:pypi/asn1crypto,13.25,86,"{""url"":""https://science.ecosyste.ms/api/v1/packages?per_page=1000&page=1"",""fetched_at"":""2026-09-23T18:31:48Z"",""cache_file"":""beb2c2734ee59190973df1e89ebd83f45e20e68fea0240075b80b5b80c528e10.json.gz""}"
npmjs.org,pkg:npm/postcss-calc,https://github.com/postcss/postcss-calc,dependencies,42997,purl,pkg:npm/postcss-calc,13.0,2,"{""url"":""https://science.ecosyste.ms/api/v1/packages?per_page=1000&page=20"",""fetched_at"":""2026-09-23T20:13:19Z"",""cache_file"":""9ac3c6678577c334f71c432e9cb15cdc5b4f79bd40e486e1578cb8682b6d2e93.json.gz""}"
pypi.org,pkg:pypi/azure-common,https://github.com/azure/azure-sdk-for-python,dependencies,43210,purl,pkg:pypi/azure-common,25.09,22,"{""url"":""https://science.ecosyste.ms/api/v1/packages?per_page=1000&page=3"",""fetched_at"":""2026-09-23T20:09:46Z"",""cache_file"":""43c6dde80c261ddc62688f062ec7bc17116645bcbcb0960d5639d1b0e0d3f36c.json.gz""}"
pypi.org,pkg:pypi/azure-core,https://github.com/azure/azure-sdk-for-python,dependencies,43211,purl,pkg:pypi/azure-core,25.09,65,"{""url"":""https://science.ecosyste.ms/api/v1/packages?per_page=1000&page=2"",""fetched_at"":""2026-09-23T20:09:36Z"",""cache_file"":""2b1260162107e8d722838ec4ab177e096ed8cfe5c5acc667a84011b12735b3e8.json.gz""}"
pypi.org,pkg:pypi/azure-cosmos,https://github.com/azure/azure-sdk-for-python,dependencies,43213,purl,pkg:pypi/azure-cosmos,25.09,10,"{""url"":""https://science.ecosyste.ms/api/v1/packages?per_page=1000&page=5"",""fetched_at"":""2026-09-23T20:10:08Z"",""cache_file"":""40c89b8a138dc9c33db96f75b7e768e4ecde7ac0551ebf5e11d512e62a42e34b.json.gz""}"
pypi.org,pkg:pypi/azure-identity,https://github.com/azure/azure-sdk-for-python,dependencies,43215,purl,pkg:pypi/azure-identity,25.09,79,"{""url"":""https://science.ecosyste.ms/api/v1/packages?per_page=1000&page=2"",""fetched_at"":""2026-09-23T20:09:36Z"",""cache_file"":""2b1260162107e8d722838ec4ab177e096ed8cfe5c5acc667a84011b12735b3e8.json.gz""}"
pypi.org,pkg:pypi/azure-keyvault-secrets,https://github.com/azure/azure-sdk-for-python,dependencies,43219,purl,pkg:pypi/azure-keyvault-secrets,25.09,12,"{""url"":""https://science.ecosyste.ms/api/v1/packages?per_page=1000&page=5"",""fetched_at"":""2026-09-23T20:10:08Z"",""cache_file"":""40c89b8a138dc9c33db96f75b7e768e4ecde7ac0551ebf5e11d512e62a42e34b.json.gz""}"
pypi.org,pkg:pypi/azure-mgmt-containerregistry,https://github.com/azure/azure-sdk-for-python,dependencies,43229,purl,pkg:pypi/azure-mgmt-containerregistry,25.09,7,"{""url"":""https://science.ecosyste.ms/api/v1/packages?per_page=1000&page=7"",""fetched_at"":""2026-09-23T20:10:35Z"",""cache_file"":""cdeda14cbf7590ae5034c6ae27903c52dce2d2539920c41a59c2f2234e820ca7.json.gz""}"
pypi.org,pkg:pypi/azure-mgmt-core,https://github.com/azure/azure-sdk-for-python,dependencies,43231,purl,pkg:pypi/azure-mgmt-core,25.09,10,"{""url"":""https://science.ecosyste.ms/api/v1/packages?per_page=1000&page=5"",""fetched_at"":""2026-09-23T20:10:08Z"",""cache_file"":""40c89b8a138dc9c33db96f75b7e768e4ecde7ac0551ebf5e11d512e62a42e34b.json.gz""}"
pypi.org,pkg:pypi/azure-mgmt-cosmosdb,https://github.com/azure/azure-sdk-for-python,dependencies,43232,purl,pkg:pypi/azure-mgmt-cosmosdb,25.09,1,"{""url"":""https://science.ecosyste.ms/api/v1/packages?per_page=1000&page=65"",""fetched_at"":""2026-09-23T20:21:07Z"",""cache_file"":""f3f00e9961c88faaa31def2b557972e1d401fad657ed65f492590ed4b7fa1bfd.json.gz""}"
pypi.org,pkg:pypi/azure-mgmt-resource,https://github.com/azure/azure-sdk-for-python,dependencies,43253,purl,pkg:pypi/azure-mgmt-resource,25.09,17,"{""url"":""https://science.ecosyste.ms/api/v1/packages?per_page=1000&page=4"",""fetched_at"":""2026-09-23T20:09:56Z"",""cache_file"":""1022619f69a3d12476e71e4b47fd5d60d4d59a1ddad984e1d08b462f5d51052a.json.gz""}"
pypi.org,pkg:pypi/azure-mgmt-storage,https://github.com/azure/azure-sdk-for-python,dependencies,43257,purl,pkg:pypi/azure-mgmt-storage,25.09,14,"{""url"":""https://science.ecosyste.ms/api/v1/packages?per_page=1000&page=4"",""fetched_at"":""2026-09-23T20:09:56Z"",""cache_file"":""1022619f69a3d12476e71e4b47fd5d60d4d59a1ddad984e1d08b462f5d51052a.json.gz""}"
npmjs.org,pkg:npm/%40aws-sdk/types,https://github.com/aws/aws-sdk-js-v3,dependencies,43353,purl,pkg:npm/%40aws-sdk/types,17.03,2,"{""url"":""https://science.ecosyste.ms/api/v1/packages?per_page=1000&page=16"",""fetched_at"":""2026-09-23T20:12:27Z"",""cache_file"":""ffde8df4be5e6610bd1efff0a2c0aefa2c9f532afc02a082317a377cedeefc27.json.gz""}"
pypi.org,pkg:pypi/grpcio-tools,https://github.com/grpc/grpc,dependencies,43473,purl,pkg:pypi/grpcio-tools,21.06,57,"{""url"":""https://science.ecosyste.ms/api/v1/packages?per_page=1000&page=2"",""fetched_at"":""2026-09-23T20:09:36Z"",""cache_file"":""2b1260162107e8d722838ec4ab177e096ed8cfe5c5acc667a84011b12735b3e8.json.gz""}"
hub.docker.com,pkg:docker/jwilder%2Fnginx-proxy,,dependencies,43949,purl,pkg:docker/jwilder%2Fnginx-proxy,,3,"{""url"":""https://science.ecosyste.ms/api/v1/packages?per_page=1000&page=14"",""fetched_at"":""2026-09-23T20:11:52Z"",""cache_file"":""155e8ad70933594fef7cf6387b59a328219fa033eebe17babae7110e08da48cf.json.gz""}"
hub.docker.com,pkg:docker/portainer%2Fportainer,,dependencies,43953,purl,pkg:docker/portainer%2Fportainer,,2,"{""url"":""https://science.ecosyste.ms/api/v1/packages?per_page=1000&page=20"",""fetched_at"":""2026-09-23T20:13:19Z"",""cache_file"":""9ac3c6678577c334f71c432e9cb15cdc5b4f79bd40e486e1578cb8682b6d2e93.json.gz""}"
pypi.org,pkg:pypi/confluent-kafka,https://github.com/confluentinc/confluent-kafka-python,dependencies,44640,purl,pkg:pypi/confluent-kafka,21.08,18,"{""url"":""https://science.ecosyste.ms/api/v1/packages?per_page=1000&page=4"",""fetched_at"":""2026-09-23T20:09:56Z"",""cache_file"":""1022619f69a3d12476e71e4b47fd5d60d4d59a1ddad984e1d08b462f5d51052a.json.gz""}"
proxy.golang.org,pkg:golang/golang.org/x/lint,https://go.googlesource.com/lint,dependencies,44908,purl,pkg:golang/golang.org/x/lint,,5,"{""url"":""https://science.ecosyste.ms/api/v1/packages?per_page=1000&page=9"",""fetched_at"":""2026-09-23T20:10:58Z"",""cache_file"":""f525864688bd2f9b2a718f3ed95db9e06c620acb8d63dffab1d7e2b154250d66.json.gz""}"
formulae.brew.sh,pkg:brew/ccache,https://github.com/ccache/ccache,dependencies,44909,purl,pkg:brew/ccache,,5,"{""url"":""https://science.ecosyste.ms/api/v1/packages?per_page=1000&page=9"",""fetched_at"":""2026-09-23T20:10:58Z"",""cache_file"":""f525864688bd2f9b2a718f3ed95db9e06c620acb8d63dffab1d7e2b154250d66.json.gz""}"
juliahub.com,pkg:julia/ECOS,https://github.com/jump-dev/ecos.jl,dependencies,44915,purl,pkg:julia/ECOS,21.5,9,"{""url"":""https://science.ecosyste.ms/api/v1/packages?per_page=1000&page=6"",""fetched_at"":""2026-09-23T20:10:21Z"",""cache_file"":""953ff191a5369de755bbbfbb0f10641279d1ecda54c0d35e7d57ba60421998ab.json.gz""}"
formulae.brew.sh,pkg:brew/boost,https://github.com/boostorg/boost,dependencies,45335,purl,pkg:brew/boost,,4,"{""url"":""https://science.ecosyste.ms/api/v1/packages?per_page=1000&page=10"",""fetched_at"":""2026-09-23T20:11:09Z"",""cache_file"":""9cf1186763fd9fd14f7165135c92a92f814f36ec8edcd277f5d7bbac47547e4f.json.gz""}"
formulae.brew.sh,pkg:brew/libtiff,,dependencies,45339,purl,pkg:brew/libtiff,,1,"{""url"":""https://science.ecosyste.ms/api/v1/packages?per_page=1000&page=81"",""fetched_at"":""2026-09-23T20:25:20Z"",""cache_file"":""5bdab7d39657e472d166c65c908ee724040f928ce70ed15c8a8793468c837466.json.gz""}"
pypi.org,pkg:pypi/gcsfs,https://github.com/fsspec/gcsfs,dependencies,45519,purl,pkg:pypi/gcsfs,21.21,110,"{""url"":""https://science.ecosyste.ms/api/v1/packages?per_page=1000&page=1"",""fetched_at"":""2026-09-23T18:31:48Z"",""cache_file"":""beb2c2734ee59190973df1e89ebd83f45e20e68fea0240075b80b5b80c528e10.json.gz""}"
pypi.org,pkg:pypi/pycryptodome,https://github.com/legrandin/pycryptodome,dependencies,45522,purl,pkg:pypi/pycryptodome,13.15,104,"{""url"":""https://science.ecosyste.ms/api/v1/packages?per_page=1000&page=1"",""fetched_at"":""2026-09-23T18:31:48Z"",""cache_file"":""beb2c2734ee59190973df1e89ebd83f45e20e68fea0240075b80b5b80c528e10.json.gz""}"
hub.docker.com,pkg:docker/portainer%2Fportainer-ce,,dependencies,45578,purl,pkg:docker/portainer%2Fportainer-ce,,1,"{""url"":""https://science.ecosyste.ms/api/v1/packages?per_page=1000&page=88"",""fetched_at"":""2026-09-24T08:37:27Z"",""cache_file"":""bba2d86760e17a60d9975f76e03f09cbbdcaef8efb18febb95c642e43647c231.json.gz""}"
pypi.org,pkg:pypi/ply,,dependencies,45676,purl,pkg:pypi/ply,,226,"{""url"":""https://science.ecosyste.ms/api/v1/packages?per_page=1000&page=1"",""fetched_at"":""2026-09-23T18:31:48Z"",""cache_file"":""beb2c2734ee59190973df1e89ebd83f45e20e68fea0240075b80b5b80c528e10.json.gz""}"
crates.io,pkg:cargo/bitvec,https://github.com/bitvecto-rs/bitvec,dependencies,45682,purl,pkg:cargo/bitvec,13.0,7,"{""url"":""https://science.ecosyste.ms/api/v1/packages?per_page=1000&page=7"",""fetched_at"":""2026-09-23T20:10:35Z"",""cache_file"":""cdeda14cbf7590ae5034c6ae27903c52dce2d2539920c41a59c2f2234e820ca7.json.gz""}"
hub.docker.com,pkg:docker/containrrr%2Fwatchtower,,dependencies,45793,purl,pkg:docker/containrrr%2Fwatchtower,,2,"{""url"":""https://science.ecosyste.ms/api/v1/packages?per_page=1000&page=17"",""fetched_at"":""2026-09-23T20:12:39Z"",""cache_file"":""c8170e0e835f21abad2d9d81d6b4b965466a58a190058f9cfae46a50d79aab2a.json.gz""}"
hub.docker.com,pkg:docker/jrcs%2Fletsencrypt-nginx-proxy-companion,,dependencies,45798,purl,pkg:docker/jrcs%2Fletsencrypt-nginx-proxy-companion,,2,"{""url"":""https://science.ecosyste.ms/api/v1/packages?per_page=1000&page=18"",""fetched_at"":""2026-09-23T20:12:53Z"",""cache_file"":""ab110e1e192d304bd69ea5f571dbacca5c0eb30375c74456a1473f874eb63870.json.gz""}"
juliahub.com,pkg:julia/SolverTools,https://github.com/juliasmoothoptimizers/solvertools.jl,dependencies,45816,purl,pkg:julia/SolverTools,66.36,6,"{""url"":""https://science.ecosyste.ms/api/v1/packages?per_page=1000&page=8"",""fetched_at"":""2026-09-23T20:10:47Z"",""cache_file"":""edead3ff1ae05c52736c2cae091eda9a38cad1633de2df4b29be9314eb30cc6e.json.gz""}"
pypi.org,pkg:pypi/google-cloud-bigquery,https://github.com/googleapis/python-bigquery,dependencies,45904,purl,pkg:pypi/google-cloud-bigquery,8.09,66,"{""url"":""https://science.ecosyste.ms/api/v1/packages?per_page=1000&page=2"",""fetched_at"":""2026-09-23T20:09:36Z"",""cache_file"":""2b1260162107e8d722838ec4ab177e096ed8cfe5c5acc667a84011b12735b3e8.json.gz""}"
hub.docker.com,pkg:docker/prom%2Fnode-exporter,,dependencies,46231,purl,pkg:docker/prom%2Fnode-exporter,,1,"{""url"":""https://science.ecosyste.ms/api/v1/packages?per_page=1000&page=89"",""fetched_at"":""2026-09-24T08:37:34Z"",""cache_file"":""907afcaa60c076951bb6321943248d0653801b5adfe8eb4a8664fb5102b41314.json.gz""}"
hackage.haskell.org,pkg:hackage/ad,https://github.com/ekmett/ad,dependencies,46380,purl,pkg:hackage/ad,13.45,1,"{""url"":""https://science.ecosyste.ms/api/v1/packages?per_page=1000&page=64"",""fetched_at"":""2026-09-23T20:20:50Z"",""cache_file"":""dc7ec6b1efe6371145ff33b6a769b76f8b2aaaaaca1e3d0eb88b5848186cd9fe.json.gz""}"
repo1.maven.org,pkg:maven/net.java.dev.jna/jna-platform,https://github.com/java-native-access/jna,dependencies,46694,purl,pkg:maven/net.java.dev.jna/jna-platform,13.07,4,"{""url"":""https://science.ecosyste.ms/api/v1/packages?per_page=1000&page=11"",""fetched_at"":""2026-09-23T20:11:25Z"",""cache_file"":""a234178575677f74c2fb7d3614b3052f63eefe4cbd53f665243a3d0180b30e02.json.gz""}"
crates.io,pkg:cargo/brotli,https://github.com/dropbox/rust-brotli,dependencies,46713,purl,pkg:cargo/brotli,17.0,1,"{""url"":""https://science.ecosyste.ms/api/v1/packages?per_page=1000&page=66"",""fetched_at"":""2026-09-23T20:21:22Z"",""cache_file"":""0ab13d177ca42e751f8ad4efccbd792d064b92f61501c026fdbe2d550547106a.json.gz""}"
proxy.golang.org,pkg:golang/github.com/stoewer/go-strcase,https://github.com/stoewer/go-strcase,dependencies,47048,purl,pkg:golang/github.com/stoewer/go-strcase,13.0,4,"{""url"":""https://science.ecosyste.ms/api/v1/packages?per_page=1000&page=11"",""fetched_at"":""2026-09-23T20:11:25Z"",""cache_file"":""a234178575677f74c2fb7d3614b3052f63eefe4cbd53f665243a3d0180b30e02.json.gz""}"
juliahub.com,pkg:julia/ODE,https://github.com/sciml/ode.jl,dependencies,47072,purl,pkg:julia/ODE,21.95,3,"{""url"":""https://science.ecosyste.ms/api/v1/packages?per_page=1000&page=14"",""fetched_at"":""2026-09-23T20:11:52Z"",""cache_file"":""155e8ad70933594fef7cf6387b59a328219fa033eebe17babae7110e08da48cf.json.gz""}"
cran.r-project.org,pkg:cran/hardhat,https://github.com/tidymodels/hardhat,dependencies,47148,purl,pkg:cran/hardhat,34.38,35,"{""url"":""https://science.ecosyste.ms/api/v1/packages?per_page=1000&page=2"",""fetched_at"":""2026-09-23T20:09:36Z"",""cache_file"":""2b1260162107e8d722838ec4ab177e096ed8cfe5c5acc667a84011b12735b3e8.json.gz""}"
juliahub.com,pkg:julia/WAV,https://github.com/dancasimiro/wav.jl,dependencies,47199,purl,pkg:julia/WAV,13.58,5,"{""url"":""https://science.ecosyste.ms/api/v1/packages?per_page=1000&page=10"",""fetched_at"":""2026-09-23T20:11:09Z"",""cache_file"":""9cf1186763fd9fd14f7165135c92a92f814f36ec8edcd277f5d7bbac47547e4f.json.gz""}"
pypi.org,pkg:pypi/rapidfuzz,https://github.com/rapidfuzz/rapidfuzz,dependencies,47310,purl,pkg:pypi/rapidfuzz,8.0,154,"{""url"":""https://science.ecosyste.ms/api/v1/packages?per_page=1000&page=1"",""fetched_at"":""2026-09-23T18:31:48Z"",""cache_file"":""beb2c2734ee59190973df1e89ebd83f45e20e68fea0240075b80b5b80c528e10.json.gz""}"
pypi.org,pkg:pypi/ruamel.yaml.clib,,dependencies,47311,purl,pkg:pypi/ruamel.yaml.clib,,105,"{""url"":""https://science.ecosyste.ms/api/v1/packages?per_page=1000&page=1"",""fetched_at"":""2026-09-23T18:31:48Z"",""cache_file"":""beb2c2734ee59190973df1e89ebd83f45e20e68fea0240075b80b5b80c528e10.json.gz""}"
cran.r-project.org,pkg:cran/highcharter,https://github.com/jbkunst/highcharter,dependencies,47418,purl,pkg:cran/highcharter,34.78,23,"{""url"":""https://science.ecosyste.ms/api/v1/packages?per_page=1000&page=3"",""fetched_at"":""2026-09-23T20:09:46Z"",""cache_file"":""43c6dde80c261ddc62688f062ec7bc17116645bcbcb0960d5639d1b0e0d3f36c.json.gz""}"
cran.r-project.org,pkg:cran/shape,,dependencies,47432,purl,pkg:cran/shape,,22,"{""url"":""https://science.ecosyste.ms/api/v1/packages?per_page=1000&page=3"",""fetched_at"":""2026-09-23T20:09:46Z"",""cache_file"":""43c6dde80c261ddc62688f062ec7bc17116645bcbcb0960d5639d1b0e0d3f36c.json.gz""}"
juliahub.com,pkg:julia/MathProgBase,https://github.com/juliaopt/mathprogbase.jl,dependencies,47550,purl,pkg:julia/MathProgBase,14.21,5,"{""url"":""https://science.ecosyste.ms/api/v1/packages?per_page=1000&page=9"",""fetched_at"":""2026-09-23T20:10:58Z"",""cache_file"":""f525864688bd2f9b2a718f3ed95db9e06c620acb8d63dffab1d7e2b154250d66.json.gz""}"
hub.docker.com,pkg:docker/prom%2Falertmanager,,dependencies,48104,purl,pkg:docker/prom%2Falertmanager,,1,"{""url"":""https://science.ecosyste.ms/api/v1/packages?per_page=1000&page=89"",""fetched_at"":""2026-09-24T08:37:34Z"",""cache_file"":""907afcaa60c076951bb6321943248d0653801b5adfe8eb4a8664fb5102b41314.json.gz""}"
cocoapods.org,pkg:cocoapods/React,https://github.com/facebook/react-native,dependencies,48309,purl,pkg:cocoapods/React,,1,"{""url"":""https://science.ecosyste.ms/api/v1/packages?per_page=1000&page=91"",""fetched_at"":""2026-09-24T08:37:48Z"",""cache_file"":""8bdf99942200c774913a1c8315ae5f8ac7abb62a79ba7511a3066b8be4336095.json.gz""}"
juliahub.com,pkg:julia/Mosek,https://github.com/mosek/mosek.jl,dependencies,48485,purl,pkg:julia/Mosek,13.19,2,"{""url"":""https://science.ecosyste.ms/api/v1/packages?per_page=1000&page=19"",""fetched_at"":""2026-09-23T20:13:05Z"",""cache_file"":""105b828bd2bcef6b3c9a60c861cb4d27d602a7d5f1791f3ae3889cef204ca6a4.json.gz""}"
hub.docker.com,pkg:docker/curlimages%2Fcurl,https://github.com/curl/curl-container,dependencies,48571,purl,pkg:docker/curlimages%2Fcurl,,1,"{""url"":""https://science.ecosyste.ms/api/v1/packages?per_page=1000&page=69"",""fetched_at"":""2026-09-23T20:22:11Z"",""cache_file"":""d9a6f92b0931f507c5c7d90ade5ce851846d13dab5cba809cc5b9e5bb2463f26.json.gz""}"
juliahub.com,pkg:julia/GeometryTypes,https://github.com/juliageometry/geometrytypes.jl,dependencies,48596,purl,pkg:julia/GeometryTypes,13.5,2,"{""url"":""https://science.ecosyste.ms/api/v1/packages?per_page=1000&page=18"",""fetched_at"":""2026-09-23T20:12:53Z"",""cache_file"":""ab110e1e192d304bd69ea5f571dbacca5c0eb30375c74456a1473f874eb63870.json.gz""}"
repo1.maven.org,pkg:maven/com.jayway.jsonpath/json-path-assert,https://github.com/jayway/jsonpath,dependencies,48780,purl,pkg:maven/com.jayway.jsonpath/json-path-assert,,3,"{""url"":""https://science.ecosyste.ms/api/v1/packages?per_page=1000&page=13"",""fetched_at"":""2026-09-23T20:11:43Z"",""cache_file"":""cfd3afd1e2ab168f294a24cc99445b97277da89f3d663f161b984636086899da.json.gz""}"
repo1.maven.org,pkg:maven/com.jayway.restassured/rest-assured,https://github.com/jayway/rest-assured,dependencies,48781,purl,pkg:maven/com.jayway.restassured/rest-assured,,3,"{""url"":""https://science.ecosyste.ms/api/v1/packages?per_page=1000&page=13"",""fetched_at"":""2026-09-23T20:11:43Z"",""cache_file"":""cfd3afd1e2ab168f294a24cc99445b97277da89f3d663f161b984636086899da.json.gz""}"
repo1.maven.org,pkg:maven/com.sun.jersey/jersey-core,,dependencies,48804,purl,pkg:maven/com.sun.jersey/jersey-core,,3,"{""url"":""https://science.ecosyste.ms/api/v1/packages?per_page=1000&page=13"",""fetched_at"":""2026-09-23T20:11:43Z"",""cache_file"":""cfd3afd1e2ab168f294a24cc99445b97277da89f3d663f161b984636086899da.json.gz""}"
repo1.maven.org,pkg:maven/com.sun.jersey/jersey-server,,dependencies,48805,purl,pkg:maven/com.sun.jersey/jersey-server,,3,"{""url"":""https://science.ecosyste.ms/api/v1/packages?per_page=1000&page=13"",""fetched_at"":""2026-09-23T20:11:43Z"",""cache_file"":""cfd3afd1e2ab168f294a24cc99445b97277da89f3d663f161b984636086899da.json.gz""}"
juliahub.com,pkg:julia/BioSymbols,https://github.com/biojulia/biosymbols.jl,dependencies,49032,purl,pkg:julia/BioSymbols,28.0,8,"{""url"":""https://science.ecosyste.ms/api/v1/packages?per_page=1000&page=6"",""fetched_at"":""2026-09-23T20:10:21Z"",""cache_file"":""953ff191a5369de755bbbfbb0f10641279d1ecda54c0d35e7d57ba60421998ab.json.gz""}"
hub.docker.com,pkg:docker/selenium%2Fstandalone-chrome,https://github.com/seleniumhq/docker-selenium,dependencies,49124,purl,pkg:docker/selenium%2Fstandalone-chrome,,2,"{""url"":""https://science.ecosyste.ms/api/v1/packages?per_page=1000&page=22"",""fetched_at"":""2026-09-23T20:13:46Z"",""cache_file"":""01e918286eb7b385178c16e5eafabac47ac58be83c5522545b37ef2d1be72b21.json.gz""}"
crates.io,pkg:cargo/hermit-abi,https://github.com/hermit-os/hermit-rs,dependencies,49510,purl,pkg:cargo/hermit-abi,14.39,1,"{""url"":""https://science.ecosyste.ms/api/v1/packages?per_page=1000&page=77"",""fetched_at"":""2026-09-23T20:24:04Z"",""cache_file"":""4eee5f8253ac5aa851d1a1a8d246c62acf1b86dec001c3852a86f74cb6e98455.json.gz""}"
proxy.golang.org,pkg:golang/cloud.google.com/go/bigquery,https://github.com/googleapis/google-cloud-go,dependencies,49547,purl,pkg:golang/cloud.google.com/go/bigquery,13.03,2,"{""url"":""https://science.ecosyste.ms/api/v1/packages?per_page=1000&page=17"",""fetched_at"":""2026-09-23T20:12:39Z"",""cache_file"":""c8170e0e835f21abad2d9d81d6b4b965466a58a190058f9cfae46a50d79aab2a.json.gz""}"
bower.io,pkg:bower/datatables.net,https://github.com/datatables/dist-datatables,dependencies,50016,purl,pkg:bower/datatables.net,13.0,2,"{""url"":""https://science.ecosyste.ms/api/v1/packages?per_page=1000&page=17"",""fetched_at"":""2026-09-23T20:12:39Z"",""cache_file"":""c8170e0e835f21abad2d9d81d6b4b965466a58a190058f9cfae46a50d79aab2a.json.gz""}"
cran.r-project.org,pkg:cran/urlchecker,https://github.com/r-lib/urlchecker,dependencies,50123,purl,pkg:cran/urlchecker,21.63,8,"{""url"":""https://science.ecosyste.ms/api/v1/packages?per_page=1000&page=7"",""fetched_at"":""2026-09-23T20:10:35Z"",""cache_file"":""cdeda14cbf7590ae5034c6ae27903c52dce2d2539920c41a59c2f2234e820ca7.json.gz""}"
juliahub.com,pkg:julia/OIFITS,https://github.com/emmt/oifits.jl,dependencies,50306,purl,pkg:julia/OIFITS,30.67,1,"{""url"":""https://science.ecosyste.ms/api/v1/packages?per_page=1000&page=85"",""fetched_at"":""2026-09-24T08:36:57Z"",""cache_file"":""c63acaa7158a62203e14f100713e7acd77dbd3dc38209e3b87963a52ecb8d847.json.gz""}"
clojars.org,pkg:clojars/re-frame,https://github.com/day8/re-frame,dependencies,50348,purl,pkg:clojars/re-frame,21.14,2,"{""url"":""https://science.ecosyste.ms/api/v1/packages?per_page=1000&page=21"",""fetched_at"":""2026-09-23T20:13:35Z"",""cache_file"":""92f383db2c98748ff4045417a2ded58a6fe4327d72416b1e516f6e792743d8a4.json.gz""}"
repo1.maven.org,pkg:maven/hsqldb/hsqldb,,dependencies,50609,purl,pkg:maven/hsqldb/hsqldb,,1,"{""url"":""https://science.ecosyste.ms/api/v1/packages?per_page=1000&page=77"",""fetched_at"":""2026-09-23T20:24:04Z"",""cache_file"":""4eee5f8253ac5aa851d1a1a8d246c62acf1b86dec001c3852a86f74cb6e98455.json.gz""}"
repo1.maven.org,pkg:maven/javax.ws.rs/jsr311-api,,dependencies,50640,purl,pkg:maven/javax.ws.rs/jsr311-api,,3,"{""url"":""https://science.ecosyste.ms/api/v1/packages?per_page=1000&page=14"",""fetched_at"":""2026-09-23T20:11:52Z"",""cache_file"":""155e8ad70933594fef7cf6387b59a328219fa033eebe17babae7110e08da48cf.json.gz""}"
formulae.brew.sh,pkg:brew/node,https://github.com/nodejs/node,dependencies,50880,purl,pkg:brew/node,,2,"{""url"":""https://science.ecosyste.ms/api/v1/packages?per_page=1000&page=20"",""fetched_at"":""2026-09-23T20:13:19Z"",""cache_file"":""9ac3c6678577c334f71c432e9cb15cdc5b4f79bd40e486e1578cb8682b6d2e93.json.gz""}"
pypi.org,pkg:pypi/html5lib,https://github.com/html5lib/html5lib-python,dependencies,51119,purl,pkg:pypi/html5lib,21.11,295,"{""url"":""https://science.ecosyste.ms/api/v1/packages?per_page=1000&page=1"",""fetched_at"":""2026-09-23T18:31:48Z"",""cache_file"":""beb2c2734ee59190973df1e89ebd83f45e20e68fea0240075b80b5b80c528e10.json.gz""}"
pypi.org,pkg:pypi/trio,https://github.com/python-trio/trio,dependencies,51127,purl,pkg:pypi/trio,21.14,48,"{""url"":""https://science.ecosyste.ms/api/v1/packages?per_page=1000&page=2"",""fetched_at"":""2026-09-23T20:09:36Z"",""cache_file"":""2b1260162107e8d722838ec4ab177e096ed8cfe5c5acc667a84011b12735b3e8.json.gz""}"
cran.r-project.org,pkg:cran/sparklyr,https://github.com/sparklyr/sparklyr,dependencies,51192,purl,pkg:cran/sparklyr,34.33,26,"{""url"":""https://science.ecosyste.ms/api/v1/packages?per_page=1000&page=3"",""fetched_at"":""2026-09-23T20:09:46Z"",""cache_file"":""43c6dde80c261ddc62688f062ec7bc17116645bcbcb0960d5639d1b0e0d3f36c.json.gz""}"
hackage.haskell.org,pkg:hackage/integer-gmp,https://gitlab.haskell.org/ghc/ghc.git(libraries/integer-gmp),dependencies,51211,purl,pkg:hackage/integer-gmp,,2,"{""url"":""https://science.ecosyste.ms/api/v1/packages?per_page=1000&page=18"",""fetched_at"":""2026-09-23T20:12:53Z"",""cache_file"":""ab110e1e192d304bd69ea5f571dbacca5c0eb30375c74456a1473f874eb63870.json.gz""}"
hackage.haskell.org,pkg:hackage/shelly,https://github.com/gregwebs/shelly.hs,dependencies,51212,purl,pkg:hackage/shelly,,1,"{""url"":""https://science.ecosyste.ms/api/v1/packages?per_page=1000&page=93"",""fetched_at"":""2026-09-24T08:38:02Z"",""cache_file"":""9ead14bbddd3ec507c83848b6abc6aa13fec9fea1b7664786fcfdfcbcc6dce4e.json.gz""}"
repo1.maven.org,pkg:maven/org.apache.hadoop/hadoop-yarn-api,,dependencies,51493,purl,pkg:maven/org.apache.hadoop/hadoop-yarn-api,,4,"{""url"":""https://science.ecosyste.ms/api/v1/packages?per_page=1000&page=11"",""fetched_at"":""2026-09-23T20:11:25Z"",""cache_file"":""a234178575677f74c2fb7d3614b3052f63eefe4cbd53f665243a3d0180b30e02.json.gz""}"
repo1.maven.org,pkg:maven/org.apache.hadoop/hadoop-yarn-client,,dependencies,51494,purl,pkg:maven/org.apache.hadoop/hadoop-yarn-client,,3,"{""url"":""https://science.ecosyste.ms/api/v1/packages?per_page=1000&page=14"",""fetched_at"":""2026-09-23T20:11:52Z"",""cache_file"":""155e8ad70933594fef7cf6387b59a328219fa033eebe17babae7110e08da48cf.json.gz""}"
repo1.maven.org,pkg:maven/org.apache.hadoop/hadoop-yarn-common,,dependencies,51495,purl,pkg:maven/org.apache.hadoop/hadoop-yarn-common,,3,"{""url"":""https://science.ecosyste.ms/api/v1/packages?per_page=1000&page=14"",""fetched_at"":""2026-09-23T20:11:52Z"",""cache_file"":""155e8ad70933594fef7cf6387b59a328219fa033eebe17babae7110e08da48cf.json.gz""}"
juliahub.com,pkg:julia/DualNumbers,https://github.com/juliadiff/dualnumbers.jl,dependencies,51602,purl,pkg:julia/DualNumbers,22.25,3,"{""url"":""https://science.ecosyste.ms/api/v1/packages?per_page=1000&page=13"",""fetched_at"":""2026-09-23T20:11:43Z"",""cache_file"":""cfd3afd1e2ab168f294a24cc99445b97277da89f3d663f161b984636086899da.json.gz""}"
juliahub.com,pkg:julia/PolynomialRoots,https://github.com/giordano/polynomialroots.jl,dependencies,51616,purl,pkg:julia/PolynomialRoots,42.0,6,"{""url"":""https://science.ecosyste.ms/api/v1/packages?per_page=1000&page=8"",""fetched_at"":""2026-09-23T20:10:47Z"",""cache_file"":""edead3ff1ae05c52736c2cae091eda9a38cad1633de2df4b29be9314eb30cc6e.json.gz""}"
repo1.maven.org,pkg:maven/org.apache.spark/spark-core_2.11,https://github.com/apache/spark,dependencies,51771,purl,pkg:maven/org.apache.spark/spark-core_2.11,14.14,7,"{""url"":""https://science.ecosyste.ms/api/v1/packages?per_page=1000&page=7"",""fetched_at"":""2026-09-23T20:10:35Z"",""cache_file"":""cdeda14cbf7590ae5034c6ae27903c52dce2d2539920c41a59c2f2234e820ca7.json.gz""}"
repo1.maven.org,pkg:maven/org.apache.spark/spark-sql_2.11,https://github.com/apache/spark,dependencies,51778,purl,pkg:maven/org.apache.spark/spark-sql_2.11,14.14,5,"{""url"":""https://science.ecosyste.ms/api/v1/packages?per_page=1000&page=9"",""fetched_at"":""2026-09-23T20:10:58Z"",""cache_file"":""f525864688bd2f9b2a718f3ed95db9e06c620acb8d63dffab1d7e2b154250d66.json.gz""}"
juliahub.com,pkg:julia/UnitfulAstro,https://github.com/juliaastro/unitfulastro.jl,dependencies,51934,purl,pkg:julia/UnitfulAstro,28.92,3,"{""url"":""https://science.ecosyste.ms/api/v1/packages?per_page=1000&page=16"",""fetched_at"":""2026-09-23T20:12:27Z"",""cache_file"":""ffde8df4be5e6610bd1efff0a2c0aefa2c9f532afc02a082317a377cedeefc27.json.gz""}"
hub.docker.com,pkg:docker/bitnami%2Fredis,https://github.com/bitnami/containers,dependencies,52124,purl,pkg:docker/bitnami%2Fredis,,1,"{""url"":""https://science.ecosyste.ms/api/v1/packages?per_page=1000&page=66"",""fetched_at"":""2026-09-23T20:21:22Z"",""cache_file"":""0ab13d177ca42e751f8ad4efccbd792d064b92f61501c026fdbe2d550547106a.json.gz""}"
juliahub.com,pkg:julia/LibCURL,https://github.com/juliaweb/libcurl.jl,dependencies,52145,purl,pkg:julia/LibCURL,13.0,2,"{""url"":""https://science.ecosyste.ms/api/v1/packages?per_page=1000&page=19"",""fetched_at"":""2026-09-23T20:13:05Z"",""cache_file"":""105b828bd2bcef6b3c9a60c861cb4d27d602a7d5f1791f3ae3889cef204ca6a4.json.gz""}"
hackage.haskell.org,pkg:hackage/Glob,https://github.com/deewiant/glob,dependencies,52423,purl,pkg:hackage/Glob,,3,"{""url"":""https://science.ecosyste.ms/api/v1/packages?per_page=1000&page=13"",""fetched_at"":""2026-09-23T20:11:43Z"",""cache_file"":""cfd3afd1e2ab168f294a24cc99445b97277da89f3d663f161b984636086899da.json.gz""}"
hackage.haskell.org,pkg:hackage/http-client,https://github.com/snoyberg/http-client,dependencies,52436,purl,pkg:hackage/http-client,13.06,1,"{""url"":""https://science.ecosyste.ms/api/v1/packages?per_page=1000&page=77"",""fetched_at"":""2026-09-23T20:24:04Z"",""cache_file"":""4eee5f8253ac5aa851d1a1a8d246c62acf1b86dec001c3852a86f74cb6e98455.json.gz""}"
hackage.haskell.org,pkg:hackage/http-client-tls,https://github.com/snoyberg/http-client,dependencies,52437,purl,pkg:hackage/http-client-tls,13.06,1,"{""url"":""https://science.ecosyste.ms/api/v1/packages?per_page=1000&page=77"",""fetched_at"":""2026-09-23T20:24:04Z"",""cache_file"":""4eee5f8253ac5aa851d1a1a8d246c62acf1b86dec001c3852a86f74cb6e98455.json.gz""}"
juliahub.com,pkg:julia/HttpCommon,https://github.com/juliaweb/httpcommon.jl,dependencies,52492,purl,pkg:julia/HttpCommon,13.21,2,"{""url"":""https://science.ecosyste.ms/api/v1/packages?per_page=1000&page=18"",""fetched_at"":""2026-09-23T20:12:53Z"",""cache_file"":""ab110e1e192d304bd69ea5f571dbacca5c0eb30375c74456a1473f874eb63870.json.gz""}"
repo1.maven.org,pkg:maven/org.codehaus.jackson/jackson-core-asl,,dependencies,52603,purl,pkg:maven/org.codehaus.jackson/jackson-core-asl,,6,"{""url"":""https://science.ecosyste.ms/api/v1/packages?per_page=1000&page=8"",""fetched_at"":""2026-09-23T20:10:47Z"",""cache_file"":""edead3ff1ae05c52736c2cae091eda9a38cad1633de2df4b29be9314eb30cc6e.json.gz""}"
juliahub.com,pkg:julia/VectorizedRoutines,https://github.com/chrisrackauckas/vectorizedroutines.jl,dependencies,53247,purl,pkg:julia/VectorizedRoutines,14.11,2,"{""url"":""https://science.ecosyste.ms/api/v1/packages?per_page=1000&page=23"",""fetched_at"":""2026-09-23T20:14:10Z"",""cache_file"":""b290333de94b5db372bee4e07dcb6954650b9bf3e54bb2f8e51f8ef3b0249a7d.json.gz""}"
npmjs.org,pkg:npm/%40aws-sdk/credential-provider-node,https://github.com/aws/aws-sdk-js-v3,dependencies,53575,purl,pkg:npm/%40aws-sdk/credential-provider-node,17.03,2,"{""url"":""https://science.ecosyste.ms/api/v1/packages?per_page=1000&page=16"",""fetched_at"":""2026-09-23T20:12:27Z"",""cache_file"":""ffde8df4be5e6610bd1efff0a2c0aefa2c9f532afc02a082317a377cedeefc27.json.gz""}"
npmjs.org,pkg:npm/%40aws-sdk/credential-provider-web-identity,https://github.com/aws/aws-sdk-js-v3,dependencies,53576,purl,pkg:npm/%40aws-sdk/credential-provider-web-identity,17.03,1,"{""url"":""https://science.ecosyste.ms/api/v1/packages?per_page=1000&page=65"",""fetched_at"":""2026-09-23T20:21:07Z"",""cache_file"":""f3f00e9961c88faaa31def2b557972e1d401fad657ed65f492590ed4b7fa1bfd.json.gz""}"
cran.r-project.org,pkg:cran/lava,https://github.com/kkholst/lava,dependencies,54043,purl,pkg:cran/lava,56.5,16,"{""url"":""https://science.ecosyste.ms/api/v1/packages?per_page=1000&page=4"",""fetched_at"":""2026-09-23T20:09:56Z"",""cache_file"":""1022619f69a3d12476e71e4b47fd5d60d4d59a1ddad984e1d08b462f5d51052a.json.gz""}"
cran.r-project.org,pkg:cran/Deriv,https://github.com/sgsokol/deriv,dependencies,54135,purl,pkg:cran/Deriv,23.5,24,"{""url"":""https://science.ecosyste.ms/api/v1/packages?per_page=1000&page=3"",""fetched_at"":""2026-09-23T20:09:46Z"",""cache_file"":""43c6dde80c261ddc62688f062ec7bc17116645bcbcb0960d5639d1b0e0d3f36c.json.gz""}"
pypi.org,pkg:pypi/django,https://github.com/django/django,dependencies,54151,purl,pkg:pypi/django,10.55,320,"{""url"":""https://science.ecosyste.ms/api/v1/packages?per_page=1000&page=1"",""fetched_at"":""2026-09-23T18:31:48Z"",""cache_file"":""beb2c2734ee59190973df1e89ebd83f45e20e68fea0240075b80b5b80c528e10.json.gz""}"
npmjs.org,pkg:npm/fraction.js,https://github.com/rawify/fraction.js,dependencies,54214,purl,pkg:npm/fraction.js,13.0,4,"{""url"":""https://science.ecosyste.ms/api/v1/packages?per_page=1000&page=11"",""fetched_at"":""2026-09-23T20:11:25Z"",""cache_file"":""a234178575677f74c2fb7d3614b3052f63eefe4cbd53f665243a3d0180b30e02.json.gz""}"
npmjs.org,pkg:npm/loglevel,https://github.com/pimterry/loglevel,dependencies,54757,purl,pkg:npm/loglevel,13.0,3,"{""url"":""https://science.ecosyste.ms/api/v1/packages?per_page=1000&page=14"",""fetched_at"":""2026-09-23T20:11:52Z"",""cache_file"":""155e8ad70933594fef7cf6387b59a328219fa033eebe17babae7110e08da48cf.json.gz""}"
npmjs.org,pkg:npm/%40nodelib/fs.walk,https://github.com/nodelib/nodelib,dependencies,54981,purl,pkg:npm/%40nodelib/fs.walk,,2,"{""url"":""https://science.ecosyste.ms/api/v1/packages?per_page=1000&page=20"",""fetched_at"":""2026-09-23T20:13:19Z"",""cache_file"":""9ac3c6678577c334f71c432e9cb15cdc5b4f79bd40e486e1578cb8682b6d2e93.json.gz""}"
repo1.maven.org,pkg:maven/javax.enterprise/cdi-api,https://github.com/cdi-spec/cdi,dependencies,55053,purl,pkg:maven/javax.enterprise/cdi-api,,1,"{""url"":""https://science.ecosyste.ms/api/v1/packages?per_page=1000&page=78"",""fetched_at"":""2026-09-23T20:24:21Z"",""cache_file"":""69d6fa73af2933770b2b66556d2d089371473a4b9a596da505141c98d6cef7e1.json.gz""}"
repo1.maven.org,pkg:maven/org.apache.spark/spark-core_2.10,https://github.com/apache/spark,dependencies,55069,purl,pkg:maven/org.apache.spark/spark-core_2.10,14.14,2,"{""url"":""https://science.ecosyste.ms/api/v1/packages?per_page=1000&page=20"",""fetched_at"":""2026-09-23T20:13:19Z"",""cache_file"":""9ac3c6678577c334f71c432e9cb15cdc5b4f79bd40e486e1578cb8682b6d2e93.json.gz""}"
npmjs.org,pkg:npm/pkg-types,https://github.com/unjs/pkg-types,dependencies,55369,purl,pkg:npm/pkg-types,,1,"{""url"":""https://science.ecosyste.ms/api/v1/packages?per_page=1000&page=88"",""fetched_at"":""2026-09-24T08:37:27Z"",""cache_file"":""bba2d86760e17a60d9975f76e03f09cbbdcaef8efb18febb95c642e43647c231.json.gz""}"
npmjs.org,pkg:npm/pure-rand,https://github.com/dubzzz/pure-rand,dependencies,55476,purl,pkg:npm/pure-rand,13.0,1,"{""url"":""https://science.ecosyste.ms/api/v1/packages?per_page=1000&page=89"",""fetched_at"":""2026-09-24T08:37:34Z"",""cache_file"":""907afcaa60c076951bb6321943248d0653801b5adfe8eb4a8664fb5102b41314.json.gz""}"
npmjs.org,pkg:npm/strip-eof,https://github.com/sindresorhus/strip-eof,dependencies,57101,purl,pkg:npm/strip-eof,,1,"{""url"":""https://science.ecosyste.ms/api/v1/packages?per_page=1000&page=95"",""fetched_at"":""2026-09-24T08:38:18Z"",""cache_file"":""9657063ac710c11748ca616bfbca5d158dea3f72ea66f27f3e84867bb33d2f01.json.gz""}"
npmjs.org,pkg:npm/%40types/json5,,dependencies,57425,purl,pkg:npm/%40types/json5,,1,"{""url"":""https://science.ecosyste.ms/api/v1/packages?per_page=1000&page=97"",""fetched_at"":""2026-09-24T08:38:35Z"",""cache_file"":""6cc6e6e4ae59a37f2889e53039f4d21527f0e56650798c4d8e7c966fceee8408.json.gz""}"
cran.r-project.org,pkg:cran/htmlTable,https://github.com/gforge/htmltable,dependencies,60989,purl,pkg:cran/htmlTable,20.5,20,"{""url"":""https://science.ecosyste.ms/api/v1/packages?per_page=1000&page=3"",""fetched_at"":""2026-09-23T20:09:46Z"",""cache_file"":""43c6dde80c261ddc62688f062ec7bc17116645bcbcb0960d5639d1b0e0d3f36c.json.gz""}"
juliahub.com,pkg:julia/Memento,https://github.com/invenia/memento.jl,dependencies,62075,purl,pkg:julia/Memento,17.3,2,"{""url"":""https://science.ecosyste.ms/api/v1/packages?per_page=1000&page=19"",""fetched_at"":""2026-09-23T20:13:05Z"",""cache_file"":""105b828bd2bcef6b3c9a60c861cb4d27d602a7d5f1791f3ae3889cef204ca6a4.json.gz""}"
pypi.org,pkg:pypi/azure-storage-file-datalake,https://github.com/azure/azure-sdk-for-python,dependencies,62158,purl,pkg:pypi/azure-storage-file-datalake,25.09,6,"{""url"":""https://science.ecosyste.ms/api/v1/packages?per_page=1000&page=8"",""fetched_at"":""2026-09-23T20:10:47Z"",""cache_file"":""edead3ff1ae05c52736c2cae091eda9a38cad1633de2df4b29be9314eb30cc6e.json.gz""}"
hub.docker.com,pkg:docker/bitnami%2Frabbitmq,,dependencies,62179,purl,pkg:docker/bitnami%2Frabbitmq,,1,"{""url"":""https://science.ecosyste.ms/api/v1/packages?per_page=1000&page=66"",""fetched_at"":""2026-09-23T20:21:22Z"",""cache_file"":""0ab13d177ca42e751f8ad4efccbd792d064b92f61501c026fdbe2d550547106a.json.gz""}"
bower.io,pkg:bower/bootstrap-datepicker,https://github.com/eternicode/bootstrap-datepicker,dependencies,62378,purl,pkg:bower/bootstrap-datepicker,,2,"{""url"":""https://science.ecosyste.ms/api/v1/packages?per_page=1000&page=16"",""fetched_at"":""2026-09-23T20:12:27Z"",""cache_file"":""ffde8df4be5e6610bd1efff0a2c0aefa2c9f532afc02a082317a377cedeefc27.json.gz""}"
bower.io,pkg:bower/sinon,https://github.com/cjohansen/sinon.js,dependencies,62396,purl,pkg:bower/sinon,,5,"{""url"":""https://science.ecosyste.ms/api/v1/packages?per_page=1000&page=10"",""fetched_at"":""2026-09-23T20:11:09Z"",""cache_file"":""9cf1186763fd9fd14f7165135c92a92f814f36ec8edcd277f5d7bbac47547e4f.json.gz""}"
bower.io,pkg:bower/sinon-chai,https://github.com/domenic/sinon-chai,dependencies,62397,purl,pkg:bower/sinon-chai,,1,"{""url"":""https://science.ecosyste.ms/api/v1/packages?per_page=1000&page=93"",""fetched_at"":""2026-09-24T08:38:02Z"",""cache_file"":""9ead14bbddd3ec507c83848b6abc6aa13fec9fea1b7664786fcfdfcbcc6dce4e.json.gz""}"
cran.r-project.org,pkg:cran/bigD,https://github.com/rstudio/bigd,dependencies,63478,purl,pkg:cran/bigD,21.0,1,"{""url"":""https://science.ecosyste.ms/api/v1/packages?per_page=1000&page=66"",""fetched_at"":""2026-09-23T20:21:22Z"",""cache_file"":""0ab13d177ca42e751f8ad4efccbd792d064b92f61501c026fdbe2d550547106a.json.gz""}"
cran.r-project.org,pkg:cran/juicyjuice,https://github.com/rich-iannone/juicyjuice,dependencies,63480,purl,pkg:cran/juicyjuice,,1,"{""url"":""https://science.ecosyste.ms/api/v1/packages?per_page=1000&page=79"",""fetched_at"":""2026-09-23T20:24:40Z"",""cache_file"":""66a06cc6f351a6018008fa1e98eb71d8e526bcfa97b7689b383532f79529fdf9.json.gz""}"
pypi.org,pkg:pypi/pyspark,https://github.com/apache/spark,dependencies,64511,purl,pkg:pypi/pyspark,14.14,82,"{""url"":""https://science.ecosyste.ms/api/v1/packages?per_page=1000&page=1"",""fetched_at"":""2026-09-23T18:31:48Z"",""cache_file"":""beb2c2734ee59190973df1e89ebd83f45e20e68fea0240075b80b5b80c528e10.json.gz""}"
repo1.maven.org,pkg:maven/org.apache.shiro/shiro-ehcache,https://github.com/apache/shiro,dependencies,64591,purl,pkg:maven/org.apache.shiro/shiro-ehcache,16.18,1,"{""url"":""https://science.ecosyste.ms/api/v1/packages?per_page=1000&page=86"",""fetched_at"":""2026-09-24T08:37:10Z"",""cache_file"":""80310978b2c88c8469f9e4b54244acafe8828a5496eae4e969283c62f12c9b92.json.gz""}"
proxy.golang.org,pkg:golang/github.com/fogleman/gg,https://github.com/fogleman/gg,dependencies,64806,purl,pkg:golang/github.com/fogleman/gg,13.0,1,"{""url"":""https://science.ecosyste.ms/api/v1/packages?per_page=1000&page=75"",""fetched_at"":""2026-09-23T20:23:26Z"",""cache_file"":""14965df019687f8faa3fb8485eb187a06b696297345e0cce0db1a0b7def979ae.json.gz""}"
repo1.maven.org,pkg:maven/javax.annotation/jsr250-api,,dependencies,65187,purl,pkg:maven/javax.annotation/jsr250-api,,1,"{""url"":""https://science.ecosyste.ms/api/v1/packages?per_page=1000&page=78"",""fetched_at"":""2026-09-23T20:24:21Z"",""cache_file"":""69d6fa73af2933770b2b66556d2d089371473a4b9a596da505141c98d6cef7e1.json.gz""}"
pypi.org,pkg:pypi/universal-pathlib,https://github.com/fsspec/universal_pathlib,dependencies,65207,purl,pkg:pypi/universal-pathlib,21.0,25,"{""url"":""https://science.ecosyste.ms/api/v1/packages?per_page=1000&page=3"",""fetched_at"":""2026-09-23T20:09:46Z"",""cache_file"":""43c6dde80c261ddc62688f062ec7bc17116645bcbcb0960d5639d1b0e0d3f36c.json.gz""}"
cran.r-project.org,pkg:cran/labeling,,dependencies,65244,purl,pkg:cran/labeling,,22,"{""url"":""https://science.ecosyste.ms/api/v1/packages?per_page=1000&page=3"",""fetched_at"":""2026-09-23T20:09:46Z"",""cache_file"":""43c6dde80c261ddc62688f062ec7bc17116645bcbcb0960d5639d1b0e0d3f36c.json.gz""}"
repo1.maven.org,pkg:maven/org.codehaus.jackson/jackson-jaxrs,,dependencies,65549,purl,pkg:maven/org.codehaus.jackson/jackson-jaxrs,,1,"{""url"":""https://science.ecosyste.ms/api/v1/packages?per_page=1000&page=86"",""fetched_at"":""2026-09-24T08:37:10Z"",""cache_file"":""80310978b2c88c8469f9e4b54244acafe8828a5496eae4e969283c62f12c9b92.json.gz""}"
repo1.maven.org,pkg:maven/org.codehaus.jackson/jackson-xc,,dependencies,65550,purl,pkg:maven/org.codehaus.jackson/jackson-xc,,1,"{""url"":""https://science.ecosyste.ms/api/v1/packages?per_page=1000&page=86"",""fetched_at"":""2026-09-24T08:37:10Z"",""cache_file"":""80310978b2c88c8469f9e4b54244acafe8828a5496eae4e969283c62f12c9b92.json.gz""}"
cran.r-project.org,pkg:cran/R.methodsS3,https://github.com/henrikbengtsson/r.methodss3,dependencies,66060,purl,pkg:cran/R.methodsS3,7.0,9,"{""url"":""https://science.ecosyste.ms/api/v1/packages?per_page=1000&page=6"",""fetched_at"":""2026-09-23T20:10:21Z"",""cache_file"":""953ff191a5369de755bbbfbb0f10641279d1ecda54c0d35e7d57ba60421998ab.json.gz""}"
cran.r-project.org,pkg:cran/R.oo,https://github.com/henrikbengtsson/r.oo,dependencies,66063,purl,pkg:cran/R.oo,8.25,10,"{""url"":""https://science.ecosyste.ms/api/v1/packages?per_page=1000&page=6"",""fetched_at"":""2026-09-23T20:10:21Z"",""cache_file"":""953ff191a5369de755bbbfbb0f10641279d1ecda54c0d35e7d57ba60421998ab.json.gz""}"
cran.r-project.org,pkg:cran/foghorn,https://github.com/fmichonneau/foghorn,dependencies,66313,purl,pkg:cran/foghorn,34.83,3,"{""url"":""https://science.ecosyste.ms/api/v1/packages?per_page=1000&page=13"",""fetched_at"":""2026-09-23T20:11:43Z"",""cache_file"":""cfd3afd1e2ab168f294a24cc99445b97277da89f3d663f161b984636086899da.json.gz""}"
repo1.maven.org,pkg:maven/org.apache.hadoop/hadoop-auth,,dependencies,66519,purl,pkg:maven/org.apache.hadoop/hadoop-auth,,1,"{""url"":""https://science.ecosyste.ms/api/v1/packages?per_page=1000&page=86"",""fetched_at"":""2026-09-24T08:37:10Z"",""cache_file"":""80310978b2c88c8469f9e4b54244acafe8828a5496eae4e969283c62f12c9b92.json.gz""}"
cran.r-project.org,pkg:cran/polynom,,dependencies,66954,purl,pkg:cran/polynom,,18,"{""url"":""https://science.ecosyste.ms/api/v1/packages?per_page=1000&page=4"",""fetched_at"":""2026-09-23T20:09:56Z"",""cache_file"":""1022619f69a3d12476e71e4b47fd5d60d4d59a1ddad984e1d08b462f5d51052a.json.gz""}"
cran.r-project.org,pkg:cran/selectr,https://github.com/sjp/selectr,dependencies,67216,purl,pkg:cran/selectr,8.0,10,"{""url"":""https://science.ecosyste.ms/api/v1/packages?per_page=1000&page=6"",""fetched_at"":""2026-09-23T20:10:21Z"",""cache_file"":""953ff191a5369de755bbbfbb0f10641279d1ecda54c0d35e7d57ba60421998ab.json.gz""}"
cran.r-project.org,pkg:cran/sourcetools,https://github.com/kevinushey/sourcetools,dependencies,67217,purl,pkg:cran/sourcetools,21.0,4,"{""url"":""https://science.ecosyste.ms/api/v1/packages?per_page=1000&page=12"",""fetched_at"":""2026-09-23T20:11:33Z"",""cache_file"":""726e4acba0dce811ec23946ba4adc96b23e026803f186554c6e683ac2cd0008b.json.gz""}"
cran.r-project.org,pkg:cran/rematch2,https://github.com/r-lib/rematch2,dependencies,67508,purl,pkg:cran/rematch2,21.71,10,"{""url"":""https://science.ecosyste.ms/api/v1/packages?per_page=1000&page=6"",""fetched_at"":""2026-09-23T20:10:21Z"",""cache_file"":""953ff191a5369de755bbbfbb0f10641279d1ecda54c0d35e7d57ba60421998ab.json.gz""}"
formulae.brew.sh,pkg:brew/bash,https://git.savannah.gnu.org/git/bash,dependencies,68551,purl,pkg:brew/bash,,1,"{""url"":""https://science.ecosyste.ms/api/v1/packages?per_page=1000&page=65"",""fetched_at"":""2026-09-23T20:21:07Z"",""cache_file"":""f3f00e9961c88faaa31def2b557972e1d401fad657ed65f492590ed4b7fa1bfd.json.gz""}"
formulae.brew.sh,pkg:brew/c-ares,https://github.com/c-ares/c-ares,dependencies,68553,purl,pkg:brew/c-ares,,1,"{""url"":""https://science.ecosyste.ms/api/v1/packages?per_page=1000&page=67"",""fetched_at"":""2026-09-23T20:21:33Z"",""cache_file"":""27cea091ed3b0d1e6b1c72ff96a025255be0444abae87779b1d6ca0e025c9ca2.json.gz""}"
formulae.brew.sh,pkg:brew/git,https://github.com/git/git,dependencies,68555,purl,pkg:brew/git,,3,"{""url"":""https://science.ecosyste.ms/api/v1/packages?per_page=1000&page=13"",""fetched_at"":""2026-09-23T20:11:43Z"",""cache_file"":""cfd3afd1e2ab168f294a24cc99445b97277da89f3d663f161b984636086899da.json.gz""}"
formulae.brew.sh,pkg:brew/gobject-introspection,,dependencies,68557,purl,pkg:brew/gobject-introspection,,1,"{""url"":""https://science.ecosyste.ms/api/v1/packages?per_page=1000&page=76"",""fetched_at"":""2026-09-23T20:23:48Z"",""cache_file"":""3b2b99bba2d25491b0a7a32e9add214584aeb0c3602e476b05e760f0a1d5ba34.json.gz""}"
formulae.brew.sh,pkg:brew/openssl%403,https://github.com/openssl/openssl,dependencies,68563,purl,pkg:brew/openssl%403,,1,"{""url"":""https://science.ecosyste.ms/api/v1/packages?per_page=1000&page=85"",""fetched_at"":""2026-09-24T08:36:57Z"",""cache_file"":""c63acaa7158a62203e14f100713e7acd77dbd3dc38209e3b87963a52ecb8d847.json.gz""}"
formulae.brew.sh,pkg:brew/protobuf,https://github.com/protocolbuffers/protobuf,dependencies,68564,purl,pkg:brew/protobuf,,1,"{""url"":""https://science.ecosyste.ms/api/v1/packages?per_page=1000&page=89"",""fetched_at"":""2026-09-24T08:37:34Z"",""cache_file"":""907afcaa60c076951bb6321943248d0653801b5adfe8eb4a8664fb5102b41314.json.gz""}"
formulae.brew.sh,pkg:brew/wget,https://git.savannah.gnu.org/git/wget,dependencies,68570,purl,pkg:brew/wget,,1,"{""url"":""https://science.ecosyste.ms/api/v1/packages?per_page=1000&page=99"",""fetched_at"":""2026-09-24T08:38:49Z"",""cache_file"":""9383035325794e2f9c94ecee5bb7de1103ccb9bcd6bf7e125aeff399b8bcbf61.json.gz""}"
formulae.brew.sh,pkg:brew/llvm,https://github.com/llvm/llvm-project,dependencies,68800,purl,pkg:brew/llvm,,1,"{""url"":""https://science.ecosyste.ms/api/v1/packages?per_page=1000&page=81"",""fetched_at"":""2026-09-23T20:25:20Z"",""cache_file"":""5bdab7d39657e472d166c65c908ee724040f928ce70ed15c8a8793468c837466.json.gz""}"
pypi.org,pkg:pypi/faker,https://github.com/joke2k/faker,dependencies,71238,purl,pkg:pypi/faker,37.09,76,"{""url"":""https://science.ecosyste.ms/api/v1/packages?per_page=1000&page=2"",""fetched_at"":""2026-09-23T20:09:36Z"",""cache_file"":""2b1260162107e8d722838ec4ab177e096ed8cfe5c5acc667a84011b12735b3e8.json.gz""}"
pypi.org,pkg:pypi/funcsigs,https://github.com/testing-cabal/funcsigs,dependencies,72153,purl,pkg:pypi/funcsigs,6.5,59,"{""url"":""https://science.ecosyste.ms/api/v1/packages?per_page=1000&page=2"",""fetched_at"":""2026-09-23T20:09:36Z"",""cache_file"":""2b1260162107e8d722838ec4ab177e096ed8cfe5c5acc667a84011b12735b3e8.json.gz""}"
pypi.org,pkg:pypi/google-re2,https://github.com/google/re2,dependencies,72646,purl,pkg:pypi/google-re2,13.07,5,"{""url"":""https://science.ecosyste.ms/api/v1/packages?per_page=1000&page=9"",""fetched_at"":""2026-09-23T20:10:58Z"",""cache_file"":""f525864688bd2f9b2a718f3ed95db9e06c620acb8d63dffab1d7e2b154250d66.json.gz""}"
pypi.org,pkg:pypi/great-expectations,https://github.com/fivetran/great_expectations,dependencies,72757,purl,pkg:pypi/great-expectations,58.13,9,"{""url"":""https://science.ecosyste.ms/api/v1/packages?per_page=1000&page=6"",""fetched_at"":""2026-09-23T20:10:21Z"",""cache_file"":""953ff191a5369de755bbbfbb0f10641279d1ecda54c0d35e7d57ba60421998ab.json.gz""}"
pypi.org,pkg:pypi/gremlinpython,,dependencies,72764,purl,pkg:pypi/gremlinpython,,2,"{""url"":""https://science.ecosyste.ms/api/v1/packages?per_page=1000&page=18"",""fetched_at"":""2026-09-23T20:12:53Z"",""cache_file"":""ab110e1e192d304bd69ea5f571dbacca5c0eb30375c74456a1473f874eb63870.json.gz""}"
pypi.org,pkg:pypi/grpcio-health-checking,https://github.com/grpc/grpc,dependencies,72800,purl,pkg:pypi/grpcio-health-checking,21.06,7,"{""url"":""https://science.ecosyste.ms/api/v1/packages?per_page=1000&page=7"",""fetched_at"":""2026-09-23T20:10:35Z"",""cache_file"":""cdeda14cbf7590ae5034c6ae27903c52dce2d2539920c41a59c2f2234e820ca7.json.gz""}"
pypi.org,pkg:pypi/grpcio-status,https://github.com/grpc/grpc,dependencies,72802,purl,pkg:pypi/grpcio-status,21.06,57,"{""url"":""https://science.ecosyste.ms/api/v1/packages?per_page=1000&page=2"",""fetched_at"":""2026-09-23T20:09:36Z"",""cache_file"":""2b1260162107e8d722838ec4ab177e096ed8cfe5c5acc667a84011b12735b3e8.json.gz""}"
pypi.org,pkg:pypi/jaraco.context,https://github.com/jaraco/jaraco.context,dependencies,73882,purl,pkg:pypi/jaraco.context,21.0,24,"{""url"":""https://science.ecosyste.ms/api/v1/packages?per_page=1000&page=3"",""fetched_at"":""2026-09-23T20:09:46Z"",""cache_file"":""43c6dde80c261ddc62688f062ec7bc17116645bcbcb0960d5639d1b0e0d3f36c.json.gz""}"
pypi.org,pkg:pypi/awswrangler,https://github.com/aws/aws-sdk-pandas,dependencies,74511,purl,pkg:pypi/awswrangler,25.03,6,"{""url"":""https://science.ecosyste.ms/api/v1/packages?per_page=1000&page=8"",""fetched_at"":""2026-09-23T20:10:47Z"",""cache_file"":""edead3ff1ae05c52736c2cae091eda9a38cad1633de2df4b29be9314eb30cc6e.json.gz""}"
pypi.org,pkg:pypi/pendulum,https://github.com/sdispater/pendulum,dependencies,79124,purl,pkg:pypi/pendulum,,33,"{""url"":""https://science.ecosyste.ms/api/v1/packages?per_page=1000&page=2"",""fetched_at"":""2026-09-23T20:09:36Z"",""cache_file"":""2b1260162107e8d722838ec4ab177e096ed8cfe5c5acc667a84011b12735b3e8.json.gz""}"
pypi.org,pkg:pypi/pyodbc,https://github.com/mkleehammer/pyodbc,dependencies,81217,purl,pkg:pypi/pyodbc,13.24,53,"{""url"":""https://science.ecosyste.ms/api/v1/packages?per_page=1000&page=2"",""fetched_at"":""2026-09-23T20:09:36Z"",""cache_file"":""2b1260162107e8d722838ec4ab177e096ed8cfe5c5acc667a84011b12735b3e8.json.gz""}"
hackage.haskell.org,pkg:hackage/colour,,dependencies,81815,purl,pkg:hackage/colour,,1,"{""url"":""https://science.ecosyste.ms/api/v1/packages?per_page=1000&page=68"",""fetched_at"":""2026-09-23T20:21:51Z"",""cache_file"":""b88339821d02806e9e691df1ab193846757a13a736865afd5591acf67840f660.json.gz""}"
juliahub.com,pkg:julia/Cbc,https://github.com/jump-dev/cbc.jl,dependencies,81822,purl,pkg:julia/Cbc,21.52,5,"{""url"":""https://science.ecosyste.ms/api/v1/packages?per_page=1000&page=9"",""fetched_at"":""2026-09-23T20:10:58Z"",""cache_file"":""f525864688bd2f9b2a718f3ed95db9e06c620acb8d63dffab1d7e2b154250d66.json.gz""}"
hackage.haskell.org,pkg:hackage/random-shuffle,,dependencies,82035,purl,pkg:hackage/random-shuffle,,1,"{""url"":""https://science.ecosyste.ms/api/v1/packages?per_page=1000&page=91"",""fetched_at"":""2026-09-24T08:37:48Z"",""cache_file"":""8bdf99942200c774913a1c8315ae5f8ac7abb62a79ba7511a3066b8be4336095.json.gz""}"
repo1.maven.org,pkg:maven/org.apache.tomcat/tomcat-servlet-api,,dependencies,84296,purl,pkg:maven/org.apache.tomcat/tomcat-servlet-api,,3,"{""url"":""https://science.ecosyste.ms/api/v1/packages?per_page=1000&page=14"",""fetched_at"":""2026-09-23T20:11:52Z"",""cache_file"":""155e8ad70933594fef7cf6387b59a328219fa033eebe17babae7110e08da48cf.json.gz""}"
proxy.golang.org,pkg:golang/github.com/opentracing-contrib/go-observer,https://github.com/opentracing-contrib/go-observer,dependencies,84386,purl,pkg:golang/github.com/opentracing-contrib/go-observer,13.0,1,"{""url"":""https://science.ecosyste.ms/api/v1/packages?per_page=1000&page=76"",""fetched_at"":""2026-09-23T20:23:48Z"",""cache_file"":""3b2b99bba2d25491b0a7a32e9add214584aeb0c3602e476b05e760f0a1d5ba34.json.gz""}"
proxy.golang.org,pkg:golang/github.com/openzipkin-contrib/zipkin-go-opentracing,https://github.com/openzipkin-contrib/zipkin-go-opentracing,dependencies,84387,purl,pkg:golang/github.com/openzipkin-contrib/zipkin-go-opentracing,13.0,1,"{""url"":""https://science.ecosyste.ms/api/v1/packages?per_page=1000&page=76"",""fetched_at"":""2026-09-23T20:23:48Z"",""cache_file"":""3b2b99bba2d25491b0a7a32e9add214584aeb0c3602e476b05e760f0a1d5ba34.json.gz""}"
npmjs.org,pkg:npm/%40aws-sdk/client-sts,https://github.com/aws/aws-sdk-js-v3,dependencies,85811,purl,pkg:npm/%40aws-sdk/client-sts,17.03,3,"{""url"":""https://science.ecosyste.ms/api/v1/packages?per_page=1000&page=12"",""fetched_at"":""2026-09-23T20:11:33Z"",""cache_file"":""726e4acba0dce811ec23946ba4adc96b23e026803f186554c6e683ac2cd0008b.json.gz""}"
repo1.maven.org,pkg:maven/c3p0/c3p0,,dependencies,86206,purl,pkg:maven/c3p0/c3p0,,2,"{""url"":""https://science.ecosyste.ms/api/v1/packages?per_page=1000&page=16"",""fetched_at"":""2026-09-23T20:12:27Z"",""cache_file"":""ffde8df4be5e6610bd1efff0a2c0aefa2c9f532afc02a082317a377cedeefc27.json.gz""}"
repo1.maven.org,pkg:maven/com.google.android/android,,dependencies,86228,purl,pkg:maven/com.google.android/android,,1,"{""url"":""https://science.ecosyste.ms/api/v1/packages?per_page=1000&page=68"",""fetched_at"":""2026-09-23T20:21:51Z"",""cache_file"":""b88339821d02806e9e691df1ab193846757a13a736865afd5591acf67840f660.json.gz""}"
juliahub.com,pkg:julia/RobustPmap,https://github.com/madsjulia/robustpmap.jl,dependencies,88016,purl,pkg:julia/RobustPmap,30.67,2,"{""url"":""https://science.ecosyste.ms/api/v1/packages?per_page=1000&page=21"",""fetched_at"":""2026-09-23T20:13:35Z"",""cache_file"":""92f383db2c98748ff4045417a2ded58a6fe4327d72416b1e516f6e792743d8a4.json.gz""}"
pub.dev,pkg:pub/quiver,https://github.com/google/quiver-dart,dependencies,92992,purl,pkg:pub/quiver,13.0,1,"{""url"":""https://science.ecosyste.ms/api/v1/packages?per_page=1000&page=90"",""fetched_at"":""2026-09-24T08:37:41Z"",""cache_file"":""eb0ff85d36b31a29684ed2874883f9fdf1e63ce3b5a52eec5a6244d8cb7b86f4.json.gz""}"
pypi.org,pkg:pypi/redshift-connector,https://github.com/aws/amazon-redshift-python-driver,dependencies,95270,purl,pkg:pypi/redshift-connector,25.0,2,"{""url"":""https://science.ecosyste.ms/api/v1/packages?per_page=1000&page=21"",""fetched_at"":""2026-09-23T20:13:35Z"",""cache_file"":""92f383db2c98748ff4045417a2ded58a6fe4327d72416b1e516f6e792743d8a4.json.gz""}"
pypi.org,pkg:pypi/requests-aws4auth,https://github.com/tedder/requests-aws4auth,dependencies,95388,purl,pkg:pypi/requests-aws4auth,13.0,10,"{""url"":""https://science.ecosyste.ms/api/v1/packages?per_page=1000&page=6"",""fetched_at"":""2026-09-23T20:10:21Z"",""cache_file"":""953ff191a5369de755bbbfbb0f10641279d1ecda54c0d35e7d57ba60421998ab.json.gz""}"
pypi.org,pkg:pypi/sagemaker,https://github.com/aws/sagemaker-python-sdk,dependencies,95927,purl,pkg:pypi/sagemaker,33.17,38,"{""url"":""https://science.ecosyste.ms/api/v1/packages?per_page=1000&page=2"",""fetched_at"":""2026-09-23T20:09:36Z"",""cache_file"":""2b1260162107e8d722838ec4ab177e096ed8cfe5c5acc667a84011b12735b3e8.json.gz""}"
pypi.org,pkg:pypi/semver,https://github.com/python-semver/python-semver,dependencies,96201,purl,pkg:pypi/semver,37.1,85,"{""url"":""https://science.ecosyste.ms/api/v1/packages?per_page=1000&page=1"",""fetched_at"":""2026-09-23T18:31:48Z"",""cache_file"":""beb2c2734ee59190973df1e89ebd83f45e20e68fea0240075b80b5b80c528e10.json.gz""}"
juliahub.com,pkg:julia/Discretizers,https://github.com/sisl/discretizers.jl,dependencies,97130,purl,pkg:julia/Discretizers,32.15,5,"{""url"":""https://science.ecosyste.ms/api/v1/packages?per_page=1000&page=9"",""fetched_at"":""2026-09-23T20:10:58Z"",""cache_file"":""f525864688bd2f9b2a718f3ed95db9e06c620acb8d63dffab1d7e2b154250d66.json.gz""}"
pypi.org,pkg:pypi/slack-sdk,https://github.com/slackapi/python-slack-sdk,dependencies,97862,purl,pkg:pypi/slack-sdk,21.21,22,"{""url"":""https://science.ecosyste.ms/api/v1/packages?per_page=1000&page=3"",""fetched_at"":""2026-09-23T20:09:46Z"",""cache_file"":""43c6dde80c261ddc62688f062ec7bc17116645bcbcb0960d5639d1b0e0d3f36c.json.gz""}"
pypi.org,pkg:pypi/snowflake-connector-python,https://github.com/snowflakedb/snowflake-connector-python,dependencies,97975,purl,pkg:pypi/snowflake-connector-python,25.06,9,"{""url"":""https://science.ecosyste.ms/api/v1/packages?per_page=1000&page=6"",""fetched_at"":""2026-09-23T20:10:21Z"",""cache_file"":""953ff191a5369de755bbbfbb0f10641279d1ecda54c0d35e7d57ba60421998ab.json.gz""}"
pypi.org,pkg:pypi/thrift,,dependencies,101705,purl,pkg:pypi/thrift,,17,"{""url"":""https://science.ecosyste.ms/api/v1/packages?per_page=1000&page=4"",""fetched_at"":""2026-09-23T20:09:56Z"",""cache_file"":""1022619f69a3d12476e71e4b47fd5d60d4d59a1ddad984e1d08b462f5d51052a.json.gz""}"
rubygems.org,pkg:gem/aasm,https://github.com/aasm/aasm,dependencies,103829,purl,pkg:gem/aasm,17.04,5,"{""url"":""https://science.ecosyste.ms/api/v1/packages?per_page=1000&page=9"",""fetched_at"":""2026-09-23T20:10:58Z"",""cache_file"":""f525864688bd2f9b2a718f3ed95db9e06c620acb8d63dffab1d7e2b154250d66.json.gz""}"
rubygems.org,pkg:gem/bootsnap,https://github.com/rails/bootsnap,dependencies,103998,purl,pkg:gem/bootsnap,13.09,26,"{""url"":""https://science.ecosyste.ms/api/v1/packages?per_page=1000&page=3"",""fetched_at"":""2026-09-23T20:09:46Z"",""cache_file"":""43c6dde80c261ddc62688f062ec7bc17116645bcbcb0960d5639d1b0e0d3f36c.json.gz""}"
rubygems.org,pkg:gem/capybara,https://github.com/teamcapybara/capybara,dependencies,104050,purl,pkg:gem/capybara,13.04,24,"{""url"":""https://science.ecosyste.ms/api/v1/packages?per_page=1000&page=3"",""fetched_at"":""2026-09-23T20:09:46Z"",""cache_file"":""43c6dde80c261ddc62688f062ec7bc17116645bcbcb0960d5639d1b0e0d3f36c.json.gz""}"
formulae.brew.sh,pkg:brew/curl,https://github.com/curl/curl,dependencies,104090,purl,pkg:brew/curl,,1,"{""url"":""https://science.ecosyste.ms/api/v1/packages?per_page=1000&page=69"",""fetched_at"":""2026-09-23T20:22:11Z"",""cache_file"":""d9a6f92b0931f507c5c7d90ade5ce851846d13dab5cba809cc5b9e5bb2463f26.json.gz""}"
formulae.brew.sh,pkg:brew/glib,,dependencies,104102,purl,pkg:brew/glib,,1,"{""url"":""https://science.ecosyste.ms/api/v1/packages?per_page=1000&page=76"",""fetched_at"":""2026-09-23T20:23:48Z"",""cache_file"":""3b2b99bba2d25491b0a7a32e9add214584aeb0c3602e476b05e760f0a1d5ba34.json.gz""}"
formulae.brew.sh,pkg:brew/gnupg,,dependencies,104103,purl,pkg:brew/gnupg,,1,"{""url"":""https://science.ecosyste.ms/api/v1/packages?per_page=1000&page=76"",""fetched_at"":""2026-09-23T20:23:48Z"",""cache_file"":""3b2b99bba2d25491b0a7a32e9add214584aeb0c3602e476b05e760f0a1d5ba34.json.gz""}"
formulae.brew.sh,pkg:brew/gnutls,,dependencies,104105,purl,pkg:brew/gnutls,,1,"{""url"":""https://science.ecosyste.ms/api/v1/packages?per_page=1000&page=76"",""fetched_at"":""2026-09-23T20:23:48Z"",""cache_file"":""3b2b99bba2d25491b0a7a32e9add214584aeb0c3602e476b05e760f0a1d5ba34.json.gz""}"
formulae.brew.sh,pkg:brew/guile,https://git.savannah.gnu.org/git/guile,dependencies,104108,purl,pkg:brew/guile,,1,"{""url"":""https://science.ecosyste.ms/api/v1/packages?per_page=1000&page=76"",""fetched_at"":""2026-09-23T20:23:48Z"",""cache_file"":""3b2b99bba2d25491b0a7a32e9add214584aeb0c3602e476b05e760f0a1d5ba34.json.gz""}"
formulae.brew.sh,pkg:brew/imagemagick,https://github.com/imagemagick/imagemagick,dependencies,104113,purl,pkg:brew/imagemagick,,2,"{""url"":""https://science.ecosyste.ms/api/v1/packages?per_page=1000&page=18"",""fetched_at"":""2026-09-23T20:12:53Z"",""cache_file"":""ab110e1e192d304bd69ea5f571dbacca5c0eb30375c74456a1473f874eb63870.json.gz""}"
formulae.brew.sh,pkg:brew/krb5,,dependencies,104114,purl,pkg:brew/krb5,,1,"{""url"":""https://science.ecosyste.ms/api/v1/packages?per_page=1000&page=79"",""fetched_at"":""2026-09-23T20:24:40Z"",""cache_file"":""66a06cc6f351a6018008fa1e98eb71d8e526bcfa97b7689b383532f79529fdf9.json.gz""}"
formulae.brew.sh,pkg:brew/libheif,https://github.com/strukturag/libheif,dependencies,104121,purl,pkg:brew/libheif,,1,"{""url"":""https://science.ecosyste.ms/api/v1/packages?per_page=1000&page=80"",""fetched_at"":""2026-09-23T20:24:54Z"",""cache_file"":""fe5293fa6942feb0fbaf5097cab4fc7a0bc675ada530a538338c6568a90100f5.json.gz""}"
formulae.brew.sh,pkg:brew/numpy,https://github.com/numpy/numpy,dependencies,104134,purl,pkg:brew/numpy,,1,"{""url"":""https://science.ecosyste.ms/api/v1/packages?per_page=1000&page=85"",""fetched_at"":""2026-09-24T08:36:57Z"",""cache_file"":""c63acaa7158a62203e14f100713e7acd77dbd3dc38209e3b87963a52ecb8d847.json.gz""}"
formulae.brew.sh,pkg:brew/python%403.10,,dependencies,104149,purl,pkg:brew/python%403.10,,1,"{""url"":""https://science.ecosyste.ms/api/v1/packages?per_page=1000&page=90"",""fetched_at"":""2026-09-24T08:37:41Z"",""cache_file"":""eb0ff85d36b31a29684ed2874883f9fdf1e63ce3b5a52eec5a6244d8cb7b86f4.json.gz""}"
formulae.brew.sh,pkg:brew/python%403.9,,dependencies,104151,purl,pkg:brew/python%403.9,,1,"{""url"":""https://science.ecosyste.ms/api/v1/packages?per_page=1000&page=90"",""fetched_at"":""2026-09-24T08:37:41Z"",""cache_file"":""eb0ff85d36b31a29684ed2874883f9fdf1e63ce3b5a52eec5a6244d8cb7b86f4.json.gz""}"
formulae.brew.sh,pkg:brew/sqlite,,dependencies,104162,purl,pkg:brew/sqlite,,1,"{""url"":""https://science.ecosyste.ms/api/v1/packages?per_page=1000&page=94"",""fetched_at"":""2026-09-24T08:38:10Z"",""cache_file"":""758b4d71dfa3ed6ed789580bf40d2f4609aedd47db632c0bf7db02ad7f55880f.json.gz""}"
formulae.brew.sh,pkg:brew/tcl-tk,,dependencies,104169,purl,pkg:brew/tcl-tk,,1,"{""url"":""https://science.ecosyste.ms/api/v1/packages?per_page=1000&page=96"",""fetched_at"":""2026-09-24T08:38:28Z"",""cache_file"":""2225d27739a66fff4b240ecfa35b56185d359a4450013fa5c780cb8fc82be029.json.gz""}"
formulae.brew.sh,pkg:brew/tesseract,https://github.com/tesseract-ocr/tesseract,dependencies,104170,purl,pkg:brew/tesseract,,1,"{""url"":""https://science.ecosyste.ms/api/v1/packages?per_page=1000&page=96"",""fetched_at"":""2026-09-24T08:38:28Z"",""cache_file"":""2225d27739a66fff4b240ecfa35b56185d359a4450013fa5c780cb8fc82be029.json.gz""}"
formulae.brew.sh,pkg:brew/unbound,https://github.com/nlnetlabs/unbound,dependencies,104172,purl,pkg:brew/unbound,,1,"{""url"":""https://science.ecosyste.ms/api/v1/packages?per_page=1000&page=98"",""fetched_at"":""2026-09-24T08:38:42Z"",""cache_file"":""df0f838b808d6471c1fa25d475ca19001181f7bd324d935bbb07bead7c747d51.json.gz""}"
formulae.brew.sh,pkg:brew/xz,https://github.com/tukaani-project/xz,dependencies,104174,purl,pkg:brew/xz,,1,"{""url"":""https://science.ecosyste.ms/api/v1/packages?per_page=1000&page=99"",""fetched_at"":""2026-09-24T08:38:49Z"",""cache_file"":""9383035325794e2f9c94ecee5bb7de1103ccb9bcd6bf7e125aeff399b8bcbf61.json.gz""}"
rubygems.org,pkg:gem/elasticsearch-model,https://github.com/elasticsearch/elasticsearch-rails,dependencies,104366,purl,pkg:gem/elasticsearch-model,,3,"{""url"":""https://science.ecosyste.ms/api/v1/packages?per_page=1000&page=13"",""fetched_at"":""2026-09-23T20:11:43Z"",""cache_file"":""cfd3afd1e2ab168f294a24cc99445b97277da89f3d663f161b984636086899da.json.gz""}"
rubygems.org,pkg:gem/erubis,,dependencies,104387,purl,pkg:gem/erubis,,4,"{""url"":""https://science.ecosyste.ms/api/v1/packages?per_page=1000&page=11"",""fetched_at"":""2026-09-23T20:11:25Z"",""cache_file"":""a234178575677f74c2fb7d3614b3052f63eefe4cbd53f665243a3d0180b30e02.json.gz""}"
rubygems.org,pkg:gem/factory_girl_rails,https://github.com/thoughtbot/factory_girl_rails,dependencies,104405,purl,pkg:gem/factory_girl_rails,,7,"{""url"":""https://science.ecosyste.ms/api/v1/packages?per_page=1000&page=7"",""fetched_at"":""2026-09-23T20:10:35Z"",""cache_file"":""cdeda14cbf7590ae5034c6ae27903c52dce2d2539920c41a59c2f2234e820ca7.json.gz""}"
rubygems.org,pkg:gem/faker,https://github.com/faker-ruby/faker,dependencies,104407,purl,pkg:gem/faker,8.06,14,"{""url"":""https://science.ecosyste.ms/api/v1/packages?per_page=1000&page=4"",""fetched_at"":""2026-09-23T20:09:56Z"",""cache_file"":""1022619f69a3d12476e71e4b47fd5d60d4d59a1ddad984e1d08b462f5d51052a.json.gz""}"
rubygems.org,pkg:gem/fuzzy_match,https://github.com/seamusabshere/fuzzy_match,dependencies,104466,purl,pkg:gem/fuzzy_match,13.0,1,"{""url"":""https://science.ecosyste.ms/api/v1/packages?per_page=1000&page=74"",""fetched_at"":""2026-09-23T20:23:16Z"",""cache_file"":""ee01b651f04f736f29deeb2b3d1eeda45ffbea89a6e42f65cb65a1fe637fb0f3.json.gz""}"
rubygems.org,pkg:gem/geocoder,https://github.com/alexreisner/geocoder,dependencies,104475,purl,pkg:gem/geocoder,13.05,2,"{""url"":""https://science.ecosyste.ms/api/v1/packages?per_page=1000&page=18"",""fetched_at"":""2026-09-23T20:12:53Z"",""cache_file"":""ab110e1e192d304bd69ea5f571dbacca5c0eb30375c74456a1473f874eb63870.json.gz""}"
rubygems.org,pkg:gem/rainbow,https://github.com/sickill/rainbow,dependencies,105240,purl,pkg:gem/rainbow,,1,"{""url"":""https://science.ecosyste.ms/api/v1/packages?per_page=1000&page=91"",""fetched_at"":""2026-09-24T08:37:48Z"",""cache_file"":""8bdf99942200c774913a1c8315ae5f8ac7abb62a79ba7511a3066b8be4336095.json.gz""}"
rubygems.org,pkg:gem/ruby_parser,https://github.com/seattlerb/ruby_parser,dependencies,105460,purl,pkg:gem/ruby_parser,13.0,1,"{""url"":""https://science.ecosyste.ms/api/v1/packages?per_page=1000&page=92"",""fetched_at"":""2026-09-24T08:37:55Z"",""cache_file"":""1e0f637c4b919b8ab51c4ac8c5315cee820747cca81e9ed12db5fc19eca191bd.json.gz""}"
rubygems.org,pkg:gem/treetop,https://github.com/cjheath/treetop,dependencies,105779,purl,pkg:gem/treetop,6.56,1,"{""url"":""https://science.ecosyste.ms/api/v1/packages?per_page=1000&page=97"",""fetched_at"":""2026-09-24T08:38:35Z"",""cache_file"":""6cc6e6e4ae59a37f2889e53039f4d21527f0e56650798c4d8e7c966fceee8408.json.gz""}"
rubygems.org,pkg:gem/unicorn,https://bogomips.org/unicorn,dependencies,105802,purl,pkg:gem/unicorn,,4,"{""url"":""https://science.ecosyste.ms/api/v1/packages?per_page=1000&page=12"",""fetched_at"":""2026-09-23T20:11:33Z"",""cache_file"":""726e4acba0dce811ec23946ba4adc96b23e026803f186554c6e683ac2cd0008b.json.gz""}"
npmjs.org,pkg:npm/esbuild-register,,dependencies,107098,purl,pkg:npm/esbuild-register,,2,"{""url"":""https://science.ecosyste.ms/api/v1/packages?per_page=1000&page=17"",""fetched_at"":""2026-09-23T20:12:39Z"",""cache_file"":""c8170e0e835f21abad2d9d81d6b4b965466a58a190058f9cfae46a50d79aab2a.json.gz""}"
repo1.maven.org,pkg:maven/org.apache.poi/ooxml-schemas,,dependencies,107792,purl,pkg:maven/org.apache.poi/ooxml-schemas,,1,"{""url"":""https://science.ecosyste.ms/api/v1/packages?per_page=1000&page=86"",""fetched_at"":""2026-09-24T08:37:10Z"",""cache_file"":""80310978b2c88c8469f9e4b54244acafe8828a5496eae4e969283c62f12c9b92.json.gz""}"
formulae.brew.sh,pkg:brew/mysql,https://github.com/mysql/mysql-server,dependencies,108330,purl,pkg:brew/mysql,21.0,1,"{""url"":""https://science.ecosyste.ms/api/v1/packages?per_page=1000&page=84"",""fetched_at"":""2026-09-23T20:26:57Z"",""cache_file"":""b3b91fbbb4c4c5ab3d9ad6332b839cd6426d7817d747617834a8627017c5ce26.json.gz""}"
cran.r-project.org,pkg:cran/ids,https://github.com/richfitz/ids,dependencies,110852,purl,pkg:cran/ids,22.0,17,"{""url"":""https://science.ecosyste.ms/api/v1/packages?per_page=1000&page=4"",""fetched_at"":""2026-09-23T20:09:56Z"",""cache_file"":""1022619f69a3d12476e71e4b47fd5d60d4d59a1ddad984e1d08b462f5d51052a.json.gz""}"
juliahub.com,pkg:julia/Formatting,https://github.com/juliaio/formatting.jl,dependencies,111066,purl,pkg:julia/Formatting,13.68,7,"{""url"":""https://science.ecosyste.ms/api/v1/packages?per_page=1000&page=7"",""fetched_at"":""2026-09-23T20:10:35Z"",""cache_file"":""cdeda14cbf7590ae5034c6ae27903c52dce2d2539920c41a59c2f2234e820ca7.json.gz""}"
rubygems.org,pkg:gem/grpc,https://github.com/google/grpc,dependencies,111149,purl,pkg:gem/grpc,21.06,1,"{""url"":""https://science.ecosyste.ms/api/v1/packages?per_page=1000&page=76"",""fetched_at"":""2026-09-23T20:23:48Z"",""cache_file"":""3b2b99bba2d25491b0a7a32e9add214584aeb0c3602e476b05e760f0a1d5ba34.json.gz""}"
repo1.maven.org,pkg:maven/org.apache.tomcat/tomcat-jdbc,,dependencies,111925,purl,pkg:maven/org.apache.tomcat/tomcat-jdbc,,1,"{""url"":""https://science.ecosyste.ms/api/v1/packages?per_page=1000&page=86"",""fetched_at"":""2026-09-24T08:37:10Z"",""cache_file"":""80310978b2c88c8469f9e4b54244acafe8828a5496eae4e969283c62f12c9b92.json.gz""}"
npmjs.org,pkg:npm/%40aws-sdk/client-sso-oidc,https://github.com/aws/aws-sdk-js-v3,dependencies,117069,purl,pkg:npm/%40aws-sdk/client-sso-oidc,17.03,1,"{""url"":""https://science.ecosyste.ms/api/v1/packages?per_page=1000&page=65"",""fetched_at"":""2026-09-23T20:21:07Z"",""cache_file"":""f3f00e9961c88faaa31def2b557972e1d401fad657ed65f492590ed4b7fa1bfd.json.gz""}"
packagist.org,pkg:composer/phpspec/prophecy,https://github.com/phpspec/prophecy,dependencies,117263,purl,pkg:composer/phpspec/prophecy,13.0,1,"{""url"":""https://science.ecosyste.ms/api/v1/packages?per_page=1000&page=88"",""fetched_at"":""2026-09-24T08:37:27Z"",""cache_file"":""bba2d86760e17a60d9975f76e03f09cbbdcaef8efb18febb95c642e43647c231.json.gz""}"
npmjs.org,pkg:npm/%40aws-sdk/credential-provider-ini,https://github.com/aws/aws-sdk-js-v3,dependencies,119931,purl,pkg:npm/%40aws-sdk/credential-provider-ini,17.03,1,"{""url"":""https://science.ecosyste.ms/api/v1/packages?per_page=1000&page=65"",""fetched_at"":""2026-09-23T20:21:07Z"",""cache_file"":""f3f00e9961c88faaa31def2b557972e1d401fad657ed65f492590ed4b7fa1bfd.json.gz""}"
juliahub.com,pkg:julia/URIParser,https://github.com/juliaweb/uriparser.jl,dependencies,123411,purl,pkg:julia/URIParser,13.71,2,"{""url"":""https://science.ecosyste.ms/api/v1/packages?per_page=1000&page=23"",""fetched_at"":""2026-09-23T20:14:10Z"",""cache_file"":""b290333de94b5db372bee4e07dcb6954650b9bf3e54bb2f8e51f8ef3b0249a7d.json.gz""}"
hackage.haskell.org,pkg:hackage/NumInstances,https://github.com/conal/numinstances,dependencies,123485,purl,pkg:hackage/NumInstances,,1,"{""url"":""https://science.ecosyste.ms/api/v1/packages?per_page=1000&page=85"",""fetched_at"":""2026-09-24T08:36:57Z"",""cache_file"":""c63acaa7158a62203e14f100713e7acd77dbd3dc38209e3b87963a52ecb8d847.json.gz""}"
repo1.maven.org,pkg:maven/com.squareup.retrofit2/adapter-rxjava2,https://github.com/square/retrofit,dependencies,124000,purl,pkg:maven/com.squareup.retrofit2/adapter-rxjava2,,1,"{""url"":""https://science.ecosyste.ms/api/v1/packages?per_page=1000&page=69"",""fetched_at"":""2026-09-23T20:22:11Z"",""cache_file"":""d9a6f92b0931f507c5c7d90ade5ce851846d13dab5cba809cc5b9e5bb2463f26.json.gz""}"
juliahub.com,pkg:julia/BGZFStreams,https://github.com/biojulia/bgzfstreams.jl,dependencies,126109,purl,pkg:julia/BGZFStreams,22.11,2,"{""url"":""https://science.ecosyste.ms/api/v1/packages?per_page=1000&page=16"",""fetched_at"":""2026-09-23T20:12:27Z"",""cache_file"":""ffde8df4be5e6610bd1efff0a2c0aefa2c9f532afc02a082317a377cedeefc27.json.gz""}"
juliahub.com,pkg:julia/BioCore,https://github.com/biojulia/biocore.jl,dependencies,126110,purl,pkg:julia/BioCore,22.67,1,"{""url"":""https://science.ecosyste.ms/api/v1/packages?per_page=1000&page=66"",""fetched_at"":""2026-09-23T20:21:22Z"",""cache_file"":""0ab13d177ca42e751f8ad4efccbd792d064b92f61501c026fdbe2d550547106a.json.gz""}"
juliahub.com,pkg:julia/GenomicFeatures,https://github.com/biojulia/genomicfeatures.jl,dependencies,126116,purl,pkg:julia/GenomicFeatures,36.67,2,"{""url"":""https://science.ecosyste.ms/api/v1/packages?per_page=1000&page=18"",""fetched_at"":""2026-09-23T20:12:53Z"",""cache_file"":""ab110e1e192d304bd69ea5f571dbacca5c0eb30375c74456a1473f874eb63870.json.gz""}"
juliahub.com,pkg:julia/Twiddle,https://github.com/benjward/twiddle.jl,dependencies,126145,purl,pkg:julia/Twiddle,13.63,2,"{""url"":""https://science.ecosyste.ms/api/v1/packages?per_page=1000&page=23"",""fetched_at"":""2026-09-23T20:14:10Z"",""cache_file"":""b290333de94b5db372bee4e07dcb6954650b9bf3e54bb2f8e51f8ef3b0249a7d.json.gz""}"
hackage.haskell.org,pkg:hackage/executable-path,,dependencies,127836,purl,pkg:hackage/executable-path,,2,"{""url"":""https://science.ecosyste.ms/api/v1/packages?per_page=1000&page=17"",""fetched_at"":""2026-09-23T20:12:39Z"",""cache_file"":""c8170e0e835f21abad2d9d81d6b4b965466a58a190058f9cfae46a50d79aab2a.json.gz""}"
hackage.haskell.org,pkg:hackage/websockets,https://github.com/jaspervdj/websockets,dependencies,127846,purl,pkg:hackage/websockets,,2,"{""url"":""https://science.ecosyste.ms/api/v1/packages?per_page=1000&page=23"",""fetched_at"":""2026-09-23T20:14:10Z"",""cache_file"":""b290333de94b5db372bee4e07dcb6954650b9bf3e54bb2f8e51f8ef3b0249a7d.json.gz""}"
hub.docker.com,pkg:docker/bitnami%2Fkubectl,,dependencies,128982,purl,pkg:docker/bitnami%2Fkubectl,,1,"{""url"":""https://science.ecosyste.ms/api/v1/packages?per_page=1000&page=66"",""fetched_at"":""2026-09-23T20:21:22Z"",""cache_file"":""0ab13d177ca42e751f8ad4efccbd792d064b92f61501c026fdbe2d550547106a.json.gz""}"
hackage.haskell.org,pkg:hackage/sbv,https://github.com/leventerkok/sbv,dependencies,131211,purl,pkg:hackage/sbv,13.2,2,"{""url"":""https://science.ecosyste.ms/api/v1/packages?per_page=1000&page=22"",""fetched_at"":""2026-09-23T20:13:46Z"",""cache_file"":""01e918286eb7b385178c16e5eafabac47ac58be83c5522545b37ef2d1be72b21.json.gz""}"
juliahub.com,pkg:julia/SyntaxTree,https://github.com/chakravala/syntaxtree.jl,dependencies,133894,purl,pkg:julia/SyntaxTree,13.0,3,"{""url"":""https://science.ecosyste.ms/api/v1/packages?per_page=1000&page=15"",""fetched_at"":""2026-09-23T20:12:11Z"",""cache_file"":""95370fa99492919b19e221b84c1e2a21fd9745d8516cc572284630b3456504ed.json.gz""}"
juliahub.com,pkg:julia/IndexedTables,https://github.com/juliadata/indexedtables.jl,dependencies,134447,purl,pkg:julia/IndexedTables,21.41,1,"{""url"":""https://science.ecosyste.ms/api/v1/packages?per_page=1000&page=78"",""fetched_at"":""2026-09-23T20:24:21Z"",""cache_file"":""69d6fa73af2933770b2b66556d2d089371473a4b9a596da505141c98d6cef7e1.json.gz""}"
hub.docker.com,pkg:docker/bitnami%2Fnginx,https://github.com/bitnami/containers,dependencies,135311,purl,pkg:docker/bitnami%2Fnginx,,2,"{""url"":""https://science.ecosyste.ms/api/v1/packages?per_page=1000&page=16"",""fetched_at"":""2026-09-23T20:12:27Z"",""cache_file"":""ffde8df4be5e6610bd1efff0a2c0aefa2c9f532afc02a082317a377cedeefc27.json.gz""}"
juliahub.com,pkg:julia/AbstractPlotting,https://github.com/juliaplots/abstractplotting.jl,dependencies,137033,purl,pkg:julia/AbstractPlotting,14.57,2,"{""url"":""https://science.ecosyste.ms/api/v1/packages?per_page=1000&page=16"",""fetched_at"":""2026-09-23T20:12:27Z"",""cache_file"":""ffde8df4be5e6610bd1efff0a2c0aefa2c9f532afc02a082317a377cedeefc27.json.gz""}"
npmjs.org,pkg:npm/iterator.prototype,https://github.com/ljharb/iterator.prototype,dependencies,138661,purl,pkg:npm/iterator.prototype,,1,"{""url"":""https://science.ecosyste.ms/api/v1/packages?per_page=1000&page=78"",""fetched_at"":""2026-09-23T20:24:21Z"",""cache_file"":""69d6fa73af2933770b2b66556d2d089371473a4b9a596da505141c98d6cef7e1.json.gz""}"
rubygems.org,pkg:gem/logstash-filter-translate,,dependencies,140592,purl,pkg:gem/logstash-filter-translate,,1,"{""url"":""https://science.ecosyste.ms/api/v1/packages?per_page=1000&page=81"",""fetched_at"":""2026-09-23T20:25:20Z"",""cache_file"":""5bdab7d39657e472d166c65c908ee724040f928ce70ed15c8a8793468c837466.json.gz""}"
rubygems.org,pkg:gem/logstash-output-sqs,,dependencies,140666,purl,pkg:gem/logstash-output-sqs,,1,"{""url"":""https://science.ecosyste.ms/api/v1/packages?per_page=1000&page=81"",""fetched_at"":""2026-09-23T20:25:20Z"",""cache_file"":""5bdab7d39657e472d166c65c908ee724040f928ce70ed15c8a8793468c837466.json.gz""}"
rubygems.org,pkg:gem/kgio,https://bogomips.org/kgio,dependencies,142770,purl,pkg:gem/kgio,,1,"{""url"":""https://science.ecosyste.ms/api/v1/packages?per_page=1000&page=79"",""fetched_at"":""2026-09-23T20:24:40Z"",""cache_file"":""66a06cc6f351a6018008fa1e98eb71d8e526bcfa97b7689b383532f79529fdf9.json.gz""}"
proxy.golang.org,pkg:golang/github.com/checkpoint-restore/go-criu/v5,https://github.com/checkpoint-restore/go-criu,dependencies,143095,purl,pkg:golang/github.com/checkpoint-restore/go-criu/v5,13.0,1,"{""url"":""https://science.ecosyste.ms/api/v1/packages?per_page=1000&page=75"",""fetched_at"":""2026-09-23T20:23:26Z"",""cache_file"":""14965df019687f8faa3fb8485eb187a06b696297345e0cce0db1a0b7def979ae.json.gz""}"
cran.r-project.org,pkg:cran/xopen,https://github.com/r-lib/xopen,dependencies,143139,purl,pkg:cran/xopen,21.0,1,"{""url"":""https://science.ecosyste.ms/api/v1/packages?per_page=1000&page=99"",""fetched_at"":""2026-09-24T08:38:49Z"",""cache_file"":""9383035325794e2f9c94ecee5bb7de1103ccb9bcd6bf7e125aeff399b8bcbf61.json.gz""}"
hackage.haskell.org,pkg:hackage/regex-compat,https://github.com/haskell-hvr/regex-compat,dependencies,150732,purl,pkg:hackage/regex-compat,,1,"{""url"":""https://science.ecosyste.ms/api/v1/packages?per_page=1000&page=91"",""fetched_at"":""2026-09-24T08:37:48Z"",""cache_file"":""8bdf99942200c774913a1c8315ae5f8ac7abb62a79ba7511a3066b8be4336095.json.gz""}"
hub.docker.com,pkg:docker/gitlab%2Fgitlab-runner,,dependencies,151099,purl,pkg:docker/gitlab%2Fgitlab-runner,,1,"{""url"":""https://science.ecosyste.ms/api/v1/packages?per_page=1000&page=76"",""fetched_at"":""2026-09-23T20:23:48Z"",""cache_file"":""3b2b99bba2d25491b0a7a32e9add214584aeb0c3602e476b05e760f0a1d5ba34.json.gz""}"
pypi.org,pkg:pypi/typedload,,dependencies,153448,purl,pkg:pypi/typedload,,1,"{""url"":""https://science.ecosyste.ms/api/v1/packages?per_page=1000&page=97"",""fetched_at"":""2026-09-24T08:38:35Z"",""cache_file"":""6cc6e6e4ae59a37f2889e53039f4d21527f0e56650798c4d8e7c966fceee8408.json.gz""}"
hackage.haskell.org,pkg:hackage/graphviz,https://codeberg.org/daniel-casanueva/graphviz,dependencies,153852,purl,pkg:hackage/graphviz,,1,"{""url"":""https://science.ecosyste.ms/api/v1/packages?per_page=1000&page=76"",""fetched_at"":""2026-09-23T20:23:48Z"",""cache_file"":""3b2b99bba2d25491b0a7a32e9add214584aeb0c3602e476b05e760f0a1d5ba34.json.gz""}"
hackage.haskell.org,pkg:hackage/heredoc,,dependencies,153865,purl,pkg:hackage/heredoc,,1,"{""url"":""https://science.ecosyste.ms/api/v1/packages?per_page=1000&page=77"",""fetched_at"":""2026-09-23T20:24:04Z"",""cache_file"":""4eee5f8253ac5aa851d1a1a8d246c62acf1b86dec001c3852a86f74cb6e98455.json.gz""}"
hackage.haskell.org,pkg:hackage/hmatrix-gsl,https://github.com/albertoruiz/hmatrix,dependencies,153868,purl,pkg:hackage/hmatrix-gsl,13.33,1,"{""url"":""https://science.ecosyste.ms/api/v1/packages?per_page=1000&page=77"",""fetched_at"":""2026-09-23T20:24:04Z"",""cache_file"":""4eee5f8253ac5aa851d1a1a8d246c62acf1b86dec001c3852a86f74cb6e98455.json.gz""}"
hackage.haskell.org,pkg:hackage/IfElse,,dependencies,153875,purl,pkg:hackage/IfElse,,1,"{""url"":""https://science.ecosyste.ms/api/v1/packages?per_page=1000&page=77"",""fetched_at"":""2026-09-23T20:24:04Z"",""cache_file"":""4eee5f8253ac5aa851d1a1a8d246c62acf1b86dec001c3852a86f74cb6e98455.json.gz""}"
hackage.haskell.org,pkg:hackage/snap,https://github.com/snapframework/snap,dependencies,153970,purl,pkg:hackage/snap,,1,"{""url"":""https://science.ecosyste.ms/api/v1/packages?per_page=1000&page=94"",""fetched_at"":""2026-09-24T08:38:10Z"",""cache_file"":""758b4d71dfa3ed6ed789580bf40d2f4609aedd47db632c0bf7db02ad7f55880f.json.gz""}"
crates.io,pkg:cargo/chacha20,https://github.com/rustcrypto/stream-ciphers,dependencies,154157,purl,pkg:cargo/chacha20,8.0,1,"{""url"":""https://science.ecosyste.ms/api/v1/packages?per_page=1000&page=67"",""fetched_at"":""2026-09-23T20:21:33Z"",""cache_file"":""27cea091ed3b0d1e6b1c72ff96a025255be0444abae87779b1d6ca0e025c9ca2.json.gz""}"
juliahub.com,pkg:julia/SymmetricTensors,https://github.com/iitis/symmetrictensors.jl,dependencies,156847,purl,pkg:julia/SymmetricTensors,46.78,2,"{""url"":""https://science.ecosyste.ms/api/v1/packages?per_page=1000&page=22"",""fetched_at"":""2026-09-23T20:13:46Z"",""cache_file"":""01e918286eb7b385178c16e5eafabac47ac58be83c5522545b37ef2d1be72b21.json.gz""}"
swiftpackageindex.com,pkg:swift/github.com/apple/swift-async-algorithms,https://github.com/apple/swift-async-algorithms,dependencies,170260,purl,pkg:swift/github.com/apple/swift-async-algorithms,17.0,1,"{""url"":""https://science.ecosyste.ms/api/v1/packages?per_page=1000&page=75"",""fetched_at"":""2026-09-23T20:23:26Z"",""cache_file"":""14965df019687f8faa3fb8485eb187a06b696297345e0cce0db1a0b7def979ae.json.gz""}"
packagist.org,pkg:composer/michelf/php-markdown,https://github.com/michelf/php-markdown,dependencies,172428,purl,pkg:composer/michelf/php-markdown,13.18,1,"{""url"":""https://science.ecosyste.ms/api/v1/packages?per_page=1000&page=83"",""fetched_at"":""2026-09-23T20:26:36Z"",""cache_file"":""20cf55a2a2964e7cfdbe498bc7d610a7657ebe11c778e219ab82593355292796.json.gz""}"
rubygems.org,pkg:gem/aws-sdk-states,https://github.com/aws/aws-sdk-ruby,dependencies,175662,purl,pkg:gem/aws-sdk-states,,1,"{""url"":""https://science.ecosyste.ms/api/v1/packages?per_page=1000&page=65"",""fetched_at"":""2026-09-23T20:21:07Z"",""cache_file"":""f3f00e9961c88faaa31def2b557972e1d401fad657ed65f492590ed4b7fa1bfd.json.gz""}"
repo1.maven.org,pkg:maven/org.apache.tomcat/tomcat-jsp-api,,dependencies,176557,purl,pkg:maven/org.apache.tomcat/tomcat-jsp-api,,1,"{""url"":""https://science.ecosyste.ms/api/v1/packages?per_page=1000&page=86"",""fetched_at"":""2026-09-24T08:37:10Z"",""cache_file"":""80310978b2c88c8469f9e4b54244acafe8828a5496eae4e969283c62f12c9b92.json.gz""}"
clojars.org,pkg:clojars/primitive-math,https://github.com/ztellman/primitive-math,dependencies,190777,purl,pkg:clojars/primitive-math,,1,"{""url"":""https://science.ecosyste.ms/api/v1/packages?per_page=1000&page=89"",""fetched_at"":""2026-09-24T08:37:34Z"",""cache_file"":""907afcaa60c076951bb6321943248d0653801b5adfe8eb4a8664fb5102b41314.json.gz""}"
npmjs.org,pkg:npm/%40babel/plugin-bugfix-safari-class-field-initializer-scope,https://github.com/babel/babel,dependencies,203096,purl,pkg:npm/%40babel/plugin-bugfix-safari-class-field-initializer-scope,,1,"{""url"":""https://science.ecosyste.ms/api/v1/packages?per_page=1000&page=65"",""fetched_at"":""2026-09-23T20:21:07Z"",""cache_file"":""f3f00e9961c88faaa31def2b557972e1d401fad657ed65f492590ed4b7fa1bfd.json.gz""}"
npmjs.org,pkg:npm/%40babel/plugin-syntax-unicode-sets-regex,https://github.com/babel/babel,dependencies,203098,purl,pkg:npm/%40babel/plugin-syntax-unicode-sets-regex,,1,"{""url"":""https://science.ecosyste.ms/api/v1/packages?per_page=1000&page=65"",""fetched_at"":""2026-09-23T20:21:07Z"",""cache_file"":""f3f00e9961c88faaa31def2b557972e1d401fad657ed65f492590ed4b7fa1bfd.json.gz""}"
npmjs.org,pkg:npm/%40babel/plugin-transform-duplicate-named-capturing-groups-regex,https://github.com/babel/babel,dependencies,203099,purl,pkg:npm/%40babel/plugin-transform-duplicate-named-capturing-groups-regex,,1,"{""url"":""https://science.ecosyste.ms/api/v1/packages?per_page=1000&page=65"",""fetched_at"":""2026-09-23T20:21:07Z"",""cache_file"":""f3f00e9961c88faaa31def2b557972e1d401fad657ed65f492590ed4b7fa1bfd.json.gz""}"
npmjs.org,pkg:npm/%40babel/plugin-transform-unicode-sets-regex,https://github.com/babel/babel,dependencies,203106,purl,pkg:npm/%40babel/plugin-transform-unicode-sets-regex,,1,"{""url"":""https://science.ecosyste.ms/api/v1/packages?per_page=1000&page=65"",""fetched_at"":""2026-09-23T20:21:07Z"",""cache_file"":""f3f00e9961c88faaa31def2b557972e1d401fad657ed65f492590ed4b7fa1bfd.json.gz""}"
swiftpackageindex.com,pkg:swift/github.com/pointfreeco/swift-snapshot-testing,https://github.com/pointfreeco/swift-snapshot-testing,dependencies,287550,purl,pkg:swift/github.com/pointfreeco/swift-snapshot-testing,,1,"{""url"":""https://science.ecosyste.ms/api/v1/packages?per_page=1000&page=76"",""fetched_at"":""2026-09-23T20:23:48Z"",""cache_file"":""3b2b99bba2d25491b0a7a32e9add214584aeb0c3602e476b05e760f0a1d5ba34.json.gz""}"
juliahub.com,pkg:julia/Hexagons,https://github.com/giovineitalia/hexagons.jl,dependencies,320981,purl,pkg:julia/Hexagons,15.86,2,"{""url"":""https://science.ecosyste.ms/api/v1/packages?per_page=1000&page=18"",""fetched_at"":""2026-09-23T20:12:53Z"",""cache_file"":""ab110e1e192d304bd69ea5f571dbacca5c0eb30375c74456a1473f874eb63870.json.gz""}"
juliahub.com,pkg:julia/Homebrew,https://github.com/juliapackaging/homebrew.jl,dependencies,320982,purl,pkg:julia/Homebrew,14.3,2,"{""url"":""https://science.ecosyste.ms/api/v1/packages?per_page=1000&page=18"",""fetched_at"":""2026-09-23T20:12:53Z"",""cache_file"":""ab110e1e192d304bd69ea5f571dbacca5c0eb30375c74456a1473f874eb63870.json.gz""}"
crates.io,pkg:cargo/unsafe-libyaml,https://github.com/dtolnay/unsafe-libyaml,dependencies,337230,purl,pkg:cargo/unsafe-libyaml,,1,"{""url"":""https://science.ecosyste.ms/api/v1/packages?per_page=1000&page=98"",""fetched_at"":""2026-09-24T08:38:42Z"",""cache_file"":""df0f838b808d6471c1fa25d475ca19001181f7bd324d935bbb07bead7c747d51.json.gz""}"
juliahub.com,pkg:julia/NCDatasets,https://github.com/juliageo/ncdatasets.jl,projects,678,purl,pkg:julia/NCDatasets,94.0,,"{""url"":""https://science.ecosyste.ms/api/v1/projects/search_seeds?per_page=100&page=7"",""fetched_at"":""2026-09-23T18:34:53Z"",""cache_file"":""9ab81b9d16f0cf4ca02884a37ec267afa02a087261e25e143bc980bc1729586d.json.gz""}"
juliahub.com,pkg:julia/NCDatasets,https://github.com/juliageo/ncdatasets.jl,projects,678,repository_url,https://github.com/JuliaGeo/NCDatasets.jl,94.0,,"{""url"":""https://science.ecosyste.ms/api/v1/projects/search_seeds?per_page=100&page=7"",""fetched_at"":""2026-09-23T18:34:53Z"",""cache_file"":""9ab81b9d16f0cf4ca02884a37ec267afa02a087261e25e143bc980bc1729586d.json.gz""}"
juliahub.com,pkg:julia/NCDatasets,https://github.com/juliageo/ncdatasets.jl,projects,678,repository_alias,https://github.com/juliageo/ncdatasets.jl,94.0,,"{""url"":""https://science.ecosyste.ms/api/v1/projects/search_seeds?per_page=100&page=7"",""fetched_at"":""2026-09-23T18:34:53Z"",""cache_file"":""9ab81b9d16f0cf4ca02884a37ec267afa02a087261e25e143bc980bc1729586d.json.gz""}"
cran.r-project.org,pkg:cran/datawizard,https://github.com/easystats/datawizard,projects,1382,purl,pkg:cran/datawizard,87.0,,"{""url"":""https://science.ecosyste.ms/api/v1/projects/search_seeds?per_page=100&page=14"",""fetched_at"":""2026-09-23T18:34:57Z"",""cache_file"":""9f35e4143bd80d90cec11ebb2c082da76ed12eccd14b3b46bf129565fcb80419.json.gz""}"
cran.r-project.org,pkg:cran/datawizard,https://github.com/easystats/datawizard,projects,1382,repository_url,https://github.com/easystats/datawizard,87.0,,"{""url"":""https://science.ecosyste.ms/api/v1/projects/search_seeds?per_page=100&page=14"",""fetched_at"":""2026-09-23T18:34:57Z"",""cache_file"":""9f35e4143bd80d90cec11ebb2c082da76ed12eccd14b3b46bf129565fcb80419.json.gz""}"
pypi.org,pkg:pypi/seaborn,https://github.com/mwaskom/seaborn,projects,1938,purl,pkg:pypi/seaborn,89.0,,"{""url"":""https://science.ecosyste.ms/api/v1/projects/search_seeds?per_page=100&page=20"",""fetched_at"":""2026-09-23T18:35:00Z"",""cache_file"":""f438de14136a03bfac746321149ca47604a36298dc4d072804b49499f5d42065.json.gz""}"
conda-forge.org,pkg:conda/seaborn?repository_url=https://conda-forge.org,https://github.com/mwaskom/seaborn,projects,1938,purl,pkg:conda/seaborn?repository_url=https://conda-forge.org,89.0,,"{""url"":""https://science.ecosyste.ms/api/v1/projects/search_seeds?per_page=100&page=20"",""fetched_at"":""2026-09-23T18:35:00Z"",""cache_file"":""f438de14136a03bfac746321149ca47604a36298dc4d072804b49499f5d42065.json.gz""}"
conda-forge.org,pkg:conda/seaborn?repository_url=https://conda-forge.org,https://github.com/mwaskom/seaborn,projects,1938,repository_url,https://github.com/mwaskom/seaborn,89.0,,"{""url"":""https://science.ecosyste.ms/api/v1/projects/search_seeds?per_page=100&page=20"",""fetched_at"":""2026-09-23T18:35:00Z"",""cache_file"":""f438de14136a03bfac746321149ca47604a36298dc4d072804b49499f5d42065.json.gz""}"
pypi.org,pkg:pypi/seaborn,https://github.com/mwaskom/seaborn,projects,1938,repository_url,https://github.com/mwaskom/seaborn,89.0,,"{""url"":""https://science.ecosyste.ms/api/v1/projects/search_seeds?per_page=100&page=20"",""fetched_at"":""2026-09-23T18:35:00Z"",""cache_file"":""f438de14136a03bfac746321149ca47604a36298dc4d072804b49499f5d42065.json.gz""}"
juliahub.com,pkg:julia/WordTokenizers,https://github.com/juliatext/wordtokenizers.jl,projects,2297,purl,pkg:julia/WordTokenizers,89.0,,"{""url"":""https://science.ecosyste.ms/api/v1/projects/search_seeds?per_page=100&page=23"",""fetched_at"":""2026-09-23T18:35:02Z"",""cache_file"":""1866622c77a6710e41c54ede7e882ef1acdd2619273094ab84d34d20f624e7f0.json.gz""}"
juliahub.com,pkg:julia/WordTokenizers,https://github.com/juliatext/wordtokenizers.jl,projects,2297,repository_url,https://github.com/juliatext/wordtokenizers.jl,89.0,,"{""url"":""https://science.ecosyste.ms/api/v1/projects/search_seeds?per_page=100&page=23"",""fetched_at"":""2026-09-23T18:35:02Z"",""cache_file"":""1866622c77a6710e41c54ede7e882ef1acdd2619273094ab84d34d20f624e7f0.json.gz""}"
cran.r-project.org,pkg:cran/tidyverse,https://github.com/tidyverse/tidyverse,projects,2385,purl,pkg:cran/tidyverse,92.0,,"{""url"":""https://science.ecosyste.ms/api/v1/projects/search_seeds?per_page=100&page=24"",""fetched_at"":""2026-09-23T18:35:03Z"",""cache_file"":""4c83caaaa46e4e71864e3e09d800dbb1e0072c29133dc06ad7fe9d4daaf9b862.json.gz""}"
cran.r-project.org,pkg:cran/tidyverse,https://github.com/tidyverse/tidyverse,projects,2385,repository_url,https://github.com/tidyverse/tidyverse,92.0,,"{""url"":""https://science.ecosyste.ms/api/v1/projects/search_seeds?per_page=100&page=24"",""fetched_at"":""2026-09-23T18:35:03Z"",""cache_file"":""4c83caaaa46e4e71864e3e09d800dbb1e0072c29133dc06ad7fe9d4daaf9b862.json.gz""}"
juliahub.com,pkg:julia/UncertainData,https://github.com/kahaaga/uncertaindata.jl,projects,2402,purl,pkg:julia/UncertainData,89.0,,"{""url"":""https://science.ecosyste.ms/api/v1/projects/search_seeds?per_page=100&page=24"",""fetched_at"":""2026-09-23T18:35:03Z"",""cache_file"":""4c83caaaa46e4e71864e3e09d800dbb1e0072c29133dc06ad7fe9d4daaf9b862.json.gz""}"
juliahub.com,pkg:julia/UncertainData,https://github.com/kahaaga/uncertaindata.jl,projects,2402,repository_url,https://github.com/kahaaga/uncertaindata.jl,89.0,,"{""url"":""https://science.ecosyste.ms/api/v1/projects/search_seeds?per_page=100&page=24"",""fetched_at"":""2026-09-23T18:35:03Z"",""cache_file"":""4c83caaaa46e4e71864e3e09d800dbb1e0072c29133dc06ad7fe9d4daaf9b862.json.gz""}"
cran.r-project.org,pkg:cran/insight,https://github.com/easystats/insight,projects,2530,purl,pkg:cran/insight,89.0,,"{""url"":""https://science.ecosyste.ms/api/v1/projects/search_seeds?per_page=100&page=26"",""fetched_at"":""2026-09-23T18:35:07Z"",""cache_file"":""32a839f4e44bb9407977e81d195a80b8b05078d75e70b521393b3071f5deec13.json.gz""}"
cran.r-project.org,pkg:cran/insight,https://github.com/easystats/insight,projects,2530,repository_url,https://github.com/easystats/insight,89.0,,"{""url"":""https://science.ecosyste.ms/api/v1/projects/search_seeds?per_page=100&page=26"",""fetched_at"":""2026-09-23T18:35:07Z"",""cache_file"":""32a839f4e44bb9407977e81d195a80b8b05078d75e70b521393b3071f5deec13.json.gz""}"
pypi.org,pkg:pypi/sortedcontainers,https://github.com/grantjenks/python-sortedcontainers,projects,2556,purl,pkg:pypi/sortedcontainers,89.0,,"{""url"":""https://science.ecosyste.ms/api/v1/projects/search_seeds?per_page=100&page=26"",""fetched_at"":""2026-09-23T18:35:07Z"",""cache_file"":""32a839f4e44bb9407977e81d195a80b8b05078d75e70b521393b3071f5deec13.json.gz""}"
conda-forge.org,pkg:conda/sortedcontainers?repository_url=https://conda-forge.org,https://github.com/grantjenks/python-sortedcontainers,projects,2556,purl,pkg:conda/sortedcontainers?repository_url=https://conda-forge.org,89.0,,"{""url"":""https://science.ecosyste.ms/api/v1/projects/search_seeds?per_page=100&page=26"",""fetched_at"":""2026-09-23T18:35:07Z"",""cache_file"":""32a839f4e44bb9407977e81d195a80b8b05078d75e70b521393b3071f5deec13.json.gz""}"
conda-forge.org,pkg:conda/sortedcontainers?repository_url=https://conda-forge.org,https://github.com/grantjenks/python-sortedcontainers,projects,2556,repository_url,https://github.com/grantjenks/python-sortedcontainers,89.0,,"{""url"":""https://science.ecosyste.ms/api/v1/projects/search_seeds?per_page=100&page=26"",""fetched_at"":""2026-09-23T18:35:07Z"",""cache_file"":""32a839f4e44bb9407977e81d195a80b8b05078d75e70b521393b3071f5deec13.json.gz""}"
pypi.org,pkg:pypi/sortedcontainers,https://github.com/grantjenks/python-sortedcontainers,projects,2556,repository_url,https://github.com/grantjenks/python-sortedcontainers,89.0,,"{""url"":""https://science.ecosyste.ms/api/v1/projects/search_seeds?per_page=100&page=26"",""fetched_at"":""2026-09-23T18:35:07Z"",""cache_file"":""32a839f4e44bb9407977e81d195a80b8b05078d75e70b521393b3071f5deec13.json.gz""}"
pypi.org,pkg:pypi/tqdm,https://github.com/tqdm/tqdm,projects,2570,purl,pkg:pypi/tqdm,92.0,,"{""url"":""https://science.ecosyste.ms/api/v1/projects/search_seeds?per_page=100&page=26"",""fetched_at"":""2026-09-23T18:35:07Z"",""cache_file"":""32a839f4e44bb9407977e81d195a80b8b05078d75e70b521393b3071f5deec13.json.gz""}"
conda-forge.org,pkg:conda/tqdm?repository_url=https://conda-forge.org,https://github.com/tqdm/tqdm,projects,2570,purl,pkg:conda/tqdm?repository_url=https://conda-forge.org,92.0,,"{""url"":""https://science.ecosyste.ms/api/v1/projects/search_seeds?per_page=100&page=26"",""fetched_at"":""2026-09-23T18:35:07Z"",""cache_file"":""32a839f4e44bb9407977e81d195a80b8b05078d75e70b521393b3071f5deec13.json.gz""}"
conda-forge.org,pkg:conda/tqdm?repository_url=https://conda-forge.org,https://github.com/tqdm/tqdm,projects,2570,repository_url,https://github.com/tqdm/tqdm,92.0,,"{""url"":""https://science.ecosyste.ms/api/v1/projects/search_seeds?per_page=100&page=26"",""fetched_at"":""2026-09-23T18:35:07Z"",""cache_file"":""32a839f4e44bb9407977e81d195a80b8b05078d75e70b521393b3071f5deec13.json.gz""}"
pypi.org,pkg:pypi/tqdm,https://github.com/tqdm/tqdm,projects,2570,repository_url,https://github.com/tqdm/tqdm,92.0,,"{""url"":""https://science.ecosyste.ms/api/v1/projects/search_seeds?per_page=100&page=26"",""fetched_at"":""2026-09-23T18:35:07Z"",""cache_file"":""32a839f4e44bb9407977e81d195a80b8b05078d75e70b521393b3071f5deec13.json.gz""}"
pypi.org,pkg:pypi/pywavelets,https://github.com/pywavelets/pywt,projects,2602,purl,pkg:pypi/pywavelets,89.0,,"{""url"":""https://science.ecosyste.ms/api/v1/projects/search_seeds?per_page=100&page=26"",""fetched_at"":""2026-09-23T18:35:07Z"",""cache_file"":""32a839f4e44bb9407977e81d195a80b8b05078d75e70b521393b3071f5deec13.json.gz""}"
conda-forge.org,pkg:conda/pywavelets?repository_url=https://conda-forge.org,https://github.com/pywavelets/pywt,projects,2602,purl,pkg:conda/pywavelets?repository_url=https://conda-forge.org,89.0,,"{""url"":""https://science.ecosyste.ms/api/v1/projects/search_seeds?per_page=100&page=26"",""fetched_at"":""2026-09-23T18:35:07Z"",""cache_file"":""32a839f4e44bb9407977e81d195a80b8b05078d75e70b521393b3071f5deec13.json.gz""}"
conda-forge.org,pkg:conda/pywavelets?repository_url=https://conda-forge.org,https://github.com/pywavelets/pywt,projects,2602,repository_url,https://github.com/pywavelets/pywt,89.0,,"{""url"":""https://science.ecosyste.ms/api/v1/projects/search_seeds?per_page=100&page=26"",""fetched_at"":""2026-09-23T18:35:07Z"",""cache_file"":""32a839f4e44bb9407977e81d195a80b8b05078d75e70b521393b3071f5deec13.json.gz""}"
pypi.org,pkg:pypi/pywavelets,https://github.com/pywavelets/pywt,projects,2602,repository_url,https://github.com/pywavelets/pywt,89.0,,"{""url"":""https://science.ecosyste.ms/api/v1/projects/search_seeds?per_page=100&page=26"",""fetched_at"":""2026-09-23T18:35:07Z"",""cache_file"":""32a839f4e44bb9407977e81d195a80b8b05078d75e70b521393b3071f5deec13.json.gz""}"
pypi.org,pkg:pypi/altair,https://github.com/vega/altair,projects,2699,purl,pkg:pypi/altair,89.0,,"{""url"":""https://science.ecosyste.ms/api/v1/projects/search_seeds?per_page=100&page=27"",""fetched_at"":""2026-09-23T18:35:08Z"",""cache_file"":""aac4ed46210472086efbfe7c0278d4fd4359d81b9ac6875379430e1a3e89b5d9.json.gz""}"
pypi.org,pkg:pypi/altair,https://github.com/vega/altair,projects,2699,repository_url,https://github.com/vega/altair,89.0,,"{""url"":""https://science.ecosyste.ms/api/v1/projects/search_seeds?per_page=100&page=27"",""fetched_at"":""2026-09-23T18:35:08Z"",""cache_file"":""aac4ed46210472086efbfe7c0278d4fd4359d81b9ac6875379430e1a3e89b5d9.json.gz""}"
pypi.org,pkg:pypi/altair,https://github.com/vega/altair,projects,2699,repository_alias,https://github.com/vega/altair,89.0,,"{""url"":""https://science.ecosyste.ms/api/v1/projects/search_seeds?per_page=100&page=27"",""fetched_at"":""2026-09-23T18:35:08Z"",""cache_file"":""aac4ed46210472086efbfe7c0278d4fd4359d81b9ac6875379430e1a3e89b5d9.json.gz""}"
cran.r-project.org,pkg:cran/piggyback,https://github.com/ropensci/piggyback,projects,2764,purl,pkg:cran/piggyback,95.0,,"{""url"":""https://science.ecosyste.ms/api/v1/projects/search_seeds?per_page=100&page=28"",""fetched_at"":""2026-09-23T18:35:09Z"",""cache_file"":""f2c9a7ed564b0fe3c5a1476ffb57a91e5c3f1ba85f765a5d78841333a0e169b2.json.gz""}"
cran.r-project.org,pkg:cran/piggyback,https://github.com/ropensci/piggyback,projects,2764,repository_url,https://github.com/ropensci/piggyback,95.0,,"{""url"":""https://science.ecosyste.ms/api/v1/projects/search_seeds?per_page=100&page=28"",""fetched_at"":""2026-09-23T18:35:09Z"",""cache_file"":""f2c9a7ed564b0fe3c5a1476ffb57a91e5c3f1ba85f765a5d78841333a0e169b2.json.gz""}"
cran.r-project.org,pkg:cran/countrycode,https://github.com/vincentarelbundock/countrycode,projects,2794,purl,pkg:cran/countrycode,89.0,,"{""url"":""https://science.ecosyste.ms/api/v1/projects/search_seeds?per_page=100&page=28"",""fetched_at"":""2026-09-23T18:35:09Z"",""cache_file"":""f2c9a7ed564b0fe3c5a1476ffb57a91e5c3f1ba85f765a5d78841333a0e169b2.json.gz""}"
cran.r-project.org,pkg:cran/countrycode,https://github.com/vincentarelbundock/countrycode,projects,2794,repository_url,https://github.com/vincentarelbundock/countrycode,89.0,,"{""url"":""https://science.ecosyste.ms/api/v1/projects/search_seeds?per_page=100&page=28"",""fetched_at"":""2026-09-23T18:35:09Z"",""cache_file"":""f2c9a7ed564b0fe3c5a1476ffb57a91e5c3f1ba85f765a5d78841333a0e169b2.json.gz""}"
pypi.org,pkg:pypi/faker,https://github.com/joke2k/faker,projects,3502,purl,pkg:pypi/faker,37.09,,"{""url"":""https://science.ecosyste.ms/api/v1/projects/search_seeds?per_page=100&page=32"",""fetched_at"":""2026-09-23T18:35:11Z"",""cache_file"":""ebb4aa7e950dff8dae06a73f60a3386d8d7d7286a844ce48c04ebf307e6cea8e.json.gz""}"
pypi.org,pkg:pypi/faker,https://github.com/joke2k/faker,projects,3502,repository_url,https://github.com/joke2k/faker,37.09,,"{""url"":""https://science.ecosyste.ms/api/v1/projects/search_seeds?per_page=100&page=32"",""fetched_at"":""2026-09-23T18:35:11Z"",""cache_file"":""ebb4aa7e950dff8dae06a73f60a3386d8d7d7286a844ce48c04ebf307e6cea8e.json.gz""}"
pypi.org,pkg:pypi/numpy,https://github.com/numpy/numpy,projects,3851,purl,pkg:pypi/numpy,54.53,,"{""url"":""https://science.ecosyste.ms/api/v1/projects/search_seeds?per_page=100&page=33"",""fetched_at"":""2026-09-23T18:35:12Z"",""cache_file"":""0f271519e250de6d3e5bdb30c124caa588e5a8cef79fcff075a1b629a01aff5b.json.gz""}"
conda-forge.org,pkg:conda/numpy?repository_url=https://conda-forge.org,https://github.com/numpy/numpy,projects,3851,purl,pkg:conda/numpy?repository_url=https://conda-forge.org,54.53,,"{""url"":""https://science.ecosyste.ms/api/v1/projects/search_seeds?per_page=100&page=33"",""fetched_at"":""2026-09-23T18:35:12Z"",""cache_file"":""0f271519e250de6d3e5bdb30c124caa588e5a8cef79fcff075a1b629a01aff5b.json.gz""}"
conda-forge.org,pkg:conda/numpy?repository_url=https://conda-forge.org,https://github.com/numpy/numpy,projects,3851,repository_url,https://github.com/numpy/numpy,54.53,,"{""url"":""https://science.ecosyste.ms/api/v1/projects/search_seeds?per_page=100&page=33"",""fetched_at"":""2026-09-23T18:35:12Z"",""cache_file"":""0f271519e250de6d3e5bdb30c124caa588e5a8cef79fcff075a1b629a01aff5b.json.gz""}"
formulae.brew.sh,pkg:brew/numpy,https://github.com/numpy/numpy,projects,3851,repository_url,https://github.com/numpy/numpy,54.53,,"{""url"":""https://science.ecosyste.ms/api/v1/projects/search_seeds?per_page=100&page=33"",""fetched_at"":""2026-09-23T18:35:12Z"",""cache_file"":""0f271519e250de6d3e5bdb30c124caa588e5a8cef79fcff075a1b629a01aff5b.json.gz""}"
pypi.org,pkg:pypi/numpy,https://github.com/numpy/numpy,projects,3851,repository_url,https://github.com/numpy/numpy,54.53,,"{""url"":""https://science.ecosyste.ms/api/v1/projects/search_seeds?per_page=100&page=33"",""fetched_at"":""2026-09-23T18:35:12Z"",""cache_file"":""0f271519e250de6d3e5bdb30c124caa588e5a8cef79fcff075a1b629a01aff5b.json.gz""}"
pypi.org,pkg:pypi/scipy,https://github.com/scipy/scipy,projects,4059,purl,pkg:pypi/scipy,57.56,,"{""url"":""https://science.ecosyste.ms/api/v1/projects/search_seeds?per_page=100&page=35"",""fetched_at"":""2026-09-23T18:35:13Z"",""cache_file"":""591dd1616ad027020a47d1cd3ea4795fa121e683905eb2afe2d94384da25c17f.json.gz""}"
conda-forge.org,pkg:conda/scipy?repository_url=https://conda-forge.org,https://github.com/scipy/scipy,projects,4059,purl,pkg:conda/scipy?repository_url=https://conda-forge.org,57.56,,"{""url"":""https://science.ecosyste.ms/api/v1/projects/search_seeds?per_page=100&page=35"",""fetched_at"":""2026-09-23T18:35:13Z"",""cache_file"":""591dd1616ad027020a47d1cd3ea4795fa121e683905eb2afe2d94384da25c17f.json.gz""}"
conda-forge.org,pkg:conda/scipy?repository_url=https://conda-forge.org,https://github.com/scipy/scipy,projects,4059,repository_url,https://github.com/scipy/scipy,57.56,,"{""url"":""https://science.ecosyste.ms/api/v1/projects/search_seeds?per_page=100&page=35"",""fetched_at"":""2026-09-23T18:35:13Z"",""cache_file"":""591dd1616ad027020a47d1cd3ea4795fa121e683905eb2afe2d94384da25c17f.json.gz""}"
pypi.org,pkg:pypi/scipy,https://github.com/scipy/scipy,projects,4059,repository_url,https://github.com/scipy/scipy,57.56,,"{""url"":""https://science.ecosyste.ms/api/v1/projects/search_seeds?per_page=100&page=35"",""fetched_at"":""2026-09-23T18:35:13Z"",""cache_file"":""591dd1616ad027020a47d1cd3ea4795fa121e683905eb2afe2d94384da25c17f.json.gz""}"
pypi.org,pkg:pypi/statsmodels,https://github.com/statsmodels/statsmodels,projects,4758,purl,pkg:pypi/statsmodels,49.49,,"{""url"":""https://science.ecosyste.ms/api/v1/projects/search_seeds?per_page=100&page=38"",""fetched_at"":""2026-09-23T18:35:16Z"",""cache_file"":""fd85cb8e1cc496f77a623622072372de3c06a0bc2f563026352ac9d658dcdf73.json.gz""}"
conda-forge.org,pkg:conda/statsmodels?repository_url=https://conda-forge.org,https://github.com/statsmodels/statsmodels,projects,4758,purl,pkg:conda/statsmodels?repository_url=https://conda-forge.org,49.49,,"{""url"":""https://science.ecosyste.ms/api/v1/projects/search_seeds?per_page=100&page=38"",""fetched_at"":""2026-09-23T18:35:16Z"",""cache_file"":""fd85cb8e1cc496f77a623622072372de3c06a0bc2f563026352ac9d658dcdf73.json.gz""}"
conda-forge.org,pkg:conda/statsmodels?repository_url=https://conda-forge.org,https://github.com/statsmodels/statsmodels,projects,4758,repository_url,https://github.com/statsmodels/statsmodels,49.49,,"{""url"":""https://science.ecosyste.ms/api/v1/projects/search_seeds?per_page=100&page=38"",""fetched_at"":""2026-09-23T18:35:16Z"",""cache_file"":""fd85cb8e1cc496f77a623622072372de3c06a0bc2f563026352ac9d658dcdf73.json.gz""}"
pypi.org,pkg:pypi/statsmodels,https://github.com/statsmodels/statsmodels,projects,4758,repository_url,https://github.com/statsmodels/statsmodels,49.49,,"{""url"":""https://science.ecosyste.ms/api/v1/projects/search_seeds?per_page=100&page=38"",""fetched_at"":""2026-09-23T18:35:16Z"",""cache_file"":""fd85cb8e1cc496f77a623622072372de3c06a0bc2f563026352ac9d658dcdf73.json.gz""}"
pypi.org,pkg:pypi/matplotlib,https://github.com/matplotlib/matplotlib,projects,5027,purl,pkg:pypi/matplotlib,29.77,,"{""url"":""https://science.ecosyste.ms/api/v1/projects/search_seeds?per_page=100&page=39"",""fetched_at"":""2026-09-23T18:35:17Z"",""cache_file"":""71a52a0af9411e3f21e15e80a2c009f2d1941cc0148d20cc3c08050bee9c7dbd.json.gz""}"
conda-forge.org,pkg:conda/matplotlib-base?repository_url=https://conda-forge.org,https://github.com/matplotlib/matplotlib,projects,5027,purl,pkg:conda/matplotlib-base?repository_url=https://conda-forge.org,29.77,,"{""url"":""https://science.ecosyste.ms/api/v1/projects/search_seeds?per_page=100&page=39"",""fetched_at"":""2026-09-23T18:35:17Z"",""cache_file"":""71a52a0af9411e3f21e15e80a2c009f2d1941cc0148d20cc3c08050bee9c7dbd.json.gz""}"
conda-forge.org,pkg:conda/matplotlib?repository_url=https://conda-forge.org,https://github.com/matplotlib/matplotlib,projects,5027,purl,pkg:conda/matplotlib?repository_url=https://conda-forge.org,29.77,,"{""url"":""https://science.ecosyste.ms/api/v1/projects/search_seeds?per_page=100&page=39"",""fetched_at"":""2026-09-23T18:35:17Z"",""cache_file"":""71a52a0af9411e3f21e15e80a2c009f2d1941cc0148d20cc3c08050bee9c7dbd.json.gz""}"
conda-forge.org,pkg:conda/matplotlib?repository_url=https://conda-forge.org,https://github.com/matplotlib/matplotlib,projects,5027,repository_url,https://github.com/matplotlib/matplotlib,29.77,,"{""url"":""https://science.ecosyste.ms/api/v1/projects/search_seeds?per_page=100&page=39"",""fetched_at"":""2026-09-23T18:35:17Z"",""cache_file"":""71a52a0af9411e3f21e15e80a2c009f2d1941cc0148d20cc3c08050bee9c7dbd.json.gz""}"
conda-forge.org,pkg:conda/matplotlib-base?repository_url=https://conda-forge.org,https://github.com/matplotlib/matplotlib,projects,5027,repository_url,https://github.com/matplotlib/matplotlib,29.77,,"{""url"":""https://science.ecosyste.ms/api/v1/projects/search_seeds?per_page=100&page=39"",""fetched_at"":""2026-09-23T18:35:17Z"",""cache_file"":""71a52a0af9411e3f21e15e80a2c009f2d1941cc0148d20cc3c08050bee9c7dbd.json.gz""}"
pypi.org,pkg:pypi/matplotlib,https://github.com/matplotlib/matplotlib,projects,5027,repository_url,https://github.com/matplotlib/matplotlib,29.77,,"{""url"":""https://science.ecosyste.ms/api/v1/projects/search_seeds?per_page=100&page=39"",""fetched_at"":""2026-09-23T18:35:17Z"",""cache_file"":""71a52a0af9411e3f21e15e80a2c009f2d1941cc0148d20cc3c08050bee9c7dbd.json.gz""}"
pypi.org,pkg:pypi/great-expectations,https://github.com/fivetran/great_expectations,projects,5030,purl,pkg:pypi/great-expectations,58.13,,"{""url"":""https://science.ecosyste.ms/api/v1/projects/search_seeds?per_page=100&page=39"",""fetched_at"":""2026-09-23T18:35:17Z"",""cache_file"":""71a52a0af9411e3f21e15e80a2c009f2d1941cc0148d20cc3c08050bee9c7dbd.json.gz""}"
pypi.org,pkg:pypi/great-expectations,https://github.com/fivetran/great_expectations,projects,5030,repository_url,https://github.com/fivetran/great_expectations,58.13,,"{""url"":""https://science.ecosyste.ms/api/v1/projects/search_seeds?per_page=100&page=39"",""fetched_at"":""2026-09-23T18:35:17Z"",""cache_file"":""71a52a0af9411e3f21e15e80a2c009f2d1941cc0148d20cc3c08050bee9c7dbd.json.gz""}"
pypi.org,pkg:pypi/great-expectations,https://github.com/fivetran/great_expectations,projects,5030,repository_alias,https://github.com/fivetran/great_expectations,58.13,,"{""url"":""https://science.ecosyste.ms/api/v1/projects/search_seeds?per_page=100&page=39"",""fetched_at"":""2026-09-23T18:35:17Z"",""cache_file"":""71a52a0af9411e3f21e15e80a2c009f2d1941cc0148d20cc3c08050bee9c7dbd.json.gz""}"
pypi.org,pkg:pypi/joblib,https://github.com/joblib/joblib,projects,5273,purl,pkg:pypi/joblib,37.49,,"{""url"":""https://science.ecosyste.ms/api/v1/projects/search_seeds?per_page=100&page=41"",""fetched_at"":""2026-09-23T18:35:18Z"",""cache_file"":""44037393c9a18bec09476a759dca10417f4c0f3bcea3cd5551dcdeba162fa8db.json.gz""}"
pypi.org,pkg:pypi/joblib,https://github.com/joblib/joblib,projects,5273,repository_url,https://github.com/joblib/joblib,37.49,,"{""url"":""https://science.ecosyste.ms/api/v1/projects/search_seeds?per_page=100&page=41"",""fetched_at"":""2026-09-23T18:35:18Z"",""cache_file"":""44037393c9a18bec09476a759dca10417f4c0f3bcea3cd5551dcdeba162fa8db.json.gz""}"
pypi.org,pkg:pypi/fastapi,https://github.com/fastapi/fastapi,projects,6042,purl,pkg:pypi/fastapi,37.06,,"{""url"":""https://science.ecosyste.ms/api/v1/projects/search_seeds?per_page=100&page=46"",""fetched_at"":""2026-09-23T18:35:20Z"",""cache_file"":""af5f36110a02a434cbc637f64acc19e2b44f049834ab5e7b461dc8989b3d8e1d.json.gz""}"
pypi.org,pkg:pypi/fastapi,https://github.com/fastapi/fastapi,projects,6042,repository_url,https://github.com/fastapi/fastapi,37.06,,"{""url"":""https://science.ecosyste.ms/api/v1/projects/search_seeds?per_page=100&page=46"",""fetched_at"":""2026-09-23T18:35:20Z"",""cache_file"":""af5f36110a02a434cbc637f64acc19e2b44f049834ab5e7b461dc8989b3d8e1d.json.gz""}"
pypi.org,pkg:pypi/fastapi,https://github.com/fastapi/fastapi,projects,6042,repository_alias,https://github.com/fastapi/fastapi,37.06,,"{""url"":""https://science.ecosyste.ms/api/v1/projects/search_seeds?per_page=100&page=46"",""fetched_at"":""2026-09-23T18:35:20Z"",""cache_file"":""af5f36110a02a434cbc637f64acc19e2b44f049834ab5e7b461dc8989b3d8e1d.json.gz""}"
cran.r-project.org,pkg:cran/rmarkdown,https://github.com/rstudio/rmarkdown,projects,25235,purl,pkg:cran/rmarkdown,37.47,,"{""url"":""https://science.ecosyste.ms/api/v1/projects/search_seeds?per_page=100&page=145"",""fetched_at"":""2026-09-23T18:36:28Z"",""cache_file"":""f8e738486a6365ce6a68b62ab52afb11d39d8c463898854c147b900b5f93df63.json.gz""}"
cran.r-project.org,pkg:cran/rmarkdown,https://github.com/rstudio/rmarkdown,projects,25235,repository_url,https://github.com/rstudio/rmarkdown,37.47,,"{""url"":""https://science.ecosyste.ms/api/v1/projects/search_seeds?per_page=100&page=145"",""fetched_at"":""2026-09-23T18:36:28Z"",""cache_file"":""f8e738486a6365ce6a68b62ab52afb11d39d8c463898854c147b900b5f93df63.json.gz""}"
juliahub.com,pkg:julia/Tensors,https://github.com/ferrite-fem/tensors.jl,projects,27421,purl,pkg:julia/Tensors,57.39,,"{""url"":""https://science.ecosyste.ms/api/v1/projects/search_seeds?per_page=100&page=156"",""fetched_at"":""2026-09-23T18:36:46Z"",""cache_file"":""503dabb8cfcc8a38ad7eeda10c1e59401771c8c1c1a2485bbe8a213bad643a4a.json.gz""}"
juliahub.com,pkg:julia/Tensors,https://github.com/ferrite-fem/tensors.jl,projects,27421,repository_url,https://github.com/ferrite-fem/tensors.jl,57.39,,"{""url"":""https://science.ecosyste.ms/api/v1/projects/search_seeds?per_page=100&page=156"",""fetched_at"":""2026-09-23T18:36:46Z"",""cache_file"":""503dabb8cfcc8a38ad7eeda10c1e59401771c8c1c1a2485bbe8a213bad643a4a.json.gz""}"
juliahub.com,pkg:julia/DataDeps,https://github.com/oxinabox/datadeps.jl,projects,27758,purl,pkg:julia/DataDeps,48.57,,"{""url"":""https://science.ecosyste.ms/api/v1/projects/search_seeds?per_page=100&page=158"",""fetched_at"":""2026-09-23T18:36:50Z"",""cache_file"":""6d207958129ed30c73fa3b7c347cc6fa88157f223a66dc475e8f4bbda89cee56.json.gz""}"
juliahub.com,pkg:julia/DataDeps,https://github.com/oxinabox/datadeps.jl,projects,27758,repository_url,https://github.com/oxinabox/datadeps.jl,48.57,,"{""url"":""https://science.ecosyste.ms/api/v1/projects/search_seeds?per_page=100&page=158"",""fetched_at"":""2026-09-23T18:36:50Z"",""cache_file"":""6d207958129ed30c73fa3b7c347cc6fa88157f223a66dc475e8f4bbda89cee56.json.gz""}"
pypi.org,pkg:pypi/semver,https://github.com/python-semver/python-semver,projects,30861,purl,pkg:pypi/semver,37.1,,"{""url"":""https://science.ecosyste.ms/api/v1/projects/search_seeds?per_page=100&page=175"",""fetched_at"":""2026-09-23T18:37:22Z"",""cache_file"":""8e71e3df4ef44c324e62872a2cf22cda04745f9d44e6631d0fefb759a4b987c2.json.gz""}"
pypi.org,pkg:pypi/semver,https://github.com/python-semver/python-semver,projects,30861,repository_url,https://github.com/python-semver/python-semver,37.1,,"{""url"":""https://science.ecosyste.ms/api/v1/projects/search_seeds?per_page=100&page=175"",""fetched_at"":""2026-09-23T18:37:22Z"",""cache_file"":""8e71e3df4ef44c324e62872a2cf22cda04745f9d44e6631d0fefb759a4b987c2.json.gz""}"
juliahub.com,pkg:julia/SolverTools,https://github.com/juliasmoothoptimizers/solvertools.jl,projects,31033,purl,pkg:julia/SolverTools,66.36,,"{""url"":""https://science.ecosyste.ms/api/v1/projects/search_seeds?per_page=100&page=176"",""fetched_at"":""2026-09-23T18:37:23Z"",""cache_file"":""6ef50810eebcfeb3985aa827db73ccdd4e58b8788639115778778b22c3fef3c4.json.gz""}"
juliahub.com,pkg:julia/SolverTools,https://github.com/juliasmoothoptimizers/solvertools.jl,projects,31033,repository_url,https://github.com/juliasmoothoptimizers/solvertools.jl,66.36,,"{""url"":""https://science.ecosyste.ms/api/v1/projects/search_seeds?per_page=100&page=176"",""fetched_at"":""2026-09-23T18:37:23Z"",""cache_file"":""6ef50810eebcfeb3985aa827db73ccdd4e58b8788639115778778b22c3fef3c4.json.gz""}"
conda-forge.org,pkg:conda/fiona?repository_url=https://conda-forge.org,https://github.com/toblerity/fiona,projects,32881,purl,pkg:conda/fiona?repository_url=https://conda-forge.org,24.3,,"{""url"":""https://science.ecosyste.ms/api/v1/projects/search_seeds?per_page=100&page=185"",""fetched_at"":""2026-09-23T18:37:39Z"",""cache_file"":""32acf5674a4afba3bf5811c08db0a7800d43cca5ec8e8104f57e4d225911aeca.json.gz""}"
conda-forge.org,pkg:conda/fiona?repository_url=https://conda-forge.org,https://github.com/toblerity/fiona,projects,32881,repository_url,https://github.com/toblerity/fiona,24.3,,"{""url"":""https://science.ecosyste.ms/api/v1/projects/search_seeds?per_page=100&page=185"",""fetched_at"":""2026-09-23T18:37:39Z"",""cache_file"":""32acf5674a4afba3bf5811c08db0a7800d43cca5ec8e8104f57e4d225911aeca.json.gz""}"
formulae.brew.sh,pkg:brew/hwloc,https://github.com/open-mpi/hwloc,projects,34505,repository_url,https://github.com/open-mpi/hwloc,27.38,,"{""url"":""https://science.ecosyste.ms/api/v1/projects/search_seeds?per_page=100&page=193"",""fetched_at"":""2026-09-23T18:37:49Z"",""cache_file"":""848d302bfb24272f29614b75ca0dca4eab3f28e5ae559a653fe7e5e3197068ee.json.gz""}"
conda-forge.org,pkg:conda/hdf5?repository_url=https://conda-forge.org,https://github.com/hdfgroup/hdf5,projects,36665,purl,pkg:conda/hdf5?repository_url=https://conda-forge.org,74.59,,"{""url"":""https://science.ecosyste.ms/api/v1/projects/search_seeds?per_page=100&page=203"",""fetched_at"":""2026-09-23T18:38:12Z"",""cache_file"":""3e8ead4261585ed83f350c837d79ab352a7cfec09463a3ec1e4aad711bcf72bf.json.gz""}"
conda-forge.org,pkg:conda/hdf5?repository_url=https://conda-forge.org,https://github.com/hdfgroup/hdf5,projects,36665,repository_url,https://github.com/hdfgroup/hdf5,74.59,,"{""url"":""https://science.ecosyste.ms/api/v1/projects/search_seeds?per_page=100&page=203"",""fetched_at"":""2026-09-23T18:38:12Z"",""cache_file"":""3e8ead4261585ed83f350c837d79ab352a7cfec09463a3ec1e4aad711bcf72bf.json.gz""}"
pypi.org,pkg:pypi/tokenizers,https://github.com/huggingface/tokenizers,projects,36847,purl,pkg:pypi/tokenizers,33.23,,"{""url"":""https://science.ecosyste.ms/api/v1/projects/search_seeds?per_page=100&page=204"",""fetched_at"":""2026-09-23T18:38:13Z"",""cache_file"":""9d06b2cea6ae1e2d8e5e859dc0a83ad5661c3e8fcdcaf48544aeef4234590d85.json.gz""}"
pypi.org,pkg:pypi/tokenizers,https://github.com/huggingface/tokenizers,projects,36847,repository_url,https://github.com/huggingface/tokenizers,33.23,,"{""url"":""https://science.ecosyste.ms/api/v1/projects/search_seeds?per_page=100&page=204"",""fetched_at"":""2026-09-23T18:38:13Z"",""cache_file"":""9d06b2cea6ae1e2d8e5e859dc0a83ad5661c3e8fcdcaf48544aeef4234590d85.json.gz""}"
crates.io,pkg:cargo/pyo3,https://github.com/pyo3/pyo3,projects,37017,purl,pkg:cargo/pyo3,37.19,,"{""url"":""https://science.ecosyste.ms/api/v1/projects/search_seeds?per_page=100&page=205"",""fetched_at"":""2026-09-23T18:38:14Z"",""cache_file"":""711c002ce38d6855597a2ecbc92c2d29cb4dbb40fefac6350bcee6ed82266c92.json.gz""}"
crates.io,pkg:cargo/pyo3-ffi,https://github.com/pyo3/pyo3,projects,37017,purl,pkg:cargo/pyo3-ffi,37.19,,"{""url"":""https://science.ecosyste.ms/api/v1/projects/search_seeds?per_page=100&page=205"",""fetched_at"":""2026-09-23T18:38:14Z"",""cache_file"":""711c002ce38d6855597a2ecbc92c2d29cb4dbb40fefac6350bcee6ed82266c92.json.gz""}"
crates.io,pkg:cargo/pyo3-macros,https://github.com/pyo3/pyo3,projects,37017,purl,pkg:cargo/pyo3-macros,37.19,,"{""url"":""https://science.ecosyste.ms/api/v1/projects/search_seeds?per_page=100&page=205"",""fetched_at"":""2026-09-23T18:38:14Z"",""cache_file"":""711c002ce38d6855597a2ecbc92c2d29cb4dbb40fefac6350bcee6ed82266c92.json.gz""}"
crates.io,pkg:cargo/pyo3-build-config,https://github.com/pyo3/pyo3,projects,37017,purl,pkg:cargo/pyo3-build-config,37.19,,"{""url"":""https://science.ecosyste.ms/api/v1/projects/search_seeds?per_page=100&page=205"",""fetched_at"":""2026-09-23T18:38:14Z"",""cache_file"":""711c002ce38d6855597a2ecbc92c2d29cb4dbb40fefac6350bcee6ed82266c92.json.gz""}"
crates.io,pkg:cargo/pyo3-macros-backend,https://github.com/pyo3/pyo3,projects,37017,purl,pkg:cargo/pyo3-macros-backend,37.19,,"{""url"":""https://science.ecosyste.ms/api/v1/projects/search_seeds?per_page=100&page=205"",""fetched_at"":""2026-09-23T18:38:14Z"",""cache_file"":""711c002ce38d6855597a2ecbc92c2d29cb4dbb40fefac6350bcee6ed82266c92.json.gz""}"
crates.io,pkg:cargo/pyo3,https://github.com/pyo3/pyo3,projects,37017,repository_url,https://github.com/pyo3/pyo3,37.19,,"{""url"":""https://science.ecosyste.ms/api/v1/projects/search_seeds?per_page=100&page=205"",""fetched_at"":""2026-09-23T18:38:14Z"",""cache_file"":""711c002ce38d6855597a2ecbc92c2d29cb4dbb40fefac6350bcee6ed82266c92.json.gz""}"
crates.io,pkg:cargo/pyo3-build-config,https://github.com/pyo3/pyo3,projects,37017,repository_url,https://github.com/pyo3/pyo3,37.19,,"{""url"":""https://science.ecosyste.ms/api/v1/projects/search_seeds?per_page=100&page=205"",""fetched_at"":""2026-09-23T18:38:14Z"",""cache_file"":""711c002ce38d6855597a2ecbc92c2d29cb4dbb40fefac6350bcee6ed82266c92.json.gz""}"
crates.io,pkg:cargo/pyo3-ffi,https://github.com/pyo3/pyo3,projects,37017,repository_url,https://github.com/pyo3/pyo3,37.19,,"{""url"":""https://science.ecosyste.ms/api/v1/projects/search_seeds?per_page=100&page=205"",""fetched_at"":""2026-09-23T18:38:14Z"",""cache_file"":""711c002ce38d6855597a2ecbc92c2d29cb4dbb40fefac6350bcee6ed82266c92.json.gz""}"
crates.io,pkg:cargo/pyo3-macros,https://github.com/pyo3/pyo3,projects,37017,repository_url,https://github.com/pyo3/pyo3,37.19,,"{""url"":""https://science.ecosyste.ms/api/v1/projects/search_seeds?per_page=100&page=205"",""fetched_at"":""2026-09-23T18:38:14Z"",""cache_file"":""711c002ce38d6855597a2ecbc92c2d29cb4dbb40fefac6350bcee6ed82266c92.json.gz""}"
crates.io,pkg:cargo/pyo3-macros-backend,https://github.com/pyo3/pyo3,projects,37017,repository_url,https://github.com/pyo3/pyo3,37.19,,"{""url"":""https://science.ecosyste.ms/api/v1/projects/search_seeds?per_page=100&page=205"",""fetched_at"":""2026-09-23T18:38:14Z"",""cache_file"":""711c002ce38d6855597a2ecbc92c2d29cb4dbb40fefac6350bcee6ed82266c92.json.gz""}"
pypi.org,pkg:pypi/tensorflow,https://github.com/tensorflow/tensorflow,projects,37475,purl,pkg:pypi/tensorflow,49.19,,"{""url"":""https://science.ecosyste.ms/api/v1/projects/search_seeds?per_page=100&page=207"",""fetched_at"":""2026-09-23T18:38:16Z"",""cache_file"":""dca1e627517eff561e26d34655c2d2c7bc5cc2a274c644b18236127e3cae53d7.json.gz""}"
conda-forge.org,pkg:conda/tensorflow?repository_url=https://conda-forge.org,https://github.com/tensorflow/tensorflow,projects,37475,purl,pkg:conda/tensorflow?repository_url=https://conda-forge.org,49.19,,"{""url"":""https://science.ecosyste.ms/api/v1/projects/search_seeds?per_page=100&page=207"",""fetched_at"":""2026-09-23T18:38:16Z"",""cache_file"":""dca1e627517eff561e26d34655c2d2c7bc5cc2a274c644b18236127e3cae53d7.json.gz""}"
conda-forge.org,pkg:conda/tensorflow-base?repository_url=https://conda-forge.org,https://github.com/tensorflow/tensorflow,projects,37475,purl,pkg:conda/tensorflow-base?repository_url=https://conda-forge.org,49.19,,"{""url"":""https://science.ecosyste.ms/api/v1/projects/search_seeds?per_page=100&page=207"",""fetched_at"":""2026-09-23T18:38:16Z"",""cache_file"":""dca1e627517eff561e26d34655c2d2c7bc5cc2a274c644b18236127e3cae53d7.json.gz""}"
conda-forge.org,pkg:conda/tensorflow-estimator?repository_url=https://conda-forge.org,https://github.com/tensorflow/tensorflow,projects,37475,purl,pkg:conda/tensorflow-estimator?repository_url=https://conda-forge.org,49.19,,"{""url"":""https://science.ecosyste.ms/api/v1/projects/search_seeds?per_page=100&page=207"",""fetched_at"":""2026-09-23T18:38:16Z"",""cache_file"":""dca1e627517eff561e26d34655c2d2c7bc5cc2a274c644b18236127e3cae53d7.json.gz""}"
conda-forge.org,pkg:conda/tensorflow?repository_url=https://conda-forge.org,https://github.com/tensorflow/tensorflow,projects,37475,repository_url,https://github.com/tensorflow/tensorflow,49.19,,"{""url"":""https://science.ecosyste.ms/api/v1/projects/search_seeds?per_page=100&page=207"",""fetched_at"":""2026-09-23T18:38:16Z"",""cache_file"":""dca1e627517eff561e26d34655c2d2c7bc5cc2a274c644b18236127e3cae53d7.json.gz""}"
conda-forge.org,pkg:conda/tensorflow-base?repository_url=https://conda-forge.org,https://github.com/tensorflow/tensorflow,projects,37475,repository_url,https://github.com/tensorflow/tensorflow,49.19,,"{""url"":""https://science.ecosyste.ms/api/v1/projects/search_seeds?per_page=100&page=207"",""fetched_at"":""2026-09-23T18:38:16Z"",""cache_file"":""dca1e627517eff561e26d34655c2d2c7bc5cc2a274c644b18236127e3cae53d7.json.gz""}"
conda-forge.org,pkg:conda/tensorflow-estimator?repository_url=https://conda-forge.org,https://github.com/tensorflow/tensorflow,projects,37475,repository_url,https://github.com/tensorflow/tensorflow,49.19,,"{""url"":""https://science.ecosyste.ms/api/v1/projects/search_seeds?per_page=100&page=207"",""fetched_at"":""2026-09-23T18:38:16Z"",""cache_file"":""dca1e627517eff561e26d34655c2d2c7bc5cc2a274c644b18236127e3cae53d7.json.gz""}"
pypi.org,pkg:pypi/tensorflow,https://github.com/tensorflow/tensorflow,projects,37475,repository_url,https://github.com/tensorflow/tensorflow,49.19,,"{""url"":""https://science.ecosyste.ms/api/v1/projects/search_seeds?per_page=100&page=207"",""fetched_at"":""2026-09-23T18:38:16Z"",""cache_file"":""dca1e627517eff561e26d34655c2d2c7bc5cc2a274c644b18236127e3cae53d7.json.gz""}"
pypi.org,pkg:pypi/nltk,https://github.com/nltk/nltk,projects,37601,purl,pkg:pypi/nltk,37.6,,"{""url"":""https://science.ecosyste.ms/api/v1/projects/search_seeds?per_page=100&page=208"",""fetched_at"":""2026-09-23T18:38:17Z"",""cache_file"":""2e32bdece506c3fb78c55ae732a105231c080f7f94d62ed34c190bf357c5b016.json.gz""}"
conda-forge.org,pkg:conda/nltk?repository_url=https://conda-forge.org,https://github.com/nltk/nltk,projects,37601,purl,pkg:conda/nltk?repository_url=https://conda-forge.org,37.6,,"{""url"":""https://science.ecosyste.ms/api/v1/projects/search_seeds?per_page=100&page=208"",""fetched_at"":""2026-09-23T18:38:17Z"",""cache_file"":""2e32bdece506c3fb78c55ae732a105231c080f7f94d62ed34c190bf357c5b016.json.gz""}"
conda-forge.org,pkg:conda/nltk?repository_url=https://conda-forge.org,https://github.com/nltk/nltk,projects,37601,repository_url,https://github.com/nltk/nltk,37.6,,"{""url"":""https://science.ecosyste.ms/api/v1/projects/search_seeds?per_page=100&page=208"",""fetched_at"":""2026-09-23T18:38:17Z"",""cache_file"":""2e32bdece506c3fb78c55ae732a105231c080f7f94d62ed34c190bf357c5b016.json.gz""}"
pypi.org,pkg:pypi/nltk,https://github.com/nltk/nltk,projects,37601,repository_url,https://github.com/nltk/nltk,37.6,,"{""url"":""https://science.ecosyste.ms/api/v1/projects/search_seeds?per_page=100&page=208"",""fetched_at"":""2026-09-23T18:38:17Z"",""cache_file"":""2e32bdece506c3fb78c55ae732a105231c080f7f94d62ed34c190bf357c5b016.json.gz""}"
pypi.org,pkg:pypi/plotly,https://github.com/plotly/plotly.py,projects,38781,purl,pkg:pypi/plotly,24.33,,"{""url"":""https://science.ecosyste.ms/api/v1/projects/search_seeds?per_page=100&page=213"",""fetched_at"":""2026-09-23T18:38:21Z"",""cache_file"":""3bfa11939933874794a5e8655715f3c89ded575f7dd83917827c8d8ec9681c52.json.gz""}"
conda-forge.org,pkg:conda/plotly?repository_url=https://conda-forge.org,https://github.com/plotly/plotly.py,projects,38781,purl,pkg:conda/plotly?repository_url=https://conda-forge.org,24.33,,"{""url"":""https://science.ecosyste.ms/api/v1/projects/search_seeds?per_page=100&page=213"",""fetched_at"":""2026-09-23T18:38:21Z"",""cache_file"":""3bfa11939933874794a5e8655715f3c89ded575f7dd83917827c8d8ec9681c52.json.gz""}"
conda-forge.org,pkg:conda/plotly?repository_url=https://conda-forge.org,https://github.com/plotly/plotly.py,projects,38781,repository_url,https://github.com/plotly/plotly.py,24.33,,"{""url"":""https://science.ecosyste.ms/api/v1/projects/search_seeds?per_page=100&page=213"",""fetched_at"":""2026-09-23T18:38:21Z"",""cache_file"":""3bfa11939933874794a5e8655715f3c89ded575f7dd83917827c8d8ec9681c52.json.gz""}"
pypi.org,pkg:pypi/plotly,https://github.com/plotly/plotly.py,projects,38781,repository_url,https://github.com/plotly/plotly.py,24.33,,"{""url"":""https://science.ecosyste.ms/api/v1/projects/search_seeds?per_page=100&page=213"",""fetched_at"":""2026-09-23T18:38:21Z"",""cache_file"":""3bfa11939933874794a5e8655715f3c89ded575f7dd83917827c8d8ec9681c52.json.gz""}"
pypi.org,pkg:pypi/mpmath,https://github.com/mpmath/mpmath,projects,39092,purl,pkg:pypi/mpmath,37.6,,"{""url"":""https://science.ecosyste.ms/api/v1/projects/search_seeds?per_page=100&page=215"",""fetched_at"":""2026-09-23T18:38:23Z"",""cache_file"":""d804a3137720ca9796b1c8c6171342a60b9782773be80059c5b200f4f06835f5.json.gz""}"
pypi.org,pkg:pypi/mpmath,https://github.com/mpmath/mpmath,projects,39092,repository_url,https://github.com/mpmath/mpmath,37.6,,"{""url"":""https://science.ecosyste.ms/api/v1/projects/search_seeds?per_page=100&page=215"",""fetched_at"":""2026-09-23T18:38:23Z"",""cache_file"":""d804a3137720ca9796b1c8c6171342a60b9782773be80059c5b200f4f06835f5.json.gz""}"
cran.r-project.org,pkg:cran/ggsignif,https://github.com/const-ae/ggsignif,projects,39229,purl,pkg:cran/ggsignif,63.45,,"{""url"":""https://science.ecosyste.ms/api/v1/projects/search_seeds?per_page=100&page=216"",""fetched_at"":""2026-09-23T18:38:24Z"",""cache_file"":""cdfd201b426755607c4e72fc8f0313ef1ccc8394941d8b5a59686f0b934a7cf2.json.gz""}"
cran.r-project.org,pkg:cran/ggsignif,https://github.com/const-ae/ggsignif,projects,39229,repository_url,https://github.com/const-ae/ggsignif,63.45,,"{""url"":""https://science.ecosyste.ms/api/v1/projects/search_seeds?per_page=100&page=216"",""fetched_at"":""2026-09-23T18:38:24Z"",""cache_file"":""cdfd201b426755607c4e72fc8f0313ef1ccc8394941d8b5a59686f0b934a7cf2.json.gz""}"
cran.r-project.org,pkg:cran/stringi,https://github.com/gagolews/stringi,projects,39729,purl,pkg:cran/stringi,28.29,,"{""url"":""https://science.ecosyste.ms/api/v1/projects/search_seeds?per_page=100&page=219"",""fetched_at"":""2026-09-23T18:38:27Z"",""cache_file"":""82b28439198ee502559263c31fe4f06ca8d314ffaecf1648aaa73b612bfff286.json.gz""}"
cran.r-project.org,pkg:cran/stringi,https://github.com/gagolews/stringi,projects,39729,repository_url,https://github.com/gagolews/stringi,28.29,,"{""url"":""https://science.ecosyste.ms/api/v1/projects/search_seeds?per_page=100&page=219"",""fetched_at"":""2026-09-23T18:38:27Z"",""cache_file"":""82b28439198ee502559263c31fe4f06ca8d314ffaecf1648aaa73b612bfff286.json.gz""}"
pypi.org,pkg:pypi/langchain-core,https://github.com/langchain-ai/langchain,projects,40503,purl,pkg:pypi/langchain-core,24.08,,"{""url"":""https://science.ecosyste.ms/api/v1/projects/search_seeds?per_page=100&page=222"",""fetched_at"":""2026-09-23T18:38:31Z"",""cache_file"":""90c3770c6bc4a6614dc24c9df6d769a22480713bdd036b65f35bc33391f38f5b.json.gz""}"
pypi.org,pkg:pypi/langchain-core,https://github.com/langchain-ai/langchain,projects,40503,repository_url,https://github.com/langchain-ai/langchain,24.08,,"{""url"":""https://science.ecosyste.ms/api/v1/projects/search_seeds?per_page=100&page=222"",""fetched_at"":""2026-09-23T18:38:31Z"",""cache_file"":""90c3770c6bc4a6614dc24c9df6d769a22480713bdd036b65f35bc33391f38f5b.json.gz""}"
pypi.org,pkg:pypi/langchain-core,https://github.com/langchain-ai/langchain,projects,40503,repository_alias,https://github.com/langchain-ai/langchain,24.08,,"{""url"":""https://science.ecosyste.ms/api/v1/projects/search_seeds?per_page=100&page=222"",""fetched_at"":""2026-09-23T18:38:31Z"",""cache_file"":""90c3770c6bc4a6614dc24c9df6d769a22480713bdd036b65f35bc33391f38f5b.json.gz""}"
pypi.org,pkg:pypi/xgboost,https://github.com/dmlc/xgboost,projects,41100,purl,pkg:pypi/xgboost,23.2,,"{""url"":""https://science.ecosyste.ms/api/v1/projects/search_seeds?per_page=100&page=224"",""fetched_at"":""2026-09-23T18:38:34Z"",""cache_file"":""a8a98d6015b1904aa2f26a40ece19cfa0cf811301bc8112ffe69580e8ebe16ec.json.gz""}"
pypi.org,pkg:pypi/xgboost,https://github.com/dmlc/xgboost,projects,41100,repository_url,https://github.com/dmlc/xgboost,23.2,,"{""url"":""https://science.ecosyste.ms/api/v1/projects/search_seeds?per_page=100&page=224"",""fetched_at"":""2026-09-23T18:38:34Z"",""cache_file"":""a8a98d6015b1904aa2f26a40ece19cfa0cf811301bc8112ffe69580e8ebe16ec.json.gz""}"
cran.r-project.org,pkg:cran/igraph,https://github.com/igraph/rigraph,projects,41180,purl,pkg:cran/igraph,65.38,,"{""url"":""https://science.ecosyste.ms/api/v1/projects/search_seeds?per_page=100&page=225"",""fetched_at"":""2026-09-23T18:38:35Z"",""cache_file"":""e1260a865edb169a0f4d90e2a8a862f25ef106012e1155360cb67db2df37b3c5.json.gz""}"
cran.r-project.org,pkg:cran/igraph,https://github.com/igraph/rigraph,projects,41180,repository_url,https://github.com/igraph/rigraph,65.38,,"{""url"":""https://science.ecosyste.ms/api/v1/projects/search_seeds?per_page=100&page=225"",""fetched_at"":""2026-09-23T18:38:35Z"",""cache_file"":""e1260a865edb169a0f4d90e2a8a862f25ef106012e1155360cb67db2df37b3c5.json.gz""}"
pypi.org,pkg:pypi/shapely,https://github.com/shapely/shapely,projects,41847,purl,pkg:pypi/shapely,59.15,,"{""url"":""https://science.ecosyste.ms/api/v1/projects/search_seeds?per_page=100&page=228"",""fetched_at"":""2026-09-23T18:38:42Z"",""cache_file"":""6374f906036f2196ea6807a7ccb5c9453fafc049df16acce4f22861488ddbb42.json.gz""}"
conda-forge.org,pkg:conda/shapely?repository_url=https://conda-forge.org,https://github.com/shapely/shapely,projects,41847,purl,pkg:conda/shapely?repository_url=https://conda-forge.org,59.15,,"{""url"":""https://science.ecosyste.ms/api/v1/projects/search_seeds?per_page=100&page=228"",""fetched_at"":""2026-09-23T18:38:42Z"",""cache_file"":""6374f906036f2196ea6807a7ccb5c9453fafc049df16acce4f22861488ddbb42.json.gz""}"
conda-forge.org,pkg:conda/shapely?repository_url=https://conda-forge.org,https://github.com/shapely/shapely,projects,41847,repository_url,https://github.com/shapely/shapely,59.15,,"{""url"":""https://science.ecosyste.ms/api/v1/projects/search_seeds?per_page=100&page=228"",""fetched_at"":""2026-09-23T18:38:42Z"",""cache_file"":""6374f906036f2196ea6807a7ccb5c9453fafc049df16acce4f22861488ddbb42.json.gz""}"
pypi.org,pkg:pypi/shapely,https://github.com/shapely/shapely,projects,41847,repository_url,https://github.com/shapely/shapely,59.15,,"{""url"":""https://science.ecosyste.ms/api/v1/projects/search_seeds?per_page=100&page=228"",""fetched_at"":""2026-09-23T18:38:42Z"",""cache_file"":""6374f906036f2196ea6807a7ccb5c9453fafc049df16acce4f22861488ddbb42.json.gz""}"
conda-forge.org,pkg:conda/astropy?repository_url=https://conda-forge.org,https://github.com/astropy/astropy,projects,42834,purl,pkg:conda/astropy?repository_url=https://conda-forge.org,43.35,,"{""url"":""https://science.ecosyste.ms/api/v1/projects/search_seeds?per_page=100&page=233"",""fetched_at"":""2026-09-23T18:38:46Z"",""cache_file"":""e97a4fde797176170ea2ecabcc53916f2e93b61a9a24bb8b4b13bf25edbd9cbe.json.gz""}"
conda-forge.org,pkg:conda/astropy?repository_url=https://conda-forge.org,https://github.com/astropy/astropy,projects,42834,repository_url,https://github.com/astropy/astropy,43.35,,"{""url"":""https://science.ecosyste.ms/api/v1/projects/search_seeds?per_page=100&page=233"",""fetched_at"":""2026-09-23T18:38:46Z"",""cache_file"":""e97a4fde797176170ea2ecabcc53916f2e93b61a9a24bb8b4b13bf25edbd9cbe.json.gz""}"
clojars.org,pkg:clojars/re-frame,https://github.com/day8/re-frame,projects,46058,purl,pkg:clojars/re-frame,21.14,,"{""url"":""https://science.ecosyste.ms/api/v1/projects/search_seeds?per_page=100&page=246"",""fetched_at"":""2026-09-23T18:38:57Z"",""cache_file"":""300d2716067a570807dd22ae33840fc2a2a1a8f455ead6ec7dfe412cc9b07601.json.gz""}"
clojars.org,pkg:clojars/re-frame%2Fre-frame,https://github.com/day8/re-frame,projects,46058,purl,pkg:clojars/re-frame%2Fre-frame,21.14,,"{""url"":""https://science.ecosyste.ms/api/v1/projects/search_seeds?per_page=100&page=246"",""fetched_at"":""2026-09-23T18:38:57Z"",""cache_file"":""300d2716067a570807dd22ae33840fc2a2a1a8f455ead6ec7dfe412cc9b07601.json.gz""}"
clojars.org,pkg:clojars/re-frame,https://github.com/day8/re-frame,projects,46058,repository_url,https://github.com/day8/re-frame,21.14,,"{""url"":""https://science.ecosyste.ms/api/v1/projects/search_seeds?per_page=100&page=246"",""fetched_at"":""2026-09-23T18:38:57Z"",""cache_file"":""300d2716067a570807dd22ae33840fc2a2a1a8f455ead6ec7dfe412cc9b07601.json.gz""}"
clojars.org,pkg:clojars/re-frame%2Fre-frame,https://github.com/day8/re-frame,projects,46058,repository_url,https://github.com/day8/re-frame,21.14,,"{""url"":""https://science.ecosyste.ms/api/v1/projects/search_seeds?per_page=100&page=246"",""fetched_at"":""2026-09-23T18:38:57Z"",""cache_file"":""300d2716067a570807dd22ae33840fc2a2a1a8f455ead6ec7dfe412cc9b07601.json.gz""}"
pypi.org,pkg:pypi/pandas,https://github.com/pandas-dev/pandas,projects,53725,purl,pkg:pypi/pandas,40.23,,"{""url"":""https://science.ecosyste.ms/api/v1/projects/search_seeds?per_page=100&page=269"",""fetched_at"":""2026-09-23T18:39:18Z"",""cache_file"":""f56d7e6829edc110fb1c8d31e70f485c76439385d2a359bd2744e5d941904453.json.gz""}"
conda-forge.org,pkg:conda/pandas?repository_url=https://conda-forge.org,https://github.com/pandas-dev/pandas,projects,53725,purl,pkg:conda/pandas?repository_url=https://conda-forge.org,40.23,,"{""url"":""https://science.ecosyste.ms/api/v1/projects/search_seeds?per_page=100&page=269"",""fetched_at"":""2026-09-23T18:39:18Z"",""cache_file"":""f56d7e6829edc110fb1c8d31e70f485c76439385d2a359bd2744e5d941904453.json.gz""}"
conda-forge.org,pkg:conda/pandas?repository_url=https://conda-forge.org,https://github.com/pandas-dev/pandas,projects,53725,repository_url,https://github.com/pandas-dev/pandas,40.23,,"{""url"":""https://science.ecosyste.ms/api/v1/projects/search_seeds?per_page=100&page=269"",""fetched_at"":""2026-09-23T18:39:18Z"",""cache_file"":""f56d7e6829edc110fb1c8d31e70f485c76439385d2a359bd2744e5d941904453.json.gz""}"
pypi.org,pkg:pypi/pandas,https://github.com/pandas-dev/pandas,projects,53725,repository_url,https://github.com/pandas-dev/pandas,40.23,,"{""url"":""https://science.ecosyste.ms/api/v1/projects/search_seeds?per_page=100&page=269"",""fetched_at"":""2026-09-23T18:39:18Z"",""cache_file"":""f56d7e6829edc110fb1c8d31e70f485c76439385d2a359bd2744e5d941904453.json.gz""}"
pypi.org,pkg:pypi/sympy,https://github.com/sympy/sympy,projects,54304,purl,pkg:pypi/sympy,66.58,,"{""url"":""https://science.ecosyste.ms/api/v1/projects/search_seeds?per_page=100&page=271"",""fetched_at"":""2026-09-23T18:39:20Z"",""cache_file"":""35f17124538472ed07763bc55dd220711576b5974510f2559054ba48c889e21c.json.gz""}"
conda-forge.org,pkg:conda/sympy?repository_url=https://conda-forge.org,https://github.com/sympy/sympy,projects,54304,purl,pkg:conda/sympy?repository_url=https://conda-forge.org,66.58,,"{""url"":""https://science.ecosyste.ms/api/v1/projects/search_seeds?per_page=100&page=271"",""fetched_at"":""2026-09-23T18:39:20Z"",""cache_file"":""35f17124538472ed07763bc55dd220711576b5974510f2559054ba48c889e21c.json.gz""}"
conda-forge.org,pkg:conda/sympy?repository_url=https://conda-forge.org,https://github.com/sympy/sympy,projects,54304,repository_url,https://github.com/sympy/sympy,66.58,,"{""url"":""https://science.ecosyste.ms/api/v1/projects/search_seeds?per_page=100&page=271"",""fetched_at"":""2026-09-23T18:39:20Z"",""cache_file"":""35f17124538472ed07763bc55dd220711576b5974510f2559054ba48c889e21c.json.gz""}"
pypi.org,pkg:pypi/sympy,https://github.com/sympy/sympy,projects,54304,repository_url,https://github.com/sympy/sympy,66.58,,"{""url"":""https://science.ecosyste.ms/api/v1/projects/search_seeds?per_page=100&page=271"",""fetched_at"":""2026-09-23T18:39:20Z"",""cache_file"":""35f17124538472ed07763bc55dd220711576b5974510f2559054ba48c889e21c.json.gz""}"
conda-forge.org,pkg:conda/libnetcdf?repository_url=https://conda-forge.org,https://github.com/unidata/netcdf-c,projects,55487,purl,pkg:conda/libnetcdf?repository_url=https://conda-forge.org,40.79,,"{""url"":""https://science.ecosyste.ms/api/v1/projects/search_seeds?per_page=100&page=276"",""fetched_at"":""2026-09-23T18:39:24Z"",""cache_file"":""2e8a34e499119b48abbcbddc8b0d5587377695829c6b394782a5418b228a3cf3.json.gz""}"
conda-forge.org,pkg:conda/libnetcdf?repository_url=https://conda-forge.org,https://github.com/unidata/netcdf-c,projects,55487,repository_url,https://github.com/unidata/netcdf-c,40.79,,"{""url"":""https://science.ecosyste.ms/api/v1/projects/search_seeds?per_page=100&page=276"",""fetched_at"":""2026-09-23T18:39:24Z"",""cache_file"":""2e8a34e499119b48abbcbddc8b0d5587377695829c6b394782a5418b228a3cf3.json.gz""}"
conda-forge.org,pkg:conda/xarray?repository_url=https://conda-forge.org,https://github.com/pydata/xarray,projects,55493,purl,pkg:conda/xarray?repository_url=https://conda-forge.org,68.56,,"{""url"":""https://science.ecosyste.ms/api/v1/projects/search_seeds?per_page=100&page=276"",""fetched_at"":""2026-09-23T18:39:24Z"",""cache_file"":""2e8a34e499119b48abbcbddc8b0d5587377695829c6b394782a5418b228a3cf3.json.gz""}"
conda-forge.org,pkg:conda/xarray?repository_url=https://conda-forge.org,https://github.com/pydata/xarray,projects,55493,repository_url,https://github.com/pydata/xarray,68.56,,"{""url"":""https://science.ecosyste.ms/api/v1/projects/search_seeds?per_page=100&page=276"",""fetched_at"":""2026-09-23T18:39:24Z"",""cache_file"":""2e8a34e499119b48abbcbddc8b0d5587377695829c6b394782a5418b228a3cf3.json.gz""}"
cran.r-project.org,pkg:cran/gt,https://github.com/rstudio/gt,projects,55595,purl,pkg:cran/gt,34.58,,"{""url"":""https://science.ecosyste.ms/api/v1/projects/search_seeds?per_page=100&page=277"",""fetched_at"":""2026-09-23T18:39:24Z"",""cache_file"":""db773b17f2b2086e2d21dc8ed92a4c6b75b212e23563214371436ac0f6cbf05a.json.gz""}"
cran.r-project.org,pkg:cran/gt,https://github.com/rstudio/gt,projects,55595,repository_url,https://github.com/rstudio/gt,34.58,,"{""url"":""https://science.ecosyste.ms/api/v1/projects/search_seeds?per_page=100&page=277"",""fetched_at"":""2026-09-23T18:39:24Z"",""cache_file"":""db773b17f2b2086e2d21dc8ed92a4c6b75b212e23563214371436ac0f6cbf05a.json.gz""}"
juliahub.com,pkg:julia/DelayEmbeddings,https://github.com/juliadynamics/delayembeddings.jl,projects,55746,purl,pkg:julia/DelayEmbeddings,44.25,,"{""url"":""https://science.ecosyste.ms/api/v1/projects/search_seeds?per_page=100&page=277"",""fetched_at"":""2026-09-23T18:39:24Z"",""cache_file"":""db773b17f2b2086e2d21dc8ed92a4c6b75b212e23563214371436ac0f6cbf05a.json.gz""}"
juliahub.com,pkg:julia/DelayEmbeddings,https://github.com/juliadynamics/delayembeddings.jl,projects,55746,repository_url,https://github.com/juliadynamics/delayembeddings.jl,44.25,,"{""url"":""https://science.ecosyste.ms/api/v1/projects/search_seeds?per_page=100&page=277"",""fetched_at"":""2026-09-23T18:39:24Z"",""cache_file"":""db773b17f2b2086e2d21dc8ed92a4c6b75b212e23563214371436ac0f6cbf05a.json.gz""}"
juliahub.com,pkg:julia/ParameterizedFunctions,https://github.com/sciml/parameterizedfunctions.jl,projects,56963,purl,pkg:julia/ParameterizedFunctions,35.8,,"{""url"":""https://science.ecosyste.ms/api/v1/projects/search_seeds?per_page=100&page=282"",""fetched_at"":""2026-09-23T18:39:29Z"",""cache_file"":""33b849ab6350c061715df912d4dbbae2a3a843b5c2a10440cf75e603d3661f2c.json.gz""}"
juliahub.com,pkg:julia/ParameterizedFunctions,https://github.com/sciml/parameterizedfunctions.jl,projects,56963,repository_url,https://github.com/sciml/parameterizedfunctions.jl,35.8,,"{""url"":""https://science.ecosyste.ms/api/v1/projects/search_seeds?per_page=100&page=282"",""fetched_at"":""2026-09-23T18:39:29Z"",""cache_file"":""33b849ab6350c061715df912d4dbbae2a3a843b5c2a10440cf75e603d3661f2c.json.gz""}"
pypi.org,pkg:pypi/scikit-image,https://github.com/scikit-image/scikit-image,projects,57220,purl,pkg:pypi/scikit-image,51.7,,"{""url"":""https://science.ecosyste.ms/api/v1/projects/search_seeds?per_page=100&page=283"",""fetched_at"":""2026-09-23T18:39:30Z"",""cache_file"":""f2c754e1a414c82f5485643415f3e9d9c9afed57123824e0cebb5c1cf1e1fa00.json.gz""}"
conda-forge.org,pkg:conda/scikit-image?repository_url=https://conda-forge.org,https://github.com/scikit-image/scikit-image,projects,57220,purl,pkg:conda/scikit-image?repository_url=https://conda-forge.org,51.7,,"{""url"":""https://science.ecosyste.ms/api/v1/projects/search_seeds?per_page=100&page=283"",""fetched_at"":""2026-09-23T18:39:30Z"",""cache_file"":""f2c754e1a414c82f5485643415f3e9d9c9afed57123824e0cebb5c1cf1e1fa00.json.gz""}"
conda-forge.org,pkg:conda/scikit-image?repository_url=https://conda-forge.org,https://github.com/scikit-image/scikit-image,projects,57220,repository_url,https://github.com/scikit-image/scikit-image,51.7,,"{""url"":""https://science.ecosyste.ms/api/v1/projects/search_seeds?per_page=100&page=283"",""fetched_at"":""2026-09-23T18:39:30Z"",""cache_file"":""f2c754e1a414c82f5485643415f3e9d9c9afed57123824e0cebb5c1cf1e1fa00.json.gz""}"
pypi.org,pkg:pypi/scikit-image,https://github.com/scikit-image/scikit-image,projects,57220,repository_url,https://github.com/scikit-image/scikit-image,51.7,,"{""url"":""https://science.ecosyste.ms/api/v1/projects/search_seeds?per_page=100&page=283"",""fetched_at"":""2026-09-23T18:39:30Z"",""cache_file"":""f2c754e1a414c82f5485643415f3e9d9c9afed57123824e0cebb5c1cf1e1fa00.json.gz""}"
conda-forge.org,pkg:conda/rasterio?repository_url=https://conda-forge.org,https://github.com/rasterio/rasterio,projects,57806,purl,pkg:conda/rasterio?repository_url=https://conda-forge.org,37.43,,"{""url"":""https://science.ecosyste.ms/api/v1/projects/search_seeds?per_page=100&page=286"",""fetched_at"":""2026-09-23T18:39:33Z"",""cache_file"":""c055a7386945b1afe519ff6c21836080e90eb1642bcd65b28e726ab820dfab45.json.gz""}"
conda-forge.org,pkg:conda/rasterio?repository_url=https://conda-forge.org,https://github.com/rasterio/rasterio,projects,57806,repository_url,https://github.com/rasterio/rasterio,37.43,,"{""url"":""https://science.ecosyste.ms/api/v1/projects/search_seeds?per_page=100&page=286"",""fetched_at"":""2026-09-23T18:39:33Z"",""cache_file"":""c055a7386945b1afe519ff6c21836080e90eb1642bcd65b28e726ab820dfab45.json.gz""}"
pypi.org,pkg:pypi/typer,https://github.com/fastapi/typer,projects,58394,purl,pkg:pypi/typer,37.05,,"{""url"":""https://science.ecosyste.ms/api/v1/projects/search_seeds?per_page=100&page=288"",""fetched_at"":""2026-09-23T18:39:35Z"",""cache_file"":""19b473e26b3df76b6d45c9ffe29e09cae8129c09ce27220e631d6d2eec2d4110.json.gz""}"
pypi.org,pkg:pypi/typer,https://github.com/fastapi/typer,projects,58394,repository_url,https://github.com/fastapi/typer,37.05,,"{""url"":""https://science.ecosyste.ms/api/v1/projects/search_seeds?per_page=100&page=288"",""fetched_at"":""2026-09-23T18:39:35Z"",""cache_file"":""19b473e26b3df76b6d45c9ffe29e09cae8129c09ce27220e631d6d2eec2d4110.json.gz""}"
pypi.org,pkg:pypi/typer,https://github.com/fastapi/typer,projects,58394,repository_alias,https://github.com/fastapi/typer,37.05,,"{""url"":""https://science.ecosyste.ms/api/v1/projects/search_seeds?per_page=100&page=288"",""fetched_at"":""2026-09-23T18:39:35Z"",""cache_file"":""19b473e26b3df76b6d45c9ffe29e09cae8129c09ce27220e631d6d2eec2d4110.json.gz""}"
pypi.org,pkg:pypi/torch,https://github.com/pytorch/pytorch,projects,59582,purl,pkg:pypi/torch,29.22,,"{""url"":""https://science.ecosyste.ms/api/v1/projects/search_seeds?per_page=100&page=294"",""fetched_at"":""2026-09-23T18:39:40Z"",""cache_file"":""cd320b983013fcd756c4df6a695e2510e7824875c1b51953e74a6ea745367bfd.json.gz""}"
conda-forge.org,pkg:conda/pytorch?repository_url=https://conda-forge.org,https://github.com/pytorch/pytorch,projects,59582,purl,pkg:conda/pytorch?repository_url=https://conda-forge.org,29.22,,"{""url"":""https://science.ecosyste.ms/api/v1/projects/search_seeds?per_page=100&page=294"",""fetched_at"":""2026-09-23T18:39:40Z"",""cache_file"":""cd320b983013fcd756c4df6a695e2510e7824875c1b51953e74a6ea745367bfd.json.gz""}"
conda-forge.org,pkg:conda/pytorch?repository_url=https://conda-forge.org,https://github.com/pytorch/pytorch,projects,59582,repository_url,https://github.com/pytorch/pytorch,29.22,,"{""url"":""https://science.ecosyste.ms/api/v1/projects/search_seeds?per_page=100&page=294"",""fetched_at"":""2026-09-23T18:39:40Z"",""cache_file"":""cd320b983013fcd756c4df6a695e2510e7824875c1b51953e74a6ea745367bfd.json.gz""}"
pypi.org,pkg:pypi/torch,https://github.com/pytorch/pytorch,projects,59582,repository_url,https://github.com/pytorch/pytorch,29.22,,"{""url"":""https://science.ecosyste.ms/api/v1/projects/search_seeds?per_page=100&page=294"",""fetched_at"":""2026-09-23T18:39:40Z"",""cache_file"":""cd320b983013fcd756c4df6a695e2510e7824875c1b51953e74a6ea745367bfd.json.gz""}"
pypi.org,pkg:pypi/transformers,https://github.com/huggingface/transformers,projects,59823,purl,pkg:pypi/transformers,28.2,,"{""url"":""https://science.ecosyste.ms/api/v1/projects/search_seeds?per_page=100&page=295"",""fetched_at"":""2026-09-23T18:39:41Z"",""cache_file"":""7ddfb646db46a6cac9d3a2819669b7f6f357fe0f34c291e4879361e8e595d8bf.json.gz""}"
pypi.org,pkg:pypi/transformers,https://github.com/huggingface/transformers,projects,59823,repository_url,https://github.com/huggingface/transformers,28.2,,"{""url"":""https://science.ecosyste.ms/api/v1/projects/search_seeds?per_page=100&page=295"",""fetched_at"":""2026-09-23T18:39:41Z"",""cache_file"":""7ddfb646db46a6cac9d3a2819669b7f6f357fe0f34c291e4879361e8e595d8bf.json.gz""}"
pypi.org,pkg:pypi/scikit-learn,https://github.com/scikit-learn/scikit-learn,projects,60882,purl,pkg:pypi/scikit-learn,51.35,,"{""url"":""https://science.ecosyste.ms/api/v1/projects/search_seeds?per_page=100&page=300"",""fetched_at"":""2026-09-23T18:39:45Z"",""cache_file"":""776c0ab96ea59204985c342af0112c70a2c244f0521b340ed4f371162124e1fd.json.gz""}"
conda-forge.org,pkg:conda/scikit-learn?repository_url=https://conda-forge.org,https://github.com/scikit-learn/scikit-learn,projects,60882,purl,pkg:conda/scikit-learn?repository_url=https://conda-forge.org,51.35,,"{""url"":""https://science.ecosyste.ms/api/v1/projects/search_seeds?per_page=100&page=300"",""fetched_at"":""2026-09-23T18:39:45Z"",""cache_file"":""776c0ab96ea59204985c342af0112c70a2c244f0521b340ed4f371162124e1fd.json.gz""}"
conda-forge.org,pkg:conda/scikit-learn?repository_url=https://conda-forge.org,https://github.com/scikit-learn/scikit-learn,projects,60882,repository_url,https://github.com/scikit-learn/scikit-learn,51.35,,"{""url"":""https://science.ecosyste.ms/api/v1/projects/search_seeds?per_page=100&page=300"",""fetched_at"":""2026-09-23T18:39:45Z"",""cache_file"":""776c0ab96ea59204985c342af0112c70a2c244f0521b340ed4f371162124e1fd.json.gz""}"
pypi.org,pkg:pypi/scikit-learn,https://github.com/scikit-learn/scikit-learn,projects,60882,repository_url,https://github.com/scikit-learn/scikit-learn,51.35,,"{""url"":""https://science.ecosyste.ms/api/v1/projects/search_seeds?per_page=100&page=300"",""fetched_at"":""2026-09-23T18:39:45Z"",""cache_file"":""776c0ab96ea59204985c342af0112c70a2c244f0521b340ed4f371162124e1fd.json.gz""}"
cran.r-project.org,pkg:cran/broom,https://github.com/tidymodels/broom,projects,61993,purl,pkg:cran/broom,42.75,,"{""url"":""https://science.ecosyste.ms/api/v1/projects/search_seeds?per_page=100&page=307"",""fetched_at"":""2026-09-23T18:39:53Z"",""cache_file"":""ec26b8ed1db48d9bdf88c739e568a13905652fd2f125c638e64511173ec0662f.json.gz""}"
cran.r-project.org,pkg:cran/broom,https://github.com/tidymodels/broom,projects,61993,repository_url,https://github.com/tidymodels/broom,42.75,,"{""url"":""https://science.ecosyste.ms/api/v1/projects/search_seeds?per_page=100&page=307"",""fetched_at"":""2026-09-23T18:39:53Z"",""cache_file"":""ec26b8ed1db48d9bdf88c739e568a13905652fd2f125c638e64511173ec0662f.json.gz""}"
cran.r-project.org,pkg:cran/classInt,https://github.com/r-spatial/classint,projects,62000,purl,pkg:cran/classInt,35.45,,"{""url"":""https://science.ecosyste.ms/api/v1/projects/search_seeds?per_page=100&page=307"",""fetched_at"":""2026-09-23T18:39:53Z"",""cache_file"":""ec26b8ed1db48d9bdf88c739e568a13905652fd2f125c638e64511173ec0662f.json.gz""}"
cran.r-project.org,pkg:cran/classInt,https://github.com/r-spatial/classint,projects,62000,repository_url,https://github.com/r-spatial/classint,35.45,,"{""url"":""https://science.ecosyste.ms/api/v1/projects/search_seeds?per_page=100&page=307"",""fetched_at"":""2026-09-23T18:39:53Z"",""cache_file"":""ec26b8ed1db48d9bdf88c739e568a13905652fd2f125c638e64511173ec0662f.json.gz""}"
cran.r-project.org,pkg:cran/cli,https://github.com/r-lib/cli,projects,62001,purl,pkg:cran/cli,21.19,,"{""url"":""https://science.ecosyste.ms/api/v1/projects/search_seeds?per_page=100&page=307"",""fetched_at"":""2026-09-23T18:39:53Z"",""cache_file"":""ec26b8ed1db48d9bdf88c739e568a13905652fd2f125c638e64511173ec0662f.json.gz""}"
cran.r-project.org,pkg:cran/cli,https://github.com/r-lib/cli,projects,62001,repository_url,https://github.com/r-lib/cli,21.19,,"{""url"":""https://science.ecosyste.ms/api/v1/projects/search_seeds?per_page=100&page=307"",""fetched_at"":""2026-09-23T18:39:53Z"",""cache_file"":""ec26b8ed1db48d9bdf88c739e568a13905652fd2f125c638e64511173ec0662f.json.gz""}"
cran.r-project.org,pkg:cran/covr,https://github.com/r-lib/covr,projects,62005,purl,pkg:cran/covr,21.36,,"{""url"":""https://science.ecosyste.ms/api/v1/projects/search_seeds?per_page=100&page=307"",""fetched_at"":""2026-09-23T18:39:53Z"",""cache_file"":""ec26b8ed1db48d9bdf88c739e568a13905652fd2f125c638e64511173ec0662f.json.gz""}"
cran.r-project.org,pkg:cran/covr,https://github.com/r-lib/covr,projects,62005,repository_url,https://github.com/r-lib/covr,21.36,,"{""url"":""https://science.ecosyste.ms/api/v1/projects/search_seeds?per_page=100&page=307"",""fetched_at"":""2026-09-23T18:39:53Z"",""cache_file"":""ec26b8ed1db48d9bdf88c739e568a13905652fd2f125c638e64511173ec0662f.json.gz""}"
cran.r-project.org,pkg:cran/DBI,https://github.com/r-dbi/dbi,projects,62010,purl,pkg:cran/DBI,21.51,,"{""url"":""https://science.ecosyste.ms/api/v1/projects/search_seeds?per_page=100&page=307"",""fetched_at"":""2026-09-23T18:39:53Z"",""cache_file"":""ec26b8ed1db48d9bdf88c739e568a13905652fd2f125c638e64511173ec0662f.json.gz""}"
cran.r-project.org,pkg:cran/DBI,https://github.com/r-dbi/dbi,projects,62010,repository_url,https://github.com/r-dbi/dbi,21.51,,"{""url"":""https://science.ecosyste.ms/api/v1/projects/search_seeds?per_page=100&page=307"",""fetched_at"":""2026-09-23T18:39:53Z"",""cache_file"":""ec26b8ed1db48d9bdf88c739e568a13905652fd2f125c638e64511173ec0662f.json.gz""}"
cran.r-project.org,pkg:cran/dbplyr,https://github.com/tidyverse/dbplyr,projects,62015,purl,pkg:cran/dbplyr,21.35,,"{""url"":""https://science.ecosyste.ms/api/v1/projects/search_seeds?per_page=100&page=308"",""fetched_at"":""2026-09-23T18:39:56Z"",""cache_file"":""22781dd770f08be276716c244e758ff9d1169e7d01566009f4bea91001e6e999.json.gz""}"
cran.r-project.org,pkg:cran/dbplyr,https://github.com/tidyverse/dbplyr,projects,62015,repository_url,https://github.com/tidyverse/dbplyr,21.35,,"{""url"":""https://science.ecosyste.ms/api/v1/projects/search_seeds?per_page=100&page=308"",""fetched_at"":""2026-09-23T18:39:56Z"",""cache_file"":""22781dd770f08be276716c244e758ff9d1169e7d01566009f4bea91001e6e999.json.gz""}"
cran.r-project.org,pkg:cran/devtools,https://github.com/r-lib/devtools,projects,62019,purl,pkg:cran/devtools,34.64,,"{""url"":""https://science.ecosyste.ms/api/v1/projects/search_seeds?per_page=100&page=308"",""fetched_at"":""2026-09-23T18:39:56Z"",""cache_file"":""22781dd770f08be276716c244e758ff9d1169e7d01566009f4bea91001e6e999.json.gz""}"
cran.r-project.org,pkg:cran/devtools,https://github.com/r-lib/devtools,projects,62019,repository_url,https://github.com/r-lib/devtools,34.64,,"{""url"":""https://science.ecosyste.ms/api/v1/projects/search_seeds?per_page=100&page=308"",""fetched_at"":""2026-09-23T18:39:56Z"",""cache_file"":""22781dd770f08be276716c244e758ff9d1169e7d01566009f4bea91001e6e999.json.gz""}"
cran.r-project.org,pkg:cran/dplyr,https://github.com/tidyverse/dplyr,projects,62020,purl,pkg:cran/dplyr,34.36,,"{""url"":""https://science.ecosyste.ms/api/v1/projects/search_seeds?per_page=100&page=308"",""fetched_at"":""2026-09-23T18:39:56Z"",""cache_file"":""22781dd770f08be276716c244e758ff9d1169e7d01566009f4bea91001e6e999.json.gz""}"
cran.r-project.org,pkg:cran/dplyr,https://github.com/tidyverse/dplyr,projects,62020,repository_url,https://github.com/tidyverse/dplyr,34.36,,"{""url"":""https://science.ecosyste.ms/api/v1/projects/search_seeds?per_page=100&page=308"",""fetched_at"":""2026-09-23T18:39:56Z"",""cache_file"":""22781dd770f08be276716c244e758ff9d1169e7d01566009f4bea91001e6e999.json.gz""}"
cran.r-project.org,pkg:cran/digest,https://github.com/eddelbuettel/digest,projects,62028,purl,pkg:cran/digest,28.73,,"{""url"":""https://science.ecosyste.ms/api/v1/projects/search_seeds?per_page=100&page=308"",""fetched_at"":""2026-09-23T18:39:56Z"",""cache_file"":""22781dd770f08be276716c244e758ff9d1169e7d01566009f4bea91001e6e999.json.gz""}"
cran.r-project.org,pkg:cran/digest,https://github.com/eddelbuettel/digest,projects,62028,repository_url,https://github.com/eddelbuettel/digest,28.73,,"{""url"":""https://science.ecosyste.ms/api/v1/projects/search_seeds?per_page=100&page=308"",""fetched_at"":""2026-09-23T18:39:56Z"",""cache_file"":""22781dd770f08be276716c244e758ff9d1169e7d01566009f4bea91001e6e999.json.gz""}"
cran.r-project.org,pkg:cran/forcats,https://github.com/tidyverse/forcats,projects,62057,purl,pkg:cran/forcats,34.59,,"{""url"":""https://science.ecosyste.ms/api/v1/projects/search_seeds?per_page=100&page=308"",""fetched_at"":""2026-09-23T18:39:56Z"",""cache_file"":""22781dd770f08be276716c244e758ff9d1169e7d01566009f4bea91001e6e999.json.gz""}"
cran.r-project.org,pkg:cran/forcats,https://github.com/tidyverse/forcats,projects,62057,repository_url,https://github.com/tidyverse/forcats,34.59,,"{""url"":""https://science.ecosyste.ms/api/v1/projects/search_seeds?per_page=100&page=308"",""fetched_at"":""2026-09-23T18:39:56Z"",""cache_file"":""22781dd770f08be276716c244e758ff9d1169e7d01566009f4bea91001e6e999.json.gz""}"
cran.r-project.org,pkg:cran/httr,https://github.com/r-lib/httr,projects,62097,purl,pkg:cran/httr,34.33,,"{""url"":""https://science.ecosyste.ms/api/v1/projects/search_seeds?per_page=100&page=308"",""fetched_at"":""2026-09-23T18:39:56Z"",""cache_file"":""22781dd770f08be276716c244e758ff9d1169e7d01566009f4bea91001e6e999.json.gz""}"
cran.r-project.org,pkg:cran/httr,https://github.com/r-lib/httr,projects,62097,repository_url,https://github.com/r-lib/httr,34.33,,"{""url"":""https://science.ecosyste.ms/api/v1/projects/search_seeds?per_page=100&page=308"",""fetched_at"":""2026-09-23T18:39:56Z"",""cache_file"":""22781dd770f08be276716c244e758ff9d1169e7d01566009f4bea91001e6e999.json.gz""}"
pypi.org,pkg:pypi/arrow,https://github.com/arrow-py/arrow,projects,62118,purl,pkg:pypi/arrow,21.16,,"{""url"":""https://science.ecosyste.ms/api/v1/projects/search_seeds?per_page=100&page=308"",""fetched_at"":""2026-09-23T18:39:56Z"",""cache_file"":""22781dd770f08be276716c244e758ff9d1169e7d01566009f4bea91001e6e999.json.gz""}"
pypi.org,pkg:pypi/arrow,https://github.com/arrow-py/arrow,projects,62118,repository_url,https://github.com/arrow-py/arrow,21.16,,"{""url"":""https://science.ecosyste.ms/api/v1/projects/search_seeds?per_page=100&page=308"",""fetched_at"":""2026-09-23T18:39:56Z"",""cache_file"":""22781dd770f08be276716c244e758ff9d1169e7d01566009f4bea91001e6e999.json.gz""}"
cran.r-project.org,pkg:cran/lubridate,https://github.com/tidyverse/lubridate,projects,62128,purl,pkg:cran/lubridate,21.53,,"{""url"":""https://science.ecosyste.ms/api/v1/projects/search_seeds?per_page=100&page=308"",""fetched_at"":""2026-09-23T18:39:56Z"",""cache_file"":""22781dd770f08be276716c244e758ff9d1169e7d01566009f4bea91001e6e999.json.gz""}"
cran.r-project.org,pkg:cran/lubridate,https://github.com/tidyverse/lubridate,projects,62128,repository_url,https://github.com/tidyverse/lubridate,21.53,,"{""url"":""https://science.ecosyste.ms/api/v1/projects/search_seeds?per_page=100&page=308"",""fetched_at"":""2026-09-23T18:39:56Z"",""cache_file"":""22781dd770f08be276716c244e758ff9d1169e7d01566009f4bea91001e6e999.json.gz""}"
pypi.org,pkg:pypi/azure-storage-blob,https://github.com/azure/azure-sdk-for-python,projects,62146,purl,pkg:pypi/azure-storage-blob,25.09,,"{""url"":""https://science.ecosyste.ms/api/v1/projects/search_seeds?per_page=100&page=308"",""fetched_at"":""2026-09-23T18:39:56Z"",""cache_file"":""22781dd770f08be276716c244e758ff9d1169e7d01566009f4bea91001e6e999.json.gz""}"
pypi.org,pkg:pypi/azure-common,https://github.com/azure/azure-sdk-for-python,projects,62146,purl,pkg:pypi/azure-common,25.09,,"{""url"":""https://science.ecosyste.ms/api/v1/projects/search_seeds?per_page=100&page=308"",""fetched_at"":""2026-09-23T18:39:56Z"",""cache_file"":""22781dd770f08be276716c244e758ff9d1169e7d01566009f4bea91001e6e999.json.gz""}"
pypi.org,pkg:pypi/azure-core,https://github.com/azure/azure-sdk-for-python,projects,62146,purl,pkg:pypi/azure-core,25.09,,"{""url"":""https://science.ecosyste.ms/api/v1/projects/search_seeds?per_page=100&page=308"",""fetched_at"":""2026-09-23T18:39:56Z"",""cache_file"":""22781dd770f08be276716c244e758ff9d1169e7d01566009f4bea91001e6e999.json.gz""}"
pypi.org,pkg:pypi/azure-cosmos,https://github.com/azure/azure-sdk-for-python,projects,62146,purl,pkg:pypi/azure-cosmos,25.09,,"{""url"":""https://science.ecosyste.ms/api/v1/projects/search_seeds?per_page=100&page=308"",""fetched_at"":""2026-09-23T18:39:56Z"",""cache_file"":""22781dd770f08be276716c244e758ff9d1169e7d01566009f4bea91001e6e999.json.gz""}"
pypi.org,pkg:pypi/azure-identity,https://github.com/azure/azure-sdk-for-python,projects,62146,purl,pkg:pypi/azure-identity,25.09,,"{""url"":""https://science.ecosyste.ms/api/v1/projects/search_seeds?per_page=100&page=308"",""fetched_at"":""2026-09-23T18:39:56Z"",""cache_file"":""22781dd770f08be276716c244e758ff9d1169e7d01566009f4bea91001e6e999.json.gz""}"
pypi.org,pkg:pypi/azure-keyvault-secrets,https://github.com/azure/azure-sdk-for-python,projects,62146,purl,pkg:pypi/azure-keyvault-secrets,25.09,,"{""url"":""https://science.ecosyste.ms/api/v1/projects/search_seeds?per_page=100&page=308"",""fetched_at"":""2026-09-23T18:39:56Z"",""cache_file"":""22781dd770f08be276716c244e758ff9d1169e7d01566009f4bea91001e6e999.json.gz""}"
pypi.org,pkg:pypi/azure-mgmt-containerregistry,https://github.com/azure/azure-sdk-for-python,projects,62146,purl,pkg:pypi/azure-mgmt-containerregistry,25.09,,"{""url"":""https://science.ecosyste.ms/api/v1/projects/search_seeds?per_page=100&page=308"",""fetched_at"":""2026-09-23T18:39:56Z"",""cache_file"":""22781dd770f08be276716c244e758ff9d1169e7d01566009f4bea91001e6e999.json.gz""}"
pypi.org,pkg:pypi/azure-mgmt-core,https://github.com/azure/azure-sdk-for-python,projects,62146,purl,pkg:pypi/azure-mgmt-core,25.09,,"{""url"":""https://science.ecosyste.ms/api/v1/projects/search_seeds?per_page=100&page=308"",""fetched_at"":""2026-09-23T18:39:56Z"",""cache_file"":""22781dd770f08be276716c244e758ff9d1169e7d01566009f4bea91001e6e999.json.gz""}"
pypi.org,pkg:pypi/azure-mgmt-cosmosdb,https://github.com/azure/azure-sdk-for-python,projects,62146,purl,pkg:pypi/azure-mgmt-cosmosdb,25.09,,"{""url"":""https://science.ecosyste.ms/api/v1/projects/search_seeds?per_page=100&page=308"",""fetched_at"":""2026-09-23T18:39:56Z"",""cache_file"":""22781dd770f08be276716c244e758ff9d1169e7d01566009f4bea91001e6e999.json.gz""}"
pypi.org,pkg:pypi/azure-mgmt-resource,https://github.com/azure/azure-sdk-for-python,projects,62146,purl,pkg:pypi/azure-mgmt-resource,25.09,,"{""url"":""https://science.ecosyste.ms/api/v1/projects/search_seeds?per_page=100&page=308"",""fetched_at"":""2026-09-23T18:39:56Z"",""cache_file"":""22781dd770f08be276716c244e758ff9d1169e7d01566009f4bea91001e6e999.json.gz""}"
pypi.org,pkg:pypi/azure-mgmt-storage,https://github.com/azure/azure-sdk-for-python,projects,62146,purl,pkg:pypi/azure-mgmt-storage,25.09,,"{""url"":""https://science.ecosyste.ms/api/v1/projects/search_seeds?per_page=100&page=308"",""fetched_at"":""2026-09-23T18:39:56Z"",""cache_file"":""22781dd770f08be276716c244e758ff9d1169e7d01566009f4bea91001e6e999.json.gz""}"
pypi.org,pkg:pypi/azure-storage-file-datalake,https://github.com/azure/azure-sdk-for-python,projects,62146,purl,pkg:pypi/azure-storage-file-datalake,25.09,,"{""url"":""https://science.ecosyste.ms/api/v1/projects/search_seeds?per_page=100&page=308"",""fetched_at"":""2026-09-23T18:39:56Z"",""cache_file"":""22781dd770f08be276716c244e758ff9d1169e7d01566009f4bea91001e6e999.json.gz""}"
pypi.org,pkg:pypi/azure-common,https://github.com/azure/azure-sdk-for-python,projects,62146,repository_url,https://github.com/azure/azure-sdk-for-python,25.09,,"{""url"":""https://science.ecosyste.ms/api/v1/projects/search_seeds?per_page=100&page=308"",""fetched_at"":""2026-09-23T18:39:56Z"",""cache_file"":""22781dd770f08be276716c244e758ff9d1169e7d01566009f4bea91001e6e999.json.gz""}"
pypi.org,pkg:pypi/azure-core,https://github.com/azure/azure-sdk-for-python,projects,62146,repository_url,https://github.com/azure/azure-sdk-for-python,25.09,,"{""url"":""https://science.ecosyste.ms/api/v1/projects/search_seeds?per_page=100&page=308"",""fetched_at"":""2026-09-23T18:39:56Z"",""cache_file"":""22781dd770f08be276716c244e758ff9d1169e7d01566009f4bea91001e6e999.json.gz""}"
pypi.org,pkg:pypi/azure-cosmos,https://github.com/azure/azure-sdk-for-python,projects,62146,repository_url,https://github.com/azure/azure-sdk-for-python,25.09,,"{""url"":""https://science.ecosyste.ms/api/v1/projects/search_seeds?per_page=100&page=308"",""fetched_at"":""2026-09-23T18:39:56Z"",""cache_file"":""22781dd770f08be276716c244e758ff9d1169e7d01566009f4bea91001e6e999.json.gz""}"
pypi.org,pkg:pypi/azure-identity,https://github.com/azure/azure-sdk-for-python,projects,62146,repository_url,https://github.com/azure/azure-sdk-for-python,25.09,,"{""url"":""https://science.ecosyste.ms/api/v1/projects/search_seeds?per_page=100&page=308"",""fetched_at"":""2026-09-23T18:39:56Z"",""cache_file"":""22781dd770f08be276716c244e758ff9d1169e7d01566009f4bea91001e6e999.json.gz""}"
pypi.org,pkg:pypi/azure-keyvault-secrets,https://github.com/azure/azure-sdk-for-python,projects,62146,repository_url,https://github.com/azure/azure-sdk-for-python,25.09,,"{""url"":""https://science.ecosyste.ms/api/v1/projects/search_seeds?per_page=100&page=308"",""fetched_at"":""2026-09-23T18:39:56Z"",""cache_file"":""22781dd770f08be276716c244e758ff9d1169e7d01566009f4bea91001e6e999.json.gz""}"
pypi.org,pkg:pypi/azure-mgmt-containerregistry,https://github.com/azure/azure-sdk-for-python,projects,62146,repository_url,https://github.com/azure/azure-sdk-for-python,25.09,,"{""url"":""https://science.ecosyste.ms/api/v1/projects/search_seeds?per_page=100&page=308"",""fetched_at"":""2026-09-23T18:39:56Z"",""cache_file"":""22781dd770f08be276716c244e758ff9d1169e7d01566009f4bea91001e6e999.json.gz""}"
pypi.org,pkg:pypi/azure-mgmt-core,https://github.com/azure/azure-sdk-for-python,projects,62146,repository_url,https://github.com/azure/azure-sdk-for-python,25.09,,"{""url"":""https://science.ecosyste.ms/api/v1/projects/search_seeds?per_page=100&page=308"",""fetched_at"":""2026-09-23T18:39:56Z"",""cache_file"":""22781dd770f08be276716c244e758ff9d1169e7d01566009f4bea91001e6e999.json.gz""}"
pypi.org,pkg:pypi/azure-mgmt-cosmosdb,https://github.com/azure/azure-sdk-for-python,projects,62146,repository_url,https://github.com/azure/azure-sdk-for-python,25.09,,"{""url"":""https://science.ecosyste.ms/api/v1/projects/search_seeds?per_page=100&page=308"",""fetched_at"":""2026-09-23T18:39:56Z"",""cache_file"":""22781dd770f08be276716c244e758ff9d1169e7d01566009f4bea91001e6e999.json.gz""}"
pypi.org,pkg:pypi/azure-mgmt-resource,https://github.com/azure/azure-sdk-for-python,projects,62146,repository_url,https://github.com/azure/azure-sdk-for-python,25.09,,"{""url"":""https://science.ecosyste.ms/api/v1/projects/search_seeds?per_page=100&page=308"",""fetched_at"":""2026-09-23T18:39:56Z"",""cache_file"":""22781dd770f08be276716c244e758ff9d1169e7d01566009f4bea91001e6e999.json.gz""}"
pypi.org,pkg:pypi/azure-mgmt-storage,https://github.com/azure/azure-sdk-for-python,projects,62146,repository_url,https://github.com/azure/azure-sdk-for-python,25.09,,"{""url"":""https://science.ecosyste.ms/api/v1/projects/search_seeds?per_page=100&page=308"",""fetched_at"":""2026-09-23T18:39:56Z"",""cache_file"":""22781dd770f08be276716c244e758ff9d1169e7d01566009f4bea91001e6e999.json.gz""}"
pypi.org,pkg:pypi/azure-storage-blob,https://github.com/azure/azure-sdk-for-python,projects,62146,repository_url,https://github.com/azure/azure-sdk-for-python,25.09,,"{""url"":""https://science.ecosyste.ms/api/v1/projects/search_seeds?per_page=100&page=308"",""fetched_at"":""2026-09-23T18:39:56Z"",""cache_file"":""22781dd770f08be276716c244e758ff9d1169e7d01566009f4bea91001e6e999.json.gz""}"
pypi.org,pkg:pypi/azure-storage-file-datalake,https://github.com/azure/azure-sdk-for-python,projects,62146,repository_url,https://github.com/azure/azure-sdk-for-python,25.09,,"{""url"":""https://science.ecosyste.ms/api/v1/projects/search_seeds?per_page=100&page=308"",""fetched_at"":""2026-09-23T18:39:56Z"",""cache_file"":""22781dd770f08be276716c244e758ff9d1169e7d01566009f4bea91001e6e999.json.gz""}"
cran.r-project.org,pkg:cran/odbc,https://github.com/r-dbi/odbc,projects,62209,purl,pkg:cran/odbc,21.21,,"{""url"":""https://science.ecosyste.ms/api/v1/projects/search_seeds?per_page=100&page=308"",""fetched_at"":""2026-09-23T18:39:56Z"",""cache_file"":""22781dd770f08be276716c244e758ff9d1169e7d01566009f4bea91001e6e999.json.gz""}"
cran.r-project.org,pkg:cran/odbc,https://github.com/r-dbi/odbc,projects,62209,repository_url,https://github.com/r-dbi/odbc,21.21,,"{""url"":""https://science.ecosyste.ms/api/v1/projects/search_seeds?per_page=100&page=308"",""fetched_at"":""2026-09-23T18:39:56Z"",""cache_file"":""22781dd770f08be276716c244e758ff9d1169e7d01566009f4bea91001e6e999.json.gz""}"
pypi.org,pkg:pypi/boto3,https://github.com/boto/boto3,projects,62217,purl,pkg:pypi/boto3,21.06,,"{""url"":""https://science.ecosyste.ms/api/v1/projects/search_seeds?per_page=100&page=309"",""fetched_at"":""2026-09-23T18:39:57Z"",""cache_file"":""1cd524d9e2dc6bd3e8c7ccbeae070e14fd6fc1412f2bd8d3f9c6dcbff93f94a1.json.gz""}"
conda-forge.org,pkg:conda/boto3?repository_url=https://conda-forge.org,https://github.com/boto/boto3,projects,62217,purl,pkg:conda/boto3?repository_url=https://conda-forge.org,21.06,,"{""url"":""https://science.ecosyste.ms/api/v1/projects/search_seeds?per_page=100&page=309"",""fetched_at"":""2026-09-23T18:39:57Z"",""cache_file"":""1cd524d9e2dc6bd3e8c7ccbeae070e14fd6fc1412f2bd8d3f9c6dcbff93f94a1.json.gz""}"
conda-forge.org,pkg:conda/boto3?repository_url=https://conda-forge.org,https://github.com/boto/boto3,projects,62217,repository_url,https://github.com/boto/boto3,21.06,,"{""url"":""https://science.ecosyste.ms/api/v1/projects/search_seeds?per_page=100&page=309"",""fetched_at"":""2026-09-23T18:39:57Z"",""cache_file"":""1cd524d9e2dc6bd3e8c7ccbeae070e14fd6fc1412f2bd8d3f9c6dcbff93f94a1.json.gz""}"
pypi.org,pkg:pypi/boto3,https://github.com/boto/boto3,projects,62217,repository_url,https://github.com/boto/boto3,21.06,,"{""url"":""https://science.ecosyste.ms/api/v1/projects/search_seeds?per_page=100&page=309"",""fetched_at"":""2026-09-23T18:39:57Z"",""cache_file"":""1cd524d9e2dc6bd3e8c7ccbeae070e14fd6fc1412f2bd8d3f9c6dcbff93f94a1.json.gz""}"
conda-forge.org,pkg:conda/breathe?repository_url=https://conda-forge.org,https://github.com/breathe-doc/breathe,projects,62223,purl,pkg:conda/breathe?repository_url=https://conda-forge.org,21.16,,"{""url"":""https://science.ecosyste.ms/api/v1/projects/search_seeds?per_page=100&page=309"",""fetched_at"":""2026-09-23T18:39:57Z"",""cache_file"":""1cd524d9e2dc6bd3e8c7ccbeae070e14fd6fc1412f2bd8d3f9c6dcbff93f94a1.json.gz""}"
conda-forge.org,pkg:conda/breathe?repository_url=https://conda-forge.org,https://github.com/breathe-doc/breathe,projects,62223,repository_url,https://github.com/breathe-doc/breathe,21.16,,"{""url"":""https://science.ecosyste.ms/api/v1/projects/search_seeds?per_page=100&page=309"",""fetched_at"":""2026-09-23T18:39:57Z"",""cache_file"":""1cd524d9e2dc6bd3e8c7ccbeae070e14fd6fc1412f2bd8d3f9c6dcbff93f94a1.json.gz""}"
cran.r-project.org,pkg:cran/gtable,https://github.com/r-lib/gtable,projects,62346,purl,pkg:cran/gtable,34.45,,"{""url"":""https://science.ecosyste.ms/api/v1/projects/search_seeds?per_page=100&page=309"",""fetched_at"":""2026-09-23T18:39:57Z"",""cache_file"":""1cd524d9e2dc6bd3e8c7ccbeae070e14fd6fc1412f2bd8d3f9c6dcbff93f94a1.json.gz""}"
cran.r-project.org,pkg:cran/gtable,https://github.com/r-lib/gtable,projects,62346,repository_url,https://github.com/r-lib/gtable,34.45,,"{""url"":""https://science.ecosyste.ms/api/v1/projects/search_seeds?per_page=100&page=309"",""fetched_at"":""2026-09-23T18:39:57Z"",""cache_file"":""1cd524d9e2dc6bd3e8c7ccbeae070e14fd6fc1412f2bd8d3f9c6dcbff93f94a1.json.gz""}"
cran.r-project.org,pkg:cran/gtools,https://github.com/r-gregmisc/gtools,projects,62347,purl,pkg:cran/gtools,34.0,,"{""url"":""https://science.ecosyste.ms/api/v1/projects/search_seeds?per_page=100&page=309"",""fetched_at"":""2026-09-23T18:39:57Z"",""cache_file"":""1cd524d9e2dc6bd3e8c7ccbeae070e14fd6fc1412f2bd8d3f9c6dcbff93f94a1.json.gz""}"
cran.r-project.org,pkg:cran/gtools,https://github.com/r-gregmisc/gtools,projects,62347,repository_url,https://github.com/r-gregmisc/gtools,34.0,,"{""url"":""https://science.ecosyste.ms/api/v1/projects/search_seeds?per_page=100&page=309"",""fetched_at"":""2026-09-23T18:39:57Z"",""cache_file"":""1cd524d9e2dc6bd3e8c7ccbeae070e14fd6fc1412f2bd8d3f9c6dcbff93f94a1.json.gz""}"
cran.r-project.org,pkg:cran/modelr,https://github.com/tidyverse/modelr,projects,62350,purl,pkg:cran/modelr,34.26,,"{""url"":""https://science.ecosyste.ms/api/v1/projects/search_seeds?per_page=100&page=309"",""fetched_at"":""2026-09-23T18:39:57Z"",""cache_file"":""1cd524d9e2dc6bd3e8c7ccbeae070e14fd6fc1412f2bd8d3f9c6dcbff93f94a1.json.gz""}"
cran.r-project.org,pkg:cran/modelr,https://github.com/tidyverse/modelr,projects,62350,repository_url,https://github.com/tidyverse/modelr,34.26,,"{""url"":""https://science.ecosyste.ms/api/v1/projects/search_seeds?per_page=100&page=309"",""fetched_at"":""2026-09-23T18:39:57Z"",""cache_file"":""1cd524d9e2dc6bd3e8c7ccbeae070e14fd6fc1412f2bd8d3f9c6dcbff93f94a1.json.gz""}"
cran.r-project.org,pkg:cran/reshape2,https://github.com/hadley/reshape,projects,62448,purl,pkg:cran/reshape2,34.77,,"{""url"":""https://science.ecosyste.ms/api/v1/projects/search_seeds?per_page=100&page=310"",""fetched_at"":""2026-09-23T18:39:58Z"",""cache_file"":""0bf33719bb025d486d6750ef812cde5df99279e608f569c5ee3949fd73944e33.json.gz""}"
cran.r-project.org,pkg:cran/reshape2,https://github.com/hadley/reshape,projects,62448,repository_url,https://github.com/hadley/reshape,34.77,,"{""url"":""https://science.ecosyste.ms/api/v1/projects/search_seeds?per_page=100&page=310"",""fetched_at"":""2026-09-23T18:39:58Z"",""cache_file"":""0bf33719bb025d486d6750ef812cde5df99279e608f569c5ee3949fd73944e33.json.gz""}"
cran.r-project.org,pkg:cran/clock,https://github.com/r-lib/clock,projects,62449,purl,pkg:cran/clock,34.0,,"{""url"":""https://science.ecosyste.ms/api/v1/projects/search_seeds?per_page=100&page=310"",""fetched_at"":""2026-09-23T18:39:58Z"",""cache_file"":""0bf33719bb025d486d6750ef812cde5df99279e608f569c5ee3949fd73944e33.json.gz""}"
cran.r-project.org,pkg:cran/clock,https://github.com/r-lib/clock,projects,62449,repository_url,https://github.com/r-lib/clock,34.0,,"{""url"":""https://science.ecosyste.ms/api/v1/projects/search_seeds?per_page=100&page=310"",""fetched_at"":""2026-09-23T18:39:58Z"",""cache_file"":""0bf33719bb025d486d6750ef812cde5df99279e608f569c5ee3949fd73944e33.json.gz""}"
cran.r-project.org,pkg:cran/hms,https://github.com/tidyverse/hms,projects,62478,purl,pkg:cran/hms,21.45,,"{""url"":""https://science.ecosyste.ms/api/v1/projects/search_seeds?per_page=100&page=310"",""fetched_at"":""2026-09-23T18:39:58Z"",""cache_file"":""0bf33719bb025d486d6750ef812cde5df99279e608f569c5ee3949fd73944e33.json.gz""}"
cran.r-project.org,pkg:cran/hms,https://github.com/tidyverse/hms,projects,62478,repository_url,https://github.com/tidyverse/hms,21.45,,"{""url"":""https://science.ecosyste.ms/api/v1/projects/search_seeds?per_page=100&page=310"",""fetched_at"":""2026-09-23T18:39:58Z"",""cache_file"":""0bf33719bb025d486d6750ef812cde5df99279e608f569c5ee3949fd73944e33.json.gz""}"
cran.r-project.org,pkg:cran/ids,https://github.com/richfitz/ids,projects,62548,purl,pkg:cran/ids,22.0,,"{""url"":""https://science.ecosyste.ms/api/v1/projects/search_seeds?per_page=100&page=310"",""fetched_at"":""2026-09-23T18:39:58Z"",""cache_file"":""0bf33719bb025d486d6750ef812cde5df99279e608f569c5ee3949fd73944e33.json.gz""}"
cran.r-project.org,pkg:cran/ids,https://github.com/richfitz/ids,projects,62548,repository_alias,https://github.com/richfitz/ids,22.0,,"{""url"":""https://science.ecosyste.ms/api/v1/projects/search_seeds?per_page=100&page=310"",""fetched_at"":""2026-09-23T18:39:58Z"",""cache_file"":""0bf33719bb025d486d6750ef812cde5df99279e608f569c5ee3949fd73944e33.json.gz""}"
cran.r-project.org,pkg:cran/munsell,https://github.com/cwickham/munsell,projects,62700,purl,pkg:cran/munsell,35.25,,"{""url"":""https://science.ecosyste.ms/api/v1/projects/search_seeds?per_page=100&page=311"",""fetched_at"":""2026-09-23T18:39:59Z"",""cache_file"":""269e657eb81ffca01eddab68ed428424368b9e18d17c40455fc2729fcb98186f.json.gz""}"
cran.r-project.org,pkg:cran/munsell,https://github.com/cwickham/munsell,projects,62700,repository_url,https://github.com/cwickham/munsell,35.25,,"{""url"":""https://science.ecosyste.ms/api/v1/projects/search_seeds?per_page=100&page=311"",""fetched_at"":""2026-09-23T18:39:59Z"",""cache_file"":""269e657eb81ffca01eddab68ed428424368b9e18d17c40455fc2729fcb98186f.json.gz""}"
cran.r-project.org,pkg:cran/ggplot2,https://github.com/tidyverse/ggplot2,projects,62717,purl,pkg:cran/ggplot2,50.56,,"{""url"":""https://science.ecosyste.ms/api/v1/projects/search_seeds?per_page=100&page=311"",""fetched_at"":""2026-09-23T18:39:59Z"",""cache_file"":""269e657eb81ffca01eddab68ed428424368b9e18d17c40455fc2729fcb98186f.json.gz""}"
conda-forge.org,pkg:conda/r-ggplot2?repository_url=https://conda-forge.org,https://github.com/tidyverse/ggplot2,projects,62717,purl,pkg:conda/r-ggplot2?repository_url=https://conda-forge.org,50.56,,"{""url"":""https://science.ecosyste.ms/api/v1/projects/search_seeds?per_page=100&page=311"",""fetched_at"":""2026-09-23T18:39:59Z"",""cache_file"":""269e657eb81ffca01eddab68ed428424368b9e18d17c40455fc2729fcb98186f.json.gz""}"
conda-forge.org,pkg:conda/r-ggplot2?repository_url=https://conda-forge.org,https://github.com/tidyverse/ggplot2,projects,62717,repository_url,https://github.com/tidyverse/ggplot2,50.56,,"{""url"":""https://science.ecosyste.ms/api/v1/projects/search_seeds?per_page=100&page=311"",""fetched_at"":""2026-09-23T18:39:59Z"",""cache_file"":""269e657eb81ffca01eddab68ed428424368b9e18d17c40455fc2729fcb98186f.json.gz""}"
cran.r-project.org,pkg:cran/ggplot2,https://github.com/tidyverse/ggplot2,projects,62717,repository_url,https://github.com/tidyverse/ggplot2,50.56,,"{""url"":""https://science.ecosyste.ms/api/v1/projects/search_seeds?per_page=100&page=311"",""fetched_at"":""2026-09-23T18:39:59Z"",""cache_file"":""269e657eb81ffca01eddab68ed428424368b9e18d17c40455fc2729fcb98186f.json.gz""}"
cran.r-project.org,pkg:cran/lme4,https://github.com/lme4/lme4,projects,62972,purl,pkg:cran/lme4,42.94,,"{""url"":""https://science.ecosyste.ms/api/v1/projects/search_seeds?per_page=100&page=312"",""fetched_at"":""2026-09-23T18:39:59Z"",""cache_file"":""201deaeff2926ea80580ce2e157e2f946bfd6c1796bbb6d99857ca05448098d6.json.gz""}"
cran.r-project.org,pkg:cran/lme4,https://github.com/lme4/lme4,projects,62972,repository_url,https://github.com/lme4/lme4,42.94,,"{""url"":""https://science.ecosyste.ms/api/v1/projects/search_seeds?per_page=100&page=312"",""fetched_at"":""2026-09-23T18:39:59Z"",""cache_file"":""201deaeff2926ea80580ce2e157e2f946bfd6c1796bbb6d99857ca05448098d6.json.gz""}"
cran.r-project.org,pkg:cran/BiocManager,https://github.com/bioconductor/biocmanager,projects,63003,purl,pkg:cran/BiocManager,35.32,,"{""url"":""https://science.ecosyste.ms/api/v1/projects/search_seeds?per_page=100&page=312"",""fetched_at"":""2026-09-23T18:39:59Z"",""cache_file"":""201deaeff2926ea80580ce2e157e2f946bfd6c1796bbb6d99857ca05448098d6.json.gz""}"
cran.r-project.org,pkg:cran/BiocManager,https://github.com/bioconductor/biocmanager,projects,63003,repository_url,https://github.com/bioconductor/biocmanager,35.32,,"{""url"":""https://science.ecosyste.ms/api/v1/projects/search_seeds?per_page=100&page=312"",""fetched_at"":""2026-09-23T18:39:59Z"",""cache_file"":""201deaeff2926ea80580ce2e157e2f946bfd6c1796bbb6d99857ca05448098d6.json.gz""}"
cran.r-project.org,pkg:cran/bit64,https://github.com/r-lib/bit64,projects,63006,purl,pkg:cran/bit64,21.0,,"{""url"":""https://science.ecosyste.ms/api/v1/projects/search_seeds?per_page=100&page=312"",""fetched_at"":""2026-09-23T18:39:59Z"",""cache_file"":""201deaeff2926ea80580ce2e157e2f946bfd6c1796bbb6d99857ca05448098d6.json.gz""}"
cran.r-project.org,pkg:cran/bit64,https://github.com/r-lib/bit64,projects,63006,repository_url,https://github.com/r-lib/bit64,21.0,,"{""url"":""https://science.ecosyste.ms/api/v1/projects/search_seeds?per_page=100&page=312"",""fetched_at"":""2026-09-23T18:39:59Z"",""cache_file"":""201deaeff2926ea80580ce2e157e2f946bfd6c1796bbb6d99857ca05448098d6.json.gz""}"
cran.r-project.org,pkg:cran/bit64,https://github.com/r-lib/bit64,projects,63006,repository_alias,https://github.com/r-lib/bit64,21.0,,"{""url"":""https://science.ecosyste.ms/api/v1/projects/search_seeds?per_page=100&page=312"",""fetched_at"":""2026-09-23T18:39:59Z"",""cache_file"":""201deaeff2926ea80580ce2e157e2f946bfd6c1796bbb6d99857ca05448098d6.json.gz""}"
cran.r-project.org,pkg:cran/crayon,https://github.com/r-lib/crayon,projects,63127,purl,pkg:cran/crayon,34.53,,"{""url"":""https://science.ecosyste.ms/api/v1/projects/search_seeds?per_page=100&page=312"",""fetched_at"":""2026-09-23T18:39:59Z"",""cache_file"":""201deaeff2926ea80580ce2e157e2f946bfd6c1796bbb6d99857ca05448098d6.json.gz""}"
cran.r-project.org,pkg:cran/crayon,https://github.com/r-lib/crayon,projects,63127,repository_url,https://github.com/r-lib/crayon,34.53,,"{""url"":""https://science.ecosyste.ms/api/v1/projects/search_seeds?per_page=100&page=312"",""fetched_at"":""2026-09-23T18:39:59Z"",""cache_file"":""201deaeff2926ea80580ce2e157e2f946bfd6c1796bbb6d99857ca05448098d6.json.gz""}"
cran.r-project.org,pkg:cran/rex,https://github.com/r-lib/rex,projects,63277,purl,pkg:cran/rex,21.0,,"{""url"":""https://science.ecosyste.ms/api/v1/projects/search_seeds?per_page=100&page=313"",""fetched_at"":""2026-09-23T18:40:00Z"",""cache_file"":""95d0191529679be4f1b8d1608d073bbca0d705b7e582e26836e83ccbad73b8a1.json.gz""}"
cran.r-project.org,pkg:cran/rex,https://github.com/r-lib/rex,projects,63277,repository_url,https://github.com/r-lib/rex,21.0,,"{""url"":""https://science.ecosyste.ms/api/v1/projects/search_seeds?per_page=100&page=313"",""fetched_at"":""2026-09-23T18:40:00Z"",""cache_file"":""95d0191529679be4f1b8d1608d073bbca0d705b7e582e26836e83ccbad73b8a1.json.gz""}"
cran.r-project.org,pkg:cran/farver,https://github.com/thomasp85/farver,projects,63342,purl,pkg:cran/farver,34.0,,"{""url"":""https://science.ecosyste.ms/api/v1/projects/search_seeds?per_page=100&page=313"",""fetched_at"":""2026-09-23T18:40:00Z"",""cache_file"":""95d0191529679be4f1b8d1608d073bbca0d705b7e582e26836e83ccbad73b8a1.json.gz""}"
cran.r-project.org,pkg:cran/farver,https://github.com/thomasp85/farver,projects,63342,repository_url,https://github.com/thomasp85/farver,34.0,,"{""url"":""https://science.ecosyste.ms/api/v1/projects/search_seeds?per_page=100&page=313"",""fetched_at"":""2026-09-23T18:40:00Z"",""cache_file"":""95d0191529679be4f1b8d1608d073bbca0d705b7e582e26836e83ccbad73b8a1.json.gz""}"
cran.r-project.org,pkg:cran/R6,https://github.com/r-lib/r6,projects,63358,purl,pkg:cran/R6,21.75,,"{""url"":""https://science.ecosyste.ms/api/v1/projects/search_seeds?per_page=100&page=313"",""fetched_at"":""2026-09-23T18:40:00Z"",""cache_file"":""95d0191529679be4f1b8d1608d073bbca0d705b7e582e26836e83ccbad73b8a1.json.gz""}"
cran.r-project.org,pkg:cran/R6,https://github.com/r-lib/r6,projects,63358,repository_url,https://github.com/r-lib/r6,21.75,,"{""url"":""https://science.ecosyste.ms/api/v1/projects/search_seeds?per_page=100&page=313"",""fetched_at"":""2026-09-23T18:40:00Z"",""cache_file"":""95d0191529679be4f1b8d1608d073bbca0d705b7e582e26836e83ccbad73b8a1.json.gz""}"
cran.r-project.org,pkg:cran/fastmap,https://github.com/r-lib/fastmap,projects,63359,purl,pkg:cran/fastmap,21.0,,"{""url"":""https://science.ecosyste.ms/api/v1/projects/search_seeds?per_page=100&page=313"",""fetched_at"":""2026-09-23T18:40:00Z"",""cache_file"":""95d0191529679be4f1b8d1608d073bbca0d705b7e582e26836e83ccbad73b8a1.json.gz""}"
cran.r-project.org,pkg:cran/fastmap,https://github.com/r-lib/fastmap,projects,63359,repository_url,https://github.com/r-lib/fastmap,21.0,,"{""url"":""https://science.ecosyste.ms/api/v1/projects/search_seeds?per_page=100&page=313"",""fetched_at"":""2026-09-23T18:40:00Z"",""cache_file"":""95d0191529679be4f1b8d1608d073bbca0d705b7e582e26836e83ccbad73b8a1.json.gz""}"
cran.r-project.org,pkg:cran/rgl,https://github.com/dmurdoch/rgl,projects,63413,purl,pkg:cran/rgl,34.67,,"{""url"":""https://science.ecosyste.ms/api/v1/projects/search_seeds?per_page=100&page=314"",""fetched_at"":""2026-09-23T18:40:01Z"",""cache_file"":""fd691c24dceab51a8e4d632243f74e1f9c7cc96dc6c57164b45bd451bc46d241.json.gz""}"
cran.r-project.org,pkg:cran/rgl,https://github.com/dmurdoch/rgl,projects,63413,repository_url,https://github.com/dmurdoch/rgl,34.67,,"{""url"":""https://science.ecosyste.ms/api/v1/projects/search_seeds?per_page=100&page=314"",""fetched_at"":""2026-09-23T18:40:01Z"",""cache_file"":""fd691c24dceab51a8e4d632243f74e1f9c7cc96dc6c57164b45bd451bc46d241.json.gz""}"
cran.r-project.org,pkg:cran/pkgdown,https://github.com/r-lib/pkgdown,projects,63468,purl,pkg:cran/pkgdown,34.42,,"{""url"":""https://science.ecosyste.ms/api/v1/projects/search_seeds?per_page=100&page=314"",""fetched_at"":""2026-09-23T18:40:01Z"",""cache_file"":""fd691c24dceab51a8e4d632243f74e1f9c7cc96dc6c57164b45bd451bc46d241.json.gz""}"
cran.r-project.org,pkg:cran/pkgdown,https://github.com/r-lib/pkgdown,projects,63468,repository_url,https://github.com/r-lib/pkgdown,34.42,,"{""url"":""https://science.ecosyste.ms/api/v1/projects/search_seeds?per_page=100&page=314"",""fetched_at"":""2026-09-23T18:40:01Z"",""cache_file"":""fd691c24dceab51a8e4d632243f74e1f9c7cc96dc6c57164b45bd451bc46d241.json.gz""}"
cran.r-project.org,pkg:cran/ggmap,https://github.com/dkahle/ggmap,projects,63472,purl,pkg:cran/ggmap,42.31,,"{""url"":""https://science.ecosyste.ms/api/v1/projects/search_seeds?per_page=100&page=314"",""fetched_at"":""2026-09-23T18:40:01Z"",""cache_file"":""fd691c24dceab51a8e4d632243f74e1f9c7cc96dc6c57164b45bd451bc46d241.json.gz""}"
cran.r-project.org,pkg:cran/ggmap,https://github.com/dkahle/ggmap,projects,63472,repository_url,https://github.com/dkahle/ggmap,42.31,,"{""url"":""https://science.ecosyste.ms/api/v1/projects/search_seeds?per_page=100&page=314"",""fetched_at"":""2026-09-23T18:40:01Z"",""cache_file"":""fd691c24dceab51a8e4d632243f74e1f9c7cc96dc6c57164b45bd451bc46d241.json.gz""}"
cran.r-project.org,pkg:cran/tidyr,https://github.com/tidyverse/tidyr,projects,63518,purl,pkg:cran/tidyr,34.27,,"{""url"":""https://science.ecosyste.ms/api/v1/projects/search_seeds?per_page=100&page=314"",""fetched_at"":""2026-09-23T18:40:01Z"",""cache_file"":""fd691c24dceab51a8e4d632243f74e1f9c7cc96dc6c57164b45bd451bc46d241.json.gz""}"
cran.r-project.org,pkg:cran/tidyr,https://github.com/tidyverse/tidyr,projects,63518,repository_url,https://github.com/tidyverse/tidyr,34.27,,"{""url"":""https://science.ecosyste.ms/api/v1/projects/search_seeds?per_page=100&page=314"",""fetched_at"":""2026-09-23T18:40:01Z"",""cache_file"":""fd691c24dceab51a8e4d632243f74e1f9c7cc96dc6c57164b45bd451bc46d241.json.gz""}"
cran.r-project.org,pkg:cran/stringr,https://github.com/tidyverse/stringr,projects,63540,purl,pkg:cran/stringr,34.47,,"{""url"":""https://science.ecosyste.ms/api/v1/projects/search_seeds?per_page=100&page=314"",""fetched_at"":""2026-09-23T18:40:01Z"",""cache_file"":""fd691c24dceab51a8e4d632243f74e1f9c7cc96dc6c57164b45bd451bc46d241.json.gz""}"
cran.r-project.org,pkg:cran/stringr,https://github.com/tidyverse/stringr,projects,63540,repository_url,https://github.com/tidyverse/stringr,34.47,,"{""url"":""https://science.ecosyste.ms/api/v1/projects/search_seeds?per_page=100&page=314"",""fetched_at"":""2026-09-23T18:40:01Z"",""cache_file"":""fd691c24dceab51a8e4d632243f74e1f9c7cc96dc6c57164b45bd451bc46d241.json.gz""}"
cran.r-project.org,pkg:cran/Rcpp,https://github.com/rcppcore/rcpp,projects,63542,purl,pkg:cran/Rcpp,49.6,,"{""url"":""https://science.ecosyste.ms/api/v1/projects/search_seeds?per_page=100&page=314"",""fetched_at"":""2026-09-23T18:40:01Z"",""cache_file"":""fd691c24dceab51a8e4d632243f74e1f9c7cc96dc6c57164b45bd451bc46d241.json.gz""}"
cran.r-project.org,pkg:cran/Rcpp,https://github.com/rcppcore/rcpp,projects,63542,repository_url,https://github.com/rcppcore/rcpp,49.6,,"{""url"":""https://science.ecosyste.ms/api/v1/projects/search_seeds?per_page=100&page=314"",""fetched_at"":""2026-09-23T18:40:01Z"",""cache_file"":""fd691c24dceab51a8e4d632243f74e1f9c7cc96dc6c57164b45bd451bc46d241.json.gz""}"
cran.r-project.org,pkg:cran/sf,https://github.com/r-spatial/sf,projects,63552,purl,pkg:cran/sf,55.99,,"{""url"":""https://science.ecosyste.ms/api/v1/projects/search_seeds?per_page=100&page=314"",""fetched_at"":""2026-09-23T18:40:01Z"",""cache_file"":""fd691c24dceab51a8e4d632243f74e1f9c7cc96dc6c57164b45bd451bc46d241.json.gz""}"
cran.r-project.org,pkg:cran/sf,https://github.com/r-spatial/sf,projects,63552,repository_url,https://github.com/r-spatial/sf,55.99,,"{""url"":""https://science.ecosyste.ms/api/v1/projects/search_seeds?per_page=100&page=314"",""fetched_at"":""2026-09-23T18:40:01Z"",""cache_file"":""fd691c24dceab51a8e4d632243f74e1f9c7cc96dc6c57164b45bd451bc46d241.json.gz""}"
cran.r-project.org,pkg:cran/shiny,https://github.com/rstudio/shiny,projects,63553,purl,pkg:cran/shiny,21.42,,"{""url"":""https://science.ecosyste.ms/api/v1/projects/search_seeds?per_page=100&page=314"",""fetched_at"":""2026-09-23T18:40:01Z"",""cache_file"":""fd691c24dceab51a8e4d632243f74e1f9c7cc96dc6c57164b45bd451bc46d241.json.gz""}"
cran.r-project.org,pkg:cran/shiny,https://github.com/rstudio/shiny,projects,63553,repository_url,https://github.com/rstudio/shiny,21.42,,"{""url"":""https://science.ecosyste.ms/api/v1/projects/search_seeds?per_page=100&page=314"",""fetched_at"":""2026-09-23T18:40:01Z"",""cache_file"":""fd691c24dceab51a8e4d632243f74e1f9c7cc96dc6c57164b45bd451bc46d241.json.gz""}"
cran.r-project.org,pkg:cran/scales,https://github.com/r-lib/scales,projects,63564,purl,pkg:cran/scales,34.5,,"{""url"":""https://science.ecosyste.ms/api/v1/projects/search_seeds?per_page=100&page=314"",""fetched_at"":""2026-09-23T18:40:01Z"",""cache_file"":""fd691c24dceab51a8e4d632243f74e1f9c7cc96dc6c57164b45bd451bc46d241.json.gz""}"
cran.r-project.org,pkg:cran/scales,https://github.com/r-lib/scales,projects,63564,repository_url,https://github.com/r-lib/scales,34.5,,"{""url"":""https://science.ecosyste.ms/api/v1/projects/search_seeds?per_page=100&page=314"",""fetched_at"":""2026-09-23T18:40:01Z"",""cache_file"":""fd691c24dceab51a8e4d632243f74e1f9c7cc96dc6c57164b45bd451bc46d241.json.gz""}"
conda-forge.org,pkg:conda/biopython?repository_url=https://conda-forge.org,https://github.com/biopython/biopython,projects,63581,purl,pkg:conda/biopython?repository_url=https://conda-forge.org,34.74,,"{""url"":""https://science.ecosyste.ms/api/v1/projects/search_seeds?per_page=100&page=314"",""fetched_at"":""2026-09-23T18:40:01Z"",""cache_file"":""fd691c24dceab51a8e4d632243f74e1f9c7cc96dc6c57164b45bd451bc46d241.json.gz""}"
conda-forge.org,pkg:conda/biopython?repository_url=https://conda-forge.org,https://github.com/biopython/biopython,projects,63581,repository_url,https://github.com/biopython/biopython,34.74,,"{""url"":""https://science.ecosyste.ms/api/v1/projects/search_seeds?per_page=100&page=314"",""fetched_at"":""2026-09-23T18:40:01Z"",""cache_file"":""fd691c24dceab51a8e4d632243f74e1f9c7cc96dc6c57164b45bd451bc46d241.json.gz""}"
cran.r-project.org,pkg:cran/readr,https://github.com/tidyverse/readr,projects,63583,purl,pkg:cran/readr,34.7,,"{""url"":""https://science.ecosyste.ms/api/v1/projects/search_seeds?per_page=100&page=314"",""fetched_at"":""2026-09-23T18:40:01Z"",""cache_file"":""fd691c24dceab51a8e4d632243f74e1f9c7cc96dc6c57164b45bd451bc46d241.json.gz""}"
cran.r-project.org,pkg:cran/readr,https://github.com/tidyverse/readr,projects,63583,repository_url,https://github.com/tidyverse/readr,34.7,,"{""url"":""https://science.ecosyste.ms/api/v1/projects/search_seeds?per_page=100&page=314"",""fetched_at"":""2026-09-23T18:40:01Z"",""cache_file"":""fd691c24dceab51a8e4d632243f74e1f9c7cc96dc6c57164b45bd451bc46d241.json.gz""}"
cran.r-project.org,pkg:cran/purrr,https://github.com/tidyverse/purrr,projects,63618,purl,pkg:cran/purrr,21.29,,"{""url"":""https://science.ecosyste.ms/api/v1/projects/search_seeds?per_page=100&page=314"",""fetched_at"":""2026-09-23T18:40:01Z"",""cache_file"":""fd691c24dceab51a8e4d632243f74e1f9c7cc96dc6c57164b45bd451bc46d241.json.gz""}"
cran.r-project.org,pkg:cran/purrr,https://github.com/tidyverse/purrr,projects,63618,repository_url,https://github.com/tidyverse/purrr,21.29,,"{""url"":""https://science.ecosyste.ms/api/v1/projects/search_seeds?per_page=100&page=314"",""fetched_at"":""2026-09-23T18:40:01Z"",""cache_file"":""fd691c24dceab51a8e4d632243f74e1f9c7cc96dc6c57164b45bd451bc46d241.json.gz""}"
cran.r-project.org,pkg:cran/tibble,https://github.com/tidyverse/tibble,projects,63629,purl,pkg:cran/tibble,34.66,,"{""url"":""https://science.ecosyste.ms/api/v1/projects/search_seeds?per_page=100&page=314"",""fetched_at"":""2026-09-23T18:40:01Z"",""cache_file"":""fd691c24dceab51a8e4d632243f74e1f9c7cc96dc6c57164b45bd451bc46d241.json.gz""}"
cran.r-project.org,pkg:cran/tibble,https://github.com/tidyverse/tibble,projects,63629,repository_url,https://github.com/tidyverse/tibble,34.66,,"{""url"":""https://science.ecosyste.ms/api/v1/projects/search_seeds?per_page=100&page=314"",""fetched_at"":""2026-09-23T18:40:01Z"",""cache_file"":""fd691c24dceab51a8e4d632243f74e1f9c7cc96dc6c57164b45bd451bc46d241.json.gz""}"
cran.r-project.org,pkg:cran/here,https://github.com/r-lib/here,projects,63670,purl,pkg:cran/here,21.56,,"{""url"":""https://science.ecosyste.ms/api/v1/projects/search_seeds?per_page=100&page=315"",""fetched_at"":""2026-09-23T18:40:02Z"",""cache_file"":""e65a9b8ad6e81a5ac3feb401ba5685c2e28580204e2e59653e31ef2cf86afbba.json.gz""}"
cran.r-project.org,pkg:cran/here,https://github.com/r-lib/here,projects,63670,repository_url,https://github.com/r-lib/here,21.56,,"{""url"":""https://science.ecosyste.ms/api/v1/projects/search_seeds?per_page=100&page=315"",""fetched_at"":""2026-09-23T18:40:02Z"",""cache_file"":""e65a9b8ad6e81a5ac3feb401ba5685c2e28580204e2e59653e31ef2cf86afbba.json.gz""}"
cran.r-project.org,pkg:cran/nloptr,https://github.com/astamm/nloptr,projects,63680,purl,pkg:cran/nloptr,35.33,,"{""url"":""https://science.ecosyste.ms/api/v1/projects/search_seeds?per_page=100&page=315"",""fetched_at"":""2026-09-23T18:40:02Z"",""cache_file"":""e65a9b8ad6e81a5ac3feb401ba5685c2e28580204e2e59653e31ef2cf86afbba.json.gz""}"
cran.r-project.org,pkg:cran/nloptr,https://github.com/astamm/nloptr,projects,63680,repository_url,https://github.com/astamm/nloptr,35.33,,"{""url"":""https://science.ecosyste.ms/api/v1/projects/search_seeds?per_page=100&page=315"",""fetched_at"":""2026-09-23T18:40:02Z"",""cache_file"":""e65a9b8ad6e81a5ac3feb401ba5685c2e28580204e2e59653e31ef2cf86afbba.json.gz""}"
cran.r-project.org,pkg:cran/highcharter,https://github.com/jbkunst/highcharter,projects,63682,purl,pkg:cran/highcharter,34.78,,"{""url"":""https://science.ecosyste.ms/api/v1/projects/search_seeds?per_page=100&page=315"",""fetched_at"":""2026-09-23T18:40:02Z"",""cache_file"":""e65a9b8ad6e81a5ac3feb401ba5685c2e28580204e2e59653e31ef2cf86afbba.json.gz""}"
cran.r-project.org,pkg:cran/highcharter,https://github.com/jbkunst/highcharter,projects,63682,repository_url,https://github.com/jbkunst/highcharter,34.78,,"{""url"":""https://science.ecosyste.ms/api/v1/projects/search_seeds?per_page=100&page=315"",""fetched_at"":""2026-09-23T18:40:02Z"",""cache_file"":""e65a9b8ad6e81a5ac3feb401ba5685c2e28580204e2e59653e31ef2cf86afbba.json.gz""}"
cran.r-project.org,pkg:cran/htmltools,https://github.com/rstudio/htmltools,projects,63702,purl,pkg:cran/htmltools,21.29,,"{""url"":""https://science.ecosyste.ms/api/v1/projects/search_seeds?per_page=100&page=315"",""fetched_at"":""2026-09-23T18:40:02Z"",""cache_file"":""e65a9b8ad6e81a5ac3feb401ba5685c2e28580204e2e59653e31ef2cf86afbba.json.gz""}"
cran.r-project.org,pkg:cran/htmltools,https://github.com/rstudio/htmltools,projects,63702,repository_url,https://github.com/rstudio/htmltools,21.29,,"{""url"":""https://science.ecosyste.ms/api/v1/projects/search_seeds?per_page=100&page=315"",""fetched_at"":""2026-09-23T18:40:02Z"",""cache_file"":""e65a9b8ad6e81a5ac3feb401ba5685c2e28580204e2e59653e31ef2cf86afbba.json.gz""}"
cran.r-project.org,pkg:cran/httpuv,https://github.com/rstudio/httpuv,projects,63703,purl,pkg:cran/httpuv,34.0,,"{""url"":""https://science.ecosyste.ms/api/v1/projects/search_seeds?per_page=100&page=315"",""fetched_at"":""2026-09-23T18:40:02Z"",""cache_file"":""e65a9b8ad6e81a5ac3feb401ba5685c2e28580204e2e59653e31ef2cf86afbba.json.gz""}"
cran.r-project.org,pkg:cran/httpuv,https://github.com/rstudio/httpuv,projects,63703,repository_url,https://github.com/rstudio/httpuv,34.0,,"{""url"":""https://science.ecosyste.ms/api/v1/projects/search_seeds?per_page=100&page=315"",""fetched_at"":""2026-09-23T18:40:02Z"",""cache_file"":""e65a9b8ad6e81a5ac3feb401ba5685c2e28580204e2e59653e31ef2cf86afbba.json.gz""}"
cran.r-project.org,pkg:cran/TTR,https://github.com/joshuaulrich/ttr,projects,63717,purl,pkg:cran/TTR,20.0,,"{""url"":""https://science.ecosyste.ms/api/v1/projects/search_seeds?per_page=100&page=315"",""fetched_at"":""2026-09-23T18:40:02Z"",""cache_file"":""e65a9b8ad6e81a5ac3feb401ba5685c2e28580204e2e59653e31ef2cf86afbba.json.gz""}"
cran.r-project.org,pkg:cran/TTR,https://github.com/joshuaulrich/ttr,projects,63717,repository_url,https://github.com/joshuaulrich/ttr,20.0,,"{""url"":""https://science.ecosyste.ms/api/v1/projects/search_seeds?per_page=100&page=315"",""fetched_at"":""2026-09-23T18:40:02Z"",""cache_file"":""e65a9b8ad6e81a5ac3feb401ba5685c2e28580204e2e59653e31ef2cf86afbba.json.gz""}"
cran.r-project.org,pkg:cran/RSQLite,https://github.com/r-dbi/rsqlite,projects,63719,purl,pkg:cran/RSQLite,21.18,,"{""url"":""https://science.ecosyste.ms/api/v1/projects/search_seeds?per_page=100&page=315"",""fetched_at"":""2026-09-23T18:40:02Z"",""cache_file"":""e65a9b8ad6e81a5ac3feb401ba5685c2e28580204e2e59653e31ef2cf86afbba.json.gz""}"
cran.r-project.org,pkg:cran/RSQLite,https://github.com/r-dbi/rsqlite,projects,63719,repository_url,https://github.com/r-dbi/rsqlite,21.18,,"{""url"":""https://science.ecosyste.ms/api/v1/projects/search_seeds?per_page=100&page=315"",""fetched_at"":""2026-09-23T18:40:02Z"",""cache_file"":""e65a9b8ad6e81a5ac3feb401ba5685c2e28580204e2e59653e31ef2cf86afbba.json.gz""}"
cran.r-project.org,pkg:cran/rvest,https://github.com/tidyverse/rvest,projects,63725,purl,pkg:cran/rvest,21.27,,"{""url"":""https://science.ecosyste.ms/api/v1/projects/search_seeds?per_page=100&page=315"",""fetched_at"":""2026-09-23T18:40:02Z"",""cache_file"":""e65a9b8ad6e81a5ac3feb401ba5685c2e28580204e2e59653e31ef2cf86afbba.json.gz""}"
cran.r-project.org,pkg:cran/rvest,https://github.com/tidyverse/rvest,projects,63725,repository_url,https://github.com/tidyverse/rvest,21.27,,"{""url"":""https://science.ecosyste.ms/api/v1/projects/search_seeds?per_page=100&page=315"",""fetched_at"":""2026-09-23T18:40:02Z"",""cache_file"":""e65a9b8ad6e81a5ac3feb401ba5685c2e28580204e2e59653e31ef2cf86afbba.json.gz""}"
cran.r-project.org,pkg:cran/rlang,https://github.com/r-lib/rlang,projects,63869,purl,pkg:cran/rlang,21.21,,"{""url"":""https://science.ecosyste.ms/api/v1/projects/search_seeds?per_page=100&page=315"",""fetched_at"":""2026-09-23T18:40:02Z"",""cache_file"":""e65a9b8ad6e81a5ac3feb401ba5685c2e28580204e2e59653e31ef2cf86afbba.json.gz""}"
cran.r-project.org,pkg:cran/rlang,https://github.com/r-lib/rlang,projects,63869,repository_url,https://github.com/r-lib/rlang,21.21,,"{""url"":""https://science.ecosyste.ms/api/v1/projects/search_seeds?per_page=100&page=315"",""fetched_at"":""2026-09-23T18:40:02Z"",""cache_file"":""e65a9b8ad6e81a5ac3feb401ba5685c2e28580204e2e59653e31ef2cf86afbba.json.gz""}"
cran.r-project.org,pkg:cran/rlist,https://github.com/renkun-ken/rlist,projects,63917,purl,pkg:cran/rlist,34.0,,"{""url"":""https://science.ecosyste.ms/api/v1/projects/search_seeds?per_page=100&page=316"",""fetched_at"":""2026-09-23T18:40:03Z"",""cache_file"":""b31d5e9345deb24468ceb357b3d5dd55d8fdbf45c0440d45f21a5ead9db48aa2.json.gz""}"
cran.r-project.org,pkg:cran/rlist,https://github.com/renkun-ken/rlist,projects,63917,repository_url,https://github.com/renkun-ken/rlist,34.0,,"{""url"":""https://science.ecosyste.ms/api/v1/projects/search_seeds?per_page=100&page=316"",""fetched_at"":""2026-09-23T18:40:03Z"",""cache_file"":""b31d5e9345deb24468ceb357b3d5dd55d8fdbf45c0440d45f21a5ead9db48aa2.json.gz""}"
cran.r-project.org,pkg:cran/reticulate,https://github.com/rstudio/reticulate,projects,63927,purl,pkg:cran/reticulate,34.37,,"{""url"":""https://science.ecosyste.ms/api/v1/projects/search_seeds?per_page=100&page=316"",""fetched_at"":""2026-09-23T18:40:03Z"",""cache_file"":""b31d5e9345deb24468ceb357b3d5dd55d8fdbf45c0440d45f21a5ead9db48aa2.json.gz""}"
cran.r-project.org,pkg:cran/reticulate,https://github.com/rstudio/reticulate,projects,63927,repository_url,https://github.com/rstudio/reticulate,34.37,,"{""url"":""https://science.ecosyste.ms/api/v1/projects/search_seeds?per_page=100&page=316"",""fetched_at"":""2026-09-23T18:40:03Z"",""cache_file"":""b31d5e9345deb24468ceb357b3d5dd55d8fdbf45c0440d45f21a5ead9db48aa2.json.gz""}"
cran.r-project.org,pkg:cran/testthat,https://github.com/r-lib/testthat,projects,64010,purl,pkg:cran/testthat,34.48,,"{""url"":""https://science.ecosyste.ms/api/v1/projects/search_seeds?per_page=100&page=316"",""fetched_at"":""2026-09-23T18:40:03Z"",""cache_file"":""b31d5e9345deb24468ceb357b3d5dd55d8fdbf45c0440d45f21a5ead9db48aa2.json.gz""}"
cran.r-project.org,pkg:cran/testthat,https://github.com/r-lib/testthat,projects,64010,repository_url,https://github.com/r-lib/testthat,34.48,,"{""url"":""https://science.ecosyste.ms/api/v1/projects/search_seeds?per_page=100&page=316"",""fetched_at"":""2026-09-23T18:40:03Z"",""cache_file"":""b31d5e9345deb24468ceb357b3d5dd55d8fdbf45c0440d45f21a5ead9db48aa2.json.gz""}"
cran.r-project.org,pkg:cran/magrittr,https://github.com/tidyverse/magrittr,projects,64077,purl,pkg:cran/magrittr,34.61,,"{""url"":""https://science.ecosyste.ms/api/v1/projects/search_seeds?per_page=100&page=316"",""fetched_at"":""2026-09-23T18:40:03Z"",""cache_file"":""b31d5e9345deb24468ceb357b3d5dd55d8fdbf45c0440d45f21a5ead9db48aa2.json.gz""}"
cran.r-project.org,pkg:cran/magrittr,https://github.com/tidyverse/magrittr,projects,64077,repository_url,https://github.com/tidyverse/magrittr,34.61,,"{""url"":""https://science.ecosyste.ms/api/v1/projects/search_seeds?per_page=100&page=316"",""fetched_at"":""2026-09-23T18:40:03Z"",""cache_file"":""b31d5e9345deb24468ceb357b3d5dd55d8fdbf45c0440d45f21a5ead9db48aa2.json.gz""}"
cran.r-project.org,pkg:cran/openxlsx,https://github.com/ycphs/openxlsx,projects,64096,purl,pkg:cran/openxlsx,34.62,,"{""url"":""https://science.ecosyste.ms/api/v1/projects/search_seeds?per_page=100&page=316"",""fetched_at"":""2026-09-23T18:40:03Z"",""cache_file"":""b31d5e9345deb24468ceb357b3d5dd55d8fdbf45c0440d45f21a5ead9db48aa2.json.gz""}"
cran.r-project.org,pkg:cran/openxlsx,https://github.com/ycphs/openxlsx,projects,64096,repository_url,https://github.com/ycphs/openxlsx,34.62,,"{""url"":""https://science.ecosyste.ms/api/v1/projects/search_seeds?per_page=100&page=316"",""fetched_at"":""2026-09-23T18:40:03Z"",""cache_file"":""b31d5e9345deb24468ceb357b3d5dd55d8fdbf45c0440d45f21a5ead9db48aa2.json.gz""}"
pypi.org,pkg:pypi/imageio,https://github.com/imageio/imageio,projects,64107,purl,pkg:pypi/imageio,34.5,,"{""url"":""https://science.ecosyste.ms/api/v1/projects/search_seeds?per_page=100&page=316"",""fetched_at"":""2026-09-23T18:40:03Z"",""cache_file"":""b31d5e9345deb24468ceb357b3d5dd55d8fdbf45c0440d45f21a5ead9db48aa2.json.gz""}"
conda-forge.org,pkg:conda/imageio?repository_url=https://conda-forge.org,https://github.com/imageio/imageio,projects,64107,purl,pkg:conda/imageio?repository_url=https://conda-forge.org,34.5,,"{""url"":""https://science.ecosyste.ms/api/v1/projects/search_seeds?per_page=100&page=316"",""fetched_at"":""2026-09-23T18:40:03Z"",""cache_file"":""b31d5e9345deb24468ceb357b3d5dd55d8fdbf45c0440d45f21a5ead9db48aa2.json.gz""}"
conda-forge.org,pkg:conda/imageio?repository_url=https://conda-forge.org,https://github.com/imageio/imageio,projects,64107,repository_url,https://github.com/imageio/imageio,34.5,,"{""url"":""https://science.ecosyste.ms/api/v1/projects/search_seeds?per_page=100&page=316"",""fetched_at"":""2026-09-23T18:40:03Z"",""cache_file"":""b31d5e9345deb24468ceb357b3d5dd55d8fdbf45c0440d45f21a5ead9db48aa2.json.gz""}"
pypi.org,pkg:pypi/imageio,https://github.com/imageio/imageio,projects,64107,repository_url,https://github.com/imageio/imageio,34.5,,"{""url"":""https://science.ecosyste.ms/api/v1/projects/search_seeds?per_page=100&page=316"",""fetched_at"":""2026-09-23T18:40:03Z"",""cache_file"":""b31d5e9345deb24468ceb357b3d5dd55d8fdbf45c0440d45f21a5ead9db48aa2.json.gz""}"
cran.r-project.org,pkg:cran/matrixStats,https://github.com/henrikbengtsson/matrixstats,projects,64117,purl,pkg:cran/matrixStats,28.0,,"{""url"":""https://science.ecosyste.ms/api/v1/projects/search_seeds?per_page=100&page=316"",""fetched_at"":""2026-09-23T18:40:03Z"",""cache_file"":""b31d5e9345deb24468ceb357b3d5dd55d8fdbf45c0440d45f21a5ead9db48aa2.json.gz""}"
cran.r-project.org,pkg:cran/matrixStats,https://github.com/henrikbengtsson/matrixstats,projects,64117,repository_url,https://github.com/henrikbengtsson/matrixstats,28.0,,"{""url"":""https://science.ecosyste.ms/api/v1/projects/search_seeds?per_page=100&page=316"",""fetched_at"":""2026-09-23T18:40:03Z"",""cache_file"":""b31d5e9345deb24468ceb357b3d5dd55d8fdbf45c0440d45f21a5ead9db48aa2.json.gz""}"
pypi.org,pkg:pypi/pyparsing,https://github.com/pyparsing/pyparsing,projects,64126,purl,pkg:pypi/pyparsing,21.06,,"{""url"":""https://science.ecosyste.ms/api/v1/projects/search_seeds?per_page=100&page=316"",""fetched_at"":""2026-09-23T18:40:03Z"",""cache_file"":""b31d5e9345deb24468ceb357b3d5dd55d8fdbf45c0440d45f21a5ead9db48aa2.json.gz""}"
conda-forge.org,pkg:conda/pyparsing?repository_url=https://conda-forge.org,https://github.com/pyparsing/pyparsing,projects,64126,purl,pkg:conda/pyparsing?repository_url=https://conda-forge.org,21.06,,"{""url"":""https://science.ecosyste.ms/api/v1/projects/search_seeds?per_page=100&page=316"",""fetched_at"":""2026-09-23T18:40:03Z"",""cache_file"":""b31d5e9345deb24468ceb357b3d5dd55d8fdbf45c0440d45f21a5ead9db48aa2.json.gz""}"
conda-forge.org,pkg:conda/pyparsing?repository_url=https://conda-forge.org,https://github.com/pyparsing/pyparsing,projects,64126,repository_url,https://github.com/pyparsing/pyparsing,21.06,,"{""url"":""https://science.ecosyste.ms/api/v1/projects/search_seeds?per_page=100&page=316"",""fetched_at"":""2026-09-23T18:40:03Z"",""cache_file"":""b31d5e9345deb24468ceb357b3d5dd55d8fdbf45c0440d45f21a5ead9db48aa2.json.gz""}"
pypi.org,pkg:pypi/pyparsing,https://github.com/pyparsing/pyparsing,projects,64126,repository_url,https://github.com/pyparsing/pyparsing,21.06,,"{""url"":""https://science.ecosyste.ms/api/v1/projects/search_seeds?per_page=100&page=316"",""fetched_at"":""2026-09-23T18:40:03Z"",""cache_file"":""b31d5e9345deb24468ceb357b3d5dd55d8fdbf45c0440d45f21a5ead9db48aa2.json.gz""}"
cran.r-project.org,pkg:cran/pacman,https://github.com/trinker/pacman,projects,64168,purl,pkg:cran/pacman,47.77,,"{""url"":""https://science.ecosyste.ms/api/v1/projects/search_seeds?per_page=100&page=317"",""fetched_at"":""2026-09-23T18:40:04Z"",""cache_file"":""fc864e421577559ab52e346248369cbf740c1f2d8f90476da2231d9b29945a80.json.gz""}"
cran.r-project.org,pkg:cran/pacman,https://github.com/trinker/pacman,projects,64168,repository_url,https://github.com/trinker/pacman,47.77,,"{""url"":""https://science.ecosyste.ms/api/v1/projects/search_seeds?per_page=100&page=317"",""fetched_at"":""2026-09-23T18:40:04Z"",""cache_file"":""fc864e421577559ab52e346248369cbf740c1f2d8f90476da2231d9b29945a80.json.gz""}"
cran.r-project.org,pkg:cran/paletteer,https://github.com/emilhvitfeldt/paletteer,projects,64199,purl,pkg:cran/paletteer,34.0,,"{""url"":""https://science.ecosyste.ms/api/v1/projects/search_seeds?per_page=100&page=317"",""fetched_at"":""2026-09-23T18:40:04Z"",""cache_file"":""fc864e421577559ab52e346248369cbf740c1f2d8f90476da2231d9b29945a80.json.gz""}"
cran.r-project.org,pkg:cran/paletteer,https://github.com/emilhvitfeldt/paletteer,projects,64199,repository_url,https://github.com/emilhvitfeldt/paletteer,34.0,,"{""url"":""https://science.ecosyste.ms/api/v1/projects/search_seeds?per_page=100&page=317"",""fetched_at"":""2026-09-23T18:40:04Z"",""cache_file"":""fc864e421577559ab52e346248369cbf740c1f2d8f90476da2231d9b29945a80.json.gz""}"
cran.r-project.org,pkg:cran/usethis,https://github.com/r-lib/usethis,projects,64242,purl,pkg:cran/usethis,34.42,,"{""url"":""https://science.ecosyste.ms/api/v1/projects/search_seeds?per_page=100&page=317"",""fetched_at"":""2026-09-23T18:40:04Z"",""cache_file"":""fc864e421577559ab52e346248369cbf740c1f2d8f90476da2231d9b29945a80.json.gz""}"
cran.r-project.org,pkg:cran/usethis,https://github.com/r-lib/usethis,projects,64242,repository_url,https://github.com/r-lib/usethis,34.42,,"{""url"":""https://science.ecosyste.ms/api/v1/projects/search_seeds?per_page=100&page=317"",""fetched_at"":""2026-09-23T18:40:04Z"",""cache_file"":""fc864e421577559ab52e346248369cbf740c1f2d8f90476da2231d9b29945a80.json.gz""}"
pypi.org,pkg:pypi/trio,https://github.com/python-trio/trio,projects,64246,purl,pkg:pypi/trio,21.14,,"{""url"":""https://science.ecosyste.ms/api/v1/projects/search_seeds?per_page=100&page=317"",""fetched_at"":""2026-09-23T18:40:04Z"",""cache_file"":""fc864e421577559ab52e346248369cbf740c1f2d8f90476da2231d9b29945a80.json.gz""}"
pypi.org,pkg:pypi/trio,https://github.com/python-trio/trio,projects,64246,repository_url,https://github.com/python-trio/trio,21.14,,"{""url"":""https://science.ecosyste.ms/api/v1/projects/search_seeds?per_page=100&page=317"",""fetched_at"":""2026-09-23T18:40:04Z"",""cache_file"":""fc864e421577559ab52e346248369cbf740c1f2d8f90476da2231d9b29945a80.json.gz""}"
cran.r-project.org,pkg:cran/patchwork,https://github.com/thomasp85/patchwork,projects,64379,purl,pkg:cran/patchwork,34.24,,"{""url"":""https://science.ecosyste.ms/api/v1/projects/search_seeds?per_page=100&page=317"",""fetched_at"":""2026-09-23T18:40:04Z"",""cache_file"":""fc864e421577559ab52e346248369cbf740c1f2d8f90476da2231d9b29945a80.json.gz""}"
cran.r-project.org,pkg:cran/patchwork,https://github.com/thomasp85/patchwork,projects,64379,repository_url,https://github.com/thomasp85/patchwork,34.24,,"{""url"":""https://science.ecosyste.ms/api/v1/projects/search_seeds?per_page=100&page=317"",""fetched_at"":""2026-09-23T18:40:04Z"",""cache_file"":""fc864e421577559ab52e346248369cbf740c1f2d8f90476da2231d9b29945a80.json.gz""}"
pypi.org,pkg:pypi/distro,https://github.com/python-distro/distro,projects,64412,purl,pkg:pypi/distro,21.31,,"{""url"":""https://science.ecosyste.ms/api/v1/projects/search_seeds?per_page=100&page=317"",""fetched_at"":""2026-09-23T18:40:04Z"",""cache_file"":""fc864e421577559ab52e346248369cbf740c1f2d8f90476da2231d9b29945a80.json.gz""}"
pypi.org,pkg:pypi/distro,https://github.com/python-distro/distro,projects,64412,repository_url,https://github.com/python-distro/distro,21.31,,"{""url"":""https://science.ecosyste.ms/api/v1/projects/search_seeds?per_page=100&page=317"",""fetched_at"":""2026-09-23T18:40:04Z"",""cache_file"":""fc864e421577559ab52e346248369cbf740c1f2d8f90476da2231d9b29945a80.json.gz""}"
pypi.org,pkg:pypi/dill,https://github.com/uqfoundation/dill,projects,64494,purl,pkg:pypi/dill,29.29,,"{""url"":""https://science.ecosyste.ms/api/v1/projects/search_seeds?per_page=100&page=318"",""fetched_at"":""2026-09-23T18:40:05Z"",""cache_file"":""e89dd65f79c993cab43fe6ba31a007f0dbc7e5ed6e16bd46c54be185a274f234.json.gz""}"
conda-forge.org,pkg:conda/dill?repository_url=https://conda-forge.org,https://github.com/uqfoundation/dill,projects,64494,purl,pkg:conda/dill?repository_url=https://conda-forge.org,29.29,,"{""url"":""https://science.ecosyste.ms/api/v1/projects/search_seeds?per_page=100&page=318"",""fetched_at"":""2026-09-23T18:40:05Z"",""cache_file"":""e89dd65f79c993cab43fe6ba31a007f0dbc7e5ed6e16bd46c54be185a274f234.json.gz""}"
conda-forge.org,pkg:conda/dill?repository_url=https://conda-forge.org,https://github.com/uqfoundation/dill,projects,64494,repository_url,https://github.com/uqfoundation/dill,29.29,,"{""url"":""https://science.ecosyste.ms/api/v1/projects/search_seeds?per_page=100&page=318"",""fetched_at"":""2026-09-23T18:40:05Z"",""cache_file"":""e89dd65f79c993cab43fe6ba31a007f0dbc7e5ed6e16bd46c54be185a274f234.json.gz""}"
pypi.org,pkg:pypi/dill,https://github.com/uqfoundation/dill,projects,64494,repository_url,https://github.com/uqfoundation/dill,29.29,,"{""url"":""https://science.ecosyste.ms/api/v1/projects/search_seeds?per_page=100&page=318"",""fetched_at"":""2026-09-23T18:40:05Z"",""cache_file"":""e89dd65f79c993cab43fe6ba31a007f0dbc7e5ed6e16bd46c54be185a274f234.json.gz""}"
cran.r-project.org,pkg:cran/vctrs,https://github.com/r-lib/vctrs,projects,64594,purl,pkg:cran/vctrs,34.25,,"{""url"":""https://science.ecosyste.ms/api/v1/projects/search_seeds?per_page=100&page=318"",""fetched_at"":""2026-09-23T18:40:05Z"",""cache_file"":""e89dd65f79c993cab43fe6ba31a007f0dbc7e5ed6e16bd46c54be185a274f234.json.gz""}"
cran.r-project.org,pkg:cran/vctrs,https://github.com/r-lib/vctrs,projects,64594,repository_url,https://github.com/r-lib/vctrs,34.25,,"{""url"":""https://science.ecosyste.ms/api/v1/projects/search_seeds?per_page=100&page=318"",""fetched_at"":""2026-09-23T18:40:05Z"",""cache_file"":""e89dd65f79c993cab43fe6ba31a007f0dbc7e5ed6e16bd46c54be185a274f234.json.gz""}"
cran.r-project.org,pkg:cran/withr,https://github.com/r-lib/withr,projects,64682,purl,pkg:cran/withr,21.57,,"{""url"":""https://science.ecosyste.ms/api/v1/projects/search_seeds?per_page=100&page=318"",""fetched_at"":""2026-09-23T18:40:05Z"",""cache_file"":""e89dd65f79c993cab43fe6ba31a007f0dbc7e5ed6e16bd46c54be185a274f234.json.gz""}"
cran.r-project.org,pkg:cran/withr,https://github.com/r-lib/withr,projects,64682,repository_url,https://github.com/r-lib/withr,21.57,,"{""url"":""https://science.ecosyste.ms/api/v1/projects/search_seeds?per_page=100&page=318"",""fetched_at"":""2026-09-23T18:40:05Z"",""cache_file"":""e89dd65f79c993cab43fe6ba31a007f0dbc7e5ed6e16bd46c54be185a274f234.json.gz""}"
pypi.org,pkg:pypi/pytest-cov,https://github.com/pytest-dev/pytest-cov,projects,64732,purl,pkg:pypi/pytest-cov,21.14,,"{""url"":""https://science.ecosyste.ms/api/v1/projects/search_seeds?per_page=100&page=318"",""fetched_at"":""2026-09-23T18:40:05Z"",""cache_file"":""e89dd65f79c993cab43fe6ba31a007f0dbc7e5ed6e16bd46c54be185a274f234.json.gz""}"
conda-forge.org,pkg:conda/pytest-cov?repository_url=https://conda-forge.org,https://github.com/pytest-dev/pytest-cov,projects,64732,purl,pkg:conda/pytest-cov?repository_url=https://conda-forge.org,21.14,,"{""url"":""https://science.ecosyste.ms/api/v1/projects/search_seeds?per_page=100&page=318"",""fetched_at"":""2026-09-23T18:40:05Z"",""cache_file"":""e89dd65f79c993cab43fe6ba31a007f0dbc7e5ed6e16bd46c54be185a274f234.json.gz""}"
conda-forge.org,pkg:conda/pytest-cov?repository_url=https://conda-forge.org,https://github.com/pytest-dev/pytest-cov,projects,64732,repository_url,https://github.com/pytest-dev/pytest-cov,21.14,,"{""url"":""https://science.ecosyste.ms/api/v1/projects/search_seeds?per_page=100&page=318"",""fetched_at"":""2026-09-23T18:40:05Z"",""cache_file"":""e89dd65f79c993cab43fe6ba31a007f0dbc7e5ed6e16bd46c54be185a274f234.json.gz""}"
pypi.org,pkg:pypi/pytest-cov,https://github.com/pytest-dev/pytest-cov,projects,64732,repository_url,https://github.com/pytest-dev/pytest-cov,21.14,,"{""url"":""https://science.ecosyste.ms/api/v1/projects/search_seeds?per_page=100&page=318"",""fetched_at"":""2026-09-23T18:40:05Z"",""cache_file"":""e89dd65f79c993cab43fe6ba31a007f0dbc7e5ed6e16bd46c54be185a274f234.json.gz""}"
conda-forge.org,pkg:conda/numexpr?repository_url=https://conda-forge.org,https://github.com/pydata/numexpr,projects,64919,purl,pkg:conda/numexpr?repository_url=https://conda-forge.org,38.53,,"{""url"":""https://science.ecosyste.ms/api/v1/projects/search_seeds?per_page=100&page=319"",""fetched_at"":""2026-09-23T18:40:06Z"",""cache_file"":""8e6c7b643ebd98b09651208dae7386cd4cfbde54eafd78c9980029f42c08731b.json.gz""}"
conda-forge.org,pkg:conda/numexpr?repository_url=https://conda-forge.org,https://github.com/pydata/numexpr,projects,64919,repository_url,https://github.com/pydata/numexpr,38.53,,"{""url"":""https://science.ecosyste.ms/api/v1/projects/search_seeds?per_page=100&page=319"",""fetched_at"":""2026-09-23T18:40:06Z"",""cache_file"":""8e6c7b643ebd98b09651208dae7386cd4cfbde54eafd78c9980029f42c08731b.json.gz""}"
pypi.org,pkg:pypi/html5lib,https://github.com/html5lib/html5lib-python,projects,65002,purl,pkg:pypi/html5lib,21.11,,"{""url"":""https://science.ecosyste.ms/api/v1/projects/search_seeds?per_page=100&page=319"",""fetched_at"":""2026-09-23T18:40:06Z"",""cache_file"":""8e6c7b643ebd98b09651208dae7386cd4cfbde54eafd78c9980029f42c08731b.json.gz""}"
conda-forge.org,pkg:conda/html5lib?repository_url=https://conda-forge.org,https://github.com/html5lib/html5lib-python,projects,65002,purl,pkg:conda/html5lib?repository_url=https://conda-forge.org,21.11,,"{""url"":""https://science.ecosyste.ms/api/v1/projects/search_seeds?per_page=100&page=319"",""fetched_at"":""2026-09-23T18:40:06Z"",""cache_file"":""8e6c7b643ebd98b09651208dae7386cd4cfbde54eafd78c9980029f42c08731b.json.gz""}"
conda-forge.org,pkg:conda/html5lib?repository_url=https://conda-forge.org,https://github.com/html5lib/html5lib-python,projects,65002,repository_url,https://github.com/html5lib/html5lib-python,21.11,,"{""url"":""https://science.ecosyste.ms/api/v1/projects/search_seeds?per_page=100&page=319"",""fetched_at"":""2026-09-23T18:40:06Z"",""cache_file"":""8e6c7b643ebd98b09651208dae7386cd4cfbde54eafd78c9980029f42c08731b.json.gz""}"
pypi.org,pkg:pypi/html5lib,https://github.com/html5lib/html5lib-python,projects,65002,repository_url,https://github.com/html5lib/html5lib-python,21.11,,"{""url"":""https://science.ecosyste.ms/api/v1/projects/search_seeds?per_page=100&page=319"",""fetched_at"":""2026-09-23T18:40:06Z"",""cache_file"":""8e6c7b643ebd98b09651208dae7386cd4cfbde54eafd78c9980029f42c08731b.json.gz""}"
pypi.org,pkg:pypi/gitpython,https://github.com/gitpython-developers/gitpython,projects,65134,purl,pkg:pypi/gitpython,21.13,,"{""url"":""https://science.ecosyste.ms/api/v1/projects/search_seeds?per_page=100&page=320"",""fetched_at"":""2026-09-23T18:40:07Z"",""cache_file"":""e1df4b0dabb627c209b9eab7b331ea227442df7ca8a0543b8534fb4f7d7a62eb.json.gz""}"
conda-forge.org,pkg:conda/gitpython?repository_url=https://conda-forge.org,https://github.com/gitpython-developers/gitpython,projects,65134,purl,pkg:conda/gitpython?repository_url=https://conda-forge.org,21.13,,"{""url"":""https://science.ecosyste.ms/api/v1/projects/search_seeds?per_page=100&page=320"",""fetched_at"":""2026-09-23T18:40:07Z"",""cache_file"":""e1df4b0dabb627c209b9eab7b331ea227442df7ca8a0543b8534fb4f7d7a62eb.json.gz""}"
conda-forge.org,pkg:conda/gitpython?repository_url=https://conda-forge.org,https://github.com/gitpython-developers/gitpython,projects,65134,repository_url,https://github.com/gitpython-developers/gitpython,21.13,,"{""url"":""https://science.ecosyste.ms/api/v1/projects/search_seeds?per_page=100&page=320"",""fetched_at"":""2026-09-23T18:40:07Z"",""cache_file"":""e1df4b0dabb627c209b9eab7b331ea227442df7ca8a0543b8534fb4f7d7a62eb.json.gz""}"
pypi.org,pkg:pypi/gitpython,https://github.com/gitpython-developers/gitpython,projects,65134,repository_url,https://github.com/gitpython-developers/gitpython,21.13,,"{""url"":""https://science.ecosyste.ms/api/v1/projects/search_seeds?per_page=100&page=320"",""fetched_at"":""2026-09-23T18:40:07Z"",""cache_file"":""e1df4b0dabb627c209b9eab7b331ea227442df7ca8a0543b8534fb4f7d7a62eb.json.gz""}"
cran.r-project.org,pkg:cran/roxygen2,https://github.com/r-lib/roxygen2,projects,65146,purl,pkg:cran/roxygen2,34.61,,"{""url"":""https://science.ecosyste.ms/api/v1/projects/search_seeds?per_page=100&page=320"",""fetched_at"":""2026-09-23T18:40:07Z"",""cache_file"":""e1df4b0dabb627c209b9eab7b331ea227442df7ca8a0543b8534fb4f7d7a62eb.json.gz""}"
cran.r-project.org,pkg:cran/roxygen2,https://github.com/r-lib/roxygen2,projects,65146,repository_url,https://github.com/r-lib/roxygen2,34.61,,"{""url"":""https://science.ecosyste.ms/api/v1/projects/search_seeds?per_page=100&page=320"",""fetched_at"":""2026-09-23T18:40:07Z"",""cache_file"":""e1df4b0dabb627c209b9eab7b331ea227442df7ca8a0543b8534fb4f7d7a62eb.json.gz""}"
pypi.org,pkg:pypi/pygments,https://github.com/pygments/pygments,projects,65256,purl,pkg:pypi/pygments,20.19,,"{""url"":""https://science.ecosyste.ms/api/v1/projects/search_seeds?per_page=100&page=320"",""fetched_at"":""2026-09-23T18:40:07Z"",""cache_file"":""e1df4b0dabb627c209b9eab7b331ea227442df7ca8a0543b8534fb4f7d7a62eb.json.gz""}"
pypi.org,pkg:pypi/pygments,https://github.com/pygments/pygments,projects,65256,repository_url,https://github.com/pygments/pygments,20.19,,"{""url"":""https://science.ecosyste.ms/api/v1/projects/search_seeds?per_page=100&page=320"",""fetched_at"":""2026-09-23T18:40:07Z"",""cache_file"":""e1df4b0dabb627c209b9eab7b331ea227442df7ca8a0543b8534fb4f7d7a62eb.json.gz""}"
cran.r-project.org,pkg:cran/remotes,https://github.com/r-lib/remotes,projects,65356,purl,pkg:cran/remotes,34.51,,"{""url"":""https://science.ecosyste.ms/api/v1/projects/search_seeds?per_page=100&page=320"",""fetched_at"":""2026-09-23T18:40:07Z"",""cache_file"":""e1df4b0dabb627c209b9eab7b331ea227442df7ca8a0543b8534fb4f7d7a62eb.json.gz""}"
cran.r-project.org,pkg:cran/remotes,https://github.com/r-lib/remotes,projects,65356,repository_url,https://github.com/r-lib/remotes,34.51,,"{""url"":""https://science.ecosyste.ms/api/v1/projects/search_seeds?per_page=100&page=320"",""fetched_at"":""2026-09-23T18:40:07Z"",""cache_file"":""e1df4b0dabb627c209b9eab7b331ea227442df7ca8a0543b8534fb4f7d7a62eb.json.gz""}"
cran.r-project.org,pkg:cran/rprojroot,https://github.com/r-lib/rprojroot,projects,65396,purl,pkg:cran/rprojroot,35.11,,"{""url"":""https://science.ecosyste.ms/api/v1/projects/search_seeds?per_page=100&page=320"",""fetched_at"":""2026-09-23T18:40:07Z"",""cache_file"":""e1df4b0dabb627c209b9eab7b331ea227442df7ca8a0543b8534fb4f7d7a62eb.json.gz""}"
cran.r-project.org,pkg:cran/rprojroot,https://github.com/r-lib/rprojroot,projects,65396,repository_url,https://github.com/r-lib/rprojroot,35.11,,"{""url"":""https://science.ecosyste.ms/api/v1/projects/search_seeds?per_page=100&page=320"",""fetched_at"":""2026-09-23T18:40:07Z"",""cache_file"":""e1df4b0dabb627c209b9eab7b331ea227442df7ca8a0543b8534fb4f7d7a62eb.json.gz""}"
conda-forge.org,pkg:conda/rtree?repository_url=https://conda-forge.org,https://github.com/toblerity/rtree,projects,65427,purl,pkg:conda/rtree?repository_url=https://conda-forge.org,21.31,,"{""url"":""https://science.ecosyste.ms/api/v1/projects/search_seeds?per_page=100&page=320"",""fetched_at"":""2026-09-23T18:40:07Z"",""cache_file"":""e1df4b0dabb627c209b9eab7b331ea227442df7ca8a0543b8534fb4f7d7a62eb.json.gz""}"
conda-forge.org,pkg:conda/rtree?repository_url=https://conda-forge.org,https://github.com/toblerity/rtree,projects,65427,repository_url,https://github.com/toblerity/rtree,21.31,,"{""url"":""https://science.ecosyste.ms/api/v1/projects/search_seeds?per_page=100&page=320"",""fetched_at"":""2026-09-23T18:40:07Z"",""cache_file"":""e1df4b0dabb627c209b9eab7b331ea227442df7ca8a0543b8534fb4f7d7a62eb.json.gz""}"
cran.r-project.org,pkg:cran/reactR,https://github.com/react-r/reactr,projects,65498,purl,pkg:cran/reactR,28.0,,"{""url"":""https://science.ecosyste.ms/api/v1/projects/search_seeds?per_page=100&page=320"",""fetched_at"":""2026-09-23T18:40:07Z"",""cache_file"":""e1df4b0dabb627c209b9eab7b331ea227442df7ca8a0543b8534fb4f7d7a62eb.json.gz""}"
cran.r-project.org,pkg:cran/reactR,https://github.com/react-r/reactr,projects,65498,repository_url,https://github.com/react-r/reactr,28.0,,"{""url"":""https://science.ecosyste.ms/api/v1/projects/search_seeds?per_page=100&page=320"",""fetched_at"":""2026-09-23T18:40:07Z"",""cache_file"":""e1df4b0dabb627c209b9eab7b331ea227442df7ca8a0543b8534fb4f7d7a62eb.json.gz""}"
cran.r-project.org,pkg:cran/readxl,https://github.com/tidyverse/readxl,projects,65500,purl,pkg:cran/readxl,21.45,,"{""url"":""https://science.ecosyste.ms/api/v1/projects/search_seeds?per_page=100&page=320"",""fetched_at"":""2026-09-23T18:40:07Z"",""cache_file"":""e1df4b0dabb627c209b9eab7b331ea227442df7ca8a0543b8534fb4f7d7a62eb.json.gz""}"
cran.r-project.org,pkg:cran/readxl,https://github.com/tidyverse/readxl,projects,65500,repository_url,https://github.com/tidyverse/readxl,21.45,,"{""url"":""https://science.ecosyste.ms/api/v1/projects/search_seeds?per_page=100&page=320"",""fetched_at"":""2026-09-23T18:40:07Z"",""cache_file"":""e1df4b0dabb627c209b9eab7b331ea227442df7ca8a0543b8534fb4f7d7a62eb.json.gz""}"
pypi.org,pkg:pypi/jsonschema,https://github.com/python-jsonschema/jsonschema,projects,65701,purl,pkg:pypi/jsonschema,29.32,,"{""url"":""https://science.ecosyste.ms/api/v1/projects/search_seeds?per_page=100&page=321"",""fetched_at"":""2026-09-23T18:40:08Z"",""cache_file"":""b69611fb93e0a936305ccce6001f809f2756236ccfbee38b9596ce361b48fcd1.json.gz""}"
conda-forge.org,pkg:conda/jsonschema?repository_url=https://conda-forge.org,https://github.com/python-jsonschema/jsonschema,projects,65701,purl,pkg:conda/jsonschema?repository_url=https://conda-forge.org,29.32,,"{""url"":""https://science.ecosyste.ms/api/v1/projects/search_seeds?per_page=100&page=321"",""fetched_at"":""2026-09-23T18:40:08Z"",""cache_file"":""b69611fb93e0a936305ccce6001f809f2756236ccfbee38b9596ce361b48fcd1.json.gz""}"
conda-forge.org,pkg:conda/jsonschema?repository_url=https://conda-forge.org,https://github.com/python-jsonschema/jsonschema,projects,65701,repository_url,https://github.com/python-jsonschema/jsonschema,29.32,,"{""url"":""https://science.ecosyste.ms/api/v1/projects/search_seeds?per_page=100&page=321"",""fetched_at"":""2026-09-23T18:40:08Z"",""cache_file"":""b69611fb93e0a936305ccce6001f809f2756236ccfbee38b9596ce361b48fcd1.json.gz""}"
pypi.org,pkg:pypi/jsonschema,https://github.com/python-jsonschema/jsonschema,projects,65701,repository_url,https://github.com/python-jsonschema/jsonschema,29.32,,"{""url"":""https://science.ecosyste.ms/api/v1/projects/search_seeds?per_page=100&page=321"",""fetched_at"":""2026-09-23T18:40:08Z"",""cache_file"":""b69611fb93e0a936305ccce6001f809f2756236ccfbee38b9596ce361b48fcd1.json.gz""}"
cran.r-project.org,pkg:cran/rstudioapi,https://github.com/rstudio/rstudioapi,projects,65756,purl,pkg:cran/rstudioapi,21.0,,"{""url"":""https://science.ecosyste.ms/api/v1/projects/search_seeds?per_page=100&page=321"",""fetched_at"":""2026-09-23T18:40:08Z"",""cache_file"":""b69611fb93e0a936305ccce6001f809f2756236ccfbee38b9596ce361b48fcd1.json.gz""}"
cran.r-project.org,pkg:cran/rstudioapi,https://github.com/rstudio/rstudioapi,projects,65756,repository_url,https://github.com/rstudio/rstudioapi,21.0,,"{""url"":""https://science.ecosyste.ms/api/v1/projects/search_seeds?per_page=100&page=321"",""fetched_at"":""2026-09-23T18:40:08Z"",""cache_file"":""b69611fb93e0a936305ccce6001f809f2756236ccfbee38b9596ce361b48fcd1.json.gz""}"
cran.r-project.org,pkg:cran/arrow,https://github.com/apache/arrow,projects,65845,purl,pkg:cran/arrow,28.15,,"{""url"":""https://science.ecosyste.ms/api/v1/projects/search_seeds?per_page=100&page=322"",""fetched_at"":""2026-09-23T18:40:09Z"",""cache_file"":""11c9b91bfb15e09f2074418c68f79f774391776d3b449268cbfaba83cb4f7bb9.json.gz""}"
pypi.org,pkg:pypi/pyarrow,https://github.com/apache/arrow,projects,65845,purl,pkg:pypi/pyarrow,28.15,,"{""url"":""https://science.ecosyste.ms/api/v1/projects/search_seeds?per_page=100&page=322"",""fetched_at"":""2026-09-23T18:40:09Z"",""cache_file"":""11c9b91bfb15e09f2074418c68f79f774391776d3b449268cbfaba83cb4f7bb9.json.gz""}"
conda-forge.org,pkg:conda/pyarrow?repository_url=https://conda-forge.org,https://github.com/apache/arrow,projects,65845,purl,pkg:conda/pyarrow?repository_url=https://conda-forge.org,28.15,,"{""url"":""https://science.ecosyste.ms/api/v1/projects/search_seeds?per_page=100&page=322"",""fetched_at"":""2026-09-23T18:40:09Z"",""cache_file"":""11c9b91bfb15e09f2074418c68f79f774391776d3b449268cbfaba83cb4f7bb9.json.gz""}"
conda-forge.org,pkg:conda/pyarrow?repository_url=https://conda-forge.org,https://github.com/apache/arrow,projects,65845,repository_url,https://github.com/apache/arrow,28.15,,"{""url"":""https://science.ecosyste.ms/api/v1/projects/search_seeds?per_page=100&page=322"",""fetched_at"":""2026-09-23T18:40:09Z"",""cache_file"":""11c9b91bfb15e09f2074418c68f79f774391776d3b449268cbfaba83cb4f7bb9.json.gz""}"
cran.r-project.org,pkg:cran/arrow,https://github.com/apache/arrow,projects,65845,repository_url,https://github.com/apache/arrow,28.15,,"{""url"":""https://science.ecosyste.ms/api/v1/projects/search_seeds?per_page=100&page=322"",""fetched_at"":""2026-09-23T18:40:09Z"",""cache_file"":""11c9b91bfb15e09f2074418c68f79f774391776d3b449268cbfaba83cb4f7bb9.json.gz""}"
pypi.org,pkg:pypi/pyarrow,https://github.com/apache/arrow,projects,65845,repository_url,https://github.com/apache/arrow,28.15,,"{""url"":""https://science.ecosyste.ms/api/v1/projects/search_seeds?per_page=100&page=322"",""fetched_at"":""2026-09-23T18:40:09Z"",""cache_file"":""11c9b91bfb15e09f2074418c68f79f774391776d3b449268cbfaba83cb4f7bb9.json.gz""}"
cran.r-project.org,pkg:cran/pkgconfig,https://github.com/r-lib/pkgconfig,projects,65901,purl,pkg:cran/pkgconfig,34.0,,"{""url"":""https://science.ecosyste.ms/api/v1/projects/search_seeds?per_page=100&page=322"",""fetched_at"":""2026-09-23T18:40:09Z"",""cache_file"":""11c9b91bfb15e09f2074418c68f79f774391776d3b449268cbfaba83cb4f7bb9.json.gz""}"
cran.r-project.org,pkg:cran/pkgconfig,https://github.com/r-lib/pkgconfig,projects,65901,repository_url,https://github.com/r-lib/pkgconfig,34.0,,"{""url"":""https://science.ecosyste.ms/api/v1/projects/search_seeds?per_page=100&page=322"",""fetched_at"":""2026-09-23T18:40:09Z"",""cache_file"":""11c9b91bfb15e09f2074418c68f79f774391776d3b449268cbfaba83cb4f7bb9.json.gz""}"
cran.r-project.org,pkg:cran/BH,https://github.com/eddelbuettel/bh,projects,65941,purl,pkg:cran/BH,21.0,,"{""url"":""https://science.ecosyste.ms/api/v1/projects/search_seeds?per_page=100&page=322"",""fetched_at"":""2026-09-23T18:40:09Z"",""cache_file"":""11c9b91bfb15e09f2074418c68f79f774391776d3b449268cbfaba83cb4f7bb9.json.gz""}"
cran.r-project.org,pkg:cran/BH,https://github.com/eddelbuettel/bh,projects,65941,repository_url,https://github.com/eddelbuettel/bh,21.0,,"{""url"":""https://science.ecosyste.ms/api/v1/projects/search_seeds?per_page=100&page=322"",""fetched_at"":""2026-09-23T18:40:09Z"",""cache_file"":""11c9b91bfb15e09f2074418c68f79f774391776d3b449268cbfaba83cb4f7bb9.json.gz""}"
cran.r-project.org,pkg:cran/bit,https://github.com/r-lib/bit,projects,65981,purl,pkg:cran/bit,21.0,,"{""url"":""https://science.ecosyste.ms/api/v1/projects/search_seeds?per_page=100&page=323"",""fetched_at"":""2026-09-23T18:40:10Z"",""cache_file"":""8d5ee04a2c0a5c22a671b43bac4d092c745f0e90b6df85e3f3059e50b2de1827.json.gz""}"
cran.r-project.org,pkg:cran/bit,https://github.com/r-lib/bit,projects,65981,repository_url,https://github.com/r-lib/bit,21.0,,"{""url"":""https://science.ecosyste.ms/api/v1/projects/search_seeds?per_page=100&page=323"",""fetched_at"":""2026-09-23T18:40:10Z"",""cache_file"":""8d5ee04a2c0a5c22a671b43bac4d092c745f0e90b6df85e3f3059e50b2de1827.json.gz""}"
cran.r-project.org,pkg:cran/blob,https://github.com/tidyverse/blob,projects,65992,purl,pkg:cran/blob,21.0,,"{""url"":""https://science.ecosyste.ms/api/v1/projects/search_seeds?per_page=100&page=323"",""fetched_at"":""2026-09-23T18:40:10Z"",""cache_file"":""8d5ee04a2c0a5c22a671b43bac4d092c745f0e90b6df85e3f3059e50b2de1827.json.gz""}"
cran.r-project.org,pkg:cran/blob,https://github.com/tidyverse/blob,projects,65992,repository_url,https://github.com/tidyverse/blob,21.0,,"{""url"":""https://science.ecosyste.ms/api/v1/projects/search_seeds?per_page=100&page=323"",""fetched_at"":""2026-09-23T18:40:10Z"",""cache_file"":""8d5ee04a2c0a5c22a671b43bac4d092c745f0e90b6df85e3f3059e50b2de1827.json.gz""}"
cran.r-project.org,pkg:cran/later,https://github.com/r-lib/later,projects,65996,purl,pkg:cran/later,21.0,,"{""url"":""https://science.ecosyste.ms/api/v1/projects/search_seeds?per_page=100&page=323"",""fetched_at"":""2026-09-23T18:40:10Z"",""cache_file"":""8d5ee04a2c0a5c22a671b43bac4d092c745f0e90b6df85e3f3059e50b2de1827.json.gz""}"
cran.r-project.org,pkg:cran/later,https://github.com/r-lib/later,projects,65996,repository_url,https://github.com/r-lib/later,21.0,,"{""url"":""https://science.ecosyste.ms/api/v1/projects/search_seeds?per_page=100&page=323"",""fetched_at"":""2026-09-23T18:40:10Z"",""cache_file"":""8d5ee04a2c0a5c22a671b43bac4d092c745f0e90b6df85e3f3059e50b2de1827.json.gz""}"
cran.r-project.org,pkg:cran/lava,https://github.com/kkholst/lava,projects,66025,purl,pkg:cran/lava,56.5,,"{""url"":""https://science.ecosyste.ms/api/v1/projects/search_seeds?per_page=100&page=323"",""fetched_at"":""2026-09-23T18:40:10Z"",""cache_file"":""8d5ee04a2c0a5c22a671b43bac4d092c745f0e90b6df85e3f3059e50b2de1827.json.gz""}"
cran.r-project.org,pkg:cran/lava,https://github.com/kkholst/lava,projects,66025,repository_url,https://github.com/kkholst/lava,56.5,,"{""url"":""https://science.ecosyste.ms/api/v1/projects/search_seeds?per_page=100&page=323"",""fetched_at"":""2026-09-23T18:40:10Z"",""cache_file"":""8d5ee04a2c0a5c22a671b43bac4d092c745f0e90b6df85e3f3059e50b2de1827.json.gz""}"
cran.r-project.org,pkg:cran/caret,https://github.com/topepo/caret,projects,66055,purl,pkg:cran/caret,34.35,,"{""url"":""https://science.ecosyste.ms/api/v1/projects/search_seeds?per_page=100&page=323"",""fetched_at"":""2026-09-23T18:40:10Z"",""cache_file"":""8d5ee04a2c0a5c22a671b43bac4d092c745f0e90b6df85e3f3059e50b2de1827.json.gz""}"
cran.r-project.org,pkg:cran/caret,https://github.com/topepo/caret,projects,66055,repository_url,https://github.com/topepo/caret,34.35,,"{""url"":""https://science.ecosyste.ms/api/v1/projects/search_seeds?per_page=100&page=323"",""fetched_at"":""2026-09-23T18:40:10Z"",""cache_file"":""8d5ee04a2c0a5c22a671b43bac4d092c745f0e90b6df85e3f3059e50b2de1827.json.gz""}"
cran.r-project.org,pkg:cran/cellranger,https://github.com/rsheets/cellranger,projects,66081,purl,pkg:cran/cellranger,35.25,,"{""url"":""https://science.ecosyste.ms/api/v1/projects/search_seeds?per_page=100&page=323"",""fetched_at"":""2026-09-23T18:40:10Z"",""cache_file"":""8d5ee04a2c0a5c22a671b43bac4d092c745f0e90b6df85e3f3059e50b2de1827.json.gz""}"
cran.r-project.org,pkg:cran/cellranger,https://github.com/rsheets/cellranger,projects,66081,repository_url,https://github.com/rsheets/cellranger,35.25,,"{""url"":""https://science.ecosyste.ms/api/v1/projects/search_seeds?per_page=100&page=323"",""fetched_at"":""2026-09-23T18:40:10Z"",""cache_file"":""8d5ee04a2c0a5c22a671b43bac4d092c745f0e90b6df85e3f3059e50b2de1827.json.gz""}"
cran.r-project.org,pkg:cran/lifecycle,https://github.com/r-lib/lifecycle,projects,66167,purl,pkg:cran/lifecycle,34.0,,"{""url"":""https://science.ecosyste.ms/api/v1/projects/search_seeds?per_page=100&page=324"",""fetched_at"":""2026-09-23T18:40:10Z"",""cache_file"":""344e39c05c90efb57a3303eb48232a098d7484b740463b69bf54fb793995b7e3.json.gz""}"
cran.r-project.org,pkg:cran/lifecycle,https://github.com/r-lib/lifecycle,projects,66167,repository_url,https://github.com/r-lib/lifecycle,34.0,,"{""url"":""https://science.ecosyste.ms/api/v1/projects/search_seeds?per_page=100&page=324"",""fetched_at"":""2026-09-23T18:40:10Z"",""cache_file"":""344e39c05c90efb57a3303eb48232a098d7484b740463b69bf54fb793995b7e3.json.gz""}"
cran.r-project.org,pkg:cran/conflicted,https://github.com/r-lib/conflicted,projects,66177,purl,pkg:cran/conflicted,21.56,,"{""url"":""https://science.ecosyste.ms/api/v1/projects/search_seeds?per_page=100&page=324"",""fetched_at"":""2026-09-23T18:40:10Z"",""cache_file"":""344e39c05c90efb57a3303eb48232a098d7484b740463b69bf54fb793995b7e3.json.gz""}"
cran.r-project.org,pkg:cran/conflicted,https://github.com/r-lib/conflicted,projects,66177,repository_url,https://github.com/r-lib/conflicted,21.56,,"{""url"":""https://science.ecosyste.ms/api/v1/projects/search_seeds?per_page=100&page=324"",""fetched_at"":""2026-09-23T18:40:10Z"",""cache_file"":""344e39c05c90efb57a3303eb48232a098d7484b740463b69bf54fb793995b7e3.json.gz""}"
cran.r-project.org,pkg:cran/corrplot,https://github.com/taiyun/corrplot,projects,66187,purl,pkg:cran/corrplot,34.26,,"{""url"":""https://science.ecosyste.ms/api/v1/projects/search_seeds?per_page=100&page=324"",""fetched_at"":""2026-09-23T18:40:10Z"",""cache_file"":""344e39c05c90efb57a3303eb48232a098d7484b740463b69bf54fb793995b7e3.json.gz""}"
cran.r-project.org,pkg:cran/corrplot,https://github.com/taiyun/corrplot,projects,66187,repository_url,https://github.com/taiyun/corrplot,34.26,,"{""url"":""https://science.ecosyste.ms/api/v1/projects/search_seeds?per_page=100&page=324"",""fetched_at"":""2026-09-23T18:40:10Z"",""cache_file"":""344e39c05c90efb57a3303eb48232a098d7484b740463b69bf54fb793995b7e3.json.gz""}"
cran.r-project.org,pkg:cran/plyr,https://github.com/hadley/plyr,projects,66341,purl,pkg:cran/plyr,34.75,,"{""url"":""https://science.ecosyste.ms/api/v1/projects/search_seeds?per_page=100&page=325"",""fetched_at"":""2026-09-23T18:40:11Z"",""cache_file"":""a071137c6a57e8e7659b1c97c86b6e39cfa3d36068b4f9a20553d95aa83caf33.json.gz""}"
cran.r-project.org,pkg:cran/plyr,https://github.com/hadley/plyr,projects,66341,repository_url,https://github.com/hadley/plyr,34.75,,"{""url"":""https://science.ecosyste.ms/api/v1/projects/search_seeds?per_page=100&page=325"",""fetched_at"":""2026-09-23T18:40:11Z"",""cache_file"":""a071137c6a57e8e7659b1c97c86b6e39cfa3d36068b4f9a20553d95aa83caf33.json.gz""}"
cran.r-project.org,pkg:cran/emmeans,https://github.com/rvlenth/emmeans,projects,66459,purl,pkg:cran/emmeans,42.83,,"{""url"":""https://science.ecosyste.ms/api/v1/projects/search_seeds?per_page=100&page=325"",""fetched_at"":""2026-09-23T18:40:11Z"",""cache_file"":""a071137c6a57e8e7659b1c97c86b6e39cfa3d36068b4f9a20553d95aa83caf33.json.gz""}"
cran.r-project.org,pkg:cran/emmeans,https://github.com/rvlenth/emmeans,projects,66459,repository_url,https://github.com/rvlenth/emmeans,42.83,,"{""url"":""https://science.ecosyste.ms/api/v1/projects/search_seeds?per_page=100&page=325"",""fetched_at"":""2026-09-23T18:40:11Z"",""cache_file"":""a071137c6a57e8e7659b1c97c86b6e39cfa3d36068b4f9a20553d95aa83caf33.json.gz""}"
cran.r-project.org,pkg:cran/evaluate,https://github.com/r-lib/evaluate,projects,66546,purl,pkg:cran/evaluate,21.0,,"{""url"":""https://science.ecosyste.ms/api/v1/projects/search_seeds?per_page=100&page=326"",""fetched_at"":""2026-09-23T18:40:12Z"",""cache_file"":""50078b5d17bd0e32b25e3a87c7c301ea2cad5a176f46e0db79e6900d3c22ed27.json.gz""}"
cran.r-project.org,pkg:cran/evaluate,https://github.com/r-lib/evaluate,projects,66546,repository_url,https://github.com/r-lib/evaluate,21.0,,"{""url"":""https://science.ecosyste.ms/api/v1/projects/search_seeds?per_page=100&page=326"",""fetched_at"":""2026-09-23T18:40:12Z"",""cache_file"":""50078b5d17bd0e32b25e3a87c7c301ea2cad5a176f46e0db79e6900d3c22ed27.json.gz""}"
cran.r-project.org,pkg:cran/foreach,https://github.com/revolutionanalytics/foreach,projects,66662,purl,pkg:cran/foreach,38.0,,"{""url"":""https://science.ecosyste.ms/api/v1/projects/search_seeds?per_page=100&page=326"",""fetched_at"":""2026-09-23T18:40:12Z"",""cache_file"":""50078b5d17bd0e32b25e3a87c7c301ea2cad5a176f46e0db79e6900d3c22ed27.json.gz""}"
cran.r-project.org,pkg:cran/foreach,https://github.com/revolutionanalytics/foreach,projects,66662,repository_url,https://github.com/revolutionanalytics/foreach,38.0,,"{""url"":""https://science.ecosyste.ms/api/v1/projects/search_seeds?per_page=100&page=326"",""fetched_at"":""2026-09-23T18:40:12Z"",""cache_file"":""50078b5d17bd0e32b25e3a87c7c301ea2cad5a176f46e0db79e6900d3c22ed27.json.gz""}"
cran.r-project.org,pkg:cran/fs,https://github.com/r-lib/fs,projects,66674,purl,pkg:cran/fs,34.15,,"{""url"":""https://science.ecosyste.ms/api/v1/projects/search_seeds?per_page=100&page=326"",""fetched_at"":""2026-09-23T18:40:12Z"",""cache_file"":""50078b5d17bd0e32b25e3a87c7c301ea2cad5a176f46e0db79e6900d3c22ed27.json.gz""}"
cran.r-project.org,pkg:cran/fs,https://github.com/r-lib/fs,projects,66674,repository_url,https://github.com/r-lib/fs,34.15,,"{""url"":""https://science.ecosyste.ms/api/v1/projects/search_seeds?per_page=100&page=326"",""fetched_at"":""2026-09-23T18:40:12Z"",""cache_file"":""50078b5d17bd0e32b25e3a87c7c301ea2cad5a176f46e0db79e6900d3c22ed27.json.gz""}"
cran.r-project.org,pkg:cran/future,https://github.com/futureverse/future,projects,66695,purl,pkg:cran/future,28.28,,"{""url"":""https://science.ecosyste.ms/api/v1/projects/search_seeds?per_page=100&page=327"",""fetched_at"":""2026-09-23T18:40:13Z"",""cache_file"":""e214c322e67ddc093ce868df63b1963c1d3da67805a2a25da789823cd821506e.json.gz""}"
cran.r-project.org,pkg:cran/future,https://github.com/futureverse/future,projects,66695,repository_url,https://github.com/futureverse/future,28.28,,"{""url"":""https://science.ecosyste.ms/api/v1/projects/search_seeds?per_page=100&page=327"",""fetched_at"":""2026-09-23T18:40:13Z"",""cache_file"":""e214c322e67ddc093ce868df63b1963c1d3da67805a2a25da789823cd821506e.json.gz""}"
cran.r-project.org,pkg:cran/future,https://github.com/futureverse/future,projects,66695,repository_alias,https://github.com/futureverse/future,28.28,,"{""url"":""https://science.ecosyste.ms/api/v1/projects/search_seeds?per_page=100&page=327"",""fetched_at"":""2026-09-23T18:40:13Z"",""cache_file"":""e214c322e67ddc093ce868df63b1963c1d3da67805a2a25da789823cd821506e.json.gz""}"
cran.r-project.org,pkg:cran/RcppArmadillo,https://github.com/rcppcore/rcpparmadillo,projects,66793,purl,pkg:cran/RcppArmadillo,48.25,,"{""url"":""https://science.ecosyste.ms/api/v1/projects/search_seeds?per_page=100&page=327"",""fetched_at"":""2026-09-23T18:40:13Z"",""cache_file"":""e214c322e67ddc093ce868df63b1963c1d3da67805a2a25da789823cd821506e.json.gz""}"
cran.r-project.org,pkg:cran/RcppArmadillo,https://github.com/rcppcore/rcpparmadillo,projects,66793,repository_url,https://github.com/rcppcore/rcpparmadillo,48.25,,"{""url"":""https://science.ecosyste.ms/api/v1/projects/search_seeds?per_page=100&page=327"",""fetched_at"":""2026-09-23T18:40:13Z"",""cache_file"":""e214c322e67ddc093ce868df63b1963c1d3da67805a2a25da789823cd821506e.json.gz""}"
cran.r-project.org,pkg:cran/ggrepel,https://github.com/slowkow/ggrepel,projects,66835,purl,pkg:cran/ggrepel,34.83,,"{""url"":""https://science.ecosyste.ms/api/v1/projects/search_seeds?per_page=100&page=327"",""fetched_at"":""2026-09-23T18:40:13Z"",""cache_file"":""e214c322e67ddc093ce868df63b1963c1d3da67805a2a25da789823cd821506e.json.gz""}"
cran.r-project.org,pkg:cran/ggrepel,https://github.com/slowkow/ggrepel,projects,66835,repository_url,https://github.com/slowkow/ggrepel,34.83,,"{""url"":""https://science.ecosyste.ms/api/v1/projects/search_seeds?per_page=100&page=327"",""fetched_at"":""2026-09-23T18:40:13Z"",""cache_file"":""e214c322e67ddc093ce868df63b1963c1d3da67805a2a25da789823cd821506e.json.gz""}"
cran.r-project.org,pkg:cran/ggsci,https://github.com/nanxstats/ggsci,projects,66841,purl,pkg:cran/ggsci,21.0,,"{""url"":""https://science.ecosyste.ms/api/v1/projects/search_seeds?per_page=100&page=327"",""fetched_at"":""2026-09-23T18:40:13Z"",""cache_file"":""e214c322e67ddc093ce868df63b1963c1d3da67805a2a25da789823cd821506e.json.gz""}"
cran.r-project.org,pkg:cran/ggsci,https://github.com/nanxstats/ggsci,projects,66841,repository_url,https://github.com/nanxstats/ggsci,21.0,,"{""url"":""https://science.ecosyste.ms/api/v1/projects/search_seeds?per_page=100&page=327"",""fetched_at"":""2026-09-23T18:40:13Z"",""cache_file"":""e214c322e67ddc093ce868df63b1963c1d3da67805a2a25da789823cd821506e.json.gz""}"
cran.r-project.org,pkg:cran/glue,https://github.com/tidyverse/glue,projects,66908,purl,pkg:cran/glue,34.12,,"{""url"":""https://science.ecosyste.ms/api/v1/projects/search_seeds?per_page=100&page=328"",""fetched_at"":""2026-09-23T18:40:14Z"",""cache_file"":""aba2db6ec87fb8cc9ad419aa127360bde4808eba11b21dd1f20d316841ad0207.json.gz""}"
cran.r-project.org,pkg:cran/glue,https://github.com/tidyverse/glue,projects,66908,repository_url,https://github.com/tidyverse/glue,34.12,,"{""url"":""https://science.ecosyste.ms/api/v1/projects/search_seeds?per_page=100&page=328"",""fetched_at"":""2026-09-23T18:40:14Z"",""cache_file"":""aba2db6ec87fb8cc9ad419aa127360bde4808eba11b21dd1f20d316841ad0207.json.gz""}"
cran.r-project.org,pkg:cran/profvis,https://github.com/r-lib/profvis,projects,67049,purl,pkg:cran/profvis,21.28,,"{""url"":""https://science.ecosyste.ms/api/v1/projects/search_seeds?per_page=100&page=329"",""fetched_at"":""2026-09-23T18:40:15Z"",""cache_file"":""cf2b0f9ea101e1e52144aad137fd22d108657853e003bd2552f273c3f054f1b5.json.gz""}"
cran.r-project.org,pkg:cran/profvis,https://github.com/r-lib/profvis,projects,67049,repository_url,https://github.com/r-lib/profvis,21.28,,"{""url"":""https://science.ecosyste.ms/api/v1/projects/search_seeds?per_page=100&page=329"",""fetched_at"":""2026-09-23T18:40:15Z"",""cache_file"":""cf2b0f9ea101e1e52144aad137fd22d108657853e003bd2552f273c3f054f1b5.json.gz""}"
cran.r-project.org,pkg:cran/desc,https://github.com/r-lib/desc,projects,67075,purl,pkg:cran/desc,21.42,,"{""url"":""https://science.ecosyste.ms/api/v1/projects/search_seeds?per_page=100&page=329"",""fetched_at"":""2026-09-23T18:40:15Z"",""cache_file"":""cf2b0f9ea101e1e52144aad137fd22d108657853e003bd2552f273c3f054f1b5.json.gz""}"
cran.r-project.org,pkg:cran/desc,https://github.com/r-lib/desc,projects,67075,repository_url,https://github.com/r-lib/desc,21.42,,"{""url"":""https://science.ecosyste.ms/api/v1/projects/search_seeds?per_page=100&page=329"",""fetched_at"":""2026-09-23T18:40:15Z"",""cache_file"":""cf2b0f9ea101e1e52144aad137fd22d108657853e003bd2552f273c3f054f1b5.json.gz""}"
cran.r-project.org,pkg:cran/Deriv,https://github.com/sgsokol/deriv,projects,67081,purl,pkg:cran/Deriv,23.5,,"{""url"":""https://science.ecosyste.ms/api/v1/projects/search_seeds?per_page=100&page=329"",""fetched_at"":""2026-09-23T18:40:15Z"",""cache_file"":""cf2b0f9ea101e1e52144aad137fd22d108657853e003bd2552f273c3f054f1b5.json.gz""}"
cran.r-project.org,pkg:cran/Deriv,https://github.com/sgsokol/deriv,projects,67081,repository_url,https://github.com/sgsokol/deriv,23.5,,"{""url"":""https://science.ecosyste.ms/api/v1/projects/search_seeds?per_page=100&page=329"",""fetched_at"":""2026-09-23T18:40:15Z"",""cache_file"":""cf2b0f9ea101e1e52144aad137fd22d108657853e003bd2552f273c3f054f1b5.json.gz""}"
cran.r-project.org,pkg:cran/forecast,https://github.com/robjhyndman/forecast,projects,67183,purl,pkg:cran/forecast,34.21,,"{""url"":""https://science.ecosyste.ms/api/v1/projects/search_seeds?per_page=100&page=329"",""fetched_at"":""2026-09-23T18:40:15Z"",""cache_file"":""cf2b0f9ea101e1e52144aad137fd22d108657853e003bd2552f273c3f054f1b5.json.gz""}"
cran.r-project.org,pkg:cran/forecast,https://github.com/robjhyndman/forecast,projects,67183,repository_url,https://github.com/robjhyndman/forecast,34.21,,"{""url"":""https://science.ecosyste.ms/api/v1/projects/search_seeds?per_page=100&page=329"",""fetched_at"":""2026-09-23T18:40:15Z"",""cache_file"":""cf2b0f9ea101e1e52144aad137fd22d108657853e003bd2552f273c3f054f1b5.json.gz""}"
cran.r-project.org,pkg:cran/generics,https://github.com/r-lib/generics,projects,67199,purl,pkg:cran/generics,21.5,,"{""url"":""https://science.ecosyste.ms/api/v1/projects/search_seeds?per_page=100&page=329"",""fetched_at"":""2026-09-23T18:40:15Z"",""cache_file"":""cf2b0f9ea101e1e52144aad137fd22d108657853e003bd2552f273c3f054f1b5.json.gz""}"
cran.r-project.org,pkg:cran/generics,https://github.com/r-lib/generics,projects,67199,repository_url,https://github.com/r-lib/generics,21.5,,"{""url"":""https://science.ecosyste.ms/api/v1/projects/search_seeds?per_page=100&page=329"",""fetched_at"":""2026-09-23T18:40:15Z"",""cache_file"":""cf2b0f9ea101e1e52144aad137fd22d108657853e003bd2552f273c3f054f1b5.json.gz""}"
cran.r-project.org,pkg:cran/memoise,https://github.com/r-lib/memoise,projects,67238,purl,pkg:cran/memoise,21.37,,"{""url"":""https://science.ecosyste.ms/api/v1/projects/search_seeds?per_page=100&page=330"",""fetched_at"":""2026-09-23T18:40:15Z"",""cache_file"":""b4c6c1eb11f5ac4e737bbb8418c07a0a8a96536f70d1e2dfd1f2eafca82c6d2b.json.gz""}"
cran.r-project.org,pkg:cran/memoise,https://github.com/r-lib/memoise,projects,67238,repository_url,https://github.com/r-lib/memoise,21.37,,"{""url"":""https://science.ecosyste.ms/api/v1/projects/search_seeds?per_page=100&page=330"",""fetched_at"":""2026-09-23T18:40:15Z"",""cache_file"":""b4c6c1eb11f5ac4e737bbb8418c07a0a8a96536f70d1e2dfd1f2eafca82c6d2b.json.gz""}"
pypi.org,pkg:pypi/cython,https://github.com/cython/cython,projects,67254,purl,pkg:pypi/cython,21.41,,"{""url"":""https://science.ecosyste.ms/api/v1/projects/search_seeds?per_page=100&page=330"",""fetched_at"":""2026-09-23T18:40:15Z"",""cache_file"":""b4c6c1eb11f5ac4e737bbb8418c07a0a8a96536f70d1e2dfd1f2eafca82c6d2b.json.gz""}"
conda-forge.org,pkg:conda/cython?repository_url=https://conda-forge.org,https://github.com/cython/cython,projects,67254,purl,pkg:conda/cython?repository_url=https://conda-forge.org,21.41,,"{""url"":""https://science.ecosyste.ms/api/v1/projects/search_seeds?per_page=100&page=330"",""fetched_at"":""2026-09-23T18:40:15Z"",""cache_file"":""b4c6c1eb11f5ac4e737bbb8418c07a0a8a96536f70d1e2dfd1f2eafca82c6d2b.json.gz""}"
conda-forge.org,pkg:conda/cython?repository_url=https://conda-forge.org,https://github.com/cython/cython,projects,67254,repository_url,https://github.com/cython/cython,21.41,,"{""url"":""https://science.ecosyste.ms/api/v1/projects/search_seeds?per_page=100&page=330"",""fetched_at"":""2026-09-23T18:40:15Z"",""cache_file"":""b4c6c1eb11f5ac4e737bbb8418c07a0a8a96536f70d1e2dfd1f2eafca82c6d2b.json.gz""}"
pypi.org,pkg:pypi/cython,https://github.com/cython/cython,projects,67254,repository_url,https://github.com/cython/cython,21.41,,"{""url"":""https://science.ecosyste.ms/api/v1/projects/search_seeds?per_page=100&page=330"",""fetched_at"":""2026-09-23T18:40:15Z"",""cache_file"":""b4c6c1eb11f5ac4e737bbb8418c07a0a8a96536f70d1e2dfd1f2eafca82c6d2b.json.gz""}"
cran.r-project.org,pkg:cran/progress,https://github.com/r-lib/progress,projects,67270,purl,pkg:cran/progress,21.63,,"{""url"":""https://science.ecosyste.ms/api/v1/projects/search_seeds?per_page=100&page=330"",""fetched_at"":""2026-09-23T18:40:15Z"",""cache_file"":""b4c6c1eb11f5ac4e737bbb8418c07a0a8a96536f70d1e2dfd1f2eafca82c6d2b.json.gz""}"
cran.r-project.org,pkg:cran/progress,https://github.com/r-lib/progress,projects,67270,repository_url,https://github.com/r-lib/progress,21.63,,"{""url"":""https://science.ecosyste.ms/api/v1/projects/search_seeds?per_page=100&page=330"",""fetched_at"":""2026-09-23T18:40:15Z"",""cache_file"":""b4c6c1eb11f5ac4e737bbb8418c07a0a8a96536f70d1e2dfd1f2eafca82c6d2b.json.gz""}"
cran.r-project.org,pkg:cran/htmlwidgets,https://github.com/ramnathv/htmlwidgets,projects,67292,purl,pkg:cran/htmlwidgets,34.0,,"{""url"":""https://science.ecosyste.ms/api/v1/projects/search_seeds?per_page=100&page=330"",""fetched_at"":""2026-09-23T18:40:15Z"",""cache_file"":""b4c6c1eb11f5ac4e737bbb8418c07a0a8a96536f70d1e2dfd1f2eafca82c6d2b.json.gz""}"
cran.r-project.org,pkg:cran/htmlwidgets,https://github.com/ramnathv/htmlwidgets,projects,67292,repository_url,https://github.com/ramnathv/htmlwidgets,34.0,,"{""url"":""https://science.ecosyste.ms/api/v1/projects/search_seeds?per_page=100&page=330"",""fetched_at"":""2026-09-23T18:40:15Z"",""cache_file"":""b4c6c1eb11f5ac4e737bbb8418c07a0a8a96536f70d1e2dfd1f2eafca82c6d2b.json.gz""}"
conda-forge.org,pkg:conda/dask-core?repository_url=https://conda-forge.org,https://github.com/dask/dask,projects,67318,purl,pkg:conda/dask-core?repository_url=https://conda-forge.org,29.3,,"{""url"":""https://science.ecosyste.ms/api/v1/projects/search_seeds?per_page=100&page=330"",""fetched_at"":""2026-09-23T18:40:15Z"",""cache_file"":""b4c6c1eb11f5ac4e737bbb8418c07a0a8a96536f70d1e2dfd1f2eafca82c6d2b.json.gz""}"
conda-forge.org,pkg:conda/dask?repository_url=https://conda-forge.org,https://github.com/dask/dask,projects,67318,purl,pkg:conda/dask?repository_url=https://conda-forge.org,29.3,,"{""url"":""https://science.ecosyste.ms/api/v1/projects/search_seeds?per_page=100&page=330"",""fetched_at"":""2026-09-23T18:40:15Z"",""cache_file"":""b4c6c1eb11f5ac4e737bbb8418c07a0a8a96536f70d1e2dfd1f2eafca82c6d2b.json.gz""}"
conda-forge.org,pkg:conda/dask?repository_url=https://conda-forge.org,https://github.com/dask/dask,projects,67318,repository_url,https://github.com/dask/dask,29.3,,"{""url"":""https://science.ecosyste.ms/api/v1/projects/search_seeds?per_page=100&page=330"",""fetched_at"":""2026-09-23T18:40:15Z"",""cache_file"":""b4c6c1eb11f5ac4e737bbb8418c07a0a8a96536f70d1e2dfd1f2eafca82c6d2b.json.gz""}"
conda-forge.org,pkg:conda/dask-core?repository_url=https://conda-forge.org,https://github.com/dask/dask,projects,67318,repository_url,https://github.com/dask/dask,29.3,,"{""url"":""https://science.ecosyste.ms/api/v1/projects/search_seeds?per_page=100&page=330"",""fetched_at"":""2026-09-23T18:40:15Z"",""cache_file"":""b4c6c1eb11f5ac4e737bbb8418c07a0a8a96536f70d1e2dfd1f2eafca82c6d2b.json.gz""}"
cran.r-project.org,pkg:cran/janitor,https://github.com/sfirke/janitor,projects,67329,purl,pkg:cran/janitor,34.42,,"{""url"":""https://science.ecosyste.ms/api/v1/projects/search_seeds?per_page=100&page=330"",""fetched_at"":""2026-09-23T18:40:15Z"",""cache_file"":""b4c6c1eb11f5ac4e737bbb8418c07a0a8a96536f70d1e2dfd1f2eafca82c6d2b.json.gz""}"
cran.r-project.org,pkg:cran/janitor,https://github.com/sfirke/janitor,projects,67329,repository_url,https://github.com/sfirke/janitor,34.42,,"{""url"":""https://science.ecosyste.ms/api/v1/projects/search_seeds?per_page=100&page=330"",""fetched_at"":""2026-09-23T18:40:15Z"",""cache_file"":""b4c6c1eb11f5ac4e737bbb8418c07a0a8a96536f70d1e2dfd1f2eafca82c6d2b.json.gz""}"
conda-forge.org,pkg:conda/python-graphviz?repository_url=https://conda-forge.org,https://github.com/xflr6/graphviz,projects,67360,purl,pkg:conda/python-graphviz?repository_url=https://conda-forge.org,21.8,,"{""url"":""https://science.ecosyste.ms/api/v1/projects/search_seeds?per_page=100&page=330"",""fetched_at"":""2026-09-23T18:40:15Z"",""cache_file"":""b4c6c1eb11f5ac4e737bbb8418c07a0a8a96536f70d1e2dfd1f2eafca82c6d2b.json.gz""}"
conda-forge.org,pkg:conda/python-graphviz?repository_url=https://conda-forge.org,https://github.com/xflr6/graphviz,projects,67360,repository_url,https://github.com/xflr6/graphviz,21.8,,"{""url"":""https://science.ecosyste.ms/api/v1/projects/search_seeds?per_page=100&page=330"",""fetched_at"":""2026-09-23T18:40:15Z"",""cache_file"":""b4c6c1eb11f5ac4e737bbb8418c07a0a8a96536f70d1e2dfd1f2eafca82c6d2b.json.gz""}"
pypi.org,pkg:pypi/multiprocess,https://github.com/uqfoundation/multiprocess,projects,67650,purl,pkg:pypi/multiprocess,29.5,,"{""url"":""https://science.ecosyste.ms/api/v1/projects/search_seeds?per_page=100&page=331"",""fetched_at"":""2026-09-23T18:40:17Z"",""cache_file"":""5dff893a20d274034068e31db94636af278f639ed865833ce62d1956a765a3a5.json.gz""}"
pypi.org,pkg:pypi/multiprocess,https://github.com/uqfoundation/multiprocess,projects,67650,repository_url,https://github.com/uqfoundation/multiprocess,29.5,,"{""url"":""https://science.ecosyste.ms/api/v1/projects/search_seeds?per_page=100&page=331"",""fetched_at"":""2026-09-23T18:40:17Z"",""cache_file"":""5dff893a20d274034068e31db94636af278f639ed865833ce62d1956a765a3a5.json.gz""}"
pypi.org,pkg:pypi/h5py,https://github.com/h5py/h5py,projects,67746,purl,pkg:pypi/h5py,36.24,,"{""url"":""https://science.ecosyste.ms/api/v1/projects/search_seeds?per_page=100&page=331"",""fetched_at"":""2026-09-23T18:40:17Z"",""cache_file"":""5dff893a20d274034068e31db94636af278f639ed865833ce62d1956a765a3a5.json.gz""}"
conda-forge.org,pkg:conda/h5py?repository_url=https://conda-forge.org,https://github.com/h5py/h5py,projects,67746,purl,pkg:conda/h5py?repository_url=https://conda-forge.org,36.24,,"{""url"":""https://science.ecosyste.ms/api/v1/projects/search_seeds?per_page=100&page=331"",""fetched_at"":""2026-09-23T18:40:17Z"",""cache_file"":""5dff893a20d274034068e31db94636af278f639ed865833ce62d1956a765a3a5.json.gz""}"
conda-forge.org,pkg:conda/h5py?repository_url=https://conda-forge.org,https://github.com/h5py/h5py,projects,67746,repository_url,https://github.com/h5py/h5py,36.24,,"{""url"":""https://science.ecosyste.ms/api/v1/projects/search_seeds?per_page=100&page=331"",""fetched_at"":""2026-09-23T18:40:17Z"",""cache_file"":""5dff893a20d274034068e31db94636af278f639ed865833ce62d1956a765a3a5.json.gz""}"
pypi.org,pkg:pypi/h5py,https://github.com/h5py/h5py,projects,67746,repository_url,https://github.com/h5py/h5py,36.24,,"{""url"":""https://science.ecosyste.ms/api/v1/projects/search_seeds?per_page=100&page=331"",""fetched_at"":""2026-09-23T18:40:17Z"",""cache_file"":""5dff893a20d274034068e31db94636af278f639ed865833ce62d1956a765a3a5.json.gz""}"
cran.r-project.org,pkg:cran/pROC,https://github.com/xrobin/proc,projects,68160,purl,pkg:cran/pROC,41.45,,"{""url"":""https://science.ecosyste.ms/api/v1/projects/search_seeds?per_page=100&page=332"",""fetched_at"":""2026-09-23T18:40:18Z"",""cache_file"":""9e8e74de3e72fdae28a00d39d3a575f37e32bfc488a1a45477ae1e3c37b1e6e3.json.gz""}"
cran.r-project.org,pkg:cran/pROC,https://github.com/xrobin/proc,projects,68160,repository_url,https://github.com/xrobin/proc,41.45,,"{""url"":""https://science.ecosyste.ms/api/v1/projects/search_seeds?per_page=100&page=332"",""fetched_at"":""2026-09-23T18:40:18Z"",""cache_file"":""9e8e74de3e72fdae28a00d39d3a575f37e32bfc488a1a45477ae1e3c37b1e6e3.json.gz""}"
cran.r-project.org,pkg:cran/processx,https://github.com/r-lib/processx,projects,68176,purl,pkg:cran/processx,21.24,,"{""url"":""https://science.ecosyste.ms/api/v1/projects/search_seeds?per_page=100&page=332"",""fetched_at"":""2026-09-23T18:40:18Z"",""cache_file"":""9e8e74de3e72fdae28a00d39d3a575f37e32bfc488a1a45477ae1e3c37b1e6e3.json.gz""}"
cran.r-project.org,pkg:cran/processx,https://github.com/r-lib/processx,projects,68176,repository_url,https://github.com/r-lib/processx,21.24,,"{""url"":""https://science.ecosyste.ms/api/v1/projects/search_seeds?per_page=100&page=332"",""fetched_at"":""2026-09-23T18:40:18Z"",""cache_file"":""9e8e74de3e72fdae28a00d39d3a575f37e32bfc488a1a45477ae1e3c37b1e6e3.json.gz""}"
cran.r-project.org,pkg:cran/ps,https://github.com/r-lib/ps,projects,68215,purl,pkg:cran/ps,21.28,,"{""url"":""https://science.ecosyste.ms/api/v1/projects/search_seeds?per_page=100&page=332"",""fetched_at"":""2026-09-23T18:40:18Z"",""cache_file"":""9e8e74de3e72fdae28a00d39d3a575f37e32bfc488a1a45477ae1e3c37b1e6e3.json.gz""}"
cran.r-project.org,pkg:cran/ps,https://github.com/r-lib/ps,projects,68215,repository_url,https://github.com/r-lib/ps,21.28,,"{""url"":""https://science.ecosyste.ms/api/v1/projects/search_seeds?per_page=100&page=332"",""fetched_at"":""2026-09-23T18:40:18Z"",""cache_file"":""9e8e74de3e72fdae28a00d39d3a575f37e32bfc488a1a45477ae1e3c37b1e6e3.json.gz""}"
cran.r-project.org,pkg:cran/rappdirs,https://github.com/r-lib/rappdirs,projects,68291,purl,pkg:cran/rappdirs,22.88,,"{""url"":""https://science.ecosyste.ms/api/v1/projects/search_seeds?per_page=100&page=333"",""fetched_at"":""2026-09-23T18:40:19Z"",""cache_file"":""68cc86783c72cd3903805756390e2573f3a2b1b024734f472d184cb84df4cb35.json.gz""}"
cran.r-project.org,pkg:cran/rappdirs,https://github.com/r-lib/rappdirs,projects,68291,repository_url,https://github.com/r-lib/rappdirs,22.88,,"{""url"":""https://science.ecosyste.ms/api/v1/projects/search_seeds?per_page=100&page=333"",""fetched_at"":""2026-09-23T18:40:19Z"",""cache_file"":""68cc86783c72cd3903805756390e2573f3a2b1b024734f472d184cb84df4cb35.json.gz""}"
cran.r-project.org,pkg:cran/snakecase,https://github.com/tazinho/snakecase,projects,68294,purl,pkg:cran/snakecase,21.0,,"{""url"":""https://science.ecosyste.ms/api/v1/projects/search_seeds?per_page=100&page=333"",""fetched_at"":""2026-09-23T18:40:19Z"",""cache_file"":""68cc86783c72cd3903805756390e2573f3a2b1b024734f472d184cb84df4cb35.json.gz""}"
cran.r-project.org,pkg:cran/snakecase,https://github.com/tazinho/snakecase,projects,68294,repository_url,https://github.com/tazinho/snakecase,21.0,,"{""url"":""https://science.ecosyste.ms/api/v1/projects/search_seeds?per_page=100&page=333"",""fetched_at"":""2026-09-23T18:40:19Z"",""cache_file"":""68cc86783c72cd3903805756390e2573f3a2b1b024734f472d184cb84df4cb35.json.gz""}"
cran.r-project.org,pkg:cran/RcppEigen,https://github.com/rcppcore/rcppeigen,projects,68357,purl,pkg:cran/RcppEigen,47.71,,"{""url"":""https://science.ecosyste.ms/api/v1/projects/search_seeds?per_page=100&page=333"",""fetched_at"":""2026-09-23T18:40:19Z"",""cache_file"":""68cc86783c72cd3903805756390e2573f3a2b1b024734f472d184cb84df4cb35.json.gz""}"
cran.r-project.org,pkg:cran/RcppEigen,https://github.com/rcppcore/rcppeigen,projects,68357,repository_url,https://github.com/rcppcore/rcppeigen,47.71,,"{""url"":""https://science.ecosyste.ms/api/v1/projects/search_seeds?per_page=100&page=333"",""fetched_at"":""2026-09-23T18:40:19Z"",""cache_file"":""68cc86783c72cd3903805756390e2573f3a2b1b024734f472d184cb84df4cb35.json.gz""}"
cran.r-project.org,pkg:cran/reactable,https://github.com/glin/reactable,projects,68377,purl,pkg:cran/reactable,21.5,,"{""url"":""https://science.ecosyste.ms/api/v1/projects/search_seeds?per_page=100&page=333"",""fetched_at"":""2026-09-23T18:40:19Z"",""cache_file"":""68cc86783c72cd3903805756390e2573f3a2b1b024734f472d184cb84df4cb35.json.gz""}"
cran.r-project.org,pkg:cran/reactable,https://github.com/glin/reactable,projects,68377,repository_url,https://github.com/glin/reactable,21.5,,"{""url"":""https://science.ecosyste.ms/api/v1/projects/search_seeds?per_page=100&page=333"",""fetched_at"":""2026-09-23T18:40:19Z"",""cache_file"":""68cc86783c72cd3903805756390e2573f3a2b1b024734f472d184cb84df4cb35.json.gz""}"
pypi.org,pkg:pypi/networkx,https://github.com/networkx/networkx,projects,68536,purl,pkg:pypi/networkx,35.33,,"{""url"":""https://science.ecosyste.ms/api/v1/projects/search_seeds?per_page=100&page=334"",""fetched_at"":""2026-09-23T18:40:20Z"",""cache_file"":""0991f690dabe0a1529720b0997d62f733829f5b62fd5385ea3886b306e8bff44.json.gz""}"
conda-forge.org,pkg:conda/networkx?repository_url=https://conda-forge.org,https://github.com/networkx/networkx,projects,68536,purl,pkg:conda/networkx?repository_url=https://conda-forge.org,35.33,,"{""url"":""https://science.ecosyste.ms/api/v1/projects/search_seeds?per_page=100&page=334"",""fetched_at"":""2026-09-23T18:40:20Z"",""cache_file"":""0991f690dabe0a1529720b0997d62f733829f5b62fd5385ea3886b306e8bff44.json.gz""}"
conda-forge.org,pkg:conda/networkx?repository_url=https://conda-forge.org,https://github.com/networkx/networkx,projects,68536,repository_url,https://github.com/networkx/networkx,35.33,,"{""url"":""https://science.ecosyste.ms/api/v1/projects/search_seeds?per_page=100&page=334"",""fetched_at"":""2026-09-23T18:40:20Z"",""cache_file"":""0991f690dabe0a1529720b0997d62f733829f5b62fd5385ea3886b306e8bff44.json.gz""}"
pypi.org,pkg:pypi/networkx,https://github.com/networkx/networkx,projects,68536,repository_url,https://github.com/networkx/networkx,35.33,,"{""url"":""https://science.ecosyste.ms/api/v1/projects/search_seeds?per_page=100&page=334"",""fetched_at"":""2026-09-23T18:40:20Z"",""cache_file"":""0991f690dabe0a1529720b0997d62f733829f5b62fd5385ea3886b306e8bff44.json.gz""}"
cran.r-project.org,pkg:cran/viridis,https://github.com/sjmgarnier/viridis,projects,68632,purl,pkg:cran/viridis,30.0,,"{""url"":""https://science.ecosyste.ms/api/v1/projects/search_seeds?per_page=100&page=334"",""fetched_at"":""2026-09-23T18:40:20Z"",""cache_file"":""0991f690dabe0a1529720b0997d62f733829f5b62fd5385ea3886b306e8bff44.json.gz""}"
cran.r-project.org,pkg:cran/viridis,https://github.com/sjmgarnier/viridis,projects,68632,repository_url,https://github.com/sjmgarnier/viridis,30.0,,"{""url"":""https://science.ecosyste.ms/api/v1/projects/search_seeds?per_page=100&page=334"",""fetched_at"":""2026-09-23T18:40:20Z"",""cache_file"":""0991f690dabe0a1529720b0997d62f733829f5b62fd5385ea3886b306e8bff44.json.gz""}"
cran.r-project.org,pkg:cran/viridisLite,https://github.com/sjmgarnier/viridislite,projects,68633,purl,pkg:cran/viridisLite,30.88,,"{""url"":""https://science.ecosyste.ms/api/v1/projects/search_seeds?per_page=100&page=334"",""fetched_at"":""2026-09-23T18:40:20Z"",""cache_file"":""0991f690dabe0a1529720b0997d62f733829f5b62fd5385ea3886b306e8bff44.json.gz""}"
cran.r-project.org,pkg:cran/viridisLite,https://github.com/sjmgarnier/viridislite,projects,68633,repository_url,https://github.com/sjmgarnier/viridislite,30.88,,"{""url"":""https://science.ecosyste.ms/api/v1/projects/search_seeds?per_page=100&page=334"",""fetched_at"":""2026-09-23T18:40:20Z"",""cache_file"":""0991f690dabe0a1529720b0997d62f733829f5b62fd5385ea3886b306e8bff44.json.gz""}"
pypi.org,pkg:pypi/setuptools,https://github.com/pypa/setuptools,projects,68700,purl,pkg:pypi/setuptools,21.25,,"{""url"":""https://science.ecosyste.ms/api/v1/projects/search_seeds?per_page=100&page=334"",""fetched_at"":""2026-09-23T18:40:20Z"",""cache_file"":""0991f690dabe0a1529720b0997d62f733829f5b62fd5385ea3886b306e8bff44.json.gz""}"
conda-forge.org,pkg:conda/setuptools?repository_url=https://conda-forge.org,https://github.com/pypa/setuptools,projects,68700,purl,pkg:conda/setuptools?repository_url=https://conda-forge.org,21.25,,"{""url"":""https://science.ecosyste.ms/api/v1/projects/search_seeds?per_page=100&page=334"",""fetched_at"":""2026-09-23T18:40:20Z"",""cache_file"":""0991f690dabe0a1529720b0997d62f733829f5b62fd5385ea3886b306e8bff44.json.gz""}"
conda-forge.org,pkg:conda/setuptools?repository_url=https://conda-forge.org,https://github.com/pypa/setuptools,projects,68700,repository_url,https://github.com/pypa/setuptools,21.25,,"{""url"":""https://science.ecosyste.ms/api/v1/projects/search_seeds?per_page=100&page=334"",""fetched_at"":""2026-09-23T18:40:20Z"",""cache_file"":""0991f690dabe0a1529720b0997d62f733829f5b62fd5385ea3886b306e8bff44.json.gz""}"
pypi.org,pkg:pypi/setuptools,https://github.com/pypa/setuptools,projects,68700,repository_url,https://github.com/pypa/setuptools,21.25,,"{""url"":""https://science.ecosyste.ms/api/v1/projects/search_seeds?per_page=100&page=334"",""fetched_at"":""2026-09-23T18:40:20Z"",""cache_file"":""0991f690dabe0a1529720b0997d62f733829f5b62fd5385ea3886b306e8bff44.json.gz""}"
cran.r-project.org,pkg:cran/vroom,https://github.com/tidyverse/vroom,projects,68738,purl,pkg:cran/vroom,21.19,,"{""url"":""https://science.ecosyste.ms/api/v1/projects/search_seeds?per_page=100&page=335"",""fetched_at"":""2026-09-23T18:40:25Z"",""cache_file"":""1bfb69a807e8555aa415cc1f275ac7b07e9c94cc6450526fa450b3836c13b6b4.json.gz""}"
cran.r-project.org,pkg:cran/vroom,https://github.com/tidyverse/vroom,projects,68738,repository_url,https://github.com/tidyverse/vroom,21.19,,"{""url"":""https://science.ecosyste.ms/api/v1/projects/search_seeds?per_page=100&page=335"",""fetched_at"":""2026-09-23T18:40:25Z"",""cache_file"":""1bfb69a807e8555aa415cc1f275ac7b07e9c94cc6450526fa450b3836c13b6b4.json.gz""}"
pypi.org,pkg:pypi/jupyterlab,https://github.com/jupyterlab/jupyterlab,projects,68745,purl,pkg:pypi/jupyterlab,21.27,,"{""url"":""https://science.ecosyste.ms/api/v1/projects/search_seeds?per_page=100&page=335"",""fetched_at"":""2026-09-23T18:40:25Z"",""cache_file"":""1bfb69a807e8555aa415cc1f275ac7b07e9c94cc6450526fa450b3836c13b6b4.json.gz""}"
conda-forge.org,pkg:conda/jupyterlab?repository_url=https://conda-forge.org,https://github.com/jupyterlab/jupyterlab,projects,68745,repository_url,https://github.com/jupyterlab/jupyterlab,21.27,,"{""url"":""https://science.ecosyste.ms/api/v1/projects/search_seeds?per_page=100&page=335"",""fetched_at"":""2026-09-23T18:40:25Z"",""cache_file"":""1bfb69a807e8555aa415cc1f275ac7b07e9c94cc6450526fa450b3836c13b6b4.json.gz""}"
pypi.org,pkg:pypi/jupyterlab,https://github.com/jupyterlab/jupyterlab,projects,68745,repository_url,https://github.com/jupyterlab/jupyterlab,21.27,,"{""url"":""https://science.ecosyste.ms/api/v1/projects/search_seeds?per_page=100&page=335"",""fetched_at"":""2026-09-23T18:40:25Z"",""cache_file"":""1bfb69a807e8555aa415cc1f275ac7b07e9c94cc6450526fa450b3836c13b6b4.json.gz""}"
cran.r-project.org,pkg:cran/tidyselect,https://github.com/r-lib/tidyselect,projects,68921,purl,pkg:cran/tidyselect,34.33,,"{""url"":""https://science.ecosyste.ms/api/v1/projects/search_seeds?per_page=100&page=335"",""fetched_at"":""2026-09-23T18:40:25Z"",""cache_file"":""1bfb69a807e8555aa415cc1f275ac7b07e9c94cc6450526fa450b3836c13b6b4.json.gz""}"
cran.r-project.org,pkg:cran/tidyselect,https://github.com/r-lib/tidyselect,projects,68921,repository_url,https://github.com/r-lib/tidyselect,34.33,,"{""url"":""https://science.ecosyste.ms/api/v1/projects/search_seeds?per_page=100&page=335"",""fetched_at"":""2026-09-23T18:40:25Z"",""cache_file"":""1bfb69a807e8555aa415cc1f275ac7b07e9c94cc6450526fa450b3836c13b6b4.json.gz""}"
cran.r-project.org,pkg:cran/survival,https://github.com/therneau/survival,projects,69093,purl,pkg:cran/survival,37.54,,"{""url"":""https://science.ecosyste.ms/api/v1/projects/search_seeds?per_page=100&page=336"",""fetched_at"":""2026-09-23T18:40:26Z"",""cache_file"":""b239038cb2c675ae29b3b16a731168771709bc33f4e090ae0f9f89cc9fd2841a.json.gz""}"
cran.r-project.org,pkg:cran/survival,https://github.com/therneau/survival,projects,69093,repository_url,https://github.com/therneau/survival,37.54,,"{""url"":""https://science.ecosyste.ms/api/v1/projects/search_seeds?per_page=100&page=336"",""fetched_at"":""2026-09-23T18:40:26Z"",""cache_file"":""b239038cb2c675ae29b3b16a731168771709bc33f4e090ae0f9f89cc9fd2841a.json.gz""}"
cran.r-project.org,pkg:cran/svglite,https://github.com/r-lib/svglite,projects,69127,purl,pkg:cran/svglite,21.5,,"{""url"":""https://science.ecosyste.ms/api/v1/projects/search_seeds?per_page=100&page=336"",""fetched_at"":""2026-09-23T18:40:26Z"",""cache_file"":""b239038cb2c675ae29b3b16a731168771709bc33f4e090ae0f9f89cc9fd2841a.json.gz""}"
cran.r-project.org,pkg:cran/svglite,https://github.com/r-lib/svglite,projects,69127,repository_url,https://github.com/r-lib/svglite,21.5,,"{""url"":""https://science.ecosyste.ms/api/v1/projects/search_seeds?per_page=100&page=336"",""fetched_at"":""2026-09-23T18:40:26Z"",""cache_file"":""b239038cb2c675ae29b3b16a731168771709bc33f4e090ae0f9f89cc9fd2841a.json.gz""}"
cran.r-project.org,pkg:cran/xml2,https://github.com/r-lib/xml2,projects,69361,purl,pkg:cran/xml2,21.24,,"{""url"":""https://science.ecosyste.ms/api/v1/projects/search_seeds?per_page=100&page=337"",""fetched_at"":""2026-09-23T18:40:27Z"",""cache_file"":""86516aa7a4f10637614030ff1e3111d94f00a65a485210829408a651f73c8592.json.gz""}"
cran.r-project.org,pkg:cran/xml2,https://github.com/r-lib/xml2,projects,69361,repository_url,https://github.com/r-lib/xml2,21.24,,"{""url"":""https://science.ecosyste.ms/api/v1/projects/search_seeds?per_page=100&page=337"",""fetched_at"":""2026-09-23T18:40:27Z"",""cache_file"":""86516aa7a4f10637614030ff1e3111d94f00a65a485210829408a651f73c8592.json.gz""}"
cran.r-project.org,pkg:cran/xts,https://github.com/joshuaulrich/xts,projects,69368,purl,pkg:cran/xts,20.54,,"{""url"":""https://science.ecosyste.ms/api/v1/projects/search_seeds?per_page=100&page=337"",""fetched_at"":""2026-09-23T18:40:27Z"",""cache_file"":""86516aa7a4f10637614030ff1e3111d94f00a65a485210829408a651f73c8592.json.gz""}"
cran.r-project.org,pkg:cran/xts,https://github.com/joshuaulrich/xts,projects,69368,repository_url,https://github.com/joshuaulrich/xts,20.54,,"{""url"":""https://science.ecosyste.ms/api/v1/projects/search_seeds?per_page=100&page=337"",""fetched_at"":""2026-09-23T18:40:27Z"",""cache_file"":""86516aa7a4f10637614030ff1e3111d94f00a65a485210829408a651f73c8592.json.gz""}"
cran.r-project.org,pkg:cran/zip,https://github.com/r-lib/zip,projects,69374,purl,pkg:cran/zip,21.29,,"{""url"":""https://science.ecosyste.ms/api/v1/projects/search_seeds?per_page=100&page=337"",""fetched_at"":""2026-09-23T18:40:27Z"",""cache_file"":""86516aa7a4f10637614030ff1e3111d94f00a65a485210829408a651f73c8592.json.gz""}"
cran.r-project.org,pkg:cran/zip,https://github.com/r-lib/zip,projects,69374,repository_url,https://github.com/r-lib/zip,21.29,,"{""url"":""https://science.ecosyste.ms/api/v1/projects/search_seeds?per_page=100&page=337"",""fetched_at"":""2026-09-23T18:40:27Z"",""cache_file"":""86516aa7a4f10637614030ff1e3111d94f00a65a485210829408a651f73c8592.json.gz""}"
pypi.org,pkg:pypi/pip,https://github.com/pypa/pip,projects,69620,purl,pkg:pypi/pip,21.23,,"{""url"":""https://science.ecosyste.ms/api/v1/projects/search_seeds?per_page=100&page=337"",""fetched_at"":""2026-09-23T18:40:27Z"",""cache_file"":""86516aa7a4f10637614030ff1e3111d94f00a65a485210829408a651f73c8592.json.gz""}"
conda-forge.org,pkg:conda/pip?repository_url=https://conda-forge.org,https://github.com/pypa/pip,projects,69620,purl,pkg:conda/pip?repository_url=https://conda-forge.org,21.23,,"{""url"":""https://science.ecosyste.ms/api/v1/projects/search_seeds?per_page=100&page=337"",""fetched_at"":""2026-09-23T18:40:27Z"",""cache_file"":""86516aa7a4f10637614030ff1e3111d94f00a65a485210829408a651f73c8592.json.gz""}"
conda-forge.org,pkg:conda/pip?repository_url=https://conda-forge.org,https://github.com/pypa/pip,projects,69620,repository_url,https://github.com/pypa/pip,21.23,,"{""url"":""https://science.ecosyste.ms/api/v1/projects/search_seeds?per_page=100&page=337"",""fetched_at"":""2026-09-23T18:40:27Z"",""cache_file"":""86516aa7a4f10637614030ff1e3111d94f00a65a485210829408a651f73c8592.json.gz""}"
pypi.org,pkg:pypi/pip,https://github.com/pypa/pip,projects,69620,repository_url,https://github.com/pypa/pip,21.23,,"{""url"":""https://science.ecosyste.ms/api/v1/projects/search_seeds?per_page=100&page=337"",""fetched_at"":""2026-09-23T18:40:27Z"",""cache_file"":""86516aa7a4f10637614030ff1e3111d94f00a65a485210829408a651f73c8592.json.gz""}"
pypi.org,pkg:pypi/pymongo,https://github.com/mongodb/mongo-python-driver,projects,70024,purl,pkg:pypi/pymongo,25.11,,"{""url"":""https://science.ecosyste.ms/api/v1/projects/search_seeds?per_page=100&page=338"",""fetched_at"":""2026-09-23T18:40:28Z"",""cache_file"":""cdb3a598354cc129e99d3f9fe8d84da1f1cd8fd90d8fc8d8c855330311c6c8d8.json.gz""}"
pypi.org,pkg:pypi/pymongo,https://github.com/mongodb/mongo-python-driver,projects,70024,repository_url,https://github.com/mongodb/mongo-python-driver,25.11,,"{""url"":""https://science.ecosyste.ms/api/v1/projects/search_seeds?per_page=100&page=338"",""fetched_at"":""2026-09-23T18:40:28Z"",""cache_file"":""cdb3a598354cc129e99d3f9fe8d84da1f1cd8fd90d8fc8d8c855330311c6c8d8.json.gz""}"
pypi.org,pkg:pypi/tox,https://github.com/tox-dev/tox,projects,70399,purl,pkg:pypi/tox,21.03,,"{""url"":""https://science.ecosyste.ms/api/v1/projects/search_seeds?per_page=100&page=339"",""fetched_at"":""2026-09-23T18:40:29Z"",""cache_file"":""b7545d5715917e0e32814a74b753a8b0fe021f2f5678d5a8f4e9a9adaaf32df8.json.gz""}"
pypi.org,pkg:pypi/tox,https://github.com/tox-dev/tox,projects,70399,repository_url,https://github.com/tox-dev/tox,21.03,,"{""url"":""https://science.ecosyste.ms/api/v1/projects/search_seeds?per_page=100&page=339"",""fetched_at"":""2026-09-23T18:40:29Z"",""cache_file"":""b7545d5715917e0e32814a74b753a8b0fe021f2f5678d5a8f4e9a9adaaf32df8.json.gz""}"
conda-forge.org,pkg:conda/zarr?repository_url=https://conda-forge.org,https://github.com/zarr-developers/zarr-python,projects,75784,purl,pkg:conda/zarr?repository_url=https://conda-forge.org,42.51,,"{""url"":""https://science.ecosyste.ms/api/v1/projects/search_seeds?per_page=100&page=379"",""fetched_at"":""2026-09-23T18:41:02Z"",""cache_file"":""07a3ccc8ec014eabfb7dc020b034210944c6cce9a1fec6e2f04fa29d2ef94416.json.gz""}"
conda-forge.org,pkg:conda/zarr?repository_url=https://conda-forge.org,https://github.com/zarr-developers/zarr-python,projects,75784,repository_url,https://github.com/zarr-developers/zarr-python,42.51,,"{""url"":""https://science.ecosyste.ms/api/v1/projects/search_seeds?per_page=100&page=379"",""fetched_at"":""2026-09-23T18:41:02Z"",""cache_file"":""07a3ccc8ec014eabfb7dc020b034210944c6cce9a1fec6e2f04fa29d2ef94416.json.gz""}"
cran.r-project.org,pkg:cran/prismatic,https://github.com/emilhvitfeldt/prismatic,projects,76880,purl,pkg:cran/prismatic,42.0,,"{""url"":""https://science.ecosyste.ms/api/v1/projects/search_seeds?per_page=100&page=384"",""fetched_at"":""2026-09-23T18:41:06Z"",""cache_file"":""8fa4dfd0bba860b8193e3771a4602c85d3549932150b0a1cda702cc44fdd2f7d.json.gz""}"
cran.r-project.org,pkg:cran/prismatic,https://github.com/emilhvitfeldt/prismatic,projects,76880,repository_url,https://github.com/emilhvitfeldt/prismatic,42.0,,"{""url"":""https://science.ecosyste.ms/api/v1/projects/search_seeds?per_page=100&page=384"",""fetched_at"":""2026-09-23T18:41:06Z"",""cache_file"":""8fa4dfd0bba860b8193e3771a4602c85d3549932150b0a1cda702cc44fdd2f7d.json.gz""}"
formulae.brew.sh,pkg:brew/bat,https://github.com/sharkdp/bat,projects,77636,purl,pkg:brew/bat,20.13,,"{""url"":""https://science.ecosyste.ms/api/v1/projects/search_seeds?per_page=100&page=386"",""fetched_at"":""2026-09-23T18:41:08Z"",""cache_file"":""fce9f4fcdeb2f54a154a5c0bb5424744f25e8c281adb00849643f3d51b92a25e.json.gz""}"
formulae.brew.sh,pkg:brew/bat,https://github.com/sharkdp/bat,projects,77636,repository_url,https://github.com/sharkdp/bat,20.13,,"{""url"":""https://science.ecosyste.ms/api/v1/projects/search_seeds?per_page=100&page=386"",""fetched_at"":""2026-09-23T18:41:08Z"",""cache_file"":""fce9f4fcdeb2f54a154a5c0bb5424744f25e8c281adb00849643f3d51b92a25e.json.gz""}"
cran.r-project.org,pkg:cran/quantmod,https://github.com/joshuaulrich/quantmod,projects,78710,purl,pkg:cran/quantmod,20.24,,"{""url"":""https://science.ecosyste.ms/api/v1/projects/search_seeds?per_page=100&page=387"",""fetched_at"":""2026-09-23T18:41:08Z"",""cache_file"":""9293d41718621a461bc250ad9b4f9eac444a675a62c0d3fa3e939440fe708353.json.gz""}"
cran.r-project.org,pkg:cran/quantmod,https://github.com/joshuaulrich/quantmod,projects,78710,repository_url,https://github.com/joshuaulrich/quantmod,20.24,,"{""url"":""https://science.ecosyste.ms/api/v1/projects/search_seeds?per_page=100&page=387"",""fetched_at"":""2026-09-23T18:41:08Z"",""cache_file"":""9293d41718621a461bc250ad9b4f9eac444a675a62c0d3fa3e939440fe708353.json.gz""}"
cran.r-project.org,pkg:cran/future.apply,https://github.com/futureverse/future.apply,projects,80025,purl,pkg:cran/future.apply,28.0,,"{""url"":""https://science.ecosyste.ms/api/v1/projects/search_seeds?per_page=100&page=390"",""fetched_at"":""2026-09-23T18:41:11Z"",""cache_file"":""9c7aa9d95d175d81df33779f1b39b2f22e45b3cc61c4e71c4ef5434b15929569.json.gz""}"
cran.r-project.org,pkg:cran/future.apply,https://github.com/futureverse/future.apply,projects,80025,repository_url,https://github.com/futureverse/future.apply,28.0,,"{""url"":""https://science.ecosyste.ms/api/v1/projects/search_seeds?per_page=100&page=390"",""fetched_at"":""2026-09-23T18:41:11Z"",""cache_file"":""9c7aa9d95d175d81df33779f1b39b2f22e45b3cc61c4e71c4ef5434b15929569.json.gz""}"
cran.r-project.org,pkg:cran/future.apply,https://github.com/futureverse/future.apply,projects,80025,repository_alias,https://github.com/futureverse/future.apply,28.0,,"{""url"":""https://science.ecosyste.ms/api/v1/projects/search_seeds?per_page=100&page=390"",""fetched_at"":""2026-09-23T18:41:11Z"",""cache_file"":""9c7aa9d95d175d81df33779f1b39b2f22e45b3cc61c4e71c4ef5434b15929569.json.gz""}"
conda-forge.org,pkg:conda/mkl_fft?repository_url=https://conda-forge.org,https://github.com/intelpython/mkl_fft,projects,80771,purl,pkg:conda/mkl_fft?repository_url=https://conda-forge.org,31.0,,"{""url"":""https://science.ecosyste.ms/api/v1/projects/search_seeds?per_page=100&page=391"",""fetched_at"":""2026-09-23T18:41:12Z"",""cache_file"":""fe742e7dba259ebb4054cae510ee7dbca77859e3df05a59f3094d09e7d811adb.json.gz""}"
conda-forge.org,pkg:conda/mkl_fft?repository_url=https://conda-forge.org,https://github.com/intelpython/mkl_fft,projects,80771,repository_url,https://github.com/intelpython/mkl_fft,31.0,,"{""url"":""https://science.ecosyste.ms/api/v1/projects/search_seeds?per_page=100&page=391"",""fetched_at"":""2026-09-23T18:41:12Z"",""cache_file"":""fe742e7dba259ebb4054cae510ee7dbca77859e3df05a59f3094d09e7d811adb.json.gz""}"
pypi.org,pkg:pypi/orjson,https://github.com/ijl/orjson,projects,80958,purl,pkg:pypi/orjson,21.21,,"{""url"":""https://science.ecosyste.ms/api/v1/projects/search_seeds?per_page=100&page=391"",""fetched_at"":""2026-09-23T18:41:12Z"",""cache_file"":""fe742e7dba259ebb4054cae510ee7dbca77859e3df05a59f3094d09e7d811adb.json.gz""}"
pypi.org,pkg:pypi/orjson,https://github.com/ijl/orjson,projects,80958,repository_url,https://github.com/ijl/orjson,21.21,,"{""url"":""https://science.ecosyste.ms/api/v1/projects/search_seeds?per_page=100&page=391"",""fetched_at"":""2026-09-23T18:41:12Z"",""cache_file"":""fe742e7dba259ebb4054cae510ee7dbca77859e3df05a59f3094d09e7d811adb.json.gz""}"
conda-forge.org,pkg:conda/holoviews?repository_url=https://conda-forge.org,https://github.com/holoviz/holoviews,projects,81028,purl,pkg:conda/holoviews?repository_url=https://conda-forge.org,21.46,,"{""url"":""https://science.ecosyste.ms/api/v1/projects/search_seeds?per_page=100&page=391"",""fetched_at"":""2026-09-23T18:41:12Z"",""cache_file"":""fe742e7dba259ebb4054cae510ee7dbca77859e3df05a59f3094d09e7d811adb.json.gz""}"
conda-forge.org,pkg:conda/holoviews?repository_url=https://conda-forge.org,https://github.com/holoviz/holoviews,projects,81028,repository_url,https://github.com/holoviz/holoviews,21.46,,"{""url"":""https://science.ecosyste.ms/api/v1/projects/search_seeds?per_page=100&page=391"",""fetched_at"":""2026-09-23T18:41:12Z"",""cache_file"":""fe742e7dba259ebb4054cae510ee7dbca77859e3df05a59f3094d09e7d811adb.json.gz""}"
juliahub.com,pkg:julia/MetaProgTools,https://github.com/madsjulia/metaprogtools.jl,projects,81228,purl,pkg:julia/MetaProgTools,31.5,,"{""url"":""https://science.ecosyste.ms/api/v1/projects/search_seeds?per_page=100&page=392"",""fetched_at"":""2026-09-23T18:41:13Z"",""cache_file"":""1dd135ca8ef86174e6d21cfa6f586b5371ac787d9cbfd2db3dfce451b00a38c7.json.gz""}"
juliahub.com,pkg:julia/MetaProgTools,https://github.com/madsjulia/metaprogtools.jl,projects,81228,repository_url,https://github.com/madsjulia/metaprogtools.jl,31.5,,"{""url"":""https://science.ecosyste.ms/api/v1/projects/search_seeds?per_page=100&page=392"",""fetched_at"":""2026-09-23T18:41:13Z"",""cache_file"":""1dd135ca8ef86174e6d21cfa6f586b5371ac787d9cbfd2db3dfce451b00a38c7.json.gz""}"
juliahub.com,pkg:julia/RobustPmap,https://github.com/madsjulia/robustpmap.jl,projects,81239,purl,pkg:julia/RobustPmap,30.67,,"{""url"":""https://science.ecosyste.ms/api/v1/projects/search_seeds?per_page=100&page=392"",""fetched_at"":""2026-09-23T18:41:13Z"",""cache_file"":""1dd135ca8ef86174e6d21cfa6f586b5371ac787d9cbfd2db3dfce451b00a38c7.json.gz""}"
juliahub.com,pkg:julia/RobustPmap,https://github.com/madsjulia/robustpmap.jl,projects,81239,repository_url,https://github.com/madsjulia/robustpmap.jl,30.67,,"{""url"":""https://science.ecosyste.ms/api/v1/projects/search_seeds?per_page=100&page=392"",""fetched_at"":""2026-09-23T18:41:13Z"",""cache_file"":""1dd135ca8ef86174e6d21cfa6f586b5371ac787d9cbfd2db3dfce451b00a38c7.json.gz""}"
juliahub.com,pkg:julia/Libz,https://github.com/biojulia/libz.jl,projects,149731,purl,pkg:julia/Libz,21.59,,"{""url"":""https://science.ecosyste.ms/api/v1/projects/search_seeds?per_page=100&page=442"",""fetched_at"":""2026-09-23T18:42:02Z"",""cache_file"":""c822c6b0d5915e7fb5b5c73e6fdbb448f4cfa9d2c8c7ce371ffac2afbbbcc631.json.gz""}"
juliahub.com,pkg:julia/Libz,https://github.com/biojulia/libz.jl,projects,149731,repository_url,https://github.com/biojulia/libz.jl,21.59,,"{""url"":""https://science.ecosyste.ms/api/v1/projects/search_seeds?per_page=100&page=442"",""fetched_at"":""2026-09-23T18:42:02Z"",""cache_file"":""c822c6b0d5915e7fb5b5c73e6fdbb448f4cfa9d2c8c7ce371ffac2afbbbcc631.json.gz""}"
juliahub.com,pkg:julia/GenomicFeatures,https://github.com/biojulia/genomicfeatures.jl,projects,149733,purl,pkg:julia/GenomicFeatures,36.67,,"{""url"":""https://science.ecosyste.ms/api/v1/projects/search_seeds?per_page=100&page=442"",""fetched_at"":""2026-09-23T18:42:02Z"",""cache_file"":""c822c6b0d5915e7fb5b5c73e6fdbb448f4cfa9d2c8c7ce371ffac2afbbbcc631.json.gz""}"
juliahub.com,pkg:julia/GenomicFeatures,https://github.com/biojulia/genomicfeatures.jl,projects,149733,repository_url,https://github.com/biojulia/genomicfeatures.jl,36.67,,"{""url"":""https://science.ecosyste.ms/api/v1/projects/search_seeds?per_page=100&page=442"",""fetched_at"":""2026-09-23T18:42:02Z"",""cache_file"":""c822c6b0d5915e7fb5b5c73e6fdbb448f4cfa9d2c8c7ce371ffac2afbbbcc631.json.gz""}"
juliahub.com,pkg:julia/BioSymbols,https://github.com/biojulia/biosymbols.jl,projects,149736,purl,pkg:julia/BioSymbols,28.0,,"{""url"":""https://science.ecosyste.ms/api/v1/projects/search_seeds?per_page=100&page=442"",""fetched_at"":""2026-09-23T18:42:02Z"",""cache_file"":""c822c6b0d5915e7fb5b5c73e6fdbb448f4cfa9d2c8c7ce371ffac2afbbbcc631.json.gz""}"
juliahub.com,pkg:julia/BioSymbols,https://github.com/biojulia/biosymbols.jl,projects,149736,repository_url,https://github.com/biojulia/biosymbols.jl,28.0,,"{""url"":""https://science.ecosyste.ms/api/v1/projects/search_seeds?per_page=100&page=442"",""fetched_at"":""2026-09-23T18:42:02Z"",""cache_file"":""c822c6b0d5915e7fb5b5c73e6fdbb448f4cfa9d2c8c7ce371ffac2afbbbcc631.json.gz""}"
juliahub.com,pkg:julia/BGZFStreams,https://github.com/biojulia/bgzfstreams.jl,projects,149737,purl,pkg:julia/BGZFStreams,22.11,,"{""url"":""https://science.ecosyste.ms/api/v1/projects/search_seeds?per_page=100&page=442"",""fetched_at"":""2026-09-23T18:42:02Z"",""cache_file"":""c822c6b0d5915e7fb5b5c73e6fdbb448f4cfa9d2c8c7ce371ffac2afbbbcc631.json.gz""}"
juliahub.com,pkg:julia/BGZFStreams,https://github.com/biojulia/bgzfstreams.jl,projects,149737,repository_url,https://github.com/biojulia/bgzfstreams.jl,22.11,,"{""url"":""https://science.ecosyste.ms/api/v1/projects/search_seeds?per_page=100&page=442"",""fetched_at"":""2026-09-23T18:42:02Z"",""cache_file"":""c822c6b0d5915e7fb5b5c73e6fdbb448f4cfa9d2c8c7ce371ffac2afbbbcc631.json.gz""}"
juliahub.com,pkg:julia/BioCore,https://github.com/biojulia/biocore.jl,projects,149738,purl,pkg:julia/BioCore,22.67,,"{""url"":""https://science.ecosyste.ms/api/v1/projects/search_seeds?per_page=100&page=442"",""fetched_at"":""2026-09-23T18:42:02Z"",""cache_file"":""c822c6b0d5915e7fb5b5c73e6fdbb448f4cfa9d2c8c7ce371ffac2afbbbcc631.json.gz""}"
juliahub.com,pkg:julia/BioCore,https://github.com/biojulia/biocore.jl,projects,149738,repository_url,https://github.com/biojulia/biocore.jl,22.67,,"{""url"":""https://science.ecosyste.ms/api/v1/projects/search_seeds?per_page=100&page=442"",""fetched_at"":""2026-09-23T18:42:02Z"",""cache_file"":""c822c6b0d5915e7fb5b5c73e6fdbb448f4cfa9d2c8c7ce371ffac2afbbbcc631.json.gz""}"
juliahub.com,pkg:julia/PolynomialRoots,https://github.com/giordano/polynomialroots.jl,projects,273983,purl,pkg:julia/PolynomialRoots,42.0,,"{""url"":""https://science.ecosyste.ms/api/v1/projects/search_seeds?per_page=100&page=492"",""fetched_at"":""2026-09-23T18:42:56Z"",""cache_file"":""6a87526eb2e8dd94b02b1fdc1349ce9d80cba90c1c5ceee30a3e7b74a8c6bd42.json.gz""}"
juliahub.com,pkg:julia/PolynomialRoots,https://github.com/giordano/polynomialroots.jl,projects,273983,repository_url,https://github.com/giordano/polynomialroots.jl,42.0,,"{""url"":""https://science.ecosyste.ms/api/v1/projects/search_seeds?per_page=100&page=492"",""fetched_at"":""2026-09-23T18:42:56Z"",""cache_file"":""6a87526eb2e8dd94b02b1fdc1349ce9d80cba90c1c5ceee30a3e7b74a8c6bd42.json.gz""}"
pypi.org,pkg:pypi/threadpoolctl,https://github.com/joblib/threadpoolctl,projects,327165,purl,pkg:pypi/threadpoolctl,21.0,,"{""url"":""https://science.ecosyste.ms/api/v1/projects/search_seeds?per_page=100&page=494"",""fetched_at"":""2026-09-23T18:42:58Z"",""cache_file"":""d9c1bb9118afaabeba194947a92e9fdec024d1ccf4faabb6d70830104f61ac8f.json.gz""}"
conda-forge.org,pkg:conda/threadpoolctl?repository_url=https://conda-forge.org,https://github.com/joblib/threadpoolctl,projects,327165,purl,pkg:conda/threadpoolctl?repository_url=https://conda-forge.org,21.0,,"{""url"":""https://science.ecosyste.ms/api/v1/projects/search_seeds?per_page=100&page=494"",""fetched_at"":""2026-09-23T18:42:58Z"",""cache_file"":""d9c1bb9118afaabeba194947a92e9fdec024d1ccf4faabb6d70830104f61ac8f.json.gz""}"
conda-forge.org,pkg:conda/threadpoolctl?repository_url=https://conda-forge.org,https://github.com/joblib/threadpoolctl,projects,327165,repository_url,https://github.com/joblib/threadpoolctl,21.0,,"{""url"":""https://science.ecosyste.ms/api/v1/projects/search_seeds?per_page=100&page=494"",""fetched_at"":""2026-09-23T18:42:58Z"",""cache_file"":""d9c1bb9118afaabeba194947a92e9fdec024d1ccf4faabb6d70830104f61ac8f.json.gz""}"
pypi.org,pkg:pypi/threadpoolctl,https://github.com/joblib/threadpoolctl,projects,327165,repository_url,https://github.com/joblib/threadpoolctl,21.0,,"{""url"":""https://science.ecosyste.ms/api/v1/projects/search_seeds?per_page=100&page=494"",""fetched_at"":""2026-09-23T18:42:58Z"",""cache_file"":""d9c1bb9118afaabeba194947a92e9fdec024d1ccf4faabb6d70830104f61ac8f.json.gz""}"
juliahub.com,pkg:julia/OnlineStatsBase,https://github.com/joshday/onlinestatsbase.jl,projects,331573,purl,pkg:julia/OnlineStatsBase,21.36,,"{""url"":""https://science.ecosyste.ms/api/v1/projects/search_seeds?per_page=100&page=495"",""fetched_at"":""2026-09-23T18:42:59Z"",""cache_file"":""8b83f0fce245e7c2f92eb63a115de77f5bcb0d809f85cc67ec3d76b988438846.json.gz""}"
juliahub.com,pkg:julia/OnlineStatsBase,https://github.com/joshday/onlinestatsbase.jl,projects,331573,repository_url,https://github.com/joshday/onlinestatsbase.jl,21.36,,"{""url"":""https://science.ecosyste.ms/api/v1/projects/search_seeds?per_page=100&page=495"",""fetched_at"":""2026-09-23T18:42:59Z"",""cache_file"":""8b83f0fce245e7c2f92eb63a115de77f5bcb0d809f85cc67ec3d76b988438846.json.gz""}"
juliahub.com,pkg:julia/UnitfulAstro,https://github.com/juliaastro/unitfulastro.jl,projects,334307,purl,pkg:julia/UnitfulAstro,28.92,,"{""url"":""https://science.ecosyste.ms/api/v1/projects/search_seeds?per_page=100&page=495"",""fetched_at"":""2026-09-23T18:42:59Z"",""cache_file"":""8b83f0fce245e7c2f92eb63a115de77f5bcb0d809f85cc67ec3d76b988438846.json.gz""}"
juliahub.com,pkg:julia/UnitfulAstro,https://github.com/juliaastro/unitfulastro.jl,projects,334307,repository_url,https://github.com/juliaastro/unitfulastro.jl,28.92,,"{""url"":""https://science.ecosyste.ms/api/v1/projects/search_seeds?per_page=100&page=495"",""fetched_at"":""2026-09-23T18:42:59Z"",""cache_file"":""8b83f0fce245e7c2f92eb63a115de77f5bcb0d809f85cc67ec3d76b988438846.json.gz""}"
juliahub.com,pkg:julia/Missings,https://github.com/juliadata/missings.jl,projects,334435,purl,pkg:julia/Missings,21.26,,"{""url"":""https://science.ecosyste.ms/api/v1/projects/search_seeds?per_page=100&page=495"",""fetched_at"":""2026-09-23T18:42:59Z"",""cache_file"":""8b83f0fce245e7c2f92eb63a115de77f5bcb0d809f85cc67ec3d76b988438846.json.gz""}"
juliahub.com,pkg:julia/Missings,https://github.com/juliadata/missings.jl,projects,334435,repository_url,https://github.com/juliadata/missings.jl,21.26,,"{""url"":""https://science.ecosyste.ms/api/v1/projects/search_seeds?per_page=100&page=495"",""fetched_at"":""2026-09-23T18:42:59Z"",""cache_file"":""8b83f0fce245e7c2f92eb63a115de77f5bcb0d809f85cc67ec3d76b988438846.json.gz""}"
juliahub.com,pkg:julia/IndexedTables,https://github.com/juliadata/indexedtables.jl,projects,334436,purl,pkg:julia/IndexedTables,21.41,,"{""url"":""https://science.ecosyste.ms/api/v1/projects/search_seeds?per_page=100&page=495"",""fetched_at"":""2026-09-23T18:42:59Z"",""cache_file"":""8b83f0fce245e7c2f92eb63a115de77f5bcb0d809f85cc67ec3d76b988438846.json.gz""}"
juliahub.com,pkg:julia/IndexedTables,https://github.com/juliadata/indexedtables.jl,projects,334436,repository_url,https://github.com/juliadata/indexedtables.jl,21.41,,"{""url"":""https://science.ecosyste.ms/api/v1/projects/search_seeds?per_page=100&page=495"",""fetched_at"":""2026-09-23T18:42:59Z"",""cache_file"":""8b83f0fce245e7c2f92eb63a115de77f5bcb0d809f85cc67ec3d76b988438846.json.gz""}"
juliahub.com,pkg:julia/DiffResults,https://github.com/juliadiff/diffresults.jl,projects,334462,purl,pkg:julia/DiffResults,27.0,,"{""url"":""https://science.ecosyste.ms/api/v1/projects/search_seeds?per_page=100&page=495"",""fetched_at"":""2026-09-23T18:42:59Z"",""cache_file"":""8b83f0fce245e7c2f92eb63a115de77f5bcb0d809f85cc67ec3d76b988438846.json.gz""}"
juliahub.com,pkg:julia/DiffResults,https://github.com/juliadiff/diffresults.jl,projects,334462,repository_url,https://github.com/juliadiff/diffresults.jl,27.0,,"{""url"":""https://science.ecosyste.ms/api/v1/projects/search_seeds?per_page=100&page=495"",""fetched_at"":""2026-09-23T18:42:59Z"",""cache_file"":""8b83f0fce245e7c2f92eb63a115de77f5bcb0d809f85cc67ec3d76b988438846.json.gz""}"
juliahub.com,pkg:julia/DualNumbers,https://github.com/juliadiff/dualnumbers.jl,projects,334468,purl,pkg:julia/DualNumbers,22.25,,"{""url"":""https://science.ecosyste.ms/api/v1/projects/search_seeds?per_page=100&page=495"",""fetched_at"":""2026-09-23T18:42:59Z"",""cache_file"":""8b83f0fce245e7c2f92eb63a115de77f5bcb0d809f85cc67ec3d76b988438846.json.gz""}"
juliahub.com,pkg:julia/DualNumbers,https://github.com/juliadiff/dualnumbers.jl,projects,334468,repository_url,https://github.com/juliadiff/dualnumbers.jl,22.25,,"{""url"":""https://science.ecosyste.ms/api/v1/projects/search_seeds?per_page=100&page=495"",""fetched_at"":""2026-09-23T18:42:59Z"",""cache_file"":""8b83f0fce245e7c2f92eb63a115de77f5bcb0d809f85cc67ec3d76b988438846.json.gz""}"
juliahub.com,pkg:julia/MetaGraphs,https://github.com/juliagraphs/metagraphs.jl,projects,334598,purl,pkg:julia/MetaGraphs,27.5,,"{""url"":""https://science.ecosyste.ms/api/v1/projects/search_seeds?per_page=100&page=495"",""fetched_at"":""2026-09-23T18:42:59Z"",""cache_file"":""8b83f0fce245e7c2f92eb63a115de77f5bcb0d809f85cc67ec3d76b988438846.json.gz""}"
juliahub.com,pkg:julia/MetaGraphs,https://github.com/juliagraphs/metagraphs.jl,projects,334598,repository_url,https://github.com/juliagraphs/metagraphs.jl,27.5,,"{""url"":""https://science.ecosyste.ms/api/v1/projects/search_seeds?per_page=100&page=495"",""fetched_at"":""2026-09-23T18:42:59Z"",""cache_file"":""8b83f0fce245e7c2f92eb63a115de77f5bcb0d809f85cc67ec3d76b988438846.json.gz""}"
juliahub.com,pkg:julia/NLSolversBase,https://github.com/julianlsolvers/nlsolversbase.jl,projects,335053,purl,pkg:julia/NLSolversBase,21.0,,"{""url"":""https://science.ecosyste.ms/api/v1/projects/search_seeds?per_page=100&page=496"",""fetched_at"":""2026-09-23T18:43:00Z"",""cache_file"":""c46cab20452df70413afbb76922a47edfa1c8bcc845f1ec358434654a7250356.json.gz""}"
juliahub.com,pkg:julia/NLSolversBase,https://github.com/julianlsolvers/nlsolversbase.jl,projects,335053,repository_url,https://github.com/julianlsolvers/nlsolversbase.jl,21.0,,"{""url"":""https://science.ecosyste.ms/api/v1/projects/search_seeds?per_page=100&page=496"",""fetched_at"":""2026-09-23T18:43:00Z"",""cache_file"":""c46cab20452df70413afbb76922a47edfa1c8bcc845f1ec358434654a7250356.json.gz""}"
juliahub.com,pkg:julia/PDMats,https://github.com/juliastats/pdmats.jl,projects,335638,purl,pkg:julia/PDMats,21.43,,"{""url"":""https://science.ecosyste.ms/api/v1/projects/search_seeds?per_page=100&page=497"",""fetched_at"":""2026-09-23T18:43:02Z"",""cache_file"":""83e225e22af341ecbfe857a7e3b9bcc8d19960f269d12a50853715346b1e5d45.json.gz""}"
juliahub.com,pkg:julia/PDMats,https://github.com/juliastats/pdmats.jl,projects,335638,repository_url,https://github.com/juliastats/pdmats.jl,21.43,,"{""url"":""https://science.ecosyste.ms/api/v1/projects/search_seeds?per_page=100&page=497"",""fetched_at"":""2026-09-23T18:43:02Z"",""cache_file"":""83e225e22af341ecbfe857a7e3b9bcc8d19960f269d12a50853715346b1e5d45.json.gz""}"
juliahub.com,pkg:julia/ECOS,https://github.com/jump-dev/ecos.jl,projects,335956,purl,pkg:julia/ECOS,21.5,,"{""url"":""https://science.ecosyste.ms/api/v1/projects/search_seeds?per_page=100&page=497"",""fetched_at"":""2026-09-23T18:43:02Z"",""cache_file"":""83e225e22af341ecbfe857a7e3b9bcc8d19960f269d12a50853715346b1e5d45.json.gz""}"
juliahub.com,pkg:julia/ECOS,https://github.com/jump-dev/ecos.jl,projects,335956,repository_url,https://github.com/jump-dev/ecos.jl,21.5,,"{""url"":""https://science.ecosyste.ms/api/v1/projects/search_seeds?per_page=100&page=497"",""fetched_at"":""2026-09-23T18:43:02Z"",""cache_file"":""83e225e22af341ecbfe857a7e3b9bcc8d19960f269d12a50853715346b1e5d45.json.gz""}"
juliahub.com,pkg:julia/Cbc,https://github.com/jump-dev/cbc.jl,projects,335957,purl,pkg:julia/Cbc,21.52,,"{""url"":""https://science.ecosyste.ms/api/v1/projects/search_seeds?per_page=100&page=497"",""fetched_at"":""2026-09-23T18:43:02Z"",""cache_file"":""83e225e22af341ecbfe857a7e3b9bcc8d19960f269d12a50853715346b1e5d45.json.gz""}"
juliahub.com,pkg:julia/Cbc,https://github.com/jump-dev/cbc.jl,projects,335957,repository_url,https://github.com/jump-dev/cbc.jl,21.52,,"{""url"":""https://science.ecosyste.ms/api/v1/projects/search_seeds?per_page=100&page=497"",""fetched_at"":""2026-09-23T18:43:02Z"",""cache_file"":""83e225e22af341ecbfe857a7e3b9bcc8d19960f269d12a50853715346b1e5d45.json.gz""}"
juliahub.com,pkg:julia/AbstractOperators,https://github.com/kul-optec/abstractoperators.jl,projects,350258,purl,pkg:julia/AbstractOperators,27.83,,"{""url"":""https://science.ecosyste.ms/api/v1/projects/search_seeds?per_page=100&page=497"",""fetched_at"":""2026-09-23T18:43:02Z"",""cache_file"":""83e225e22af341ecbfe857a7e3b9bcc8d19960f269d12a50853715346b1e5d45.json.gz""}"
juliahub.com,pkg:julia/AbstractOperators,https://github.com/kul-optec/abstractoperators.jl,projects,350258,repository_url,https://github.com/kul-optec/abstractoperators.jl,27.83,,"{""url"":""https://science.ecosyste.ms/api/v1/projects/search_seeds?per_page=100&page=497"",""fetched_at"":""2026-09-23T18:43:02Z"",""cache_file"":""83e225e22af341ecbfe857a7e3b9bcc8d19960f269d12a50853715346b1e5d45.json.gz""}"
conda-forge.org,pkg:conda/libcxxabi?repository_url=https://conda-forge.org,https://github.com/llvm/llvm-project,projects,366063,purl,pkg:conda/libcxxabi?repository_url=https://conda-forge.org,21.2,,"{""url"":""https://science.ecosyste.ms/api/v1/projects/search_seeds?per_page=100&page=498"",""fetched_at"":""2026-09-23T18:43:03Z"",""cache_file"":""34bb751134d370fdd00a0215fec931f5f61871188b67c91629fb9a1f5cc7d469.json.gz""}"
conda-forge.org,pkg:conda/libclang?repository_url=https://conda-forge.org,https://github.com/llvm/llvm-project,projects,366063,purl,pkg:conda/libclang?repository_url=https://conda-forge.org,21.2,,"{""url"":""https://science.ecosyste.ms/api/v1/projects/search_seeds?per_page=100&page=498"",""fetched_at"":""2026-09-23T18:43:03Z"",""cache_file"":""34bb751134d370fdd00a0215fec931f5f61871188b67c91629fb9a1f5cc7d469.json.gz""}"
conda-forge.org,pkg:conda/llvm-openmp?repository_url=https://conda-forge.org,https://github.com/llvm/llvm-project,projects,366063,purl,pkg:conda/llvm-openmp?repository_url=https://conda-forge.org,21.2,,"{""url"":""https://science.ecosyste.ms/api/v1/projects/search_seeds?per_page=100&page=498"",""fetched_at"":""2026-09-23T18:43:03Z"",""cache_file"":""34bb751134d370fdd00a0215fec931f5f61871188b67c91629fb9a1f5cc7d469.json.gz""}"
conda-forge.org,pkg:conda/libcxx?repository_url=https://conda-forge.org,https://github.com/llvm/llvm-project,projects,366063,purl,pkg:conda/libcxx?repository_url=https://conda-forge.org,21.2,,"{""url"":""https://science.ecosyste.ms/api/v1/projects/search_seeds?per_page=100&page=498"",""fetched_at"":""2026-09-23T18:43:03Z"",""cache_file"":""34bb751134d370fdd00a0215fec931f5f61871188b67c91629fb9a1f5cc7d469.json.gz""}"
conda-forge.org,pkg:conda/libclang?repository_url=https://conda-forge.org,https://github.com/llvm/llvm-project,projects,366063,repository_url,https://github.com/llvm/llvm-project,21.2,,"{""url"":""https://science.ecosyste.ms/api/v1/projects/search_seeds?per_page=100&page=498"",""fetched_at"":""2026-09-23T18:43:03Z"",""cache_file"":""34bb751134d370fdd00a0215fec931f5f61871188b67c91629fb9a1f5cc7d469.json.gz""}"
conda-forge.org,pkg:conda/libcxx?repository_url=https://conda-forge.org,https://github.com/llvm/llvm-project,projects,366063,repository_url,https://github.com/llvm/llvm-project,21.2,,"{""url"":""https://science.ecosyste.ms/api/v1/projects/search_seeds?per_page=100&page=498"",""fetched_at"":""2026-09-23T18:43:03Z"",""cache_file"":""34bb751134d370fdd00a0215fec931f5f61871188b67c91629fb9a1f5cc7d469.json.gz""}"
conda-forge.org,pkg:conda/libcxxabi?repository_url=https://conda-forge.org,https://github.com/llvm/llvm-project,projects,366063,repository_url,https://github.com/llvm/llvm-project,21.2,,"{""url"":""https://science.ecosyste.ms/api/v1/projects/search_seeds?per_page=100&page=498"",""fetched_at"":""2026-09-23T18:43:03Z"",""cache_file"":""34bb751134d370fdd00a0215fec931f5f61871188b67c91629fb9a1f5cc7d469.json.gz""}"
conda-forge.org,pkg:conda/llvm-openmp?repository_url=https://conda-forge.org,https://github.com/llvm/llvm-project,projects,366063,repository_url,https://github.com/llvm/llvm-project,21.2,,"{""url"":""https://science.ecosyste.ms/api/v1/projects/search_seeds?per_page=100&page=498"",""fetched_at"":""2026-09-23T18:43:03Z"",""cache_file"":""34bb751134d370fdd00a0215fec931f5f61871188b67c91629fb9a1f5cc7d469.json.gz""}"
formulae.brew.sh,pkg:brew/libomp,https://github.com/llvm/llvm-project,projects,366063,repository_url,https://github.com/llvm/llvm-project,21.2,,"{""url"":""https://science.ecosyste.ms/api/v1/projects/search_seeds?per_page=100&page=498"",""fetched_at"":""2026-09-23T18:43:03Z"",""cache_file"":""34bb751134d370fdd00a0215fec931f5f61871188b67c91629fb9a1f5cc7d469.json.gz""}"
formulae.brew.sh,pkg:brew/llvm,https://github.com/llvm/llvm-project,projects,366063,repository_url,https://github.com/llvm/llvm-project,21.2,,"{""url"":""https://science.ecosyste.ms/api/v1/projects/search_seeds?per_page=100&page=498"",""fetched_at"":""2026-09-23T18:43:03Z"",""cache_file"":""34bb751134d370fdd00a0215fec931f5f61871188b67c91629fb9a1f5cc7d469.json.gz""}"
proxy.golang.org,pkg:golang/k8s.io/kubernetes,https://github.com/kubernetes/kubernetes,projects,811109,purl,pkg:golang/k8s.io/kubernetes,21.07,,"{""url"":""https://science.ecosyste.ms/api/v1/projects/search_seeds?per_page=100&page=502"",""fetched_at"":""2026-09-23T18:43:09Z"",""cache_file"":""26f1d35ddd2c1e2a0096e8697855bca3d7df0798a991d153a64eb26ac57b16ef.json.gz""}"
formulae.brew.sh,pkg:brew/kubernetes-cli,https://github.com/kubernetes/kubernetes,projects,811109,repository_url,https://github.com/kubernetes/kubernetes,21.07,,"{""url"":""https://science.ecosyste.ms/api/v1/projects/search_seeds?per_page=100&page=502"",""fetched_at"":""2026-09-23T18:43:09Z"",""cache_file"":""26f1d35ddd2c1e2a0096e8697855bca3d7df0798a991d153a64eb26ac57b16ef.json.gz""}"
proxy.golang.org,pkg:golang/k8s.io/kubernetes,https://github.com/kubernetes/kubernetes,projects,811109,repository_url,https://github.com/kubernetes/kubernetes,21.07,,"{""url"":""https://science.ecosyste.ms/api/v1/projects/search_seeds?per_page=100&page=502"",""fetched_at"":""2026-09-23T18:43:09Z"",""cache_file"":""26f1d35ddd2c1e2a0096e8697855bca3d7df0798a991d153a64eb26ac57b16ef.json.gz""}"
formulae.brew.sh,pkg:brew/mysql,https://github.com/mysql/mysql-server,projects,811127,purl,pkg:brew/mysql,21.0,,"{""url"":""https://science.ecosyste.ms/api/v1/projects/search_seeds?per_page=100&page=502"",""fetched_at"":""2026-09-23T18:43:09Z"",""cache_file"":""26f1d35ddd2c1e2a0096e8697855bca3d7df0798a991d153a64eb26ac57b16ef.json.gz""}"
formulae.brew.sh,pkg:brew/mysql-client,https://github.com/mysql/mysql-server,projects,811127,purl,pkg:brew/mysql-client,21.0,,"{""url"":""https://science.ecosyste.ms/api/v1/projects/search_seeds?per_page=100&page=502"",""fetched_at"":""2026-09-23T18:43:09Z"",""cache_file"":""26f1d35ddd2c1e2a0096e8697855bca3d7df0798a991d153a64eb26ac57b16ef.json.gz""}"
formulae.brew.sh,pkg:brew/mysql,https://github.com/mysql/mysql-server,projects,811127,repository_url,https://github.com/mysql/mysql-server,21.0,,"{""url"":""https://science.ecosyste.ms/api/v1/projects/search_seeds?per_page=100&page=502"",""fetched_at"":""2026-09-23T18:43:09Z"",""cache_file"":""26f1d35ddd2c1e2a0096e8697855bca3d7df0798a991d153a64eb26ac57b16ef.json.gz""}"
formulae.brew.sh,pkg:brew/mysql-client,https://github.com/mysql/mysql-server,projects,811127,repository_url,https://github.com/mysql/mysql-server,21.0,,"{""url"":""https://science.ecosyste.ms/api/v1/projects/search_seeds?per_page=100&page=502"",""fetched_at"":""2026-09-23T18:43:09Z"",""cache_file"":""26f1d35ddd2c1e2a0096e8697855bca3d7df0798a991d153a64eb26ac57b16ef.json.gz""}"
cran.r-project.org,pkg:cran/yaml,https://github.com/r-lib/yaml,projects,819062,purl,pkg:cran/yaml,34.71,,"{""url"":""https://science.ecosyste.ms/api/v1/projects/search_seeds?per_page=100&page=502"",""fetched_at"":""2026-09-23T18:43:09Z"",""cache_file"":""26f1d35ddd2c1e2a0096e8697855bca3d7df0798a991d153a64eb26ac57b16ef.json.gz""}"
cran.r-project.org,pkg:cran/yaml,https://github.com/r-lib/yaml,projects,819062,repository_url,https://github.com/r-lib/yaml,34.71,,"{""url"":""https://science.ecosyste.ms/api/v1/projects/search_seeds?per_page=100&page=502"",""fetched_at"":""2026-09-23T18:43:09Z"",""cache_file"":""26f1d35ddd2c1e2a0096e8697855bca3d7df0798a991d153a64eb26ac57b16ef.json.gz""}"
cran.r-project.org,pkg:cran/yaml,https://github.com/r-lib/yaml,projects,819062,repository_alias,https://github.com/r-lib/yaml,34.71,,"{""url"":""https://science.ecosyste.ms/api/v1/projects/search_seeds?per_page=100&page=502"",""fetched_at"":""2026-09-23T18:43:09Z"",""cache_file"":""26f1d35ddd2c1e2a0096e8697855bca3d7df0798a991d153a64eb26ac57b16ef.json.gz""}"
cran.r-project.org,pkg:cran/maps,https://github.com/adeckmyn/maps,projects,819063,purl,pkg:cran/maps,20.0,,"{""url"":""https://science.ecosyste.ms/api/v1/projects/search_seeds?per_page=100&page=502"",""fetched_at"":""2026-09-23T18:43:09Z"",""cache_file"":""26f1d35ddd2c1e2a0096e8697855bca3d7df0798a991d153a64eb26ac57b16ef.json.gz""}"
cran.r-project.org,pkg:cran/maps,https://github.com/adeckmyn/maps,projects,819063,repository_url,https://github.com/adeckmyn/maps,20.0,,"{""url"":""https://science.ecosyste.ms/api/v1/projects/search_seeds?per_page=100&page=502"",""fetched_at"":""2026-09-23T18:43:09Z"",""cache_file"":""26f1d35ddd2c1e2a0096e8697855bca3d7df0798a991d153a64eb26ac57b16ef.json.gz""}"
cran.r-project.org,pkg:cran/checkmate,https://github.com/mllg/checkmate,projects,819065,purl,pkg:cran/checkmate,47.0,,"{""url"":""https://science.ecosyste.ms/api/v1/projects/search_seeds?per_page=100&page=502"",""fetched_at"":""2026-09-23T18:43:09Z"",""cache_file"":""26f1d35ddd2c1e2a0096e8697855bca3d7df0798a991d153a64eb26ac57b16ef.json.gz""}"
cran.r-project.org,pkg:cran/checkmate,https://github.com/mllg/checkmate,projects,819065,repository_url,https://github.com/mllg/checkmate,47.0,,"{""url"":""https://science.ecosyste.ms/api/v1/projects/search_seeds?per_page=100&page=502"",""fetched_at"":""2026-09-23T18:43:09Z"",""cache_file"":""26f1d35ddd2c1e2a0096e8697855bca3d7df0798a991d153a64eb26ac57b16ef.json.gz""}"
cran.r-project.org,pkg:cran/ggpubr,https://github.com/kassambara/ggpubr,projects,819068,purl,pkg:cran/ggpubr,35.67,,"{""url"":""https://science.ecosyste.ms/api/v1/projects/search_seeds?per_page=100&page=502"",""fetched_at"":""2026-09-23T18:43:09Z"",""cache_file"":""26f1d35ddd2c1e2a0096e8697855bca3d7df0798a991d153a64eb26ac57b16ef.json.gz""}"
cran.r-project.org,pkg:cran/ggpubr,https://github.com/kassambara/ggpubr,projects,819068,repository_url,https://github.com/kassambara/ggpubr,35.67,,"{""url"":""https://science.ecosyste.ms/api/v1/projects/search_seeds?per_page=100&page=502"",""fetched_at"":""2026-09-23T18:43:09Z"",""cache_file"":""26f1d35ddd2c1e2a0096e8697855bca3d7df0798a991d153a64eb26ac57b16ef.json.gz""}"
cran.r-project.org,pkg:cran/callr,https://github.com/r-lib/callr,projects,819071,purl,pkg:cran/callr,34.23,,"{""url"":""https://science.ecosyste.ms/api/v1/projects/search_seeds?per_page=100&page=502"",""fetched_at"":""2026-09-23T18:43:09Z"",""cache_file"":""26f1d35ddd2c1e2a0096e8697855bca3d7df0798a991d153a64eb26ac57b16ef.json.gz""}"
cran.r-project.org,pkg:cran/callr,https://github.com/r-lib/callr,projects,819071,repository_url,https://github.com/r-lib/callr,34.23,,"{""url"":""https://science.ecosyste.ms/api/v1/projects/search_seeds?per_page=100&page=502"",""fetched_at"":""2026-09-23T18:43:09Z"",""cache_file"":""26f1d35ddd2c1e2a0096e8697855bca3d7df0798a991d153a64eb26ac57b16ef.json.gz""}"
cran.r-project.org,pkg:cran/pkgload,https://github.com/r-lib/pkgload,projects,819072,purl,pkg:cran/pkgload,21.59,,"{""url"":""https://science.ecosyste.ms/api/v1/projects/search_seeds?per_page=100&page=502"",""fetched_at"":""2026-09-23T18:43:09Z"",""cache_file"":""26f1d35ddd2c1e2a0096e8697855bca3d7df0798a991d153a64eb26ac57b16ef.json.gz""}"
cran.r-project.org,pkg:cran/pkgload,https://github.com/r-lib/pkgload,projects,819072,repository_url,https://github.com/r-lib/pkgload,21.59,,"{""url"":""https://science.ecosyste.ms/api/v1/projects/search_seeds?per_page=100&page=502"",""fetched_at"":""2026-09-23T18:43:09Z"",""cache_file"":""26f1d35ddd2c1e2a0096e8697855bca3d7df0798a991d153a64eb26ac57b16ef.json.gz""}"
cran.r-project.org,pkg:cran/terra,https://github.com/rspatial/terra,projects,819075,purl,pkg:cran/terra,37.07,,"{""url"":""https://science.ecosyste.ms/api/v1/projects/search_seeds?per_page=100&page=502"",""fetched_at"":""2026-09-23T18:43:09Z"",""cache_file"":""26f1d35ddd2c1e2a0096e8697855bca3d7df0798a991d153a64eb26ac57b16ef.json.gz""}"
cran.r-project.org,pkg:cran/terra,https://github.com/rspatial/terra,projects,819075,repository_url,https://github.com/rspatial/terra,37.07,,"{""url"":""https://science.ecosyste.ms/api/v1/projects/search_seeds?per_page=100&page=502"",""fetched_at"":""2026-09-23T18:43:09Z"",""cache_file"":""26f1d35ddd2c1e2a0096e8697855bca3d7df0798a991d153a64eb26ac57b16ef.json.gz""}"
cran.r-project.org,pkg:cran/pillar,https://github.com/r-lib/pillar,projects,819076,purl,pkg:cran/pillar,21.2,,"{""url"":""https://science.ecosyste.ms/api/v1/projects/search_seeds?per_page=100&page=502"",""fetched_at"":""2026-09-23T18:43:09Z"",""cache_file"":""26f1d35ddd2c1e2a0096e8697855bca3d7df0798a991d153a64eb26ac57b16ef.json.gz""}"
cran.r-project.org,pkg:cran/pillar,https://github.com/r-lib/pillar,projects,819076,repository_url,https://github.com/r-lib/pillar,21.2,,"{""url"":""https://science.ecosyste.ms/api/v1/projects/search_seeds?per_page=100&page=502"",""fetched_at"":""2026-09-23T18:43:09Z"",""cache_file"":""26f1d35ddd2c1e2a0096e8697855bca3d7df0798a991d153a64eb26ac57b16ef.json.gz""}"
cran.r-project.org,pkg:cran/bslib,https://github.com/rstudio/bslib,projects,819078,purl,pkg:cran/bslib,34.5,,"{""url"":""https://science.ecosyste.ms/api/v1/projects/search_seeds?per_page=100&page=502"",""fetched_at"":""2026-09-23T18:43:09Z"",""cache_file"":""26f1d35ddd2c1e2a0096e8697855bca3d7df0798a991d153a64eb26ac57b16ef.json.gz""}"
cran.r-project.org,pkg:cran/bslib,https://github.com/rstudio/bslib,projects,819078,repository_url,https://github.com/rstudio/bslib,34.5,,"{""url"":""https://science.ecosyste.ms/api/v1/projects/search_seeds?per_page=100&page=502"",""fetched_at"":""2026-09-23T18:43:09Z"",""cache_file"":""26f1d35ddd2c1e2a0096e8697855bca3d7df0798a991d153a64eb26ac57b16ef.json.gz""}"
cran.r-project.org,pkg:cran/units,https://github.com/r-quantities/units,projects,819079,purl,pkg:cran/units,34.87,,"{""url"":""https://science.ecosyste.ms/api/v1/projects/search_seeds?per_page=100&page=502"",""fetched_at"":""2026-09-23T18:43:09Z"",""cache_file"":""26f1d35ddd2c1e2a0096e8697855bca3d7df0798a991d153a64eb26ac57b16ef.json.gz""}"
cran.r-project.org,pkg:cran/units,https://github.com/r-quantities/units,projects,819079,repository_url,https://github.com/r-quantities/units,34.87,,"{""url"":""https://science.ecosyste.ms/api/v1/projects/search_seeds?per_page=100&page=502"",""fetched_at"":""2026-09-23T18:43:09Z"",""cache_file"":""26f1d35ddd2c1e2a0096e8697855bca3d7df0798a991d153a64eb26ac57b16ef.json.gz""}"
cran.r-project.org,pkg:cran/sessioninfo,https://github.com/r-lib/sessioninfo,projects,819082,purl,pkg:cran/sessioninfo,21.0,,"{""url"":""https://science.ecosyste.ms/api/v1/projects/search_seeds?per_page=100&page=502"",""fetched_at"":""2026-09-23T18:43:09Z"",""cache_file"":""26f1d35ddd2c1e2a0096e8697855bca3d7df0798a991d153a64eb26ac57b16ef.json.gz""}"
cran.r-project.org,pkg:cran/sessioninfo,https://github.com/r-lib/sessioninfo,projects,819082,repository_url,https://github.com/r-lib/sessioninfo,21.0,,"{""url"":""https://science.ecosyste.ms/api/v1/projects/search_seeds?per_page=100&page=502"",""fetched_at"":""2026-09-23T18:43:09Z"",""cache_file"":""26f1d35ddd2c1e2a0096e8697855bca3d7df0798a991d153a64eb26ac57b16ef.json.gz""}"
cran.r-project.org,pkg:cran/clipr,https://github.com/mdlincoln/clipr,projects,819083,purl,pkg:cran/clipr,34.83,,"{""url"":""https://science.ecosyste.ms/api/v1/projects/search_seeds?per_page=100&page=502"",""fetched_at"":""2026-09-23T18:43:09Z"",""cache_file"":""26f1d35ddd2c1e2a0096e8697855bca3d7df0798a991d153a64eb26ac57b16ef.json.gz""}"
cran.r-project.org,pkg:cran/clipr,https://github.com/mdlincoln/clipr,projects,819083,repository_url,https://github.com/mdlincoln/clipr,34.83,,"{""url"":""https://science.ecosyste.ms/api/v1/projects/search_seeds?per_page=100&page=502"",""fetched_at"":""2026-09-23T18:43:09Z"",""cache_file"":""26f1d35ddd2c1e2a0096e8697855bca3d7df0798a991d153a64eb26ac57b16ef.json.gz""}"
cran.r-project.org,pkg:cran/gh,https://github.com/r-lib/gh,projects,819088,purl,pkg:cran/gh,21.56,,"{""url"":""https://science.ecosyste.ms/api/v1/projects/search_seeds?per_page=100&page=502"",""fetched_at"":""2026-09-23T18:43:09Z"",""cache_file"":""26f1d35ddd2c1e2a0096e8697855bca3d7df0798a991d153a64eb26ac57b16ef.json.gz""}"
cran.r-project.org,pkg:cran/gh,https://github.com/r-lib/gh,projects,819088,repository_url,https://github.com/r-lib/gh,21.56,,"{""url"":""https://science.ecosyste.ms/api/v1/projects/search_seeds?per_page=100&page=502"",""fetched_at"":""2026-09-23T18:43:09Z"",""cache_file"":""26f1d35ddd2c1e2a0096e8697855bca3d7df0798a991d153a64eb26ac57b16ef.json.gz""}"
cran.r-project.org,pkg:cran/googlesheets4,https://github.com/tidyverse/googlesheets4,projects,819100,purl,pkg:cran/googlesheets4,21.71,,"{""url"":""https://science.ecosyste.ms/api/v1/projects/search_seeds?per_page=100&page=502"",""fetched_at"":""2026-09-23T18:43:09Z"",""cache_file"":""26f1d35ddd2c1e2a0096e8697855bca3d7df0798a991d153a64eb26ac57b16ef.json.gz""}"
cran.r-project.org,pkg:cran/googlesheets4,https://github.com/tidyverse/googlesheets4,projects,819100,repository_url,https://github.com/tidyverse/googlesheets4,21.71,,"{""url"":""https://science.ecosyste.ms/api/v1/projects/search_seeds?per_page=100&page=502"",""fetched_at"":""2026-09-23T18:43:09Z"",""cache_file"":""26f1d35ddd2c1e2a0096e8697855bca3d7df0798a991d153a64eb26ac57b16ef.json.gz""}"
cran.r-project.org,pkg:cran/promises,https://github.com/rstudio/promises,projects,819101,purl,pkg:cran/promises,21.0,,"{""url"":""https://science.ecosyste.ms/api/v1/projects/search_seeds?per_page=100&page=502"",""fetched_at"":""2026-09-23T18:43:09Z"",""cache_file"":""26f1d35ddd2c1e2a0096e8697855bca3d7df0798a991d153a64eb26ac57b16ef.json.gz""}"
cran.r-project.org,pkg:cran/promises,https://github.com/rstudio/promises,projects,819101,repository_url,https://github.com/rstudio/promises,21.0,,"{""url"":""https://science.ecosyste.ms/api/v1/projects/search_seeds?per_page=100&page=502"",""fetched_at"":""2026-09-23T18:43:09Z"",""cache_file"":""26f1d35ddd2c1e2a0096e8697855bca3d7df0798a991d153a64eb26ac57b16ef.json.gz""}"
cran.r-project.org,pkg:cran/ini,https://github.com/dvdscripter/ini,projects,819104,purl,pkg:cran/ini,21.0,,"{""url"":""https://science.ecosyste.ms/api/v1/projects/search_seeds?per_page=100&page=502"",""fetched_at"":""2026-09-23T18:43:09Z"",""cache_file"":""26f1d35ddd2c1e2a0096e8697855bca3d7df0798a991d153a64eb26ac57b16ef.json.gz""}"
cran.r-project.org,pkg:cran/ini,https://github.com/dvdscripter/ini,projects,819104,repository_url,https://github.com/dvdscripter/ini,21.0,,"{""url"":""https://science.ecosyste.ms/api/v1/projects/search_seeds?per_page=100&page=502"",""fetched_at"":""2026-09-23T18:43:09Z"",""cache_file"":""26f1d35ddd2c1e2a0096e8697855bca3d7df0798a991d153a64eb26ac57b16ef.json.gz""}"
cran.r-project.org,pkg:cran/downlit,https://github.com/r-lib/downlit,projects,819105,purl,pkg:cran/downlit,34.0,,"{""url"":""https://science.ecosyste.ms/api/v1/projects/search_seeds?per_page=100&page=502"",""fetched_at"":""2026-09-23T18:43:09Z"",""cache_file"":""26f1d35ddd2c1e2a0096e8697855bca3d7df0798a991d153a64eb26ac57b16ef.json.gz""}"
cran.r-project.org,pkg:cran/downlit,https://github.com/r-lib/downlit,projects,819105,repository_url,https://github.com/r-lib/downlit,34.0,,"{""url"":""https://science.ecosyste.ms/api/v1/projects/search_seeds?per_page=100&page=502"",""fetched_at"":""2026-09-23T18:43:09Z"",""cache_file"":""26f1d35ddd2c1e2a0096e8697855bca3d7df0798a991d153a64eb26ac57b16ef.json.gz""}"
cran.r-project.org,pkg:cran/ragg,https://github.com/r-lib/ragg,projects,819106,purl,pkg:cran/ragg,34.28,,"{""url"":""https://science.ecosyste.ms/api/v1/projects/search_seeds?per_page=100&page=502"",""fetched_at"":""2026-09-23T18:43:09Z"",""cache_file"":""26f1d35ddd2c1e2a0096e8697855bca3d7df0798a991d153a64eb26ac57b16ef.json.gz""}"
cran.r-project.org,pkg:cran/ragg,https://github.com/r-lib/ragg,projects,819106,repository_url,https://github.com/r-lib/ragg,34.28,,"{""url"":""https://science.ecosyste.ms/api/v1/projects/search_seeds?per_page=100&page=502"",""fetched_at"":""2026-09-23T18:43:09Z"",""cache_file"":""26f1d35ddd2c1e2a0096e8697855bca3d7df0798a991d153a64eb26ac57b16ef.json.gz""}"
cran.r-project.org,pkg:cran/recipes,https://github.com/tidymodels/recipes,projects,819107,purl,pkg:cran/recipes,34.72,,"{""url"":""https://science.ecosyste.ms/api/v1/projects/search_seeds?per_page=100&page=502"",""fetched_at"":""2026-09-23T18:43:09Z"",""cache_file"":""26f1d35ddd2c1e2a0096e8697855bca3d7df0798a991d153a64eb26ac57b16ef.json.gz""}"
cran.r-project.org,pkg:cran/recipes,https://github.com/tidymodels/recipes,projects,819107,repository_url,https://github.com/tidymodels/recipes,34.72,,"{""url"":""https://science.ecosyste.ms/api/v1/projects/search_seeds?per_page=100&page=502"",""fetched_at"":""2026-09-23T18:43:09Z"",""cache_file"":""26f1d35ddd2c1e2a0096e8697855bca3d7df0798a991d153a64eb26ac57b16ef.json.gz""}"
cran.r-project.org,pkg:cran/renv,https://github.com/rstudio/renv,projects,819109,purl,pkg:cran/renv,34.25,,"{""url"":""https://science.ecosyste.ms/api/v1/projects/search_seeds?per_page=100&page=503"",""fetched_at"":""2026-09-23T18:43:10Z"",""cache_file"":""f6203f2ad6e52104dd2def8a00e5027403c6945a9a50f1989cacc0984ff32fa4.json.gz""}"
cran.r-project.org,pkg:cran/renv,https://github.com/rstudio/renv,projects,819109,repository_url,https://github.com/rstudio/renv,34.25,,"{""url"":""https://science.ecosyste.ms/api/v1/projects/search_seeds?per_page=100&page=503"",""fetched_at"":""2026-09-23T18:43:10Z"",""cache_file"":""f6203f2ad6e52104dd2def8a00e5027403c6945a9a50f1989cacc0984ff32fa4.json.gz""}"
cran.r-project.org,pkg:cran/httr2,https://github.com/r-lib/httr2,projects,819113,purl,pkg:cran/httr2,21.22,,"{""url"":""https://science.ecosyste.ms/api/v1/projects/search_seeds?per_page=100&page=503"",""fetched_at"":""2026-09-23T18:43:10Z"",""cache_file"":""f6203f2ad6e52104dd2def8a00e5027403c6945a9a50f1989cacc0984ff32fa4.json.gz""}"
cran.r-project.org,pkg:cran/httr2,https://github.com/r-lib/httr2,projects,819113,repository_url,https://github.com/r-lib/httr2,21.22,,"{""url"":""https://science.ecosyste.ms/api/v1/projects/search_seeds?per_page=100&page=503"",""fetched_at"":""2026-09-23T18:43:10Z"",""cache_file"":""f6203f2ad6e52104dd2def8a00e5027403c6945a9a50f1989cacc0984ff32fa4.json.gz""}"
cran.r-project.org,pkg:cran/ellipsis,https://github.com/r-lib/ellipsis,projects,819118,purl,pkg:cran/ellipsis,21.0,,"{""url"":""https://science.ecosyste.ms/api/v1/projects/search_seeds?per_page=100&page=503"",""fetched_at"":""2026-09-23T18:43:10Z"",""cache_file"":""f6203f2ad6e52104dd2def8a00e5027403c6945a9a50f1989cacc0984ff32fa4.json.gz""}"
cran.r-project.org,pkg:cran/ellipsis,https://github.com/r-lib/ellipsis,projects,819118,repository_url,https://github.com/r-lib/ellipsis,21.0,,"{""url"":""https://science.ecosyste.ms/api/v1/projects/search_seeds?per_page=100&page=503"",""fetched_at"":""2026-09-23T18:43:10Z"",""cache_file"":""f6203f2ad6e52104dd2def8a00e5027403c6945a9a50f1989cacc0984ff32fa4.json.gz""}"
cran.r-project.org,pkg:cran/sass,https://github.com/rstudio/sass,projects,819121,purl,pkg:cran/sass,34.0,,"{""url"":""https://science.ecosyste.ms/api/v1/projects/search_seeds?per_page=100&page=503"",""fetched_at"":""2026-09-23T18:43:10Z"",""cache_file"":""f6203f2ad6e52104dd2def8a00e5027403c6945a9a50f1989cacc0984ff32fa4.json.gz""}"
cran.r-project.org,pkg:cran/sass,https://github.com/rstudio/sass,projects,819121,repository_url,https://github.com/rstudio/sass,34.0,,"{""url"":""https://science.ecosyste.ms/api/v1/projects/search_seeds?per_page=100&page=503"",""fetched_at"":""2026-09-23T18:43:10Z"",""cache_file"":""f6203f2ad6e52104dd2def8a00e5027403c6945a9a50f1989cacc0984ff32fa4.json.gz""}"
cran.r-project.org,pkg:cran/googledrive,https://github.com/tidyverse/googledrive,projects,819123,purl,pkg:cran/googledrive,21.63,,"{""url"":""https://science.ecosyste.ms/api/v1/projects/search_seeds?per_page=100&page=503"",""fetched_at"":""2026-09-23T18:43:10Z"",""cache_file"":""f6203f2ad6e52104dd2def8a00e5027403c6945a9a50f1989cacc0984ff32fa4.json.gz""}"
cran.r-project.org,pkg:cran/googledrive,https://github.com/tidyverse/googledrive,projects,819123,repository_url,https://github.com/tidyverse/googledrive,21.63,,"{""url"":""https://science.ecosyste.ms/api/v1/projects/search_seeds?per_page=100&page=503"",""fetched_at"":""2026-09-23T18:43:10Z"",""cache_file"":""f6203f2ad6e52104dd2def8a00e5027403c6945a9a50f1989cacc0984ff32fa4.json.gz""}"
cran.r-project.org,pkg:cran/dtplyr,https://github.com/tidyverse/dtplyr,projects,819127,purl,pkg:cran/dtplyr,21.37,,"{""url"":""https://science.ecosyste.ms/api/v1/projects/search_seeds?per_page=100&page=503"",""fetched_at"":""2026-09-23T18:43:10Z"",""cache_file"":""f6203f2ad6e52104dd2def8a00e5027403c6945a9a50f1989cacc0984ff32fa4.json.gz""}"
cran.r-project.org,pkg:cran/dtplyr,https://github.com/tidyverse/dtplyr,projects,819127,repository_url,https://github.com/tidyverse/dtplyr,21.37,,"{""url"":""https://science.ecosyste.ms/api/v1/projects/search_seeds?per_page=100&page=503"",""fetched_at"":""2026-09-23T18:43:10Z"",""cache_file"":""f6203f2ad6e52104dd2def8a00e5027403c6945a9a50f1989cacc0984ff32fa4.json.gz""}"
cran.r-project.org,pkg:cran/pkgbuild,https://github.com/r-lib/pkgbuild,projects,819130,purl,pkg:cran/pkgbuild,21.0,,"{""url"":""https://science.ecosyste.ms/api/v1/projects/search_seeds?per_page=100&page=503"",""fetched_at"":""2026-09-23T18:43:10Z"",""cache_file"":""f6203f2ad6e52104dd2def8a00e5027403c6945a9a50f1989cacc0984ff32fa4.json.gz""}"
cran.r-project.org,pkg:cran/pkgbuild,https://github.com/r-lib/pkgbuild,projects,819130,repository_url,https://github.com/r-lib/pkgbuild,21.0,,"{""url"":""https://science.ecosyste.ms/api/v1/projects/search_seeds?per_page=100&page=503"",""fetched_at"":""2026-09-23T18:43:10Z"",""cache_file"":""f6203f2ad6e52104dd2def8a00e5027403c6945a9a50f1989cacc0984ff32fa4.json.gz""}"
cran.r-project.org,pkg:cran/keyring,https://github.com/r-lib/keyring,projects,819142,purl,pkg:cran/keyring,21.25,,"{""url"":""https://science.ecosyste.ms/api/v1/projects/search_seeds?per_page=100&page=503"",""fetched_at"":""2026-09-23T18:43:10Z"",""cache_file"":""f6203f2ad6e52104dd2def8a00e5027403c6945a9a50f1989cacc0984ff32fa4.json.gz""}"
cran.r-project.org,pkg:cran/keyring,https://github.com/r-lib/keyring,projects,819142,repository_url,https://github.com/r-lib/keyring,21.25,,"{""url"":""https://science.ecosyste.ms/api/v1/projects/search_seeds?per_page=100&page=503"",""fetched_at"":""2026-09-23T18:43:10Z"",""cache_file"":""f6203f2ad6e52104dd2def8a00e5027403c6945a9a50f1989cacc0984ff32fa4.json.gz""}"
cran.r-project.org,pkg:cran/crosstalk,https://github.com/rstudio/crosstalk,projects,819144,purl,pkg:cran/crosstalk,34.0,,"{""url"":""https://science.ecosyste.ms/api/v1/projects/search_seeds?per_page=100&page=503"",""fetched_at"":""2026-09-23T18:43:10Z"",""cache_file"":""f6203f2ad6e52104dd2def8a00e5027403c6945a9a50f1989cacc0984ff32fa4.json.gz""}"
cran.r-project.org,pkg:cran/crosstalk,https://github.com/rstudio/crosstalk,projects,819144,repository_url,https://github.com/rstudio/crosstalk,34.0,,"{""url"":""https://science.ecosyste.ms/api/v1/projects/search_seeds?per_page=100&page=503"",""fetched_at"":""2026-09-23T18:43:10Z"",""cache_file"":""f6203f2ad6e52104dd2def8a00e5027403c6945a9a50f1989cacc0984ff32fa4.json.gz""}"
cran.r-project.org,pkg:cran/tzdb,https://github.com/r-lib/tzdb,projects,819148,purl,pkg:cran/tzdb,21.0,,"{""url"":""https://science.ecosyste.ms/api/v1/projects/search_seeds?per_page=100&page=503"",""fetched_at"":""2026-09-23T18:43:10Z"",""cache_file"":""f6203f2ad6e52104dd2def8a00e5027403c6945a9a50f1989cacc0984ff32fa4.json.gz""}"
cran.r-project.org,pkg:cran/tzdb,https://github.com/r-lib/tzdb,projects,819148,repository_url,https://github.com/r-lib/tzdb,21.0,,"{""url"":""https://science.ecosyste.ms/api/v1/projects/search_seeds?per_page=100&page=503"",""fetched_at"":""2026-09-23T18:43:10Z"",""cache_file"":""f6203f2ad6e52104dd2def8a00e5027403c6945a9a50f1989cacc0984ff32fa4.json.gz""}"
cran.r-project.org,pkg:cran/fansi,https://github.com/brodieg/fansi,projects,819152,purl,pkg:cran/fansi,28.0,,"{""url"":""https://science.ecosyste.ms/api/v1/projects/search_seeds?per_page=100&page=503"",""fetched_at"":""2026-09-23T18:43:10Z"",""cache_file"":""f6203f2ad6e52104dd2def8a00e5027403c6945a9a50f1989cacc0984ff32fa4.json.gz""}"
cran.r-project.org,pkg:cran/fansi,https://github.com/brodieg/fansi,projects,819152,repository_url,https://github.com/brodieg/fansi,28.0,,"{""url"":""https://science.ecosyste.ms/api/v1/projects/search_seeds?per_page=100&page=503"",""fetched_at"":""2026-09-23T18:43:10Z"",""cache_file"":""f6203f2ad6e52104dd2def8a00e5027403c6945a9a50f1989cacc0984ff32fa4.json.gz""}"
cran.r-project.org,pkg:cran/utf8,https://github.com/krlmlr/utf8,projects,819157,purl,pkg:cran/utf8,34.0,,"{""url"":""https://science.ecosyste.ms/api/v1/projects/search_seeds?per_page=100&page=503"",""fetched_at"":""2026-09-23T18:43:10Z"",""cache_file"":""f6203f2ad6e52104dd2def8a00e5027403c6945a9a50f1989cacc0984ff32fa4.json.gz""}"
cran.r-project.org,pkg:cran/utf8,https://github.com/krlmlr/utf8,projects,819157,repository_url,https://github.com/krlmlr/utf8,34.0,,"{""url"":""https://science.ecosyste.ms/api/v1/projects/search_seeds?per_page=100&page=503"",""fetched_at"":""2026-09-23T18:43:10Z"",""cache_file"":""f6203f2ad6e52104dd2def8a00e5027403c6945a9a50f1989cacc0984ff32fa4.json.gz""}"
cran.r-project.org,pkg:cran/utf8,https://github.com/krlmlr/utf8,projects,819157,repository_alias,https://github.com/krlmlr/utf8,34.0,,"{""url"":""https://science.ecosyste.ms/api/v1/projects/search_seeds?per_page=100&page=503"",""fetched_at"":""2026-09-23T18:43:10Z"",""cache_file"":""f6203f2ad6e52104dd2def8a00e5027403c6945a9a50f1989cacc0984ff32fa4.json.gz""}"
cran.r-project.org,pkg:cran/waldo,https://github.com/r-lib/waldo,projects,819162,purl,pkg:cran/waldo,21.0,,"{""url"":""https://science.ecosyste.ms/api/v1/projects/search_seeds?per_page=100&page=503"",""fetched_at"":""2026-09-23T18:43:10Z"",""cache_file"":""f6203f2ad6e52104dd2def8a00e5027403c6945a9a50f1989cacc0984ff32fa4.json.gz""}"
cran.r-project.org,pkg:cran/waldo,https://github.com/r-lib/waldo,projects,819162,repository_url,https://github.com/r-lib/waldo,21.0,,"{""url"":""https://science.ecosyste.ms/api/v1/projects/search_seeds?per_page=100&page=503"",""fetched_at"":""2026-09-23T18:43:10Z"",""cache_file"":""f6203f2ad6e52104dd2def8a00e5027403c6945a9a50f1989cacc0984ff32fa4.json.gz""}"
cran.r-project.org,pkg:cran/labelled,https://github.com/larmarange/labelled,projects,819163,purl,pkg:cran/labelled,47.31,,"{""url"":""https://science.ecosyste.ms/api/v1/projects/search_seeds?per_page=100&page=503"",""fetched_at"":""2026-09-23T18:43:10Z"",""cache_file"":""f6203f2ad6e52104dd2def8a00e5027403c6945a9a50f1989cacc0984ff32fa4.json.gz""}"
cran.r-project.org,pkg:cran/labelled,https://github.com/larmarange/labelled,projects,819163,repository_url,https://github.com/larmarange/labelled,47.31,,"{""url"":""https://science.ecosyste.ms/api/v1/projects/search_seeds?per_page=100&page=503"",""fetched_at"":""2026-09-23T18:43:10Z"",""cache_file"":""f6203f2ad6e52104dd2def8a00e5027403c6945a9a50f1989cacc0984ff32fa4.json.gz""}"
cran.r-project.org,pkg:cran/prodlim,https://github.com/tagteam/prodlim,projects,819164,purl,pkg:cran/prodlim,22.0,,"{""url"":""https://science.ecosyste.ms/api/v1/projects/search_seeds?per_page=100&page=503"",""fetched_at"":""2026-09-23T18:43:10Z"",""cache_file"":""f6203f2ad6e52104dd2def8a00e5027403c6945a9a50f1989cacc0984ff32fa4.json.gz""}"
cran.r-project.org,pkg:cran/prodlim,https://github.com/tagteam/prodlim,projects,819164,repository_url,https://github.com/tagteam/prodlim,22.0,,"{""url"":""https://science.ecosyste.ms/api/v1/projects/search_seeds?per_page=100&page=503"",""fetched_at"":""2026-09-23T18:43:10Z"",""cache_file"":""f6203f2ad6e52104dd2def8a00e5027403c6945a9a50f1989cacc0984ff32fa4.json.gz""}"
cran.r-project.org,pkg:cran/prettyunits,https://github.com/r-lib/prettyunits,projects,819168,purl,pkg:cran/prettyunits,34.0,,"{""url"":""https://science.ecosyste.ms/api/v1/projects/search_seeds?per_page=100&page=503"",""fetched_at"":""2026-09-23T18:43:10Z"",""cache_file"":""f6203f2ad6e52104dd2def8a00e5027403c6945a9a50f1989cacc0984ff32fa4.json.gz""}"
cran.r-project.org,pkg:cran/prettyunits,https://github.com/r-lib/prettyunits,projects,819168,repository_url,https://github.com/r-lib/prettyunits,34.0,,"{""url"":""https://science.ecosyste.ms/api/v1/projects/search_seeds?per_page=100&page=503"",""fetched_at"":""2026-09-23T18:43:10Z"",""cache_file"":""f6203f2ad6e52104dd2def8a00e5027403c6945a9a50f1989cacc0984ff32fa4.json.gz""}"
cran.r-project.org,pkg:cran/highr,https://github.com/yihui/highr,projects,819169,purl,pkg:cran/highr,28.0,,"{""url"":""https://science.ecosyste.ms/api/v1/projects/search_seeds?per_page=100&page=503"",""fetched_at"":""2026-09-23T18:43:10Z"",""cache_file"":""f6203f2ad6e52104dd2def8a00e5027403c6945a9a50f1989cacc0984ff32fa4.json.gz""}"
cran.r-project.org,pkg:cran/highr,https://github.com/yihui/highr,projects,819169,repository_url,https://github.com/yihui/highr,28.0,,"{""url"":""https://science.ecosyste.ms/api/v1/projects/search_seeds?per_page=100&page=503"",""fetched_at"":""2026-09-23T18:43:10Z"",""cache_file"":""f6203f2ad6e52104dd2def8a00e5027403c6945a9a50f1989cacc0984ff32fa4.json.gz""}"
cran.r-project.org,pkg:cran/brio,https://github.com/r-lib/brio,projects,819170,purl,pkg:cran/brio,21.0,,"{""url"":""https://science.ecosyste.ms/api/v1/projects/search_seeds?per_page=100&page=503"",""fetched_at"":""2026-09-23T18:43:10Z"",""cache_file"":""f6203f2ad6e52104dd2def8a00e5027403c6945a9a50f1989cacc0984ff32fa4.json.gz""}"
cran.r-project.org,pkg:cran/brio,https://github.com/r-lib/brio,projects,819170,repository_url,https://github.com/r-lib/brio,21.0,,"{""url"":""https://science.ecosyste.ms/api/v1/projects/search_seeds?per_page=100&page=503"",""fetched_at"":""2026-09-23T18:43:10Z"",""cache_file"":""f6203f2ad6e52104dd2def8a00e5027403c6945a9a50f1989cacc0984ff32fa4.json.gz""}"
cran.r-project.org,pkg:cran/doBy,https://github.com/hojsgaard/doby,projects,819173,purl,pkg:cran/doBy,26.0,,"{""url"":""https://science.ecosyste.ms/api/v1/projects/search_seeds?per_page=100&page=503"",""fetched_at"":""2026-09-23T18:43:10Z"",""cache_file"":""f6203f2ad6e52104dd2def8a00e5027403c6945a9a50f1989cacc0984ff32fa4.json.gz""}"
cran.r-project.org,pkg:cran/doBy,https://github.com/hojsgaard/doby,projects,819173,repository_url,https://github.com/hojsgaard/doby,26.0,,"{""url"":""https://science.ecosyste.ms/api/v1/projects/search_seeds?per_page=100&page=503"",""fetched_at"":""2026-09-23T18:43:10Z"",""cache_file"":""f6203f2ad6e52104dd2def8a00e5027403c6945a9a50f1989cacc0984ff32fa4.json.gz""}"
cran.r-project.org,pkg:cran/quarto,https://github.com/quarto-dev/quarto-r,projects,819174,purl,pkg:cran/quarto,21.21,,"{""url"":""https://science.ecosyste.ms/api/v1/projects/search_seeds?per_page=100&page=503"",""fetched_at"":""2026-09-23T18:43:10Z"",""cache_file"":""f6203f2ad6e52104dd2def8a00e5027403c6945a9a50f1989cacc0984ff32fa4.json.gz""}"
cran.r-project.org,pkg:cran/quarto,https://github.com/quarto-dev/quarto-r,projects,819174,repository_url,https://github.com/quarto-dev/quarto-r,21.21,,"{""url"":""https://science.ecosyste.ms/api/v1/projects/search_seeds?per_page=100&page=503"",""fetched_at"":""2026-09-23T18:43:10Z"",""cache_file"":""f6203f2ad6e52104dd2def8a00e5027403c6945a9a50f1989cacc0984ff32fa4.json.gz""}"
cran.r-project.org,pkg:cran/plumber,https://github.com/rstudio/plumber,projects,819178,purl,pkg:cran/plumber,21.2,,"{""url"":""https://science.ecosyste.ms/api/v1/projects/search_seeds?per_page=100&page=503"",""fetched_at"":""2026-09-23T18:43:10Z"",""cache_file"":""f6203f2ad6e52104dd2def8a00e5027403c6945a9a50f1989cacc0984ff32fa4.json.gz""}"
cran.r-project.org,pkg:cran/plumber,https://github.com/rstudio/plumber,projects,819178,repository_url,https://github.com/rstudio/plumber,21.2,,"{""url"":""https://science.ecosyste.ms/api/v1/projects/search_seeds?per_page=100&page=503"",""fetched_at"":""2026-09-23T18:43:10Z"",""cache_file"":""f6203f2ad6e52104dd2def8a00e5027403c6945a9a50f1989cacc0984ff32fa4.json.gz""}"
cran.r-project.org,pkg:cran/rcmdcheck,https://github.com/r-lib/rcmdcheck,projects,819183,purl,pkg:cran/rcmdcheck,21.0,,"{""url"":""https://science.ecosyste.ms/api/v1/projects/search_seeds?per_page=100&page=503"",""fetched_at"":""2026-09-23T18:43:10Z"",""cache_file"":""f6203f2ad6e52104dd2def8a00e5027403c6945a9a50f1989cacc0984ff32fa4.json.gz""}"
cran.r-project.org,pkg:cran/rcmdcheck,https://github.com/r-lib/rcmdcheck,projects,819183,repository_url,https://github.com/r-lib/rcmdcheck,21.0,,"{""url"":""https://science.ecosyste.ms/api/v1/projects/search_seeds?per_page=100&page=503"",""fetched_at"":""2026-09-23T18:43:10Z"",""cache_file"":""f6203f2ad6e52104dd2def8a00e5027403c6945a9a50f1989cacc0984ff32fa4.json.gz""}"
cran.r-project.org,pkg:cran/systemfonts,https://github.com/r-lib/systemfonts,projects,819184,purl,pkg:cran/systemfonts,34.0,,"{""url"":""https://science.ecosyste.ms/api/v1/projects/search_seeds?per_page=100&page=503"",""fetched_at"":""2026-09-23T18:43:10Z"",""cache_file"":""f6203f2ad6e52104dd2def8a00e5027403c6945a9a50f1989cacc0984ff32fa4.json.gz""}"
cran.r-project.org,pkg:cran/systemfonts,https://github.com/r-lib/systemfonts,projects,819184,repository_url,https://github.com/r-lib/systemfonts,34.0,,"{""url"":""https://science.ecosyste.ms/api/v1/projects/search_seeds?per_page=100&page=503"",""fetched_at"":""2026-09-23T18:43:10Z"",""cache_file"":""f6203f2ad6e52104dd2def8a00e5027403c6945a9a50f1989cacc0984ff32fa4.json.gz""}"
cran.r-project.org,pkg:cran/cachem,https://github.com/r-lib/cachem,projects,819185,purl,pkg:cran/cachem,34.0,,"{""url"":""https://science.ecosyste.ms/api/v1/projects/search_seeds?per_page=100&page=503"",""fetched_at"":""2026-09-23T18:43:10Z"",""cache_file"":""f6203f2ad6e52104dd2def8a00e5027403c6945a9a50f1989cacc0984ff32fa4.json.gz""}"
cran.r-project.org,pkg:cran/cachem,https://github.com/r-lib/cachem,projects,819185,repository_url,https://github.com/r-lib/cachem,34.0,,"{""url"":""https://science.ecosyste.ms/api/v1/projects/search_seeds?per_page=100&page=503"",""fetched_at"":""2026-09-23T18:43:10Z"",""cache_file"":""f6203f2ad6e52104dd2def8a00e5027403c6945a9a50f1989cacc0984ff32fa4.json.gz""}"
cran.r-project.org,pkg:cran/fontawesome,https://github.com/rstudio/fontawesome,projects,819188,purl,pkg:cran/fontawesome,21.0,,"{""url"":""https://science.ecosyste.ms/api/v1/projects/search_seeds?per_page=100&page=503"",""fetched_at"":""2026-09-23T18:43:10Z"",""cache_file"":""f6203f2ad6e52104dd2def8a00e5027403c6945a9a50f1989cacc0984ff32fa4.json.gz""}"
cran.r-project.org,pkg:cran/fontawesome,https://github.com/rstudio/fontawesome,projects,819188,repository_url,https://github.com/rstudio/fontawesome,21.0,,"{""url"":""https://science.ecosyste.ms/api/v1/projects/search_seeds?per_page=100&page=503"",""fetched_at"":""2026-09-23T18:43:10Z"",""cache_file"":""f6203f2ad6e52104dd2def8a00e5027403c6945a9a50f1989cacc0984ff32fa4.json.gz""}"
cran.r-project.org,pkg:cran/parallelly,https://github.com/futureverse/parallelly,projects,819189,purl,pkg:cran/parallelly,28.0,,"{""url"":""https://science.ecosyste.ms/api/v1/projects/search_seeds?per_page=100&page=503"",""fetched_at"":""2026-09-23T18:43:10Z"",""cache_file"":""f6203f2ad6e52104dd2def8a00e5027403c6945a9a50f1989cacc0984ff32fa4.json.gz""}"
cran.r-project.org,pkg:cran/parallelly,https://github.com/futureverse/parallelly,projects,819189,repository_url,https://github.com/futureverse/parallelly,28.0,,"{""url"":""https://science.ecosyste.ms/api/v1/projects/search_seeds?per_page=100&page=503"",""fetched_at"":""2026-09-23T18:43:10Z"",""cache_file"":""f6203f2ad6e52104dd2def8a00e5027403c6945a9a50f1989cacc0984ff32fa4.json.gz""}"
cran.r-project.org,pkg:cran/parallelly,https://github.com/futureverse/parallelly,projects,819189,repository_alias,https://github.com/futureverse/parallelly,28.0,,"{""url"":""https://science.ecosyste.ms/api/v1/projects/search_seeds?per_page=100&page=503"",""fetched_at"":""2026-09-23T18:43:10Z"",""cache_file"":""f6203f2ad6e52104dd2def8a00e5027403c6945a9a50f1989cacc0984ff32fa4.json.gz""}"
cran.r-project.org,pkg:cran/isoband,https://github.com/r-lib/isoband,projects,819193,purl,pkg:cran/isoband,35.67,,"{""url"":""https://science.ecosyste.ms/api/v1/projects/search_seeds?per_page=100&page=503"",""fetched_at"":""2026-09-23T18:43:10Z"",""cache_file"":""f6203f2ad6e52104dd2def8a00e5027403c6945a9a50f1989cacc0984ff32fa4.json.gz""}"
cran.r-project.org,pkg:cran/isoband,https://github.com/r-lib/isoband,projects,819193,repository_url,https://github.com/r-lib/isoband,35.67,,"{""url"":""https://science.ecosyste.ms/api/v1/projects/search_seeds?per_page=100&page=503"",""fetched_at"":""2026-09-23T18:43:10Z"",""cache_file"":""f6203f2ad6e52104dd2def8a00e5027403c6945a9a50f1989cacc0984ff32fa4.json.gz""}"
cran.r-project.org,pkg:cran/hardhat,https://github.com/tidymodels/hardhat,projects,819201,purl,pkg:cran/hardhat,34.38,,"{""url"":""https://science.ecosyste.ms/api/v1/projects/search_seeds?per_page=100&page=503"",""fetched_at"":""2026-09-23T18:43:10Z"",""cache_file"":""f6203f2ad6e52104dd2def8a00e5027403c6945a9a50f1989cacc0984ff32fa4.json.gz""}"
cran.r-project.org,pkg:cran/hardhat,https://github.com/tidymodels/hardhat,projects,819201,repository_url,https://github.com/tidymodels/hardhat,34.38,,"{""url"":""https://science.ecosyste.ms/api/v1/projects/search_seeds?per_page=100&page=503"",""fetched_at"":""2026-09-23T18:43:10Z"",""cache_file"":""f6203f2ad6e52104dd2def8a00e5027403c6945a9a50f1989cacc0984ff32fa4.json.gz""}"
cran.r-project.org,pkg:cran/reprex,https://github.com/tidyverse/reprex,projects,819213,purl,pkg:cran/reprex,21.33,,"{""url"":""https://science.ecosyste.ms/api/v1/projects/search_seeds?per_page=100&page=503"",""fetched_at"":""2026-09-23T18:43:10Z"",""cache_file"":""f6203f2ad6e52104dd2def8a00e5027403c6945a9a50f1989cacc0984ff32fa4.json.gz""}"
cran.r-project.org,pkg:cran/reprex,https://github.com/tidyverse/reprex,projects,819213,repository_url,https://github.com/tidyverse/reprex,21.33,,"{""url"":""https://science.ecosyste.ms/api/v1/projects/search_seeds?per_page=100&page=503"",""fetched_at"":""2026-09-23T18:43:10Z"",""cache_file"":""f6203f2ad6e52104dd2def8a00e5027403c6945a9a50f1989cacc0984ff32fa4.json.gz""}"
cran.r-project.org,pkg:cran/sourcetools,https://github.com/kevinushey/sourcetools,projects,819223,purl,pkg:cran/sourcetools,21.0,,"{""url"":""https://science.ecosyste.ms/api/v1/projects/search_seeds?per_page=100&page=503"",""fetched_at"":""2026-09-23T18:43:10Z"",""cache_file"":""f6203f2ad6e52104dd2def8a00e5027403c6945a9a50f1989cacc0984ff32fa4.json.gz""}"
cran.r-project.org,pkg:cran/sourcetools,https://github.com/kevinushey/sourcetools,projects,819223,repository_url,https://github.com/kevinushey/sourcetools,21.0,,"{""url"":""https://science.ecosyste.ms/api/v1/projects/search_seeds?per_page=100&page=503"",""fetched_at"":""2026-09-23T18:43:10Z"",""cache_file"":""f6203f2ad6e52104dd2def8a00e5027403c6945a9a50f1989cacc0984ff32fa4.json.gz""}"
cran.r-project.org,pkg:cran/gargle,https://github.com/r-lib/gargle,projects,819241,purl,pkg:cran/gargle,34.4,,"{""url"":""https://science.ecosyste.ms/api/v1/projects/search_seeds?per_page=100&page=504"",""fetched_at"":""2026-09-23T18:43:11Z"",""cache_file"":""f405cbccab5e3292884405663b1905afae8d63d75d73584975ce0e74b8496ecb.json.gz""}"
cran.r-project.org,pkg:cran/gargle,https://github.com/r-lib/gargle,projects,819241,repository_url,https://github.com/r-lib/gargle,34.4,,"{""url"":""https://science.ecosyste.ms/api/v1/projects/search_seeds?per_page=100&page=504"",""fetched_at"":""2026-09-23T18:43:11Z"",""cache_file"":""f405cbccab5e3292884405663b1905afae8d63d75d73584975ce0e74b8496ecb.json.gz""}"
cran.r-project.org,pkg:cran/rversions,https://github.com/r-hub/rversions,projects,819246,purl,pkg:cran/rversions,34.0,,"{""url"":""https://science.ecosyste.ms/api/v1/projects/search_seeds?per_page=100&page=504"",""fetched_at"":""2026-09-23T18:43:11Z"",""cache_file"":""f405cbccab5e3292884405663b1905afae8d63d75d73584975ce0e74b8496ecb.json.gz""}"
cran.r-project.org,pkg:cran/rversions,https://github.com/r-hub/rversions,projects,819246,repository_url,https://github.com/r-hub/rversions,34.0,,"{""url"":""https://science.ecosyste.ms/api/v1/projects/search_seeds?per_page=100&page=504"",""fetched_at"":""2026-09-23T18:43:11Z"",""cache_file"":""f405cbccab5e3292884405663b1905afae8d63d75d73584975ce0e74b8496ecb.json.gz""}"
cran.r-project.org,pkg:cran/s2,https://github.com/r-spatial/s2,projects,819251,purl,pkg:cran/s2,34.56,,"{""url"":""https://science.ecosyste.ms/api/v1/projects/search_seeds?per_page=100&page=504"",""fetched_at"":""2026-09-23T18:43:11Z"",""cache_file"":""f405cbccab5e3292884405663b1905afae8d63d75d73584975ce0e74b8496ecb.json.gz""}"
cran.r-project.org,pkg:cran/s2,https://github.com/r-spatial/s2,projects,819251,repository_url,https://github.com/r-spatial/s2,34.56,,"{""url"":""https://science.ecosyste.ms/api/v1/projects/search_seeds?per_page=100&page=504"",""fetched_at"":""2026-09-23T18:43:11Z"",""cache_file"":""f405cbccab5e3292884405663b1905afae8d63d75d73584975ce0e74b8496ecb.json.gz""}"
cran.r-project.org,pkg:cran/praise,https://github.com/gaborcsardi/praise,projects,819255,purl,pkg:cran/praise,24.51,,"{""url"":""https://science.ecosyste.ms/api/v1/projects/search_seeds?per_page=100&page=504"",""fetched_at"":""2026-09-23T18:43:11Z"",""cache_file"":""f405cbccab5e3292884405663b1905afae8d63d75d73584975ce0e74b8496ecb.json.gz""}"
cran.r-project.org,pkg:cran/praise,https://github.com/gaborcsardi/praise,projects,819255,repository_alias,https://github.com/gaborcsardi/praise,24.51,,"{""url"":""https://science.ecosyste.ms/api/v1/projects/search_seeds?per_page=100&page=504"",""fetched_at"":""2026-09-23T18:43:11Z"",""cache_file"":""f405cbccab5e3292884405663b1905afae8d63d75d73584975ce0e74b8496ecb.json.gz""}"
cran.r-project.org,pkg:cran/gower,https://github.com/markvanderloo/gower,projects,819256,purl,pkg:cran/gower,20.0,,"{""url"":""https://science.ecosyste.ms/api/v1/projects/search_seeds?per_page=100&page=504"",""fetched_at"":""2026-09-23T18:43:11Z"",""cache_file"":""f405cbccab5e3292884405663b1905afae8d63d75d73584975ce0e74b8496ecb.json.gz""}"
cran.r-project.org,pkg:cran/gower,https://github.com/markvanderloo/gower,projects,819256,repository_url,https://github.com/markvanderloo/gower,20.0,,"{""url"":""https://science.ecosyste.ms/api/v1/projects/search_seeds?per_page=100&page=504"",""fetched_at"":""2026-09-23T18:43:11Z"",""cache_file"":""f405cbccab5e3292884405663b1905afae8d63d75d73584975ce0e74b8496ecb.json.gz""}"
cran.r-project.org,pkg:cran/fracdiff,https://github.com/mmaechler/fracdiff,projects,819266,purl,pkg:cran/fracdiff,20.0,,"{""url"":""https://science.ecosyste.ms/api/v1/projects/search_seeds?per_page=100&page=504"",""fetched_at"":""2026-09-23T18:43:11Z"",""cache_file"":""f405cbccab5e3292884405663b1905afae8d63d75d73584975ce0e74b8496ecb.json.gz""}"
cran.r-project.org,pkg:cran/fracdiff,https://github.com/mmaechler/fracdiff,projects,819266,repository_url,https://github.com/mmaechler/fracdiff,20.0,,"{""url"":""https://science.ecosyste.ms/api/v1/projects/search_seeds?per_page=100&page=504"",""fetched_at"":""2026-09-23T18:43:11Z"",""cache_file"":""f405cbccab5e3292884405663b1905afae8d63d75d73584975ce0e74b8496ecb.json.gz""}"
cran.r-project.org,pkg:cran/diffobj,https://github.com/brodieg/diffobj,projects,819272,purl,pkg:cran/diffobj,28.0,,"{""url"":""https://science.ecosyste.ms/api/v1/projects/search_seeds?per_page=100&page=504"",""fetched_at"":""2026-09-23T18:43:11Z"",""cache_file"":""f405cbccab5e3292884405663b1905afae8d63d75d73584975ce0e74b8496ecb.json.gz""}"
cran.r-project.org,pkg:cran/diffobj,https://github.com/brodieg/diffobj,projects,819272,repository_url,https://github.com/brodieg/diffobj,28.0,,"{""url"":""https://science.ecosyste.ms/api/v1/projects/search_seeds?per_page=100&page=504"",""fetched_at"":""2026-09-23T18:43:11Z"",""cache_file"":""f405cbccab5e3292884405663b1905afae8d63d75d73584975ce0e74b8496ecb.json.gz""}"
cran.r-project.org,pkg:cran/rematch2,https://github.com/r-lib/rematch2,projects,819290,purl,pkg:cran/rematch2,21.71,,"{""url"":""https://science.ecosyste.ms/api/v1/projects/search_seeds?per_page=100&page=504"",""fetched_at"":""2026-09-23T18:43:11Z"",""cache_file"":""f405cbccab5e3292884405663b1905afae8d63d75d73584975ce0e74b8496ecb.json.gz""}"
cran.r-project.org,pkg:cran/rematch2,https://github.com/r-lib/rematch2,projects,819290,repository_url,https://github.com/r-lib/rematch2,21.71,,"{""url"":""https://science.ecosyste.ms/api/v1/projects/search_seeds?per_page=100&page=504"",""fetched_at"":""2026-09-23T18:43:11Z"",""cache_file"":""f405cbccab5e3292884405663b1905afae8d63d75d73584975ce0e74b8496ecb.json.gz""}"
cran.r-project.org,pkg:cran/wk,https://github.com/paleolimbot/wk,projects,819299,purl,pkg:cran/wk,35.11,,"{""url"":""https://science.ecosyste.ms/api/v1/projects/search_seeds?per_page=100&page=504"",""fetched_at"":""2026-09-23T18:43:11Z"",""cache_file"":""f405cbccab5e3292884405663b1905afae8d63d75d73584975ce0e74b8496ecb.json.gz""}"
cran.r-project.org,pkg:cran/wk,https://github.com/paleolimbot/wk,projects,819299,repository_url,https://github.com/paleolimbot/wk,35.11,,"{""url"":""https://science.ecosyste.ms/api/v1/projects/search_seeds?per_page=100&page=504"",""fetched_at"":""2026-09-23T18:43:11Z"",""cache_file"":""f405cbccab5e3292884405663b1905afae8d63d75d73584975ce0e74b8496ecb.json.gz""}"
cran.r-project.org,pkg:cran/cpp11,https://github.com/r-lib/cpp11,projects,819313,purl,pkg:cran/cpp11,34.14,,"{""url"":""https://science.ecosyste.ms/api/v1/projects/search_seeds?per_page=100&page=504"",""fetched_at"":""2026-09-23T18:43:11Z"",""cache_file"":""f405cbccab5e3292884405663b1905afae8d63d75d73584975ce0e74b8496ecb.json.gz""}"
cran.r-project.org,pkg:cran/cpp11,https://github.com/r-lib/cpp11,projects,819313,repository_url,https://github.com/r-lib/cpp11,34.14,,"{""url"":""https://science.ecosyste.ms/api/v1/projects/search_seeds?per_page=100&page=504"",""fetched_at"":""2026-09-23T18:43:11Z"",""cache_file"":""f405cbccab5e3292884405663b1905afae8d63d75d73584975ce0e74b8496ecb.json.gz""}"
cran.r-project.org,pkg:cran/gitcreds,https://github.com/r-lib/gitcreds,projects,819320,purl,pkg:cran/gitcreds,21.56,,"{""url"":""https://science.ecosyste.ms/api/v1/projects/search_seeds?per_page=100&page=504"",""fetched_at"":""2026-09-23T18:43:11Z"",""cache_file"":""f405cbccab5e3292884405663b1905afae8d63d75d73584975ce0e74b8496ecb.json.gz""}"
cran.r-project.org,pkg:cran/gitcreds,https://github.com/r-lib/gitcreds,projects,819320,repository_url,https://github.com/r-lib/gitcreds,21.56,,"{""url"":""https://science.ecosyste.ms/api/v1/projects/search_seeds?per_page=100&page=504"",""fetched_at"":""2026-09-23T18:43:11Z"",""cache_file"":""f405cbccab5e3292884405663b1905afae8d63d75d73584975ce0e74b8496ecb.json.gz""}"
cran.r-project.org,pkg:cran/foghorn,https://github.com/fmichonneau/foghorn,projects,819378,purl,pkg:cran/foghorn,34.83,,"{""url"":""https://science.ecosyste.ms/api/v1/projects/search_seeds?per_page=100&page=505"",""fetched_at"":""2026-09-23T18:43:12Z"",""cache_file"":""dcfac5f00d5dd6b09b74b72da83114ca5108b7af929488343c4ffaec7b697390.json.gz""}"
cran.r-project.org,pkg:cran/foghorn,https://github.com/fmichonneau/foghorn,projects,819378,repository_url,https://github.com/fmichonneau/foghorn,34.83,,"{""url"":""https://science.ecosyste.ms/api/v1/projects/search_seeds?per_page=100&page=505"",""fetched_at"":""2026-09-23T18:43:12Z"",""cache_file"":""dcfac5f00d5dd6b09b74b72da83114ca5108b7af929488343c4ffaec7b697390.json.gz""}"
cran.r-project.org,pkg:cran/xopen,https://github.com/r-lib/xopen,projects,819474,purl,pkg:cran/xopen,21.0,,"{""url"":""https://science.ecosyste.ms/api/v1/projects/search_seeds?per_page=100&page=505"",""fetched_at"":""2026-09-23T18:43:12Z"",""cache_file"":""dcfac5f00d5dd6b09b74b72da83114ca5108b7af929488343c4ffaec7b697390.json.gz""}"
cran.r-project.org,pkg:cran/xopen,https://github.com/r-lib/xopen,projects,819474,repository_url,https://github.com/r-lib/xopen,21.0,,"{""url"":""https://science.ecosyste.ms/api/v1/projects/search_seeds?per_page=100&page=505"",""fetched_at"":""2026-09-23T18:43:12Z"",""cache_file"":""dcfac5f00d5dd6b09b74b72da83114ca5108b7af929488343c4ffaec7b697390.json.gz""}"
cran.r-project.org,pkg:cran/textshaping,https://github.com/r-lib/textshaping,projects,819488,purl,pkg:cran/textshaping,21.0,,"{""url"":""https://science.ecosyste.ms/api/v1/projects/search_seeds?per_page=100&page=506"",""fetched_at"":""2026-09-23T18:43:13Z"",""cache_file"":""34849417a2cbb37b11439ad22710ff1571a7099c7d71f0efeaafb57f5d267826.json.gz""}"
cran.r-project.org,pkg:cran/textshaping,https://github.com/r-lib/textshaping,projects,819488,repository_url,https://github.com/r-lib/textshaping,21.0,,"{""url"":""https://science.ecosyste.ms/api/v1/projects/search_seeds?per_page=100&page=506"",""fetched_at"":""2026-09-23T18:43:13Z"",""cache_file"":""34849417a2cbb37b11439ad22710ff1571a7099c7d71f0efeaafb57f5d267826.json.gz""}"
cran.r-project.org,pkg:cran/urlchecker,https://github.com/r-lib/urlchecker,projects,819628,purl,pkg:cran/urlchecker,21.63,,"{""url"":""https://science.ecosyste.ms/api/v1/projects/search_seeds?per_page=100&page=507"",""fetched_at"":""2026-09-23T18:43:14Z"",""cache_file"":""4777e7a6d07b7f34cada68a18af63c3d153138054103382ab32d9869cdeb7461.json.gz""}"
cran.r-project.org,pkg:cran/urlchecker,https://github.com/r-lib/urlchecker,projects,819628,repository_url,https://github.com/r-lib/urlchecker,21.63,,"{""url"":""https://science.ecosyste.ms/api/v1/projects/search_seeds?per_page=100&page=507"",""fetched_at"":""2026-09-23T18:43:14Z"",""cache_file"":""4777e7a6d07b7f34cada68a18af63c3d153138054103382ab32d9869cdeb7461.json.gz""}"
cran.r-project.org,pkg:cran/timechange,https://github.com/vspinu/timechange,projects,820016,purl,pkg:cran/timechange,21.0,,"{""url"":""https://science.ecosyste.ms/api/v1/projects/search_seeds?per_page=100&page=510"",""fetched_at"":""2026-09-23T18:43:16Z"",""cache_file"":""fff8e7446e3f391178a46fe8c3932710f5e3a66779847c7ef7d6cadf982a6564.json.gz""}"
cran.r-project.org,pkg:cran/timechange,https://github.com/vspinu/timechange,projects,820016,repository_url,https://github.com/vspinu/timechange,21.0,,"{""url"":""https://science.ecosyste.ms/api/v1/projects/search_seeds?per_page=100&page=510"",""fetched_at"":""2026-09-23T18:43:16Z"",""cache_file"":""fff8e7446e3f391178a46fe8c3932710f5e3a66779847c7ef7d6cadf982a6564.json.gz""}"
cran.r-project.org,pkg:cran/gtExtras,https://github.com/jthomasmock/gtextras,projects,820238,purl,pkg:cran/gtExtras,34.83,,"{""url"":""https://science.ecosyste.ms/api/v1/projects/search_seeds?per_page=100&page=512"",""fetched_at"":""2026-09-23T18:43:22Z"",""cache_file"":""fedd13c31a9c9274cbf7e77940ad21d431d36143d035f4abb344ff6acf959cfb.json.gz""}"
cran.r-project.org,pkg:cran/gtExtras,https://github.com/jthomasmock/gtextras,projects,820238,repository_url,https://github.com/jthomasmock/gtextras,34.83,,"{""url"":""https://science.ecosyste.ms/api/v1/projects/search_seeds?per_page=100&page=512"",""fetched_at"":""2026-09-23T18:43:22Z"",""cache_file"":""fedd13c31a9c9274cbf7e77940ad21d431d36143d035f4abb344ff6acf959cfb.json.gz""}"
cran.r-project.org,pkg:cran/bigD,https://github.com/rstudio/bigd,projects,820370,purl,pkg:cran/bigD,21.0,,"{""url"":""https://science.ecosyste.ms/api/v1/projects/search_seeds?per_page=100&page=513"",""fetched_at"":""2026-09-23T18:43:23Z"",""cache_file"":""e0c2adea7142a2e4672d927fb55eb7d2e51e6fbcd9ae12d10e4e43b44f07c21a.json.gz""}"
cran.r-project.org,pkg:cran/bigD,https://github.com/rstudio/bigd,projects,820370,repository_url,https://github.com/rstudio/bigd,21.0,,"{""url"":""https://science.ecosyste.ms/api/v1/projects/search_seeds?per_page=100&page=513"",""fetched_at"":""2026-09-23T18:43:23Z"",""cache_file"":""e0c2adea7142a2e4672d927fb55eb7d2e51e6fbcd9ae12d10e4e43b44f07c21a.json.gz""}"
conda-forge.org,pkg:conda/keras?repository_url=https://conda-forge.org,https://github.com/keras-team/keras,projects,826852,purl,pkg:conda/keras?repository_url=https://conda-forge.org,37.24,,"{""url"":""https://science.ecosyste.ms/api/v1/projects/search_seeds?per_page=100&page=568"",""fetched_at"":""2026-09-23T18:45:03Z"",""cache_file"":""fbaf338d4f7c958c8121bb6319efe1a09a078ad1337c92f3b4cc7d2aea85e662.json.gz""}"
conda-forge.org,pkg:conda/keras?repository_url=https://conda-forge.org,https://github.com/keras-team/keras,projects,826852,repository_url,https://github.com/keras-team/keras,37.24,,"{""url"":""https://science.ecosyste.ms/api/v1/projects/search_seeds?per_page=100&page=568"",""fetched_at"":""2026-09-23T18:45:03Z"",""cache_file"":""fbaf338d4f7c958c8121bb6319efe1a09a078ad1337c92f3b4cc7d2aea85e662.json.gz""}"
conda-forge.org,pkg:conda/olefile?repository_url=https://conda-forge.org,https://github.com/decalage2/olefile,projects,826860,purl,pkg:conda/olefile?repository_url=https://conda-forge.org,21.45,,"{""url"":""https://science.ecosyste.ms/api/v1/projects/search_seeds?per_page=100&page=568"",""fetched_at"":""2026-09-23T18:45:03Z"",""cache_file"":""fbaf338d4f7c958c8121bb6319efe1a09a078ad1337c92f3b4cc7d2aea85e662.json.gz""}"
conda-forge.org,pkg:conda/olefile?repository_url=https://conda-forge.org,https://github.com/decalage2/olefile,projects,826860,repository_url,https://github.com/decalage2/olefile,21.45,,"{""url"":""https://science.ecosyste.ms/api/v1/projects/search_seeds?per_page=100&page=568"",""fetched_at"":""2026-09-23T18:45:03Z"",""cache_file"":""fbaf338d4f7c958c8121bb6319efe1a09a078ad1337c92f3b4cc7d2aea85e662.json.gz""}"
pypi.org,pkg:pypi/pexpect,https://github.com/pexpect/pexpect,projects,826861,purl,pkg:pypi/pexpect,21.32,,"{""url"":""https://science.ecosyste.ms/api/v1/projects/search_seeds?per_page=100&page=568"",""fetched_at"":""2026-09-23T18:45:03Z"",""cache_file"":""fbaf338d4f7c958c8121bb6319efe1a09a078ad1337c92f3b4cc7d2aea85e662.json.gz""}"
conda-forge.org,pkg:conda/pexpect?repository_url=https://conda-forge.org,https://github.com/pexpect/pexpect,projects,826861,purl,pkg:conda/pexpect?repository_url=https://conda-forge.org,21.32,,"{""url"":""https://science.ecosyste.ms/api/v1/projects/search_seeds?per_page=100&page=568"",""fetched_at"":""2026-09-23T18:45:03Z"",""cache_file"":""fbaf338d4f7c958c8121bb6319efe1a09a078ad1337c92f3b4cc7d2aea85e662.json.gz""}"
conda-forge.org,pkg:conda/pexpect?repository_url=https://conda-forge.org,https://github.com/pexpect/pexpect,projects,826861,repository_url,https://github.com/pexpect/pexpect,21.32,,"{""url"":""https://science.ecosyste.ms/api/v1/projects/search_seeds?per_page=100&page=568"",""fetched_at"":""2026-09-23T18:45:03Z"",""cache_file"":""fbaf338d4f7c958c8121bb6319efe1a09a078ad1337c92f3b4cc7d2aea85e662.json.gz""}"
pypi.org,pkg:pypi/pexpect,https://github.com/pexpect/pexpect,projects,826861,repository_url,https://github.com/pexpect/pexpect,21.32,,"{""url"":""https://science.ecosyste.ms/api/v1/projects/search_seeds?per_page=100&page=568"",""fetched_at"":""2026-09-23T18:45:03Z"",""cache_file"":""fbaf338d4f7c958c8121bb6319efe1a09a078ad1337c92f3b4cc7d2aea85e662.json.gz""}"
pypi.org,pkg:pypi/flake8,https://github.com/pycqa/flake8,projects,826869,purl,pkg:pypi/flake8,21.34,,"{""url"":""https://science.ecosyste.ms/api/v1/projects/search_seeds?per_page=100&page=568"",""fetched_at"":""2026-09-23T18:45:03Z"",""cache_file"":""fbaf338d4f7c958c8121bb6319efe1a09a078ad1337c92f3b4cc7d2aea85e662.json.gz""}"
conda-forge.org,pkg:conda/flake8?repository_url=https://conda-forge.org,https://github.com/pycqa/flake8,projects,826869,purl,pkg:conda/flake8?repository_url=https://conda-forge.org,21.34,,"{""url"":""https://science.ecosyste.ms/api/v1/projects/search_seeds?per_page=100&page=568"",""fetched_at"":""2026-09-23T18:45:03Z"",""cache_file"":""fbaf338d4f7c958c8121bb6319efe1a09a078ad1337c92f3b4cc7d2aea85e662.json.gz""}"
conda-forge.org,pkg:conda/flake8?repository_url=https://conda-forge.org,https://github.com/pycqa/flake8,projects,826869,repository_url,https://github.com/pycqa/flake8,21.34,,"{""url"":""https://science.ecosyste.ms/api/v1/projects/search_seeds?per_page=100&page=568"",""fetched_at"":""2026-09-23T18:45:03Z"",""cache_file"":""fbaf338d4f7c958c8121bb6319efe1a09a078ad1337c92f3b4cc7d2aea85e662.json.gz""}"
pypi.org,pkg:pypi/flake8,https://github.com/pycqa/flake8,projects,826869,repository_url,https://github.com/pycqa/flake8,21.34,,"{""url"":""https://science.ecosyste.ms/api/v1/projects/search_seeds?per_page=100&page=568"",""fetched_at"":""2026-09-23T18:45:03Z"",""cache_file"":""fbaf338d4f7c958c8121bb6319efe1a09a078ad1337c92f3b4cc7d2aea85e662.json.gz""}"
conda-forge.org,pkg:conda/numba?repository_url=https://conda-forge.org,https://github.com/numba/numba,projects,826879,purl,pkg:conda/numba?repository_url=https://conda-forge.org,42.46,,"{""url"":""https://science.ecosyste.ms/api/v1/projects/search_seeds?per_page=100&page=568"",""fetched_at"":""2026-09-23T18:45:03Z"",""cache_file"":""fbaf338d4f7c958c8121bb6319efe1a09a078ad1337c92f3b4cc7d2aea85e662.json.gz""}"
conda-forge.org,pkg:conda/numba?repository_url=https://conda-forge.org,https://github.com/numba/numba,projects,826879,repository_url,https://github.com/numba/numba,42.46,,"{""url"":""https://science.ecosyste.ms/api/v1/projects/search_seeds?per_page=100&page=568"",""fetched_at"":""2026-09-23T18:45:03Z"",""cache_file"":""fbaf338d4f7c958c8121bb6319efe1a09a078ad1337c92f3b4cc7d2aea85e662.json.gz""}"
conda-forge.org,pkg:conda/cartopy?repository_url=https://conda-forge.org,https://github.com/scitools/cartopy,projects,826880,purl,pkg:conda/cartopy?repository_url=https://conda-forge.org,44.26,,"{""url"":""https://science.ecosyste.ms/api/v1/projects/search_seeds?per_page=100&page=568"",""fetched_at"":""2026-09-23T18:45:03Z"",""cache_file"":""fbaf338d4f7c958c8121bb6319efe1a09a078ad1337c92f3b4cc7d2aea85e662.json.gz""}"
conda-forge.org,pkg:conda/cartopy?repository_url=https://conda-forge.org,https://github.com/scitools/cartopy,projects,826880,repository_url,https://github.com/scitools/cartopy,44.26,,"{""url"":""https://science.ecosyste.ms/api/v1/projects/search_seeds?per_page=100&page=568"",""fetched_at"":""2026-09-23T18:45:03Z"",""cache_file"":""fbaf338d4f7c958c8121bb6319efe1a09a078ad1337c92f3b4cc7d2aea85e662.json.gz""}"
pypi.org,pkg:pypi/grpcio,https://github.com/grpc/grpc,projects,826902,purl,pkg:pypi/grpcio,21.06,,"{""url"":""https://science.ecosyste.ms/api/v1/projects/search_seeds?per_page=100&page=568"",""fetched_at"":""2026-09-23T18:45:03Z"",""cache_file"":""fbaf338d4f7c958c8121bb6319efe1a09a078ad1337c92f3b4cc7d2aea85e662.json.gz""}"
pypi.org,pkg:pypi/grpcio-tools,https://github.com/grpc/grpc,projects,826902,purl,pkg:pypi/grpcio-tools,21.06,,"{""url"":""https://science.ecosyste.ms/api/v1/projects/search_seeds?per_page=100&page=568"",""fetched_at"":""2026-09-23T18:45:03Z"",""cache_file"":""fbaf338d4f7c958c8121bb6319efe1a09a078ad1337c92f3b4cc7d2aea85e662.json.gz""}"
pypi.org,pkg:pypi/grpcio-health-checking,https://github.com/grpc/grpc,projects,826902,purl,pkg:pypi/grpcio-health-checking,21.06,,"{""url"":""https://science.ecosyste.ms/api/v1/projects/search_seeds?per_page=100&page=568"",""fetched_at"":""2026-09-23T18:45:03Z"",""cache_file"":""fbaf338d4f7c958c8121bb6319efe1a09a078ad1337c92f3b4cc7d2aea85e662.json.gz""}"
pypi.org,pkg:pypi/grpcio-status,https://github.com/grpc/grpc,projects,826902,purl,pkg:pypi/grpcio-status,21.06,,"{""url"":""https://science.ecosyste.ms/api/v1/projects/search_seeds?per_page=100&page=568"",""fetched_at"":""2026-09-23T18:45:03Z"",""cache_file"":""fbaf338d4f7c958c8121bb6319efe1a09a078ad1337c92f3b4cc7d2aea85e662.json.gz""}"
rubygems.org,pkg:gem/grpc,https://github.com/google/grpc,projects,826902,purl,pkg:gem/grpc,21.06,,"{""url"":""https://science.ecosyste.ms/api/v1/projects/search_seeds?per_page=100&page=568"",""fetched_at"":""2026-09-23T18:45:03Z"",""cache_file"":""fbaf338d4f7c958c8121bb6319efe1a09a078ad1337c92f3b4cc7d2aea85e662.json.gz""}"
cocoapods.org,pkg:cocoapods/gRPC-Core,https://github.com/grpc/grpc,projects,826902,purl,pkg:cocoapods/gRPC-Core,21.06,,"{""url"":""https://science.ecosyste.ms/api/v1/projects/search_seeds?per_page=100&page=568"",""fetched_at"":""2026-09-23T18:45:03Z"",""cache_file"":""fbaf338d4f7c958c8121bb6319efe1a09a078ad1337c92f3b4cc7d2aea85e662.json.gz""}"
conda-forge.org,pkg:conda/grpcio?repository_url=https://conda-forge.org,https://github.com/grpc/grpc,projects,826902,purl,pkg:conda/grpcio?repository_url=https://conda-forge.org,21.06,,"{""url"":""https://science.ecosyste.ms/api/v1/projects/search_seeds?per_page=100&page=568"",""fetched_at"":""2026-09-23T18:45:03Z"",""cache_file"":""fbaf338d4f7c958c8121bb6319efe1a09a078ad1337c92f3b4cc7d2aea85e662.json.gz""}"
cocoapods.org,pkg:cocoapods/gRPC-Core,https://github.com/grpc/grpc,projects,826902,repository_url,https://github.com/grpc/grpc,21.06,,"{""url"":""https://science.ecosyste.ms/api/v1/projects/search_seeds?per_page=100&page=568"",""fetched_at"":""2026-09-23T18:45:03Z"",""cache_file"":""fbaf338d4f7c958c8121bb6319efe1a09a078ad1337c92f3b4cc7d2aea85e662.json.gz""}"
conda-forge.org,pkg:conda/grpcio?repository_url=https://conda-forge.org,https://github.com/grpc/grpc,projects,826902,repository_url,https://github.com/grpc/grpc,21.06,,"{""url"":""https://science.ecosyste.ms/api/v1/projects/search_seeds?per_page=100&page=568"",""fetched_at"":""2026-09-23T18:45:03Z"",""cache_file"":""fbaf338d4f7c958c8121bb6319efe1a09a078ad1337c92f3b4cc7d2aea85e662.json.gz""}"
pypi.org,pkg:pypi/grpcio,https://github.com/grpc/grpc,projects,826902,repository_url,https://github.com/grpc/grpc,21.06,,"{""url"":""https://science.ecosyste.ms/api/v1/projects/search_seeds?per_page=100&page=568"",""fetched_at"":""2026-09-23T18:45:03Z"",""cache_file"":""fbaf338d4f7c958c8121bb6319efe1a09a078ad1337c92f3b4cc7d2aea85e662.json.gz""}"
pypi.org,pkg:pypi/grpcio-health-checking,https://github.com/grpc/grpc,projects,826902,repository_url,https://github.com/grpc/grpc,21.06,,"{""url"":""https://science.ecosyste.ms/api/v1/projects/search_seeds?per_page=100&page=568"",""fetched_at"":""2026-09-23T18:45:03Z"",""cache_file"":""fbaf338d4f7c958c8121bb6319efe1a09a078ad1337c92f3b4cc7d2aea85e662.json.gz""}"
pypi.org,pkg:pypi/grpcio-status,https://github.com/grpc/grpc,projects,826902,repository_url,https://github.com/grpc/grpc,21.06,,"{""url"":""https://science.ecosyste.ms/api/v1/projects/search_seeds?per_page=100&page=568"",""fetched_at"":""2026-09-23T18:45:03Z"",""cache_file"":""fbaf338d4f7c958c8121bb6319efe1a09a078ad1337c92f3b4cc7d2aea85e662.json.gz""}"
pypi.org,pkg:pypi/grpcio-tools,https://github.com/grpc/grpc,projects,826902,repository_url,https://github.com/grpc/grpc,21.06,,"{""url"":""https://science.ecosyste.ms/api/v1/projects/search_seeds?per_page=100&page=568"",""fetched_at"":""2026-09-23T18:45:03Z"",""cache_file"":""fbaf338d4f7c958c8121bb6319efe1a09a078ad1337c92f3b4cc7d2aea85e662.json.gz""}"
rubygems.org,pkg:gem/grpc,https://github.com/google/grpc,projects,826902,repository_alias,https://github.com/google/grpc,21.06,,"{""url"":""https://science.ecosyste.ms/api/v1/projects/search_seeds?per_page=100&page=568"",""fetched_at"":""2026-09-23T18:45:03Z"",""cache_file"":""fbaf338d4f7c958c8121bb6319efe1a09a078ad1337c92f3b4cc7d2aea85e662.json.gz""}"
conda-forge.org,pkg:conda/libzlib?repository_url=https://conda-forge.org,https://github.com/madler/zlib,projects,827021,purl,pkg:conda/libzlib?repository_url=https://conda-forge.org,21.08,,"{""url"":""https://science.ecosyste.ms/api/v1/projects/search_seeds?per_page=100&page=568"",""fetched_at"":""2026-09-23T18:45:03Z"",""cache_file"":""fbaf338d4f7c958c8121bb6319efe1a09a078ad1337c92f3b4cc7d2aea85e662.json.gz""}"
conda-forge.org,pkg:conda/zlib?repository_url=https://conda-forge.org,https://github.com/madler/zlib,projects,827021,purl,pkg:conda/zlib?repository_url=https://conda-forge.org,21.08,,"{""url"":""https://science.ecosyste.ms/api/v1/projects/search_seeds?per_page=100&page=568"",""fetched_at"":""2026-09-23T18:45:03Z"",""cache_file"":""fbaf338d4f7c958c8121bb6319efe1a09a078ad1337c92f3b4cc7d2aea85e662.json.gz""}"
conda-forge.org,pkg:conda/libzlib?repository_url=https://conda-forge.org,https://github.com/madler/zlib,projects,827021,repository_url,https://github.com/madler/zlib,21.08,,"{""url"":""https://science.ecosyste.ms/api/v1/projects/search_seeds?per_page=100&page=568"",""fetched_at"":""2026-09-23T18:45:03Z"",""cache_file"":""fbaf338d4f7c958c8121bb6319efe1a09a078ad1337c92f3b4cc7d2aea85e662.json.gz""}"
conda-forge.org,pkg:conda/zlib?repository_url=https://conda-forge.org,https://github.com/madler/zlib,projects,827021,repository_url,https://github.com/madler/zlib,21.08,,"{""url"":""https://science.ecosyste.ms/api/v1/projects/search_seeds?per_page=100&page=568"",""fetched_at"":""2026-09-23T18:45:03Z"",""cache_file"":""fbaf338d4f7c958c8121bb6319efe1a09a078ad1337c92f3b4cc7d2aea85e662.json.gz""}"
formulae.brew.sh,pkg:brew/zlib,https://github.com/madler/zlib,projects,827021,repository_url,https://github.com/madler/zlib,21.08,,"{""url"":""https://science.ecosyste.ms/api/v1/projects/search_seeds?per_page=100&page=568"",""fetched_at"":""2026-09-23T18:45:03Z"",""cache_file"":""fbaf338d4f7c958c8121bb6319efe1a09a078ad1337c92f3b4cc7d2aea85e662.json.gz""}"
pypi.org,pkg:pypi/pytest-mock,https://github.com/pytest-dev/pytest-mock,projects,827099,purl,pkg:pypi/pytest-mock,21.12,,"{""url"":""https://science.ecosyste.ms/api/v1/projects/search_seeds?per_page=100&page=568"",""fetched_at"":""2026-09-23T18:45:03Z"",""cache_file"":""fbaf338d4f7c958c8121bb6319efe1a09a078ad1337c92f3b4cc7d2aea85e662.json.gz""}"
pypi.org,pkg:pypi/pytest-mock,https://github.com/pytest-dev/pytest-mock,projects,827099,repository_url,https://github.com/pytest-dev/pytest-mock,21.12,,"{""url"":""https://science.ecosyste.ms/api/v1/projects/search_seeds?per_page=100&page=568"",""fetched_at"":""2026-09-23T18:45:03Z"",""cache_file"":""fbaf338d4f7c958c8121bb6319efe1a09a078ad1337c92f3b4cc7d2aea85e662.json.gz""}"
pypi.org,pkg:pypi/cryptography,https://github.com/pyca/cryptography,projects,827139,purl,pkg:pypi/cryptography,21.08,,"{""url"":""https://science.ecosyste.ms/api/v1/projects/search_seeds?per_page=100&page=569"",""fetched_at"":""2026-09-23T18:45:11Z"",""cache_file"":""53269c1004a18b31166b5c2614635415cb5684d1266f1e5e98336802a686f1bc.json.gz""}"
conda-forge.org,pkg:conda/cryptography?repository_url=https://conda-forge.org,https://github.com/pyca/cryptography,projects,827139,purl,pkg:conda/cryptography?repository_url=https://conda-forge.org,21.08,,"{""url"":""https://science.ecosyste.ms/api/v1/projects/search_seeds?per_page=100&page=569"",""fetched_at"":""2026-09-23T18:45:11Z"",""cache_file"":""53269c1004a18b31166b5c2614635415cb5684d1266f1e5e98336802a686f1bc.json.gz""}"
conda-forge.org,pkg:conda/cryptography?repository_url=https://conda-forge.org,https://github.com/pyca/cryptography,projects,827139,repository_url,https://github.com/pyca/cryptography,21.08,,"{""url"":""https://science.ecosyste.ms/api/v1/projects/search_seeds?per_page=100&page=569"",""fetched_at"":""2026-09-23T18:45:11Z"",""cache_file"":""53269c1004a18b31166b5c2614635415cb5684d1266f1e5e98336802a686f1bc.json.gz""}"
formulae.brew.sh,pkg:brew/cryptography,https://github.com/pyca/cryptography,projects,827139,repository_url,https://github.com/pyca/cryptography,21.08,,"{""url"":""https://science.ecosyste.ms/api/v1/projects/search_seeds?per_page=100&page=569"",""fetched_at"":""2026-09-23T18:45:11Z"",""cache_file"":""53269c1004a18b31166b5c2614635415cb5684d1266f1e5e98336802a686f1bc.json.gz""}"
pypi.org,pkg:pypi/cryptography,https://github.com/pyca/cryptography,projects,827139,repository_url,https://github.com/pyca/cryptography,21.08,,"{""url"":""https://science.ecosyste.ms/api/v1/projects/search_seeds?per_page=100&page=569"",""fetched_at"":""2026-09-23T18:45:11Z"",""cache_file"":""53269c1004a18b31166b5c2614635415cb5684d1266f1e5e98336802a686f1bc.json.gz""}"
pypi.org,pkg:pypi/pytest-asyncio,https://github.com/pytest-dev/pytest-asyncio,projects,827159,purl,pkg:pypi/pytest-asyncio,21.06,,"{""url"":""https://science.ecosyste.ms/api/v1/projects/search_seeds?per_page=100&page=569"",""fetched_at"":""2026-09-23T18:45:11Z"",""cache_file"":""53269c1004a18b31166b5c2614635415cb5684d1266f1e5e98336802a686f1bc.json.gz""}"
pypi.org,pkg:pypi/pytest-asyncio,https://github.com/pytest-dev/pytest-asyncio,projects,827159,repository_url,https://github.com/pytest-dev/pytest-asyncio,21.06,,"{""url"":""https://science.ecosyste.ms/api/v1/projects/search_seeds?per_page=100&page=569"",""fetched_at"":""2026-09-23T18:45:11Z"",""cache_file"":""53269c1004a18b31166b5c2614635415cb5684d1266f1e5e98336802a686f1bc.json.gz""}"
pypi.org,pkg:pypi/sagemaker,https://github.com/aws/sagemaker-python-sdk,projects,827210,purl,pkg:pypi/sagemaker,33.17,,"{""url"":""https://science.ecosyste.ms/api/v1/projects/search_seeds?per_page=100&page=569"",""fetched_at"":""2026-09-23T18:45:11Z"",""cache_file"":""53269c1004a18b31166b5c2614635415cb5684d1266f1e5e98336802a686f1bc.json.gz""}"
pypi.org,pkg:pypi/sagemaker,https://github.com/aws/sagemaker-python-sdk,projects,827210,repository_url,https://github.com/aws/sagemaker-python-sdk,33.17,,"{""url"":""https://science.ecosyste.ms/api/v1/projects/search_seeds?per_page=100&page=569"",""fetched_at"":""2026-09-23T18:45:11Z"",""cache_file"":""53269c1004a18b31166b5c2614635415cb5684d1266f1e5e98336802a686f1bc.json.gz""}"
pypi.org,pkg:pypi/confluent-kafka,https://github.com/confluentinc/confluent-kafka-python,projects,827298,purl,pkg:pypi/confluent-kafka,21.08,,"{""url"":""https://science.ecosyste.ms/api/v1/projects/search_seeds?per_page=100&page=569"",""fetched_at"":""2026-09-23T18:45:11Z"",""cache_file"":""53269c1004a18b31166b5c2614635415cb5684d1266f1e5e98336802a686f1bc.json.gz""}"
pypi.org,pkg:pypi/confluent-kafka,https://github.com/confluentinc/confluent-kafka-python,projects,827298,repository_url,https://github.com/confluentinc/confluent-kafka-python,21.08,,"{""url"":""https://science.ecosyste.ms/api/v1/projects/search_seeds?per_page=100&page=569"",""fetched_at"":""2026-09-23T18:45:11Z"",""cache_file"":""53269c1004a18b31166b5c2614635415cb5684d1266f1e5e98336802a686f1bc.json.gz""}"
pypi.org,pkg:pypi/tomlkit,https://github.com/python-poetry/tomlkit,projects,827314,purl,pkg:pypi/tomlkit,21.08,,"{""url"":""https://science.ecosyste.ms/api/v1/projects/search_seeds?per_page=100&page=569"",""fetched_at"":""2026-09-23T18:45:11Z"",""cache_file"":""53269c1004a18b31166b5c2614635415cb5684d1266f1e5e98336802a686f1bc.json.gz""}"
pypi.org,pkg:pypi/tomlkit,https://github.com/python-poetry/tomlkit,projects,827314,repository_url,https://github.com/python-poetry/tomlkit,21.08,,"{""url"":""https://science.ecosyste.ms/api/v1/projects/search_seeds?per_page=100&page=569"",""fetched_at"":""2026-09-23T18:45:11Z"",""cache_file"":""53269c1004a18b31166b5c2614635415cb5684d1266f1e5e98336802a686f1bc.json.gz""}"
pypi.org,pkg:pypi/tomlkit,https://github.com/python-poetry/tomlkit,projects,827314,repository_alias,https://github.com/python-poetry/tomlkit,21.08,,"{""url"":""https://science.ecosyste.ms/api/v1/projects/search_seeds?per_page=100&page=569"",""fetched_at"":""2026-09-23T18:45:11Z"",""cache_file"":""53269c1004a18b31166b5c2614635415cb5684d1266f1e5e98336802a686f1bc.json.gz""}"
pypi.org,pkg:pypi/slack-sdk,https://github.com/slackapi/python-slack-sdk,projects,827346,purl,pkg:pypi/slack-sdk,21.21,,"{""url"":""https://science.ecosyste.ms/api/v1/projects/search_seeds?per_page=100&page=569"",""fetched_at"":""2026-09-23T18:45:11Z"",""cache_file"":""53269c1004a18b31166b5c2614635415cb5684d1266f1e5e98336802a686f1bc.json.gz""}"
pypi.org,pkg:pypi/slack-sdk,https://github.com/slackapi/python-slack-sdk,projects,827346,repository_url,https://github.com/slackapi/python-slack-sdk,21.21,,"{""url"":""https://science.ecosyste.ms/api/v1/projects/search_seeds?per_page=100&page=569"",""fetched_at"":""2026-09-23T18:45:11Z"",""cache_file"":""53269c1004a18b31166b5c2614635415cb5684d1266f1e5e98336802a686f1bc.json.gz""}"
hackage.haskell.org,pkg:hackage/Cabal,https://github.com/haskell/cabal,projects,827401,purl,pkg:hackage/Cabal,21.34,,"{""url"":""https://science.ecosyste.ms/api/v1/projects/search_seeds?per_page=100&page=569"",""fetched_at"":""2026-09-23T18:45:11Z"",""cache_file"":""53269c1004a18b31166b5c2614635415cb5684d1266f1e5e98336802a686f1bc.json.gz""}"
hackage.haskell.org,pkg:hackage/Cabal,https://github.com/haskell/cabal,projects,827401,repository_url,https://github.com/haskell/cabal,21.34,,"{""url"":""https://science.ecosyste.ms/api/v1/projects/search_seeds?per_page=100&page=569"",""fetched_at"":""2026-09-23T18:45:11Z"",""cache_file"":""53269c1004a18b31166b5c2614635415cb5684d1266f1e5e98336802a686f1bc.json.gz""}"
pypi.org,pkg:pypi/awswrangler,https://github.com/aws/aws-sdk-pandas,projects,827403,purl,pkg:pypi/awswrangler,25.03,,"{""url"":""https://science.ecosyste.ms/api/v1/projects/search_seeds?per_page=100&page=569"",""fetched_at"":""2026-09-23T18:45:11Z"",""cache_file"":""53269c1004a18b31166b5c2614635415cb5684d1266f1e5e98336802a686f1bc.json.gz""}"
pypi.org,pkg:pypi/awswrangler,https://github.com/aws/aws-sdk-pandas,projects,827403,repository_url,https://github.com/aws/aws-sdk-pandas,25.03,,"{""url"":""https://science.ecosyste.ms/api/v1/projects/search_seeds?per_page=100&page=569"",""fetched_at"":""2026-09-23T18:45:11Z"",""cache_file"":""53269c1004a18b31166b5c2614635415cb5684d1266f1e5e98336802a686f1bc.json.gz""}"
pypi.org,pkg:pypi/snowflake-connector-python,https://github.com/snowflakedb/snowflake-connector-python,projects,827501,purl,pkg:pypi/snowflake-connector-python,25.06,,"{""url"":""https://science.ecosyste.ms/api/v1/projects/search_seeds?per_page=100&page=569"",""fetched_at"":""2026-09-23T18:45:11Z"",""cache_file"":""53269c1004a18b31166b5c2614635415cb5684d1266f1e5e98336802a686f1bc.json.gz""}"
pypi.org,pkg:pypi/snowflake-connector-python,https://github.com/snowflakedb/snowflake-connector-python,projects,827501,repository_url,https://github.com/snowflakedb/snowflake-connector-python,25.06,,"{""url"":""https://science.ecosyste.ms/api/v1/projects/search_seeds?per_page=100&page=569"",""fetched_at"":""2026-09-23T18:45:11Z"",""cache_file"":""53269c1004a18b31166b5c2614635415cb5684d1266f1e5e98336802a686f1bc.json.gz""}"
pypi.org,pkg:pypi/fonttools,https://github.com/fonttools/fonttools,projects,827538,purl,pkg:pypi/fonttools,25.06,,"{""url"":""https://science.ecosyste.ms/api/v1/projects/search_seeds?per_page=100&page=569"",""fetched_at"":""2026-09-23T18:45:11Z"",""cache_file"":""53269c1004a18b31166b5c2614635415cb5684d1266f1e5e98336802a686f1bc.json.gz""}"
conda-forge.org,pkg:conda/fonttools?repository_url=https://conda-forge.org,https://github.com/fonttools/fonttools,projects,827538,purl,pkg:conda/fonttools?repository_url=https://conda-forge.org,25.06,,"{""url"":""https://science.ecosyste.ms/api/v1/projects/search_seeds?per_page=100&page=569"",""fetched_at"":""2026-09-23T18:45:11Z"",""cache_file"":""53269c1004a18b31166b5c2614635415cb5684d1266f1e5e98336802a686f1bc.json.gz""}"
conda-forge.org,pkg:conda/fonttools?repository_url=https://conda-forge.org,https://github.com/fonttools/fonttools,projects,827538,repository_url,https://github.com/fonttools/fonttools,25.06,,"{""url"":""https://science.ecosyste.ms/api/v1/projects/search_seeds?per_page=100&page=569"",""fetched_at"":""2026-09-23T18:45:11Z"",""cache_file"":""53269c1004a18b31166b5c2614635415cb5684d1266f1e5e98336802a686f1bc.json.gz""}"
pypi.org,pkg:pypi/fonttools,https://github.com/fonttools/fonttools,projects,827538,repository_url,https://github.com/fonttools/fonttools,25.06,,"{""url"":""https://science.ecosyste.ms/api/v1/projects/search_seeds?per_page=100&page=569"",""fetched_at"":""2026-09-23T18:45:11Z"",""cache_file"":""53269c1004a18b31166b5c2614635415cb5684d1266f1e5e98336802a686f1bc.json.gz""}"
formulae.brew.sh,pkg:brew/highway,https://github.com/google/highway,projects,827610,purl,pkg:brew/highway,21.21,,"{""url"":""https://science.ecosyste.ms/api/v1/projects/search_seeds?per_page=100&page=569"",""fetched_at"":""2026-09-23T18:45:11Z"",""cache_file"":""53269c1004a18b31166b5c2614635415cb5684d1266f1e5e98336802a686f1bc.json.gz""}"
formulae.brew.sh,pkg:brew/highway,https://github.com/google/highway,projects,827610,repository_url,https://github.com/google/highway,21.21,,"{""url"":""https://science.ecosyste.ms/api/v1/projects/search_seeds?per_page=100&page=569"",""fetched_at"":""2026-09-23T18:45:11Z"",""cache_file"":""53269c1004a18b31166b5c2614635415cb5684d1266f1e5e98336802a686f1bc.json.gz""}"
pypi.org,pkg:pypi/fsspec,https://github.com/fsspec/filesystem_spec,projects,827712,purl,pkg:pypi/fsspec,21.29,,"{""url"":""https://science.ecosyste.ms/api/v1/projects/search_seeds?per_page=100&page=569"",""fetched_at"":""2026-09-23T18:45:11Z"",""cache_file"":""53269c1004a18b31166b5c2614635415cb5684d1266f1e5e98336802a686f1bc.json.gz""}"
pypi.org,pkg:pypi/fsspec,https://github.com/fsspec/filesystem_spec,projects,827712,repository_url,https://github.com/fsspec/filesystem_spec,21.29,,"{""url"":""https://science.ecosyste.ms/api/v1/projects/search_seeds?per_page=100&page=569"",""fetched_at"":""2026-09-23T18:45:11Z"",""cache_file"":""53269c1004a18b31166b5c2614635415cb5684d1266f1e5e98336802a686f1bc.json.gz""}"
conda-forge.org,pkg:conda/fsspec?repository_url=https://conda-forge.org,https://github.com/intake/filesystem_spec,projects,827712,repository_alias,https://github.com/intake/filesystem_spec,21.29,,"{""url"":""https://science.ecosyste.ms/api/v1/projects/search_seeds?per_page=100&page=569"",""fetched_at"":""2026-09-23T18:45:11Z"",""cache_file"":""53269c1004a18b31166b5c2614635415cb5684d1266f1e5e98336802a686f1bc.json.gz""}"
pypi.org,pkg:pypi/llvmlite,https://github.com/numba/llvmlite,projects,827776,purl,pkg:pypi/llvmlite,21.42,,"{""url"":""https://science.ecosyste.ms/api/v1/projects/search_seeds?per_page=100&page=570"",""fetched_at"":""2026-09-23T18:45:16Z"",""cache_file"":""3945339bf3eb872e05188913501811c760c63e2a467aa76b9b31f44413832761.json.gz""}"
conda-forge.org,pkg:conda/llvmlite?repository_url=https://conda-forge.org,https://github.com/numba/llvmlite,projects,827776,purl,pkg:conda/llvmlite?repository_url=https://conda-forge.org,21.42,,"{""url"":""https://science.ecosyste.ms/api/v1/projects/search_seeds?per_page=100&page=570"",""fetched_at"":""2026-09-23T18:45:16Z"",""cache_file"":""3945339bf3eb872e05188913501811c760c63e2a467aa76b9b31f44413832761.json.gz""}"
conda-forge.org,pkg:conda/llvmlite?repository_url=https://conda-forge.org,https://github.com/numba/llvmlite,projects,827776,repository_url,https://github.com/numba/llvmlite,21.42,,"{""url"":""https://science.ecosyste.ms/api/v1/projects/search_seeds?per_page=100&page=570"",""fetched_at"":""2026-09-23T18:45:16Z"",""cache_file"":""3945339bf3eb872e05188913501811c760c63e2a467aa76b9b31f44413832761.json.gz""}"
pypi.org,pkg:pypi/llvmlite,https://github.com/numba/llvmlite,projects,827776,repository_url,https://github.com/numba/llvmlite,21.42,,"{""url"":""https://science.ecosyste.ms/api/v1/projects/search_seeds?per_page=100&page=570"",""fetched_at"":""2026-09-23T18:45:16Z"",""cache_file"":""3945339bf3eb872e05188913501811c760c63e2a467aa76b9b31f44413832761.json.gz""}"
pypi.org,pkg:pypi/greenlet,https://github.com/python-greenlet/greenlet,projects,828012,purl,pkg:pypi/greenlet,21.22,,"{""url"":""https://science.ecosyste.ms/api/v1/projects/search_seeds?per_page=100&page=570"",""fetched_at"":""2026-09-23T18:45:16Z"",""cache_file"":""3945339bf3eb872e05188913501811c760c63e2a467aa76b9b31f44413832761.json.gz""}"
conda-forge.org,pkg:conda/greenlet?repository_url=https://conda-forge.org,https://github.com/python-greenlet/greenlet,projects,828012,purl,pkg:conda/greenlet?repository_url=https://conda-forge.org,21.22,,"{""url"":""https://science.ecosyste.ms/api/v1/projects/search_seeds?per_page=100&page=570"",""fetched_at"":""2026-09-23T18:45:16Z"",""cache_file"":""3945339bf3eb872e05188913501811c760c63e2a467aa76b9b31f44413832761.json.gz""}"
conda-forge.org,pkg:conda/greenlet?repository_url=https://conda-forge.org,https://github.com/python-greenlet/greenlet,projects,828012,repository_url,https://github.com/python-greenlet/greenlet,21.22,,"{""url"":""https://science.ecosyste.ms/api/v1/projects/search_seeds?per_page=100&page=570"",""fetched_at"":""2026-09-23T18:45:16Z"",""cache_file"":""3945339bf3eb872e05188913501811c760c63e2a467aa76b9b31f44413832761.json.gz""}"
pypi.org,pkg:pypi/greenlet,https://github.com/python-greenlet/greenlet,projects,828012,repository_url,https://github.com/python-greenlet/greenlet,21.22,,"{""url"":""https://science.ecosyste.ms/api/v1/projects/search_seeds?per_page=100&page=570"",""fetched_at"":""2026-09-23T18:45:16Z"",""cache_file"":""3945339bf3eb872e05188913501811c760c63e2a467aa76b9b31f44413832761.json.gz""}"
conda-forge.org,pkg:conda/rope?repository_url=https://conda-forge.org,https://github.com/python-rope/rope,projects,828266,purl,pkg:conda/rope?repository_url=https://conda-forge.org,21.11,,"{""url"":""https://science.ecosyste.ms/api/v1/projects/search_seeds?per_page=100&page=571"",""fetched_at"":""2026-09-23T18:45:20Z"",""cache_file"":""31f979c353db7a8f1f5120706f37e1d468dcd17ca4b4ab62648c8938d439d981.json.gz""}"
conda-forge.org,pkg:conda/rope?repository_url=https://conda-forge.org,https://github.com/python-rope/rope,projects,828266,repository_url,https://github.com/python-rope/rope,21.11,,"{""url"":""https://science.ecosyste.ms/api/v1/projects/search_seeds?per_page=100&page=571"",""fetched_at"":""2026-09-23T18:45:20Z"",""cache_file"":""31f979c353db7a8f1f5120706f37e1d468dcd17ca4b4ab62648c8938d439d981.json.gz""}"
pypi.org,pkg:pypi/pluggy,https://github.com/pytest-dev/pluggy,projects,828427,purl,pkg:pypi/pluggy,21.08,,"{""url"":""https://science.ecosyste.ms/api/v1/projects/search_seeds?per_page=100&page=571"",""fetched_at"":""2026-09-23T18:45:20Z"",""cache_file"":""31f979c353db7a8f1f5120706f37e1d468dcd17ca4b4ab62648c8938d439d981.json.gz""}"
conda-forge.org,pkg:conda/pluggy?repository_url=https://conda-forge.org,https://github.com/pytest-dev/pluggy,projects,828427,purl,pkg:conda/pluggy?repository_url=https://conda-forge.org,21.08,,"{""url"":""https://science.ecosyste.ms/api/v1/projects/search_seeds?per_page=100&page=571"",""fetched_at"":""2026-09-23T18:45:20Z"",""cache_file"":""31f979c353db7a8f1f5120706f37e1d468dcd17ca4b4ab62648c8938d439d981.json.gz""}"
conda-forge.org,pkg:conda/pluggy?repository_url=https://conda-forge.org,https://github.com/pytest-dev/pluggy,projects,828427,repository_url,https://github.com/pytest-dev/pluggy,21.08,,"{""url"":""https://science.ecosyste.ms/api/v1/projects/search_seeds?per_page=100&page=571"",""fetched_at"":""2026-09-23T18:45:20Z"",""cache_file"":""31f979c353db7a8f1f5120706f37e1d468dcd17ca4b4ab62648c8938d439d981.json.gz""}"
pypi.org,pkg:pypi/pluggy,https://github.com/pytest-dev/pluggy,projects,828427,repository_url,https://github.com/pytest-dev/pluggy,21.08,,"{""url"":""https://science.ecosyste.ms/api/v1/projects/search_seeds?per_page=100&page=571"",""fetched_at"":""2026-09-23T18:45:20Z"",""cache_file"":""31f979c353db7a8f1f5120706f37e1d468dcd17ca4b4ab62648c8938d439d981.json.gz""}"
pypi.org,pkg:pypi/idna,https://github.com/kjd/idna,projects,828618,purl,pkg:pypi/idna,21.14,,"{""url"":""https://science.ecosyste.ms/api/v1/projects/search_seeds?per_page=100&page=571"",""fetched_at"":""2026-09-23T18:45:20Z"",""cache_file"":""31f979c353db7a8f1f5120706f37e1d468dcd17ca4b4ab62648c8938d439d981.json.gz""}"
conda-forge.org,pkg:conda/idna?repository_url=https://conda-forge.org,https://github.com/kjd/idna,projects,828618,purl,pkg:conda/idna?repository_url=https://conda-forge.org,21.14,,"{""url"":""https://science.ecosyste.ms/api/v1/projects/search_seeds?per_page=100&page=571"",""fetched_at"":""2026-09-23T18:45:20Z"",""cache_file"":""31f979c353db7a8f1f5120706f37e1d468dcd17ca4b4ab62648c8938d439d981.json.gz""}"
conda-forge.org,pkg:conda/idna?repository_url=https://conda-forge.org,https://github.com/kjd/idna,projects,828618,repository_url,https://github.com/kjd/idna,21.14,,"{""url"":""https://science.ecosyste.ms/api/v1/projects/search_seeds?per_page=100&page=571"",""fetched_at"":""2026-09-23T18:45:20Z"",""cache_file"":""31f979c353db7a8f1f5120706f37e1d468dcd17ca4b4ab62648c8938d439d981.json.gz""}"
pypi.org,pkg:pypi/idna,https://github.com/kjd/idna,projects,828618,repository_url,https://github.com/kjd/idna,21.14,,"{""url"":""https://science.ecosyste.ms/api/v1/projects/search_seeds?per_page=100&page=571"",""fetched_at"":""2026-09-23T18:45:20Z"",""cache_file"":""31f979c353db7a8f1f5120706f37e1d468dcd17ca4b4ab62648c8938d439d981.json.gz""}"
pypi.org,pkg:pypi/kiwisolver,https://github.com/nucleic/kiwi,projects,828810,purl,pkg:pypi/kiwisolver,21.0,,"{""url"":""https://science.ecosyste.ms/api/v1/projects/search_seeds?per_page=100&page=572"",""fetched_at"":""2026-09-23T18:45:26Z"",""cache_file"":""3b5f6f2fef102fcc3ee27fc41d9edeeb010accd8f9ec93295058936659da85aa.json.gz""}"
conda-forge.org,pkg:conda/kiwisolver?repository_url=https://conda-forge.org,https://github.com/nucleic/kiwi,projects,828810,purl,pkg:conda/kiwisolver?repository_url=https://conda-forge.org,21.0,,"{""url"":""https://science.ecosyste.ms/api/v1/projects/search_seeds?per_page=100&page=572"",""fetched_at"":""2026-09-23T18:45:26Z"",""cache_file"":""3b5f6f2fef102fcc3ee27fc41d9edeeb010accd8f9ec93295058936659da85aa.json.gz""}"
conda-forge.org,pkg:conda/kiwisolver?repository_url=https://conda-forge.org,https://github.com/nucleic/kiwi,projects,828810,repository_url,https://github.com/nucleic/kiwi,21.0,,"{""url"":""https://science.ecosyste.ms/api/v1/projects/search_seeds?per_page=100&page=572"",""fetched_at"":""2026-09-23T18:45:26Z"",""cache_file"":""3b5f6f2fef102fcc3ee27fc41d9edeeb010accd8f9ec93295058936659da85aa.json.gz""}"
pypi.org,pkg:pypi/kiwisolver,https://github.com/nucleic/kiwi,projects,828810,repository_url,https://github.com/nucleic/kiwi,21.0,,"{""url"":""https://science.ecosyste.ms/api/v1/projects/search_seeds?per_page=100&page=572"",""fetched_at"":""2026-09-23T18:45:26Z"",""cache_file"":""3b5f6f2fef102fcc3ee27fc41d9edeeb010accd8f9ec93295058936659da85aa.json.gz""}"
pypi.org,pkg:pypi/pathos,https://github.com/uqfoundation/pathos,projects,829026,purl,pkg:pypi/pathos,29.71,,"{""url"":""https://science.ecosyste.ms/api/v1/projects/search_seeds?per_page=100&page=572"",""fetched_at"":""2026-09-23T18:45:26Z"",""cache_file"":""3b5f6f2fef102fcc3ee27fc41d9edeeb010accd8f9ec93295058936659da85aa.json.gz""}"
pypi.org,pkg:pypi/pathos,https://github.com/uqfoundation/pathos,projects,829026,repository_url,https://github.com/uqfoundation/pathos,29.71,,"{""url"":""https://science.ecosyste.ms/api/v1/projects/search_seeds?per_page=100&page=572"",""fetched_at"":""2026-09-23T18:45:26Z"",""cache_file"":""3b5f6f2fef102fcc3ee27fc41d9edeeb010accd8f9ec93295058936659da85aa.json.gz""}"
pypi.org,pkg:pypi/redshift-connector,https://github.com/aws/amazon-redshift-python-driver,projects,829087,purl,pkg:pypi/redshift-connector,25.0,,"{""url"":""https://science.ecosyste.ms/api/v1/projects/search_seeds?per_page=100&page=572"",""fetched_at"":""2026-09-23T18:45:26Z"",""cache_file"":""3b5f6f2fef102fcc3ee27fc41d9edeeb010accd8f9ec93295058936659da85aa.json.gz""}"
pypi.org,pkg:pypi/redshift-connector,https://github.com/aws/amazon-redshift-python-driver,projects,829087,repository_url,https://github.com/aws/amazon-redshift-python-driver,25.0,,"{""url"":""https://science.ecosyste.ms/api/v1/projects/search_seeds?per_page=100&page=572"",""fetched_at"":""2026-09-23T18:45:26Z"",""cache_file"":""3b5f6f2fef102fcc3ee27fc41d9edeeb010accd8f9ec93295058936659da85aa.json.gz""}"
cran.r-project.org,pkg:cran/cowplot,https://github.com/wilkelab/cowplot,projects,829212,purl,pkg:cran/cowplot,47.79,,"{""url"":""https://science.ecosyste.ms/api/v1/projects/search_seeds?per_page=100&page=572"",""fetched_at"":""2026-09-23T18:45:26Z"",""cache_file"":""3b5f6f2fef102fcc3ee27fc41d9edeeb010accd8f9ec93295058936659da85aa.json.gz""}"
cran.r-project.org,pkg:cran/cowplot,https://github.com/wilkelab/cowplot,projects,829212,repository_url,https://github.com/wilkelab/cowplot,47.79,,"{""url"":""https://science.ecosyste.ms/api/v1/projects/search_seeds?per_page=100&page=572"",""fetched_at"":""2026-09-23T18:45:26Z"",""cache_file"":""3b5f6f2fef102fcc3ee27fc41d9edeeb010accd8f9ec93295058936659da85aa.json.gz""}"
pypi.org,pkg:pypi/semantic-version,https://github.com/rbarrois/python-semanticversion,projects,829289,purl,pkg:pypi/semantic-version,21.0,,"{""url"":""https://science.ecosyste.ms/api/v1/projects/search_seeds?per_page=100&page=573"",""fetched_at"":""2026-09-23T18:45:30Z"",""cache_file"":""64ba65c1cddbcfe5c51d4edcb12d48475971e2cdaaf80e512acc79bd16d59a65.json.gz""}"
pypi.org,pkg:pypi/semantic-version,https://github.com/rbarrois/python-semanticversion,projects,829289,repository_url,https://github.com/rbarrois/python-semanticversion,21.0,,"{""url"":""https://science.ecosyste.ms/api/v1/projects/search_seeds?per_page=100&page=573"",""fetched_at"":""2026-09-23T18:45:30Z"",""cache_file"":""64ba65c1cddbcfe5c51d4edcb12d48475971e2cdaaf80e512acc79bd16d59a65.json.gz""}"
pypi.org,pkg:pypi/distlib,https://github.com/pypa/distlib,projects,829600,purl,pkg:pypi/distlib,21.11,,"{""url"":""https://science.ecosyste.ms/api/v1/projects/search_seeds?per_page=100&page=573"",""fetched_at"":""2026-09-23T18:45:30Z"",""cache_file"":""64ba65c1cddbcfe5c51d4edcb12d48475971e2cdaaf80e512acc79bd16d59a65.json.gz""}"
pypi.org,pkg:pypi/distlib,https://github.com/pypa/distlib,projects,829600,repository_url,https://github.com/pypa/distlib,21.11,,"{""url"":""https://science.ecosyste.ms/api/v1/projects/search_seeds?per_page=100&page=573"",""fetched_at"":""2026-09-23T18:45:30Z"",""cache_file"":""64ba65c1cddbcfe5c51d4edcb12d48475971e2cdaaf80e512acc79bd16d59a65.json.gz""}"
pypi.org,pkg:pypi/cycler,https://github.com/matplotlib/cycler,projects,829693,purl,pkg:pypi/cycler,21.59,,"{""url"":""https://science.ecosyste.ms/api/v1/projects/search_seeds?per_page=100&page=573"",""fetched_at"":""2026-09-23T18:45:30Z"",""cache_file"":""64ba65c1cddbcfe5c51d4edcb12d48475971e2cdaaf80e512acc79bd16d59a65.json.gz""}"
conda-forge.org,pkg:conda/cycler?repository_url=https://conda-forge.org,https://github.com/matplotlib/cycler,projects,829693,purl,pkg:conda/cycler?repository_url=https://conda-forge.org,21.59,,"{""url"":""https://science.ecosyste.ms/api/v1/projects/search_seeds?per_page=100&page=573"",""fetched_at"":""2026-09-23T18:45:30Z"",""cache_file"":""64ba65c1cddbcfe5c51d4edcb12d48475971e2cdaaf80e512acc79bd16d59a65.json.gz""}"
conda-forge.org,pkg:conda/cycler?repository_url=https://conda-forge.org,https://github.com/matplotlib/cycler,projects,829693,repository_url,https://github.com/matplotlib/cycler,21.59,,"{""url"":""https://science.ecosyste.ms/api/v1/projects/search_seeds?per_page=100&page=573"",""fetched_at"":""2026-09-23T18:45:30Z"",""cache_file"":""64ba65c1cddbcfe5c51d4edcb12d48475971e2cdaaf80e512acc79bd16d59a65.json.gz""}"
pypi.org,pkg:pypi/cycler,https://github.com/matplotlib/cycler,projects,829693,repository_url,https://github.com/matplotlib/cycler,21.59,,"{""url"":""https://science.ecosyste.ms/api/v1/projects/search_seeds?per_page=100&page=573"",""fetched_at"":""2026-09-23T18:45:30Z"",""cache_file"":""64ba65c1cddbcfe5c51d4edcb12d48475971e2cdaaf80e512acc79bd16d59a65.json.gz""}"
conda-forge.org,pkg:conda/hdf4?repository_url=https://conda-forge.org,https://github.com/hdfgroup/hdf4,projects,830664,purl,pkg:conda/hdf4?repository_url=https://conda-forge.org,34.29,,"{""url"":""https://science.ecosyste.ms/api/v1/projects/search_seeds?per_page=100&page=576"",""fetched_at"":""2026-09-23T18:45:52Z"",""cache_file"":""6aead19900448004204f26066affc5eec84a99ec68cb4a7ec1aeb0ada0eaecfc.json.gz""}"
conda-forge.org,pkg:conda/hdf4?repository_url=https://conda-forge.org,https://github.com/hdfgroup/hdf4,projects,830664,repository_url,https://github.com/hdfgroup/hdf4,34.29,,"{""url"":""https://science.ecosyste.ms/api/v1/projects/search_seeds?per_page=100&page=576"",""fetched_at"":""2026-09-23T18:45:52Z"",""cache_file"":""6aead19900448004204f26066affc5eec84a99ec68cb4a7ec1aeb0ada0eaecfc.json.gz""}"
pypi.org,pkg:pypi/universal-pathlib,https://github.com/fsspec/universal_pathlib,projects,831039,purl,pkg:pypi/universal-pathlib,21.0,,"{""url"":""https://science.ecosyste.ms/api/v1/projects/search_seeds?per_page=100&page=576"",""fetched_at"":""2026-09-23T18:45:52Z"",""cache_file"":""6aead19900448004204f26066affc5eec84a99ec68cb4a7ec1aeb0ada0eaecfc.json.gz""}"
pypi.org,pkg:pypi/universal-pathlib,https://github.com/fsspec/universal_pathlib,projects,831039,repository_url,https://github.com/fsspec/universal_pathlib,21.0,,"{""url"":""https://science.ecosyste.ms/api/v1/projects/search_seeds?per_page=100&page=576"",""fetched_at"":""2026-09-23T18:45:52Z"",""cache_file"":""6aead19900448004204f26066affc5eec84a99ec68cb4a7ec1aeb0ada0eaecfc.json.gz""}"
pypi.org,pkg:pypi/pox,https://github.com/uqfoundation/pox,projects,831487,purl,pkg:pypi/pox,30.25,,"{""url"":""https://science.ecosyste.ms/api/v1/projects/search_seeds?per_page=100&page=577"",""fetched_at"":""2026-09-23T18:45:55Z"",""cache_file"":""156de394381917a5e51098c3d212fa853846688d6cce80670976323666449761.json.gz""}"
pypi.org,pkg:pypi/pox,https://github.com/uqfoundation/pox,projects,831487,repository_url,https://github.com/uqfoundation/pox,30.25,,"{""url"":""https://science.ecosyste.ms/api/v1/projects/search_seeds?per_page=100&page=577"",""fetched_at"":""2026-09-23T18:45:55Z"",""cache_file"":""156de394381917a5e51098c3d212fa853846688d6cce80670976323666449761.json.gz""}"
pypi.org,pkg:pypi/jaraco.context,https://github.com/jaraco/jaraco.context,projects,832613,purl,pkg:pypi/jaraco.context,21.0,,"{""url"":""https://science.ecosyste.ms/api/v1/projects/search_seeds?per_page=100&page=580"",""fetched_at"":""2026-09-23T18:46:03Z"",""cache_file"":""e931d332aa6c8fa97c9b7ef41bd23f6782ac681ca81a2b7fc4679f08cf06d60d.json.gz""}"
pypi.org,pkg:pypi/jaraco.context,https://github.com/jaraco/jaraco.context,projects,832613,repository_url,https://github.com/jaraco/jaraco.context,21.0,,"{""url"":""https://science.ecosyste.ms/api/v1/projects/search_seeds?per_page=100&page=580"",""fetched_at"":""2026-09-23T18:46:03Z"",""cache_file"":""e931d332aa6c8fa97c9b7ef41bd23f6782ac681ca81a2b7fc4679f08cf06d60d.json.gz""}"
cran.r-project.org,pkg:cran/sys,https://github.com/jeroen/sys,projects,833236,purl,pkg:cran/sys,21.0,,"{""url"":""https://science.ecosyste.ms/api/v1/projects/search_seeds?per_page=100&page=581"",""fetched_at"":""2026-09-23T19:54:51Z"",""cache_file"":""9eb3d36db49256ed09789052e85ea457d97edd1b24d68bec2f7e1b8e14ad0507.json.gz""}"
cran.r-project.org,pkg:cran/sys,https://github.com/jeroen/sys,projects,833236,repository_url,https://github.com/jeroen/sys,21.0,,"{""url"":""https://science.ecosyste.ms/api/v1/projects/search_seeds?per_page=100&page=581"",""fetched_at"":""2026-09-23T19:54:51Z"",""cache_file"":""9eb3d36db49256ed09789052e85ea457d97edd1b24d68bec2f7e1b8e14ad0507.json.gz""}"
pypi.org,pkg:pypi/ordered-set,https://github.com/rspeer/ordered-set,projects,835108,purl,pkg:pypi/ordered-set,21.22,,"{""url"":""https://science.ecosyste.ms/api/v1/projects/search_seeds?per_page=100&page=584"",""fetched_at"":""2026-09-23T19:54:56Z"",""cache_file"":""4caeaa23aa75e7f41f160cb47ee158ed57191cbb364d9aaf6ebdeae1a424d481.json.gz""}"
pypi.org,pkg:pypi/ordered-set,https://github.com/rspeer/ordered-set,projects,835108,repository_url,https://github.com/rspeer/ordered-set,21.22,,"{""url"":""https://science.ecosyste.ms/api/v1/projects/search_seeds?per_page=100&page=584"",""fetched_at"":""2026-09-23T19:54:56Z"",""cache_file"":""4caeaa23aa75e7f41f160cb47ee158ed57191cbb364d9aaf6ebdeae1a424d481.json.gz""}"
pypi.org,pkg:pypi/traitlets,https://github.com/ipython/traitlets,projects,838622,purl,pkg:pypi/traitlets,21.73,,"{""url"":""https://science.ecosyste.ms/api/v1/projects/search_seeds?per_page=100&page=587"",""fetched_at"":""2026-09-23T19:55:07Z"",""cache_file"":""0e05b70ad2697876678db2ad3ca79692febe091c0af9fbaed84f9ff460eaeb54.json.gz""}"
conda-forge.org,pkg:conda/traitlets?repository_url=https://conda-forge.org,https://github.com/ipython/traitlets,projects,838622,purl,pkg:conda/traitlets?repository_url=https://conda-forge.org,21.73,,"{""url"":""https://science.ecosyste.ms/api/v1/projects/search_seeds?per_page=100&page=587"",""fetched_at"":""2026-09-23T19:55:07Z"",""cache_file"":""0e05b70ad2697876678db2ad3ca79692febe091c0af9fbaed84f9ff460eaeb54.json.gz""}"
conda-forge.org,pkg:conda/traitlets?repository_url=https://conda-forge.org,https://github.com/ipython/traitlets,projects,838622,repository_url,https://github.com/ipython/traitlets,21.73,,"{""url"":""https://science.ecosyste.ms/api/v1/projects/search_seeds?per_page=100&page=587"",""fetched_at"":""2026-09-23T19:55:07Z"",""cache_file"":""0e05b70ad2697876678db2ad3ca79692febe091c0af9fbaed84f9ff460eaeb54.json.gz""}"
pypi.org,pkg:pypi/traitlets,https://github.com/ipython/traitlets,projects,838622,repository_url,https://github.com/ipython/traitlets,21.73,,"{""url"":""https://science.ecosyste.ms/api/v1/projects/search_seeds?per_page=100&page=587"",""fetched_at"":""2026-09-23T19:55:07Z"",""cache_file"":""0e05b70ad2697876678db2ad3ca79692febe091c0af9fbaed84f9ff460eaeb54.json.gz""}"
pypi.org,pkg:pypi/sqlalchemy,https://github.com/sqlalchemy/sqlalchemy,projects,838633,purl,pkg:pypi/sqlalchemy,21.18,,"{""url"":""https://science.ecosyste.ms/api/v1/projects/search_seeds?per_page=100&page=587"",""fetched_at"":""2026-09-23T19:55:07Z"",""cache_file"":""0e05b70ad2697876678db2ad3ca79692febe091c0af9fbaed84f9ff460eaeb54.json.gz""}"
conda-forge.org,pkg:conda/sqlalchemy?repository_url=https://conda-forge.org,https://github.com/sqlalchemy/sqlalchemy,projects,838633,purl,pkg:conda/sqlalchemy?repository_url=https://conda-forge.org,21.18,,"{""url"":""https://science.ecosyste.ms/api/v1/projects/search_seeds?per_page=100&page=587"",""fetched_at"":""2026-09-23T19:55:07Z"",""cache_file"":""0e05b70ad2697876678db2ad3ca79692febe091c0af9fbaed84f9ff460eaeb54.json.gz""}"
conda-forge.org,pkg:conda/sqlalchemy?repository_url=https://conda-forge.org,https://github.com/sqlalchemy/sqlalchemy,projects,838633,repository_url,https://github.com/sqlalchemy/sqlalchemy,21.18,,"{""url"":""https://science.ecosyste.ms/api/v1/projects/search_seeds?per_page=100&page=587"",""fetched_at"":""2026-09-23T19:55:07Z"",""cache_file"":""0e05b70ad2697876678db2ad3ca79692febe091c0af9fbaed84f9ff460eaeb54.json.gz""}"
pypi.org,pkg:pypi/sqlalchemy,https://github.com/sqlalchemy/sqlalchemy,projects,838633,repository_url,https://github.com/sqlalchemy/sqlalchemy,21.18,,"{""url"":""https://science.ecosyste.ms/api/v1/projects/search_seeds?per_page=100&page=587"",""fetched_at"":""2026-09-23T19:55:07Z"",""cache_file"":""0e05b70ad2697876678db2ad3ca79692febe091c0af9fbaed84f9ff460eaeb54.json.gz""}"
pypi.org,pkg:pypi/tomli,https://github.com/hukkin/tomli,projects,838663,purl,pkg:pypi/tomli,21.0,,"{""url"":""https://science.ecosyste.ms/api/v1/projects/search_seeds?per_page=100&page=587"",""fetched_at"":""2026-09-23T19:55:07Z"",""cache_file"":""0e05b70ad2697876678db2ad3ca79692febe091c0af9fbaed84f9ff460eaeb54.json.gz""}"
pypi.org,pkg:pypi/tomli,https://github.com/hukkin/tomli,projects,838663,repository_url,https://github.com/hukkin/tomli,21.0,,"{""url"":""https://science.ecosyste.ms/api/v1/projects/search_seeds?per_page=100&page=587"",""fetched_at"":""2026-09-23T19:55:07Z"",""cache_file"":""0e05b70ad2697876678db2ad3ca79692febe091c0af9fbaed84f9ff460eaeb54.json.gz""}"
pypi.org,pkg:pypi/gcsfs,https://github.com/fsspec/gcsfs,projects,838692,purl,pkg:pypi/gcsfs,21.21,,"{""url"":""https://science.ecosyste.ms/api/v1/projects/search_seeds?per_page=100&page=587"",""fetched_at"":""2026-09-23T19:55:07Z"",""cache_file"":""0e05b70ad2697876678db2ad3ca79692febe091c0af9fbaed84f9ff460eaeb54.json.gz""}"
pypi.org,pkg:pypi/gcsfs,https://github.com/fsspec/gcsfs,projects,838692,repository_url,https://github.com/fsspec/gcsfs,21.21,,"{""url"":""https://science.ecosyste.ms/api/v1/projects/search_seeds?per_page=100&page=587"",""fetched_at"":""2026-09-23T19:55:07Z"",""cache_file"":""0e05b70ad2697876678db2ad3ca79692febe091c0af9fbaed84f9ff460eaeb54.json.gz""}"
pypi.org,pkg:pypi/contourpy,https://github.com/contourpy/contourpy,projects,838717,purl,pkg:pypi/contourpy,27.36,,"{""url"":""https://science.ecosyste.ms/api/v1/projects/search_seeds?per_page=100&page=587"",""fetched_at"":""2026-09-23T19:55:07Z"",""cache_file"":""0e05b70ad2697876678db2ad3ca79692febe091c0af9fbaed84f9ff460eaeb54.json.gz""}"
pypi.org,pkg:pypi/contourpy,https://github.com/contourpy/contourpy,projects,838717,repository_url,https://github.com/contourpy/contourpy,27.36,,"{""url"":""https://science.ecosyste.ms/api/v1/projects/search_seeds?per_page=100&page=587"",""fetched_at"":""2026-09-23T19:55:07Z"",""cache_file"":""0e05b70ad2697876678db2ad3ca79692febe091c0af9fbaed84f9ff460eaeb54.json.gz""}"
cran.r-project.org,pkg:cran/haven,https://github.com/tidyverse/haven,projects,838738,purl,pkg:cran/haven,34.33,,"{""url"":""https://science.ecosyste.ms/api/v1/projects/search_seeds?per_page=100&page=587"",""fetched_at"":""2026-09-23T19:55:07Z"",""cache_file"":""0e05b70ad2697876678db2ad3ca79692febe091c0af9fbaed84f9ff460eaeb54.json.gz""}"
cran.r-project.org,pkg:cran/haven,https://github.com/tidyverse/haven,projects,838738,repository_url,https://github.com/tidyverse/haven,34.33,,"{""url"":""https://science.ecosyste.ms/api/v1/projects/search_seeds?per_page=100&page=587"",""fetched_at"":""2026-09-23T19:55:07Z"",""cache_file"":""0e05b70ad2697876678db2ad3ca79692febe091c0af9fbaed84f9ff460eaeb54.json.gz""}"
pypi.org,pkg:pypi/ppft,https://github.com/uqfoundation/ppft,projects,838925,purl,pkg:pypi/ppft,30.25,,"{""url"":""https://science.ecosyste.ms/api/v1/projects/search_seeds?per_page=100&page=587"",""fetched_at"":""2026-09-23T19:55:07Z"",""cache_file"":""0e05b70ad2697876678db2ad3ca79692febe091c0af9fbaed84f9ff460eaeb54.json.gz""}"
pypi.org,pkg:pypi/ppft,https://github.com/uqfoundation/ppft,projects,838925,repository_url,https://github.com/uqfoundation/ppft,30.25,,"{""url"":""https://science.ecosyste.ms/api/v1/projects/search_seeds?per_page=100&page=587"",""fetched_at"":""2026-09-23T19:55:07Z"",""cache_file"":""0e05b70ad2697876678db2ad3ca79692febe091c0af9fbaed84f9ff460eaeb54.json.gz""}"
cran.r-project.org,pkg:cran/V8,https://github.com/jeroen/v8,projects,839110,purl,pkg:cran/V8,21.0,,"{""url"":""https://science.ecosyste.ms/api/v1/projects/search_seeds?per_page=100&page=588"",""fetched_at"":""2026-09-23T19:55:19Z"",""cache_file"":""ec20a0f98f16a0dcc0a005e675e10f0eb2b0c0ad0641ed4864708015abadc1f7.json.gz""}"
cran.r-project.org,pkg:cran/V8,https://github.com/jeroen/v8,projects,839110,repository_url,https://github.com/jeroen/v8,21.0,,"{""url"":""https://science.ecosyste.ms/api/v1/projects/search_seeds?per_page=100&page=588"",""fetched_at"":""2026-09-23T19:55:19Z"",""cache_file"":""ec20a0f98f16a0dcc0a005e675e10f0eb2b0c0ad0641ed4864708015abadc1f7.json.gz""}"
juliahub.com,pkg:julia/JOLI,https://github.com/slimgroup/joli.jl,projects,863255,purl,pkg:julia/JOLI,52.0,,"{""url"":""https://science.ecosyste.ms/api/v1/projects/search_seeds?per_page=100&page=596"",""fetched_at"":""2026-09-23T19:57:59Z"",""cache_file"":""6a3ca8afa145c94ad5a01646a191ab4217757b5a8161064a039a9c746a4dd38b.json.gz""}"
juliahub.com,pkg:julia/JOLI,https://github.com/slimgroup/joli.jl,projects,863255,repository_url,https://github.com/slimgroup/joli.jl,52.0,,"{""url"":""https://science.ecosyste.ms/api/v1/projects/search_seeds?per_page=100&page=596"",""fetched_at"":""2026-09-23T19:57:59Z"",""cache_file"":""6a3ca8afa145c94ad5a01646a191ab4217757b5a8161064a039a9c746a4dd38b.json.gz""}"
juliahub.com,pkg:julia/SymmetricTensors,https://github.com/iitis/symmetrictensors.jl,projects,877692,purl,pkg:julia/SymmetricTensors,46.78,,"{""url"":""https://science.ecosyste.ms/api/v1/projects/search_seeds?per_page=100&page=620"",""fetched_at"":""2026-09-23T19:59:14Z"",""cache_file"":""9cd0ef49d54ca887cee2f90760ed550381cafe535a3313a75ba455aca11aad92.json.gz""}"
juliahub.com,pkg:julia/SymmetricTensors,https://github.com/iitis/symmetrictensors.jl,projects,877692,repository_url,https://github.com/iitis/symmetrictensors.jl,46.78,,"{""url"":""https://science.ecosyste.ms/api/v1/projects/search_seeds?per_page=100&page=620"",""fetched_at"":""2026-09-23T19:59:14Z"",""cache_file"":""9cd0ef49d54ca887cee2f90760ed550381cafe535a3313a75ba455aca11aad92.json.gz""}"
juliahub.com,pkg:julia/Cumulants,https://github.com/iitis/cumulants.jl,projects,877693,purl,pkg:julia/Cumulants,54.0,,"{""url"":""https://science.ecosyste.ms/api/v1/projects/search_seeds?per_page=100&page=620"",""fetched_at"":""2026-09-23T19:59:14Z"",""cache_file"":""9cd0ef49d54ca887cee2f90760ed550381cafe535a3313a75ba455aca11aad92.json.gz""}"
juliahub.com,pkg:julia/Cumulants,https://github.com/iitis/cumulants.jl,projects,877693,repository_url,https://github.com/iitis/cumulants.jl,54.0,,"{""url"":""https://science.ecosyste.ms/api/v1/projects/search_seeds?per_page=100&page=620"",""fetched_at"":""2026-09-23T19:59:14Z"",""cache_file"":""9cd0ef49d54ca887cee2f90760ed550381cafe535a3313a75ba455aca11aad92.json.gz""}"
repo1.maven.org,pkg:maven/com.fasterxml.jackson.core/jackson-databind,https://github.com/fasterxml/jackson-databind,projects,892968,purl,pkg:maven/com.fasterxml.jackson.core/jackson-databind,21.05,,"{""url"":""https://science.ecosyste.ms/api/v1/projects/search_seeds?per_page=100&page=642"",""fetched_at"":""2026-09-23T19:59:51Z"",""cache_file"":""7dec14af28d27cd59708122cff24926acb3e65e06a359b78c93315ade15d3ee2.json.gz""}"
repo1.maven.org,pkg:maven/com.fasterxml.jackson.core/jackson-databind,https://github.com/fasterxml/jackson-databind,projects,892968,repository_url,https://github.com/fasterxml/jackson-databind,21.05,,"{""url"":""https://science.ecosyste.ms/api/v1/projects/search_seeds?per_page=100&page=642"",""fetched_at"":""2026-09-23T19:59:51Z"",""cache_file"":""7dec14af28d27cd59708122cff24926acb3e65e06a359b78c93315ade15d3ee2.json.gz""}"
juliahub.com,pkg:julia/Discretizers,https://github.com/sisl/discretizers.jl,projects,944837,purl,pkg:julia/Discretizers,32.15,,"{""url"":""https://science.ecosyste.ms/api/v1/projects/search_seeds?per_page=100&page=716"",""fetched_at"":""2026-09-23T20:02:23Z"",""cache_file"":""dc49265a842280c70b04f654b134f8541b19b74743524138a7e1a0fdb6427224.json.gz""}"
juliahub.com,pkg:julia/Discretizers,https://github.com/sisl/discretizers.jl,projects,944837,repository_url,https://github.com/sisl/discretizers.jl,32.15,,"{""url"":""https://science.ecosyste.ms/api/v1/projects/search_seeds?per_page=100&page=716"",""fetched_at"":""2026-09-23T20:02:23Z"",""cache_file"":""dc49265a842280c70b04f654b134f8541b19b74743524138a7e1a0fdb6427224.json.gz""}"
crates.io,pkg:cargo/fancy-regex,https://github.com/fancy-regex/fancy-regex,projects,986777,purl,pkg:cargo/fancy-regex,21.14,,"{""url"":""https://science.ecosyste.ms/api/v1/projects/search_seeds?per_page=100&page=778"",""fetched_at"":""2026-09-23T20:04:22Z"",""cache_file"":""af88e9265d088731696c873e05270214239079d3ba5aa938c6e7266e59ea91be.json.gz""}"
crates.io,pkg:cargo/fancy-regex,https://github.com/fancy-regex/fancy-regex,projects,986777,repository_url,https://github.com/fancy-regex/fancy-regex,21.14,,"{""url"":""https://science.ecosyste.ms/api/v1/projects/search_seeds?per_page=100&page=778"",""fetched_at"":""2026-09-23T20:04:22Z"",""cache_file"":""af88e9265d088731696c873e05270214239079d3ba5aa938c6e7266e59ea91be.json.gz""}"
cran.r-project.org,pkg:cran/jsonlite,https://github.com/jeroen/jsonlite,projects,1018219,purl,pkg:cran/jsonlite,34.16,,"{""url"":""https://science.ecosyste.ms/api/v1/projects/search_seeds?per_page=100&page=813"",""fetched_at"":""2026-09-23T20:08:28Z"",""cache_file"":""599bbdb0c157d81d1694e6c8f8165c1dd6a916fbfdc47d4bba5c5e97eca08add.json.gz""}"
cran.r-project.org,pkg:cran/jsonlite,https://github.com/jeroen/jsonlite,projects,1018219,repository_url,https://github.com/jeroen/jsonlite,34.16,,"{""url"":""https://science.ecosyste.ms/api/v1/projects/search_seeds?per_page=100&page=813"",""fetched_at"":""2026-09-23T20:08:28Z"",""cache_file"":""599bbdb0c157d81d1694e6c8f8165c1dd6a916fbfdc47d4bba5c5e97eca08add.json.gz""}"
cran.r-project.org,pkg:cran/plotly,https://github.com/plotly/plotly.r,projects,1018221,purl,pkg:cran/plotly,34.23,,"{""url"":""https://science.ecosyste.ms/api/v1/projects/search_seeds?per_page=100&page=813"",""fetched_at"":""2026-09-23T20:08:28Z"",""cache_file"":""599bbdb0c157d81d1694e6c8f8165c1dd6a916fbfdc47d4bba5c5e97eca08add.json.gz""}"
cran.r-project.org,pkg:cran/plotly,https://github.com/plotly/plotly.r,projects,1018221,repository_url,https://github.com/plotly/plotly.r,34.23,,"{""url"":""https://science.ecosyste.ms/api/v1/projects/search_seeds?per_page=100&page=813"",""fetched_at"":""2026-09-23T20:08:28Z"",""cache_file"":""599bbdb0c157d81d1694e6c8f8165c1dd6a916fbfdc47d4bba5c5e97eca08add.json.gz""}"
cran.r-project.org,pkg:cran/rstantools,https://github.com/stan-dev/rstantools,projects,1018229,purl,pkg:cran/rstantools,35.3,,"{""url"":""https://science.ecosyste.ms/api/v1/projects/search_seeds?per_page=100&page=813"",""fetched_at"":""2026-09-23T20:08:28Z"",""cache_file"":""599bbdb0c157d81d1694e6c8f8165c1dd6a916fbfdc47d4bba5c5e97eca08add.json.gz""}"
cran.r-project.org,pkg:cran/rstantools,https://github.com/stan-dev/rstantools,projects,1018229,repository_url,https://github.com/stan-dev/rstantools,35.3,,"{""url"":""https://science.ecosyste.ms/api/v1/projects/search_seeds?per_page=100&page=813"",""fetched_at"":""2026-09-23T20:08:28Z"",""cache_file"":""599bbdb0c157d81d1694e6c8f8165c1dd6a916fbfdc47d4bba5c5e97eca08add.json.gz""}"
cran.r-project.org,pkg:cran/sparklyr,https://github.com/sparklyr/sparklyr,projects,1018234,purl,pkg:cran/sparklyr,34.33,,"{""url"":""https://science.ecosyste.ms/api/v1/projects/search_seeds?per_page=100&page=813"",""fetched_at"":""2026-09-23T20:08:28Z"",""cache_file"":""599bbdb0c157d81d1694e6c8f8165c1dd6a916fbfdc47d4bba5c5e97eca08add.json.gz""}"
cran.r-project.org,pkg:cran/sparklyr,https://github.com/sparklyr/sparklyr,projects,1018234,repository_url,https://github.com/sparklyr/sparklyr,34.33,,"{""url"":""https://science.ecosyste.ms/api/v1/projects/search_seeds?per_page=100&page=813"",""fetched_at"":""2026-09-23T20:08:28Z"",""cache_file"":""599bbdb0c157d81d1694e6c8f8165c1dd6a916fbfdc47d4bba5c5e97eca08add.json.gz""}"
cran.r-project.org,pkg:cran/htmlTable,https://github.com/gforge/htmltable,projects,1018247,purl,pkg:cran/htmlTable,20.5,,"{""url"":""https://science.ecosyste.ms/api/v1/projects/search_seeds?per_page=100&page=814"",""fetched_at"":""2026-09-23T20:08:30Z"",""cache_file"":""3fc80b03614f727664b38ddc0b4195382910d25860dc1e36faae9df3cf6e1b1c.json.gz""}"
cran.r-project.org,pkg:cran/htmlTable,https://github.com/gforge/htmltable,projects,1018247,repository_url,https://github.com/gforge/htmltable,20.5,,"{""url"":""https://science.ecosyste.ms/api/v1/projects/search_seeds?per_page=100&page=814"",""fetched_at"":""2026-09-23T20:08:30Z"",""cache_file"":""3fc80b03614f727664b38ddc0b4195382910d25860dc1e36faae9df3cf6e1b1c.json.gz""}"
cran.r-project.org,pkg:cran/rstatix,https://github.com/kassambara/rstatix,projects,1018253,purl,pkg:cran/rstatix,34.0,,"{""url"":""https://science.ecosyste.ms/api/v1/projects/search_seeds?per_page=100&page=814"",""fetched_at"":""2026-09-23T20:08:30Z"",""cache_file"":""3fc80b03614f727664b38ddc0b4195382910d25860dc1e36faae9df3cf6e1b1c.json.gz""}"
cran.r-project.org,pkg:cran/rstatix,https://github.com/kassambara/rstatix,projects,1018253,repository_url,https://github.com/kassambara/rstatix,34.0,,"{""url"":""https://science.ecosyste.ms/api/v1/projects/search_seeds?per_page=100&page=814"",""fetched_at"":""2026-09-23T20:08:30Z"",""cache_file"":""3fc80b03614f727664b38ddc0b4195382910d25860dc1e36faae9df3cf6e1b1c.json.gz""}"
cran.r-project.org,pkg:cran/credentials,https://github.com/r-lib/credentials,projects,1018300,purl,pkg:cran/credentials,20.0,,"{""url"":""https://science.ecosyste.ms/api/v1/projects/search_seeds?per_page=100&page=814"",""fetched_at"":""2026-09-23T20:08:30Z"",""cache_file"":""3fc80b03614f727664b38ddc0b4195382910d25860dc1e36faae9df3cf6e1b1c.json.gz""}"
cran.r-project.org,pkg:cran/credentials,https://github.com/r-lib/credentials,projects,1018300,repository_url,https://github.com/r-lib/credentials,20.0,,"{""url"":""https://science.ecosyste.ms/api/v1/projects/search_seeds?per_page=100&page=814"",""fetched_at"":""2026-09-23T20:08:30Z"",""cache_file"":""3fc80b03614f727664b38ddc0b4195382910d25860dc1e36faae9df3cf6e1b1c.json.gz""}"
repo1.maven.org,pkg:maven/com.github.ben-manes.caffeine/caffeine,https://github.com/ben-manes/caffeine,projects,1031546,purl,pkg:maven/com.github.ben-manes.caffeine/caffeine,21.06,,"{""url"":""https://science.ecosyste.ms/api/v1/projects/search_seeds?per_page=100&page=818"",""fetched_at"":""2026-09-23T20:08:37Z"",""cache_file"":""7422bb9c757f1dcd8e20d61c776eca2459343947c99bcfd83fc55350b93ecce6.json.gz""}"
repo1.maven.org,pkg:maven/com.github.ben-manes.caffeine/caffeine,https://github.com/ben-manes/caffeine,projects,1031546,repository_url,https://github.com/ben-manes/caffeine,21.06,,"{""url"":""https://science.ecosyste.ms/api/v1/projects/search_seeds?per_page=100&page=818"",""fetched_at"":""2026-09-23T20:08:37Z"",""cache_file"":""7422bb9c757f1dcd8e20d61c776eca2459343947c99bcfd83fc55350b93ecce6.json.gz""}"
crates.io,pkg:cargo/md5,https://github.com/stainless-steel/md5,projects,1038797,purl,pkg:cargo/md5,21.0,,"{""url"":""https://science.ecosyste.ms/api/v1/projects/search_seeds?per_page=100&page=819"",""fetched_at"":""2026-09-23T20:08:39Z"",""cache_file"":""f8c49da42ad45c6ccfa0feee6d20db7331ec193afc1a255d366484747cf1aebf.json.gz""}"
crates.io,pkg:cargo/md5,https://github.com/stainless-steel/md5,projects,1038797,repository_url,https://github.com/stainless-steel/md5,21.0,,"{""url"":""https://science.ecosyste.ms/api/v1/projects/search_seeds?per_page=100&page=819"",""fetched_at"":""2026-09-23T20:08:39Z"",""cache_file"":""f8c49da42ad45c6ccfa0feee6d20db7331ec193afc1a255d366484747cf1aebf.json.gz""}"
proxy.golang.org,pkg:golang/github.com/hashicorp/memberlist,https://github.com/hashicorp/memberlist,projects,1040923,purl,pkg:golang/github.com/hashicorp/memberlist,21.0,,"{""url"":""https://science.ecosyste.ms/api/v1/projects/search_seeds?per_page=100&page=820"",""fetched_at"":""2026-09-23T20:08:41Z"",""cache_file"":""a7143edb6cda59c514e96257a0f7fab91fe71dfd11876abae51794e719699c91.json.gz""}"
proxy.golang.org,pkg:golang/github.com/hashicorp/memberlist,https://github.com/hashicorp/memberlist,projects,1040923,repository_url,https://github.com/hashicorp/memberlist,21.0,,"{""url"":""https://science.ecosyste.ms/api/v1/projects/search_seeds?per_page=100&page=820"",""fetched_at"":""2026-09-23T20:08:41Z"",""cache_file"":""a7143edb6cda59c514e96257a0f7fab91fe71dfd11876abae51794e719699c91.json.gz""}"
crates.io,pkg:cargo/ryu,https://github.com/dtolnay/ryu,projects,1042900,purl,pkg:cargo/ryu,21.0,,"{""url"":""https://science.ecosyste.ms/api/v1/projects/search_seeds?per_page=100&page=820"",""fetched_at"":""2026-09-23T20:08:41Z"",""cache_file"":""a7143edb6cda59c514e96257a0f7fab91fe71dfd11876abae51794e719699c91.json.gz""}"
crates.io,pkg:cargo/ryu,https://github.com/dtolnay/ryu,projects,1042900,repository_url,https://github.com/dtolnay/ryu,21.0,,"{""url"":""https://science.ecosyste.ms/api/v1/projects/search_seeds?per_page=100&page=820"",""fetched_at"":""2026-09-23T20:08:41Z"",""cache_file"":""a7143edb6cda59c514e96257a0f7fab91fe71dfd11876abae51794e719699c91.json.gz""}"
juliahub.com,pkg:julia/StringDistances,https://github.com/matthieugomez/stringdistances.jl,projects,1046190,purl,pkg:julia/StringDistances,29.77,,"{""url"":""https://science.ecosyste.ms/api/v1/projects/search_seeds?per_page=100&page=821"",""fetched_at"":""2026-09-23T20:08:43Z"",""cache_file"":""821481dc37652c91b067046e659c218ab6a2f257e5496bdc77cde2743429dd43.json.gz""}"
juliahub.com,pkg:julia/StringDistances,https://github.com/matthieugomez/stringdistances.jl,projects,1046190,repository_url,https://github.com/matthieugomez/stringdistances.jl,29.77,,"{""url"":""https://science.ecosyste.ms/api/v1/projects/search_seeds?per_page=100&page=821"",""fetched_at"":""2026-09-23T20:08:43Z"",""cache_file"":""821481dc37652c91b067046e659c218ab6a2f257e5496bdc77cde2743429dd43.json.gz""}"
juliahub.com,pkg:julia/ODE,https://github.com/sciml/ode.jl,projects,1051126,purl,pkg:julia/ODE,21.95,,"{""url"":""https://science.ecosyste.ms/api/v1/projects/search_seeds?per_page=100&page=822"",""fetched_at"":""2026-09-23T20:08:45Z"",""cache_file"":""b83963076b2a2f4aaacb5c9a6b95050e531569482a9762d77aecc2cc7f4d54e1.json.gz""}"
juliahub.com,pkg:julia/ODE,https://github.com/sciml/ode.jl,projects,1051126,repository_url,https://github.com/sciml/ode.jl,21.95,,"{""url"":""https://science.ecosyste.ms/api/v1/projects/search_seeds?per_page=100&page=822"",""fetched_at"":""2026-09-23T20:08:45Z"",""cache_file"":""b83963076b2a2f4aaacb5c9a6b95050e531569482a9762d77aecc2cc7f4d54e1.json.gz""}"
