registry,purl,repository_url,science_groups,current_commit_coverage
bower.io,pkg:bower/angular,https://github.com/angular/bower-angular,not_matched,present
bower.io,pkg:bower/angular-animate,https://github.com/angular/bower-angular-animate,not_matched,present
bower.io,pkg:bower/angular-aria,https://github.com/angular/bower-angular-aria,not_matched,present
bower.io,pkg:bower/angular-bootstrap,https://github.com/angular-ui/bootstrap-bower,not_matched,present
bower.io,pkg:bower/angular-cookies,https://github.com/angular/bower-angular-cookies,not_matched,present
bower.io,pkg:bower/angular-i18n,https://github.com/angular/bower-angular-i18n,not_matched,present
bower.io,pkg:bower/angular-loading-bar,https://github.com/chieffancypants/angular-loading-bar,not_matched,present
bower.io,pkg:bower/angular-local-storage,https://github.com/grevory/angular-local-storage,not_matched,present
bower.io,pkg:bower/angular-material,https://github.com/angular/bower-material,not_matched,present
bower.io,pkg:bower/angular-messages,https://github.com/angular/bower-angular-messages,not_matched,present
bower.io,pkg:bower/angular-mocks,https://github.com/angular/bower-angular-mocks,not_matched,present
bower.io,pkg:bower/angular-resource,https://github.com/angular/bower-angular-resource,not_matched,present
bower.io,pkg:bower/angular-route,https://github.com/angular/bower-angular-route,not_matched,present
bower.io,pkg:bower/angular-sanitize,https://github.com/angular/bower-angular-sanitize,not_matched,present
bower.io,pkg:bower/angular-scenario,https://github.com/angular/bower-angular-scenario,not_matched,present
bower.io,pkg:bower/angular-touch,https://github.com/angular/bower-angular-touch,not_matched,present
bower.io,pkg:bower/angular-translate,https://github.com/pascalprecht/bower-angular-translate,not_matched,present
bower.io,pkg:bower/angular-ui-router,https://github.com/angular-ui/angular-ui-router-bower,not_matched,present
bower.io,pkg:bower/angular-ui-utils,https://github.com/angular-ui/ui-utils,not_matched,present
bower.io,pkg:bower/animate.css,https://github.com/daneden/animate.css,not_matched,present
bower.io,pkg:bower/backbone,https://github.com/jashkenas/backbone,not_matched,present
bower.io,pkg:bower/blueimp-canvas-to-blob,https://github.com/blueimp/javascript-canvas-to-blob,not_matched,present
bower.io,pkg:bower/bootstrap,https://github.com/twbs/bootstrap,not_matched,present
bower.io,pkg:bower/bootstrap-colorpicker,https://github.com/itsjavi/bootstrap-colorpicker,not_matched,present
bower.io,pkg:bower/bootstrap-datepicker,https://github.com/eternicode/bootstrap-datepicker,dependencies,present
bower.io,pkg:bower/bootstrap-daterangepicker,https://github.com/dangrossman/bootstrap-daterangepicker,not_matched,present
bower.io,pkg:bower/bootstrap-sass,https://github.com/twbs/bootstrap-sass,not_matched,present
bower.io,pkg:bower/bootstrap-sass-official,https://github.com/twbs/bootstrap-sass,not_matched,present
bower.io,pkg:bower/chai,https://github.com/chaijs/chai,not_matched,missing
bower.io,pkg:bower/chai-jquery,https://github.com/chaijs/chai-jquery,not_matched,present
bower.io,pkg:bower/chart.js,https://github.com/nnnick/chart.js,not_matched,present
bower.io,pkg:bower/ckeditor,https://github.com/ckeditor/ckeditor-releases,not_matched,present
bower.io,pkg:bower/codemirror,https://github.com/codemirror/codemirror,not_matched,present
bower.io,pkg:bower/datatables,https://github.com/datatables/datatables,not_matched,present
bower.io,pkg:bower/datatables.net,https://github.com/datatables/dist-datatables,dependencies,missing
bower.io,pkg:bower/datatables.net-bs,https://github.com/datatables/dist-datatables-bootstrap,not_matched,missing
bower.io,pkg:bower/ember,https://github.com/components/ember,not_matched,present
bower.io,pkg:bower/ember-cli-shims,https://github.com/ember-cli/ember-cli-shims,not_matched,present
bower.io,pkg:bower/ember-cli-test-loader,https://github.com/ember-cli/ember-cli-test-loader,not_matched,present
bower.io,pkg:bower/ember-data,https://github.com/components/ember-data,not_matched,present
bower.io,pkg:bower/ember-load-initializers,https://github.com/ember-cli/ember-load-initializers,not_matched,present
bower.io,pkg:bower/ember-qunit,https://github.com/rwjblue/ember-qunit-builds,not_matched,present
bower.io,pkg:bower/ember-qunit-notifications,https://github.com/dockyard/ember-qunit-notifications,not_matched,present
bower.io,pkg:bower/es5-shim,https://github.com/es-shims/es5-shim,not_matched,present
bower.io,pkg:bower/eve-raphael,https://github.com/tomasalabes/eve,not_matched,present
bower.io,pkg:bower/fastclick,https://github.com/ftlabs/fastclick,not_matched,present
bower.io,pkg:bower/fetch,https://github.com/github/fetch,not_matched,present
bower.io,pkg:bower/flot,https://github.com/flot/flot,not_matched,present
bower.io,pkg:bower/font-awesome,https://github.com/fortawesome/font-awesome,not_matched,present
bower.io,pkg:bower/fontawesome,https://github.com/fortawesome/font-awesome,not_matched,present
bower.io,pkg:bower/foundation,https://github.com/zurb/bower-foundation,not_matched,present
bower.io,pkg:bower/fullcalendar,https://github.com/fullcalendar/fullcalendar,not_matched,missing
bower.io,pkg:bower/handlebars,https://github.com/components/handlebars.js,not_matched,present
bower.io,pkg:bower/headjs,https://github.com/headjs/headjs,not_matched,present
bower.io,pkg:bower/html5-boilerplate,https://github.com/h5bp/html5-boilerplate,not_matched,present
bower.io,pkg:bower/inputmask,https://github.com/robinherbots/inputmask,not_matched,missing
bower.io,pkg:bower/ionic,https://github.com/driftyco/ionic,not_matched,missing
bower.io,pkg:bower/iron-component-page,https://github.com/polymerelements/iron-component-page,not_matched,present
bower.io,pkg:bower/jasmine,https://github.com/pivotal/jasmine,not_matched,present
bower.io,pkg:bower/jasmine-jquery,https://github.com/velesin/jasmine-jquery,not_matched,present
bower.io,pkg:bower/jquery,https://github.com/jquery/jquery,not_matched,missing
bower.io,pkg:bower/jquery-knob,https://github.com/aterrien/jquery-knob,not_matched,present
bower.io,pkg:bower/jquery-mousewheel,https://github.com/jquery/jquery-mousewheel,not_matched,present
bower.io,pkg:bower/jquery-slimscroll,https://github.com/rochal/jquery-slimscroll,not_matched,present
bower.io,pkg:bower/jquery-sparkline,https://github.com/rkgrep/jquery.sparkline,not_matched,present
bower.io,pkg:bower/jquery-ui,https://github.com/components/jqueryui,not_matched,present
bower.io,pkg:bower/jquery-validation,https://github.com/jzaefferer/jquery-validation,dependencies,present
bower.io,pkg:bower/json3,https://github.com/bestiejs/json3,not_matched,present
bower.io,pkg:bower/jvectormap,https://github.com/bjornd/jvectormap,not_matched,present
bower.io,pkg:bower/leaflet,https://github.com/leaflet/leaflet,dependencies,missing
bower.io,pkg:bower/loader.js,https://github.com/stefanpenner/loader.js,not_matched,present
bower.io,pkg:bower/lodash,https://github.com/lodash/lodash,not_matched,missing
bower.io,pkg:bower/marked,https://github.com/chjj/marked,not_matched,missing
bower.io,pkg:bower/mocha,https://github.com/mochajs/mocha,not_matched,missing
bower.io,pkg:bower/modernizr,https://github.com/modernizr/modernizr,not_matched,present
bower.io,pkg:bower/moment,https://github.com/moment/moment,not_matched,present
bower.io,pkg:bower/momentjs,https://github.com/moment/moment,not_matched,present
bower.io,pkg:bower/moment-timezone,https://github.com/moment/moment-timezone,not_matched,present
bower.io,pkg:bower/morris.js,https://github.com/oesmith/morris.js,not_matched,present
bower.io,pkg:bower/ng-file-upload,https://github.com/danialfarid/angular-file-upload-bower,not_matched,present
bower.io,pkg:bower/normalize-css,https://github.com/necolas/normalize.css,not_matched,present
bower.io,pkg:bower/paper-button,https://github.com/polymerelements/paper-button,not_matched,present
bower.io,pkg:bower/paper-checkbox,https://github.com/polymerelements/paper-checkbox,not_matched,present
bower.io,pkg:bower/paper-dropdown-menu,https://github.com/polymerelements/paper-dropdown-menu,not_matched,present
bower.io,pkg:bower/paper-elements,https://github.com/polymerelements/paper-elements,not_matched,present
bower.io,pkg:bower/paper-icon-button,https://github.com/polymerelements/paper-icon-button,not_matched,present
bower.io,pkg:bower/paper-input,https://github.com/polymerelements/paper-input,not_matched,present
bower.io,pkg:bower/paper-item,https://github.com/polymerelements/paper-item,not_matched,present
bower.io,pkg:bower/paper-progress,https://github.com/polymerelements/paper-progress,not_matched,present
bower.io,pkg:bower/paper-radio-button,https://github.com/polymerelements/paper-radio-button,not_matched,present
bower.io,pkg:bower/paper-radio-group,https://github.com/polymerelements/paper-radio-group,not_matched,present
bower.io,pkg:bower/paper-slider,https://github.com/polymerelements/paper-slider,not_matched,present
bower.io,pkg:bower/paper-tabs,https://github.com/polymerelements/paper-tabs,not_matched,present
bower.io,pkg:bower/paper-toggle-button,https://github.com/polymerelements/paper-toggle-button,not_matched,present
bower.io,pkg:bower/polymer,https://github.com/polymer/polymer,not_matched,present
bower.io,pkg:bower/punycode,https://github.com/bestiejs/punycode.js,not_matched,present
bower.io,pkg:bower/qunit,https://github.com/components/qunit,not_matched,present
bower.io,pkg:bower/raphael,https://github.com/dmitrybaranovskiy/raphael,not_matched,present
bower.io,pkg:bower/requirejs,https://github.com/jrburke/requirejs-bower,not_matched,present
bower.io,pkg:bower/requirejs-text,https://github.com/requirejs/text,not_matched,present
bower.io,pkg:bower/resolve-url,https://github.com/lydell/resolve-url,not_matched,present
bower.io,pkg:bower/respond,https://github.com/scottjehl/respond,not_matched,present
bower.io,pkg:bower/restangular,https://github.com/mgonto/restangular,not_matched,present
bower.io,pkg:bower/select2,https://github.com/ivaynberg/select2,not_matched,present
bower.io,pkg:bower/sinon,https://github.com/cjohansen/sinon.js,dependencies,present
bower.io,pkg:bower/sinon-chai,https://github.com/domenic/sinon-chai,dependencies,present
bower.io,pkg:bower/sinonjs,https://github.com/blittle/sinon.js,not_matched,present
bower.io,pkg:bower/sizzle,https://github.com/jquery/sizzle,not_matched,present
bower.io,pkg:bower/uglify-js,https://github.com/mishoo/uglifyjs,not_matched,present
bower.io,pkg:bower/underscore,https://github.com/jashkenas/underscore,not_matched,missing
bower.io,pkg:bower/webcomponentsjs,https://github.com/polymer/webcomponentsjs,not_matched,present
bower.io,pkg:bower/web-component-tester,https://github.com/polymer/web-component-tester,not_matched,present
clojars.org,pkg:clojars/aero,https://github.com/juxt/aero,not_matched,present
clojars.org,pkg:clojars/aleph,https://github.com/clj-commons/aleph,not_matched,present
clojars.org,pkg:clojars/amazonica,https://github.com/mcohen01/amazonica,not_matched,present
clojars.org,pkg:clojars/babashka%2Ffs,https://github.com/babashka/fs,not_matched,missing
clojars.org,pkg:clojars/bidi,https://github.com/juxt/bidi,not_matched,present
clojars.org,pkg:clojars/binaryage%2Fdevtools,https://github.com/binaryage/cljs-devtools,not_matched,present
clojars.org,pkg:clojars/binaryage%2Fenv-config,https://github.com/binaryage/env-config,not_matched,present
clojars.org,pkg:clojars/borkdude%2Fdynaload,https://github.com/borkdude/dynaload,not_matched,present
clojars.org,pkg:clojars/borkdude%2Fedamame,https://github.com/borkdude/edamame,not_matched,missing
clojars.org,pkg:clojars/borkdude%2Fsci,https://github.com/borkdude/sci,not_matched,missing
clojars.org,pkg:clojars/borkdude%2Fsci.impl.reflector,,not_matched,no_repository
clojars.org,pkg:clojars/buddy,https://github.com/funcool/buddy,not_matched,present
clojars.org,pkg:clojars/buddy%2Fbuddy-auth,,not_matched,no_repository
clojars.org,pkg:clojars/buddy%2Fbuddy-core,,not_matched,no_repository
clojars.org,pkg:clojars/buddy%2Fbuddy-hashers,https://github.com/funcool/buddy-hashers,not_matched,present
clojars.org,pkg:clojars/buddy%2Fbuddy-sign,,not_matched,no_repository
clojars.org,pkg:clojars/bultitude,https://github.com/raynes/bultitude,not_matched,present
clojars.org,pkg:clojars/bytebuffer,https://github.com/geoffsalmon/bytebuffer,not_matched,present
clojars.org,pkg:clojars/byte-streams,https://github.com/ztellman/byte-streams,not_matched,present
clojars.org,pkg:clojars/camel-snake-kebab,https://github.com/clj-commons/camel-snake-kebab,not_matched,present
clojars.org,pkg:clojars/camel-snake-kebab%2Fcamel-snake-kebab,https://github.com/clj-commons/camel-snake-kebab,not_matched,present
clojars.org,pkg:clojars/cheshire,https://github.com/dakrone/cheshire,not_matched,missing
clojars.org,pkg:clojars/cheshire%2Fcheshire,https://github.com/dakrone/cheshire,not_matched,missing
clojars.org,pkg:clojars/cider%2Fcider-nrepl,https://github.com/clojure-emacs/cider-nrepl,not_matched,missing
clojars.org,pkg:clojars/cider%2Fpiggieback,https://github.com/nrepl/piggieback,not_matched,present
clojars.org,pkg:clojars/circleci%2Fclj-yaml,https://github.com/circleci/clj-yaml,not_matched,present
clojars.org,pkg:clojars/clansi,https://github.com/ams-clj/clansi,not_matched,present
clojars.org,pkg:clojars/clj-antlr,https://github.com/aphyr/clj-antlr,not_matched,present
clojars.org,pkg:clojars/clj-assorted-utils,https://github.com/ruedigergad/clj-assorted-utils,not_matched,present
clojars.org,pkg:clojars/cljc.java-time,https://github.com/henryw374/cljc.java-time,not_matched,present
clojars.org,pkg:clojars/cljc.java-time%2Fcljc.java-time,https://github.com/henryw374/cljc.java-time,not_matched,present
clojars.org,pkg:clojars/clj-commons%2Fclj-yaml,https://github.com/clj-commons/clj-yaml,not_matched,present
clojars.org,pkg:clojars/cljfmt,https://github.com/weavejester/cljfmt,not_matched,present
clojars.org,pkg:clojars/clj-http,https://github.com/dakrone/clj-http,not_matched,present
clojars.org,pkg:clojars/clj-http-fake,https://codeberg.org/valpackett/clj-http-fake,not_matched,missing
clojars.org,pkg:clojars/clj-http-lite,https://github.com/hiredman/clj-http-lite,not_matched,present
clojars.org,pkg:clojars/clj-jwt,https://github.com/liquidz/clj-jwt,not_matched,present
clojars.org,pkg:clojars/clj-kondo,https://github.com/clj-kondo/clj-kondo,not_matched,missing
clojars.org,pkg:clojars/cljs-ajax,https://github.com/julianbirch/cljs-ajax,not_matched,present
clojars.org,pkg:clojars/cljs-ajax%2Fcljs-ajax,https://github.com/julianbirch/cljs-ajax,not_matched,present
clojars.org,pkg:clojars/cljsbuild,https://github.com/emezeske/lein-cljsbuild,not_matched,present
clojars.org,pkg:clojars/cljs.java-time,,not_matched,no_repository
clojars.org,pkg:clojars/cljs.java-time%2Fcljs.java-time,,not_matched,no_repository
clojars.org,pkg:clojars/cljsjs%2Fcreate-react-class,https://github.com/cljsjs/packages,not_matched,present
clojars.org,pkg:clojars/cljsjs%2Fjs-joda-timezone,https://github.com/cljsjs/packages,not_matched,present
clojars.org,pkg:clojars/cljsjs%2Fmoment,https://github.com/cljsjs/packages,not_matched,present
clojars.org,pkg:clojars/cljsjs%2Freact,https://github.com/cljsjs/packages,not_matched,present
clojars.org,pkg:clojars/cljsjs%2Freact-dom,https://github.com/cljsjs/packages,not_matched,present
clojars.org,pkg:clojars/cljsjs%2Freact-dom-server,https://github.com/cljsjs/packages,not_matched,present
clojars.org,pkg:clojars/clj-stacktrace,https://github.com/mmcgrana/clj-stacktrace,not_matched,present
clojars.org,pkg:clojars/clj-time,https://github.com/clj-time/clj-time,not_matched,present
clojars.org,pkg:clojars/clj-tuple,https://github.com/ztellman/clj-tuple,not_matched,present
clojars.org,pkg:clojars/clj-yaml,,not_matched,no_repository
clojars.org,pkg:clojars/clojure-complete,https://github.com/ninjudd/clojure-complete,dependencies,present
clojars.org,pkg:clojars/clojure-csv,https://github.com/davidsantiago/clojure-csv,not_matched,present
clojars.org,pkg:clojars/clojure-future-spec,https://github.com/tonsky/clojure-future-spec,not_matched,present
clojars.org,pkg:clojars/clojure.java-time,https://github.com/dm3/clojure.java-time,not_matched,present
clojars.org,pkg:clojars/clojure.java-time%2Fclojure.java-time,https://github.com/dm3/clojure.java-time,not_matched,present
clojars.org,pkg:clojars/clojure-msgpack,https://github.com/edma2/clojure-msgpack,not_matched,present
clojars.org,pkg:clojars/clojurewerkz%2Fscrypt,https://github.com/clojurewerkz/scrypt,not_matched,present
clojars.org,pkg:clojars/clojurewerkz%2Fsupport,https://github.com/clojurewerkz/support,not_matched,present
clojars.org,pkg:clojars/clout,https://github.com/weavejester/clout,not_matched,present
clojars.org,pkg:clojars/cloverage,https://github.com/cloverage/cloverage,not_matched,present
clojars.org,pkg:clojars/colorize,https://github.com/ibdknox/colorize,not_matched,present
clojars.org,pkg:clojars/com.andrewmcveigh%2Fcljs-time,https://github.com/andrewmcveigh/cljs-time,not_matched,present
clojars.org,pkg:clojars/com.bhauman%2Fcljs-test-display,https://github.com/bhauman/cljs-test-display,not_matched,present
clojars.org,pkg:clojars/com.bhauman%2Fspell-spec,https://github.com/bhauman/spell-spec,not_matched,present
clojars.org,pkg:clojars/com.cemerick%2Fdrawbridge,https://github.com/cemerick/drawbridge,not_matched,present
clojars.org,pkg:clojars/com.cemerick%2Furl,https://github.com/cemerick/url,not_matched,present
clojars.org,pkg:clojars/com.draines%2Fpostal,https://github.com/drewr/postal,not_matched,present
clojars.org,pkg:clojars/com.fzakaria%2Fslf4j-timbre,https://github.com/fzakaria/slf4j-timbre,not_matched,present
clojars.org,pkg:clojars/com.gfredericks%2Ftest.chuck,https://github.com/gfredericks/test.chuck,not_matched,present
clojars.org,pkg:clojars/com.github.seancorfield%2Fexpectations,https://github.com/clojure-expectations/clojure-test,not_matched,present
clojars.org,pkg:clojars/com.github.seancorfield%2Fhoneysql,https://github.com/seancorfield/honeysql,not_matched,missing
clojars.org,pkg:clojars/com.github.seancorfield%2Fnext.jdbc,https://github.com/seancorfield/next-jdbc,not_matched,missing
clojars.org,pkg:clojars/com.jakemccrary%2Flein-test-refresh,https://github.com/jakemcc/lein-test-refresh,not_matched,present
clojars.org,pkg:clojars/com.layerware%2Fhugsql,https://github.com/layerware/hugsql,not_matched,present
clojars.org,pkg:clojars/com.layerware%2Fhugsql-adapter,https://github.com/layerware/hugsql,not_matched,present
clojars.org,pkg:clojars/com.layerware%2Fhugsql-adapter-clojure-java-jdbc,https://github.com/layerware/hugsql,not_matched,present
clojars.org,pkg:clojars/com.layerware%2Fhugsql-core,https://github.com/layerware/hugsql,not_matched,present
clojars.org,pkg:clojars/com.nextjournal%2Fbeholder,https://github.com/nextjournal/beholder,not_matched,present
clojars.org,pkg:clojars/compojure,https://github.com/weavejester/compojure,not_matched,present
clojars.org,pkg:clojars/com.rpl%2Fspecter,https://github.com/redplanetlabs/specter,not_matched,present
clojars.org,pkg:clojars/com.stuartsierra%2Fcomponent,https://github.com/stuartsierra/component,not_matched,present
clojars.org,pkg:clojars/com.stuartsierra%2Fdependency,https://github.com/stuartsierra/dependency,not_matched,present
clojars.org,pkg:clojars/com.taoensso%2Fcarmine,https://github.com/ptaoussanis/carmine,not_matched,present
clojars.org,pkg:clojars/com.taoensso%2Fencore,https://github.com/taoensso/encore,not_matched,present
clojars.org,pkg:clojars/com.taoensso%2Ffaraday,https://github.com/taoensso/faraday,not_matched,missing
clojars.org,pkg:clojars/com.taoensso%2Fnippy,https://github.com/taoensso/nippy,not_matched,present
clojars.org,pkg:clojars/com.taoensso%2Ftempura,https://github.com/taoensso/tempura,not_matched,present
clojars.org,pkg:clojars/com.taoensso%2Ftimbre,https://github.com/taoensso/timbre,not_matched,present
clojars.org,pkg:clojars/com.taoensso%2Ftruss,https://github.com/taoensso/truss,not_matched,missing
clojars.org,pkg:clojars/com.wsscode%2Fpathom,https://github.com/wilkerlucio/pathom,not_matched,present
clojars.org,pkg:clojars/com.wsscode%2Fspec-inspec,https://github.com/wilkerlucio/spec-inspec,not_matched,present
clojars.org,pkg:clojars/cprop,https://github.com/tolitius/cprop,not_matched,present
clojars.org,pkg:clojars/criterium,https://github.com/hugoduncan/criterium,not_matched,present
clojars.org,pkg:clojars/crouton,https://github.com/weavejester/crouton,not_matched,present
clojars.org,pkg:clojars/crypto-equality,https://github.com/weavejester/crypto-equality,not_matched,present
clojars.org,pkg:clojars/crypto-random,https://github.com/weavejester/crypto-random,not_matched,present
clojars.org,pkg:clojars/danlentz%2Fclj-uuid,https://github.com/danlentz/clj-uuid,not_matched,present
clojars.org,pkg:clojars/de.kotka%2Flazymap,https://bitbucket.org/kotarak/lazymap,not_matched,unknown
clojars.org,pkg:clojars/digest,https://github.com/tebeka/clj-digest,not_matched,present
clojars.org,pkg:clojars/doo,https://github.com/bensu/doo,not_matched,present
clojars.org,pkg:clojars/edn-query-language%2Feql,https://github.com/edn-query-language/eql,not_matched,present
clojars.org,pkg:clojars/eftest,https://github.com/weavejester/eftest,not_matched,present
clojars.org,pkg:clojars/enlive,https://github.com/cgrand/enlive,not_matched,present
clojars.org,pkg:clojars/environ,https://github.com/weavejester/environ,not_matched,present
clojars.org,pkg:clojars/expound,https://github.com/bhb/expound,not_matched,present
clojars.org,pkg:clojars/expound%2Fexpound,https://github.com/bhb/expound,not_matched,present
clojars.org,pkg:clojars/faker,https://github.com/paraseba/faker,not_matched,present
clojars.org,pkg:clojars/figwheel,https://github.com/bhauman/lein-figwheel,not_matched,present
clojars.org,pkg:clojars/figwheel-sidecar,https://github.com/bhauman/lein-figwheel,not_matched,present
clojars.org,pkg:clojars/fipp,https://github.com/brandonbloom/fipp,not_matched,present
clojars.org,pkg:clojars/flare,https://github.com/andersfurseth/flare,not_matched,present
clojars.org,pkg:clojars/frankiesardo%2Flinked,https://github.com/frankiesardo/linked,not_matched,present
clojars.org,pkg:clojars/fs,https://github.com/raynes/fs,not_matched,present
clojars.org,pkg:clojars/funcool%2Fcats,https://github.com/funcool/cats,not_matched,present
clojars.org,pkg:clojars/funcool%2Fcuerdas,https://github.com/funcool/cuerdas,not_matched,present
clojars.org,pkg:clojars/funcool%2Fpromesa,https://github.com/funcool/promesa,not_matched,present
clojars.org,pkg:clojars/garden,https://github.com/noprompt/garden,not_matched,present
clojars.org,pkg:clojars/hawk,https://github.com/wkf/hawk,not_matched,present
clojars.org,pkg:clojars/hiccup,https://github.com/weavejester/hiccup,not_matched,present
clojars.org,pkg:clojars/hiccups,https://github.com/teropa/hiccups,not_matched,present
clojars.org,pkg:clojars/hickory,https://github.com/davidsantiago/hickory,not_matched,present
clojars.org,pkg:clojars/hikari-cp,https://github.com/tomekw/hikari-cp,not_matched,present
clojars.org,pkg:clojars/honeysql,https://github.com/seancorfield/honeysql,not_matched,missing
clojars.org,pkg:clojars/http-kit,https://github.com/http-kit/http-kit,not_matched,missing
clojars.org,pkg:clojars/iapetos,https://github.com/xsc/iapetos,not_matched,missing
clojars.org,pkg:clojars/inflections,https://github.com/r0man/inflections-clj,not_matched,present
clojars.org,pkg:clojars/instaparse,https://github.com/engelberg/instaparse,not_matched,present
clojars.org,pkg:clojars/integrant,https://github.com/weavejester/integrant,not_matched,present
clojars.org,pkg:clojars/io.aviso%2Fpretty,https://github.com/avisonovate/pretty,not_matched,present
clojars.org,pkg:clojars/io.lambdaforge%2Fdatalog-parser,,not_matched,no_repository
clojars.org,pkg:clojars/io.pedestal%2Fpedestal.interceptor,https://github.com/pedestal/pedestal,not_matched,present
clojars.org,pkg:clojars/io.pedestal%2Fpedestal.jetty,https://github.com/pedestal/pedestal,not_matched,present
clojars.org,pkg:clojars/io.pedestal%2Fpedestal.log,https://github.com/pedestal/pedestal,not_matched,present
clojars.org,pkg:clojars/io.pedestal%2Fpedestal.route,https://github.com/pedestal/pedestal,not_matched,present
clojars.org,pkg:clojars/io.pedestal%2Fpedestal.service,https://github.com/pedestal/pedestal,not_matched,present
clojars.org,pkg:clojars/io.pedestal%2Fpedestal.service-tools,https://github.com/pedestal/pedestal,not_matched,present
clojars.org,pkg:clojars/jakemcc%2Fclojure-gntp,https://github.com/jakemcc/clojure-gntp,not_matched,present
clojars.org,pkg:clojars/jonase%2Feastwood,https://github.com/jonase/eastwood,not_matched,present
clojars.org,pkg:clojars/jonase%2Fkibit,https://github.com/clj-commons/kibit,not_matched,present
clojars.org,pkg:clojars/json-html,https://github.com/yogthos/json-html,not_matched,present
clojars.org,pkg:clojars/karma-reporter,https://github.com/honzabrecka/karma-reporter,not_matched,present
clojars.org,pkg:clojars/korma,https://github.com/korma/korma,not_matched,present
clojars.org,pkg:clojars/lambdaisland%2Fclj-diff,https://github.com/lambdaisland/clj-diff,not_matched,present
clojars.org,pkg:clojars/lambdaisland%2Fdeep-diff,https://github.com/lambdaisland/deep-diff,not_matched,present
clojars.org,pkg:clojars/lambdaisland%2Fdeep-diff2,https://github.com/lambdaisland/deep-diff2,not_matched,present
clojars.org,pkg:clojars/lambdaisland%2Fkaocha,https://github.com/lambdaisland/kaocha,not_matched,present
clojars.org,pkg:clojars/lambdaisland%2Ftools.namespace,https://github.com/lambdaisland/tools.namespace,not_matched,present
clojars.org,pkg:clojars/lein-ancient,https://codeberg.org/xsc/lein-ancient,not_matched,missing
clojars.org,pkg:clojars/lein-bikeshed,https://github.com/dakrone/lein-bikeshed,not_matched,present
clojars.org,pkg:clojars/lein-cljfmt,https://github.com/weavejester/cljfmt,not_matched,present
clojars.org,pkg:clojars/lein-cljsbuild,https://github.com/emezeske/lein-cljsbuild,not_matched,present
clojars.org,pkg:clojars/lein-cloverage,https://github.com/cloverage/cloverage,not_matched,present
clojars.org,pkg:clojars/lein-codox,https://github.com/weavejester/codox,not_matched,present
clojars.org,pkg:clojars/lein-environ,https://github.com/weavejester/environ,not_matched,present
clojars.org,pkg:clojars/lein-figwheel,https://github.com/bhauman/lein-figwheel,not_matched,present
clojars.org,pkg:clojars/leinjacker,https://github.com/sattvik/leinjacker,not_matched,present
clojars.org,pkg:clojars/lein-kibit,https://github.com/clj-commons/kibit,not_matched,present
clojars.org,pkg:clojars/lein-midje,https://github.com/marick/lein-midje,not_matched,present
clojars.org,pkg:clojars/lein-ring,https://github.com/weavejester/lein-ring,not_matched,present
clojars.org,pkg:clojars/lein-shell,https://github.com/hypirion/lein-shell,not_matched,present
clojars.org,pkg:clojars/less-awful-ssl,https://github.com/aphyr/less-awful-ssl,not_matched,present
clojars.org,pkg:clojars/manifold,https://github.com/clj-commons/manifold,not_matched,present
clojars.org,pkg:clojars/marick%2Fsuchwow,https://github.com/marick/suchwow,not_matched,present
clojars.org,pkg:clojars/markdown-clj,https://github.com/yogthos/markdown-clj,not_matched,present
clojars.org,pkg:clojars/markdown-clj%2Fmarkdown-clj,https://github.com/yogthos/markdown-clj,not_matched,present
clojars.org,pkg:clojars/medley,https://github.com/weavejester/medley,not_matched,present
clojars.org,pkg:clojars/me.raynes%2Ffs,https://github.com/raynes/fs,not_matched,present
clojars.org,pkg:clojars/meta-merge,https://github.com/weavejester/meta-merge,not_matched,present
clojars.org,pkg:clojars/metosin%2Fcompojure-api,https://github.com/metosin/compojure-api,not_matched,present
clojars.org,pkg:clojars/metosin%2Fjsonista,https://github.com/metosin/jsonista,not_matched,missing
clojars.org,pkg:clojars/metosin%2Fmalli,https://github.com/metosin/malli,not_matched,missing
clojars.org,pkg:clojars/metosin%2Fmuuntaja,https://github.com/metosin/muuntaja,not_matched,present
clojars.org,pkg:clojars/metosin%2Freitit,https://github.com/metosin/reitit,not_matched,missing
clojars.org,pkg:clojars/metosin%2Freitit-core,https://github.com/metosin/reitit,not_matched,missing
clojars.org,pkg:clojars/metosin%2Freitit-dev,https://github.com/metosin/reitit,not_matched,missing
clojars.org,pkg:clojars/metosin%2Freitit-frontend,https://github.com/metosin/reitit,not_matched,missing
clojars.org,pkg:clojars/metosin%2Freitit-http,https://github.com/metosin/reitit,not_matched,missing
clojars.org,pkg:clojars/metosin%2Freitit-interceptors,https://github.com/metosin/reitit,not_matched,missing
clojars.org,pkg:clojars/metosin%2Freitit-malli,https://github.com/metosin/reitit,not_matched,missing
clojars.org,pkg:clojars/metosin%2Freitit-middleware,https://github.com/metosin/reitit,not_matched,missing
clojars.org,pkg:clojars/metosin%2Freitit-ring,https://github.com/metosin/reitit,not_matched,missing
clojars.org,pkg:clojars/metosin%2Freitit-schema,https://github.com/metosin/reitit,not_matched,missing
clojars.org,pkg:clojars/metosin%2Freitit-sieppari,https://github.com/metosin/reitit,not_matched,missing
clojars.org,pkg:clojars/metosin%2Freitit-spec,https://github.com/metosin/reitit,not_matched,missing
clojars.org,pkg:clojars/metosin%2Freitit-swagger,https://github.com/metosin/reitit,not_matched,missing
clojars.org,pkg:clojars/metosin%2Freitit-swagger-ui,https://github.com/metosin/reitit,not_matched,missing
clojars.org,pkg:clojars/metosin%2Fring-http-response,https://github.com/metosin/ring-http-response,not_matched,present
clojars.org,pkg:clojars/metosin%2Fring-swagger,https://github.com/metosin/ring-swagger,not_matched,present
clojars.org,pkg:clojars/metosin%2Fring-swagger-ui,https://github.com/metosin/ring-swagger-ui,not_matched,present
clojars.org,pkg:clojars/metosin%2Fschema-tools,https://github.com/metosin/schema-tools,not_matched,missing
clojars.org,pkg:clojars/metosin%2Fscjsv,https://github.com/metosin/scjsv,not_matched,present
clojars.org,pkg:clojars/metosin%2Fsieppari,https://github.com/metosin/sieppari,not_matched,present
clojars.org,pkg:clojars/metosin%2Fspec-tools,https://github.com/metosin/spec-tools,not_matched,present
clojars.org,pkg:clojars/metrics-clojure,https://github.com/sjl/metrics-clojure,not_matched,present
clojars.org,pkg:clojars/midje,https://github.com/marick/midje,not_matched,present
clojars.org,pkg:clojars/migratus,https://github.com/yogthos/migratus,not_matched,present
clojars.org,pkg:clojars/mount,https://github.com/tolitius/mount,not_matched,present
clojars.org,pkg:clojars/mvxcvi%2Farrangement,https://github.com/greglook/clj-arrangement,not_matched,present
clojars.org,pkg:clojars/mvxcvi%2Fpuget,https://github.com/greglook/puget,not_matched,present
clojars.org,pkg:clojars/net.cgrand%2Fmacrovich,https://github.com/cgrand/macrovich,not_matched,present
clojars.org,pkg:clojars/net.cgrand%2Fparsley,https://github.com/cgrand/parsley,not_matched,present
clojars.org,pkg:clojars/net.cgrand%2Fregex,https://github.com/cgrand/regex,not_matched,present
clojars.org,pkg:clojars/net.cgrand%2Fsjacket,https://github.com/cgrand/sjacket,not_matched,present
clojars.org,pkg:clojars/noencore,https://github.com/r0man/noencore,not_matched,present
clojars.org,pkg:clojars/nrepl,https://github.com/nrepl/nrepl,not_matched,missing
clojars.org,pkg:clojars/nrepl%2Fbencode,https://github.com/nrepl/bencode,not_matched,present
clojars.org,pkg:clojars/nrepl%2Fdrawbridge,https://github.com/nrepl/drawbridge,not_matched,present
clojars.org,pkg:clojars/ns-tracker,https://github.com/weavejester/ns-tracker,not_matched,present
clojars.org,pkg:clojars/nubank%2Fmatcher-combinators,https://github.com/nubank/matcher-combinators,not_matched,present
clojars.org,pkg:clojars/orchestra,https://github.com/jeaye/orchestra,not_matched,present
clojars.org,pkg:clojars/org.babashka%2Fsci,https://github.com/babashka/sci,not_matched,missing
clojars.org,pkg:clojars/org.flatland%2Fordered,https://github.com/clj-commons/ordered,not_matched,missing
clojars.org,pkg:clojars/org.flatland%2Fuseful,https://github.com/clj-commons/useful,not_matched,present
clojars.org,pkg:clojars/org.nrepl%2Fincomplete,https://github.com/nrepl/incomplete,not_matched,present
clojars.org,pkg:clojars/org.thnetos%2Fcd-client,https://github.com/dakrone/clojuredocs-client,not_matched,present
clojars.org,pkg:clojars/org.tobereplaced%2Flettercase,https://github.com/tobereplaced/lettercase,not_matched,present
clojars.org,pkg:clojars/pandect,https://github.com/xsc/pandect,not_matched,present
clojars.org,pkg:clojars/pathetic,https://github.com/davidsantiago/pathetic,not_matched,present
clojars.org,pkg:clojars/pjstadig%2Fhumane-test-output,https://github.com/pjstadig/humane-test-output,not_matched,present
clojars.org,pkg:clojars/potemkin,https://github.com/clj-commons/potemkin,not_matched,present
clojars.org,pkg:clojars/primitive-math,https://github.com/ztellman/primitive-math,dependencies,present
clojars.org,pkg:clojars/prismatic%2Fplumbing,https://github.com/plumatic/plumbing,not_matched,present
clojars.org,pkg:clojars/prismatic%2Fschema,https://github.com/plumatic/schema,not_matched,present
clojars.org,pkg:clojars/prismatic%2Fschema-generators,https://github.com/plumatic/schema-generators,not_matched,present
clojars.org,pkg:clojars/progrock,https://github.com/weavejester/progrock,not_matched,present
clojars.org,pkg:clojars/prone,https://github.com/magnars/prone,not_matched,present
clojars.org,pkg:clojars/quoin,https://github.com/davidsantiago/quoin,not_matched,present
clojars.org,pkg:clojars/reagent,https://github.com/reagent-project/reagent,not_matched,present
clojars.org,pkg:clojars/reagent%2Freagent,https://github.com/reagent-project/reagent,not_matched,present
clojars.org,pkg:clojars/re-frame,https://github.com/day8/re-frame,dependencies;projects,present
clojars.org,pkg:clojars/re-frame%2Fre-frame,https://github.com/day8/re-frame,projects,present
clojars.org,pkg:clojars/reply,https://github.com/trptcolin/reply,not_matched,present
clojars.org,pkg:clojars/rewrite-clj,https://github.com/clj-commons/rewrite-clj,not_matched,missing
clojars.org,pkg:clojars/rewrite-clj%2Frewrite-clj,https://github.com/clj-commons/rewrite-clj,not_matched,missing
clojars.org,pkg:clojars/rewrite-cljs,https://github.com/clj-commons/rewrite-cljs,not_matched,present
clojars.org,pkg:clojars/rhizome,https://github.com/ztellman/rhizome,not_matched,present
clojars.org,pkg:clojars/riddley,https://github.com/clj-commons/riddley,not_matched,missing
clojars.org,pkg:clojars/ring,https://github.com/ring-clojure/ring,not_matched,missing
clojars.org,pkg:clojars/ring-cors,https://github.com/r0man/ring-cors,not_matched,present
clojars.org,pkg:clojars/ring-middleware-format,https://github.com/ngrunwald/ring-middleware-format,not_matched,present
clojars.org,pkg:clojars/ring-mock,https://github.com/weavejester/ring-mock,not_matched,present
clojars.org,pkg:clojars/ring-refresh,https://github.com/weavejester/ring-refresh,not_matched,present
clojars.org,pkg:clojars/ring%2Fring-anti-forgery,https://github.com/ring-clojure/ring-anti-forgery,not_matched,present
clojars.org,pkg:clojars/ring%2Fring-codec,https://github.com/ring-clojure/ring-codec,not_matched,present
clojars.org,pkg:clojars/ring%2Fring-core,https://github.com/ring-clojure/ring,not_matched,missing
clojars.org,pkg:clojars/ring%2Fring-defaults,https://github.com/ring-clojure/ring-defaults,not_matched,present
clojars.org,pkg:clojars/ring%2Fring-devel,https://github.com/ring-clojure/ring,not_matched,missing
clojars.org,pkg:clojars/ring%2Fring-headers,https://github.com/ring-clojure/ring-headers,not_matched,present
clojars.org,pkg:clojars/ring%2Fring-jetty-adapter,https://github.com/ring-clojure/ring,not_matched,missing
clojars.org,pkg:clojars/ring%2Fring-json,https://github.com/ring-clojure/ring-json,not_matched,present
clojars.org,pkg:clojars/ring%2Fring-mock,https://github.com/ring-clojure/ring-mock,not_matched,present
clojars.org,pkg:clojars/ring%2Fring-servlet,https://github.com/ring-clojure/ring,not_matched,missing
clojars.org,pkg:clojars/ring%2Fring-ssl,https://github.com/ring-clojure/ring-ssl,not_matched,present
clojars.org,pkg:clojars/ring-server,https://github.com/michaelblume/ring-server,not_matched,present
clojars.org,pkg:clojars/robert%2Fhooke,https://github.com/technomancy/robert-hooke,not_matched,present
clojars.org,pkg:clojars/s3-wagon-private,https://github.com/s3-wagon-private/s3-wagon-private,not_matched,present
clojars.org,pkg:clojars/scout,https://github.com/davidsantiago/scout,not_matched,present
clojars.org,pkg:clojars/selmer,https://github.com/yogthos/selmer,not_matched,present
clojars.org,pkg:clojars/simple-lein-profile-merge,https://github.com/bhauman/simple-lein-profile-merge,not_matched,present
clojars.org,pkg:clojars/slingshot,https://github.com/scgilardi/slingshot,not_matched,present
clojars.org,pkg:clojars/spec-coerce,https://github.com/wilkerlucio/spec-coerce,not_matched,present
clojars.org,pkg:clojars/stencil,https://github.com/davidsantiago/stencil,not_matched,present
clojars.org,pkg:clojars/tailrecursion%2Fcljs-priority-map,https://github.com/tailrecursion/cljs-priority-map,not_matched,present
clojars.org,pkg:clojars/tech.droit%2Fclj-diff,https://github.com/droitfintech/clj-diff,not_matched,present
clojars.org,pkg:clojars/test2junit,https://github.com/ruedigergad/test2junit,not_matched,present
clojars.org,pkg:clojars/thheller%2Fshadow-client,https://github.com/thheller/shadow,not_matched,present
clojars.org,pkg:clojars/thheller%2Fshadow-cljs,https://github.com/thheller/shadow-cljs,not_matched,missing
clojars.org,pkg:clojars/thheller%2Fshadow-cljsjs,https://github.com/thheller/shadow-cljsjs,not_matched,present
clojars.org,pkg:clojars/thheller%2Fshadow-undertow,https://github.com/thheller/shadow-undertow,not_matched,present
clojars.org,pkg:clojars/thheller%2Fshadow-util,https://github.com/thheller/shadow-util,not_matched,present
clojars.org,pkg:clojars/tick,https://github.com/juxt/tick,not_matched,present
clojars.org,pkg:clojars/tick%2Ftick,https://github.com/juxt/tick,not_matched,present
clojars.org,pkg:clojars/tigris,https://github.com/dakrone/tigris,not_matched,present
clojars.org,pkg:clojars/trptcolin%2Fversioneer,https://github.com/trptcolin/versioneer,not_matched,present
clojars.org,pkg:clojars/watchtower,https://github.com/ibdknox/watchtower,not_matched,present
clojars.org,pkg:clojars/weavejester%2Fdependency,https://github.com/weavejester/dependency,not_matched,present
clojars.org,pkg:clojars/zprint,https://github.com/kkinnear/zprint,not_matched,present
cocoapods.org,pkg:cocoapods/abseil,https://github.com/abseil/abseil-cpp,not_matched,missing
cocoapods.org,pkg:cocoapods/AFNetworking,https://github.com/afnetworking/afnetworking,not_matched,present
cocoapods.org,pkg:cocoapods/Alamofire,https://github.com/alamofire/alamofire,not_matched,present
cocoapods.org,pkg:cocoapods/AppAuth,https://github.com/openid/appauth-ios,not_matched,missing
cocoapods.org,pkg:cocoapods/boost,,not_matched,no_repository
cocoapods.org,pkg:cocoapods/boost-for-react-native,https://github.com/react-native-community/boost-for-react-native,not_matched,present
cocoapods.org,pkg:cocoapods/BoringSSL-GRPC,https://github.com/google/boringssl,not_matched,missing
cocoapods.org,pkg:cocoapods/CocoaAsyncSocket,https://github.com/robbiehanson/cocoaasyncsocket,not_matched,present
cocoapods.org,pkg:cocoapods/CocoaLibEvent,https://github.com/e314521/cocoalibevent,not_matched,present
cocoapods.org,pkg:cocoapods/Crashlytics,,not_matched,no_repository
cocoapods.org,pkg:cocoapods/DoubleConversion,https://github.com/google/double-conversion,not_matched,missing
cocoapods.org,pkg:cocoapods/Fabric,,not_matched,no_repository
cocoapods.org,pkg:cocoapods/FBSnapshotTestCase,https://github.com/facebook/ios-snapshot-test-case,not_matched,present
cocoapods.org,pkg:cocoapods/Firebase,https://github.com/firebase/firebase-ios-sdk,not_matched,missing
cocoapods.org,pkg:cocoapods/FirebaseAnalytics,,not_matched,no_repository
cocoapods.org,pkg:cocoapods/FirebaseAuth,https://github.com/firebase/firebase-ios-sdk,not_matched,missing
cocoapods.org,pkg:cocoapods/FirebaseAuthInterop,https://github.com/firebase/firebase-ios-sdk,not_matched,missing
cocoapods.org,pkg:cocoapods/FirebaseCore,https://github.com/firebase/firebase-ios-sdk,not_matched,missing
cocoapods.org,pkg:cocoapods/FirebaseCoreDiagnostics,https://github.com/firebase/firebase-ios-sdk,not_matched,missing
cocoapods.org,pkg:cocoapods/FirebaseCoreDiagnosticsInterop,https://github.com/firebase/firebase-ios-sdk,not_matched,missing
cocoapods.org,pkg:cocoapods/FirebaseDatabase,https://github.com/firebase/firebase-ios-sdk,not_matched,missing
cocoapods.org,pkg:cocoapods/FirebaseFirestore,https://github.com/firebase/firebase-ios-sdk,not_matched,missing
cocoapods.org,pkg:cocoapods/FirebaseInstallations,https://github.com/firebase/firebase-ios-sdk,not_matched,missing
cocoapods.org,pkg:cocoapods/FirebaseInstanceID,https://github.com/firebase/firebase-ios-sdk,not_matched,missing
cocoapods.org,pkg:cocoapods/FirebaseMessaging,https://github.com/firebase/firebase-ios-sdk,not_matched,missing
cocoapods.org,pkg:cocoapods/FirebaseStorage,https://github.com/firebase/firebase-ios-sdk,not_matched,missing
cocoapods.org,pkg:cocoapods/Flipper,https://github.com/facebook/flipper,not_matched,present
cocoapods.org,pkg:cocoapods/Flipper-Boost-iOSX,https://github.com/priteshrnandgaonkar/boost-iosx,not_matched,present
cocoapods.org,pkg:cocoapods/Flipper-DoubleConversion,https://github.com/lblasa/double-conversion,not_matched,present
cocoapods.org,pkg:cocoapods/Flipper-Fmt,https://github.com/priteshrnandgaonkar/fmt,not_matched,present
cocoapods.org,pkg:cocoapods/Flipper-Folly,https://github.com/facebook/folly,not_matched,missing
cocoapods.org,pkg:cocoapods/Flipper-Glog,https://github.com/lblasa/glog,not_matched,present
cocoapods.org,pkg:cocoapods/FlipperKit,https://github.com/facebook/flipper,not_matched,present
cocoapods.org,pkg:cocoapods/Flipper-PeerTalk,https://github.com/priteshrnandgaonkar/peertalk,not_matched,present
cocoapods.org,pkg:cocoapods/Flipper-RSocket,https://github.com/rsocket/rsocket-cpp,not_matched,present
cocoapods.org,pkg:cocoapods/Flutter,,not_matched,no_repository
cocoapods.org,pkg:cocoapods/FlutterMacOS,,not_matched,no_repository
cocoapods.org,pkg:cocoapods/FMDB,https://github.com/ccgus/fmdb,not_matched,present
cocoapods.org,pkg:cocoapods/fmt,https://github.com/fmtlib/fmt,not_matched,present
cocoapods.org,pkg:cocoapods/Folly,https://github.com/facebook/folly,not_matched,missing
cocoapods.org,pkg:cocoapods/glog,https://github.com/google/glog,not_matched,present
cocoapods.org,pkg:cocoapods/GoogleAppMeasurement,,not_matched,no_repository
cocoapods.org,pkg:cocoapods/GoogleDataTransport,https://github.com/google/googledatatransport,not_matched,present
cocoapods.org,pkg:cocoapods/GoogleDataTransportCCTSupport,https://github.com/firebase/firebase-ios-sdk,not_matched,missing
cocoapods.org,pkg:cocoapods/GoogleMaps,,not_matched,no_repository
cocoapods.org,pkg:cocoapods/GoogleSignIn,https://github.com/google/googlesignin-ios,not_matched,missing
cocoapods.org,pkg:cocoapods/GoogleToolboxForMac,https://github.com/google/google-toolbox-for-mac,not_matched,missing
cocoapods.org,pkg:cocoapods/GoogleUtilities,https://github.com/google/googleutilities,not_matched,missing
cocoapods.org,pkg:cocoapods/gRPC-C%2B%2B,https://github.com/grpc/grpc-ios,not_matched,present
cocoapods.org,pkg:cocoapods/gRPC-Core,https://github.com/grpc/grpc,projects,missing
cocoapods.org,pkg:cocoapods/GTMAppAuth,https://github.com/google/gtmappauth,not_matched,present
cocoapods.org,pkg:cocoapods/GTMSessionFetcher,https://github.com/google/gtm-session-fetcher,not_matched,missing
cocoapods.org,pkg:cocoapods/hermes-engine,,not_matched,no_repository
cocoapods.org,pkg:cocoapods/Kingfisher,https://github.com/onevcat/kingfisher,not_matched,missing
cocoapods.org,pkg:cocoapods/leveldb-library,https://github.com/firebase/leveldb,not_matched,present
cocoapods.org,pkg:cocoapods/libevent,https://github.com/libevent/libevent,not_matched,present
cocoapods.org,pkg:cocoapods/MBProgressHUD,https://github.com/matej/mbprogresshud,not_matched,present
cocoapods.org,pkg:cocoapods/MJRefresh,https://github.com/codermjlee/mjrefresh,not_matched,present
cocoapods.org,pkg:cocoapods/nanopb,https://github.com/nanopb/nanopb,not_matched,present
cocoapods.org,pkg:cocoapods/Nimble,https://github.com/quick/nimble,not_matched,present
cocoapods.org,pkg:cocoapods/OCMock,https://github.com/erikdoe/ocmock,not_matched,present
cocoapods.org,pkg:cocoapods/OpenSSL-Universal,,not_matched,no_repository
cocoapods.org,pkg:cocoapods/PromisesObjC,https://github.com/google/promises,not_matched,present
cocoapods.org,pkg:cocoapods/Protobuf,https://github.com/protocolbuffers/protobuf,not_matched,missing
cocoapods.org,pkg:cocoapods/Quick,https://github.com/quick/quick,not_matched,present
cocoapods.org,pkg:cocoapods/React,https://github.com/facebook/react-native,dependencies,missing
cocoapods.org,pkg:cocoapods/React-Codegen,https://github.com/sjnscythe/react-codegen,not_matched,present
cocoapods.org,pkg:cocoapods/React-Core,https://github.com/sjnscythe/react-core,not_matched,present
cocoapods.org,pkg:cocoapods/RxCocoa,https://github.com/reactivex/rxswift,not_matched,present
cocoapods.org,pkg:cocoapods/RxSwift,https://github.com/reactivex/rxswift,not_matched,present
cocoapods.org,pkg:cocoapods/SDWebImage,https://github.com/sdwebimage/sdwebimage,not_matched,present
cocoapods.org,pkg:cocoapods/SnapKit,https://github.com/snapkit/snapkit,not_matched,present
cocoapods.org,pkg:cocoapods/SocketRocket,https://github.com/facebook/socketrocket,not_matched,present
cocoapods.org,pkg:cocoapods/SVProgressHUD,https://github.com/svprogresshud/svprogresshud,not_matched,present
cocoapods.org,pkg:cocoapods/SwiftyJSON,https://github.com/swiftyjson/swiftyjson,not_matched,present
cocoapods.org,pkg:cocoapods/Yoga,https://github.com/facebook/yoga,not_matched,missing
cocoapods.org,pkg:cocoapods/YogaKit,https://github.com/facebook/yoga,not_matched,missing
conda-forge.org,pkg:conda/absl-py?repository_url=https://conda-forge.org,https://github.com/abseil/abseil-py,not_matched,missing
conda-forge.org,pkg:conda/aiohttp?repository_url=https://conda-forge.org,https://github.com/aio-libs/aiohttp,not_matched,missing
conda-forge.org,pkg:conda/alabaster?repository_url=https://conda-forge.org,https://github.com/sphinx-doc/alabaster,not_matched,present
conda-forge.org,pkg:conda/altair?repository_url=https://conda-forge.org,,not_matched,no_repository
conda-forge.org,pkg:conda/appdirs?repository_url=https://conda-forge.org,https://github.com/activestate/appdirs,not_matched,present
conda-forge.org,pkg:conda/appnope?repository_url=https://conda-forge.org,https://github.com/minrk/appnope,not_matched,present
conda-forge.org,pkg:conda/argon2-cffi?repository_url=https://conda-forge.org,https://github.com/hynek/argon2_cffi,not_matched,missing
conda-forge.org,pkg:conda/asn1crypto?repository_url=https://conda-forge.org,https://github.com/wbond/asn1crypto,not_matched,present
conda-forge.org,pkg:conda/astor?repository_url=https://conda-forge.org,https://github.com/berkerpeksag/astor,not_matched,present
conda-forge.org,pkg:conda/astroid?repository_url=https://conda-forge.org,https://github.com/pycqa/astroid,not_matched,missing
conda-forge.org,pkg:conda/astropy?repository_url=https://conda-forge.org,https://github.com/astropy/astropy,projects,missing
conda-forge.org,pkg:conda/asttokens?repository_url=https://conda-forge.org,https://github.com/gristlabs/asttokens,not_matched,present
conda-forge.org,pkg:conda/async_generator?repository_url=https://conda-forge.org,https://github.com/python-trio/async_generator,not_matched,present
conda-forge.org,pkg:conda/async-timeout?repository_url=https://conda-forge.org,https://github.com/aio-libs/async_timeout,not_matched,present
conda-forge.org,pkg:conda/attrs?repository_url=https://conda-forge.org,https://github.com/python-attrs/attrs,not_matched,present
conda-forge.org,pkg:conda/autopep8?repository_url=https://conda-forge.org,https://github.com/hhatto/autopep8,not_matched,present
conda-forge.org,pkg:conda/babel?repository_url=https://conda-forge.org,https://github.com/python-babel/babel,not_matched,missing
conda-forge.org,pkg:conda/backcall?repository_url=https://conda-forge.org,https://github.com/takluyver/backcall,not_matched,present
conda-forge.org,pkg:conda/backports?repository_url=https://conda-forge.org,https://github.com/conda-forge/backports-feedstock,not_matched,present
conda-forge.org,pkg:conda/backports.functools_lru_cache?repository_url=https://conda-forge.org,https://github.com/jaraco/backports.functools_lru_cache,not_matched,present
conda-forge.org,pkg:conda/beautifulsoup4?repository_url=https://conda-forge.org,https://code.launchpad.net/beautifulsoup,not_matched,unknown
conda-forge.org,pkg:conda/biopython?repository_url=https://conda-forge.org,https://github.com/biopython/biopython,projects,missing
conda-forge.org,pkg:conda/black?repository_url=https://conda-forge.org,https://github.com/psf/black,not_matched,missing
conda-forge.org,pkg:conda/blas?repository_url=https://conda-forge.org,,not_matched,no_repository
conda-forge.org,pkg:conda/bleach?repository_url=https://conda-forge.org,https://github.com/mozilla/bleach,not_matched,present
conda-forge.org,pkg:conda/blinker?repository_url=https://conda-forge.org,https://github.com/pallets-eco/blinker,not_matched,present
conda-forge.org,pkg:conda/blosc?repository_url=https://conda-forge.org,https://github.com/blosc/c-blosc,not_matched,present
conda-forge.org,pkg:conda/bokeh?repository_url=https://conda-forge.org,https://github.com/bokeh/bokeh,not_matched,missing
conda-forge.org,pkg:conda/boost-cpp?repository_url=https://conda-forge.org,https://github.com/boostorg/boost,not_matched,missing
conda-forge.org,pkg:conda/boto3?repository_url=https://conda-forge.org,https://github.com/boto/boto3,projects,missing
conda-forge.org,pkg:conda/bottleneck?repository_url=https://conda-forge.org,https://github.com/pydata/bottleneck,not_matched,present
conda-forge.org,pkg:conda/breathe?repository_url=https://conda-forge.org,https://github.com/breathe-doc/breathe,projects,missing
conda-forge.org,pkg:conda/brotli?repository_url=https://conda-forge.org,https://github.com/google/brotli,not_matched,present
conda-forge.org,pkg:conda/brotli-bin?repository_url=https://conda-forge.org,https://github.com/google/brotli,not_matched,present
conda-forge.org,pkg:conda/brotlipy?repository_url=https://conda-forge.org,https://github.com/python-hyper/brotlipy,not_matched,present
conda-forge.org,pkg:conda/bzip2?repository_url=https://conda-forge.org,https://gitlab.com/bzip2/bzip2,not_matched,present
conda-forge.org,pkg:conda/ca-certificates?repository_url=https://conda-forge.org,https://github.com/conda-forge/ca-certificates-feedstock,not_matched,present
conda-forge.org,pkg:conda/cachetools?repository_url=https://conda-forge.org,https://github.com/tkem/cachetools,not_matched,missing
conda-forge.org,pkg:conda/cairo?repository_url=https://conda-forge.org,https://gitlab.freedesktop.org/cairo/cairo,not_matched,missing
conda-forge.org,pkg:conda/c-ares?repository_url=https://conda-forge.org,,not_matched,no_repository
conda-forge.org,pkg:conda/cartopy?repository_url=https://conda-forge.org,https://github.com/scitools/cartopy,projects,missing
conda-forge.org,pkg:conda/certifi?repository_url=https://conda-forge.org,https://github.com/certifi/python-certifi,not_matched,present
conda-forge.org,pkg:conda/cffi?repository_url=https://conda-forge.org,https://github.com/python-cffi/cffi,not_matched,missing
conda-forge.org,pkg:conda/chardet?repository_url=https://conda-forge.org,https://github.com/chardet/chardet,not_matched,present
conda-forge.org,pkg:conda/charset-normalizer?repository_url=https://conda-forge.org,https://github.com/ousret/charset_normalizer,not_matched,present
conda-forge.org,pkg:conda/click?repository_url=https://conda-forge.org,https://github.com/pallets/click,not_matched,missing
conda-forge.org,pkg:conda/cloudpickle?repository_url=https://conda-forge.org,https://github.com/cloudpipe/cloudpickle,not_matched,missing
conda-forge.org,pkg:conda/cmake?repository_url=https://conda-forge.org,https://gitlab.kitware.com/cmake/cmake,not_matched,missing
conda-forge.org,pkg:conda/colorama?repository_url=https://conda-forge.org,https://github.com/tartley/colorama,not_matched,present
conda-forge.org,pkg:conda/conda?repository_url=https://conda-forge.org,https://github.com/conda/conda,not_matched,missing
conda-forge.org,pkg:conda/coverage?repository_url=https://conda-forge.org,,not_matched,no_repository
conda-forge.org,pkg:conda/cryptography?repository_url=https://conda-forge.org,https://github.com/pyca/cryptography,projects,missing
conda-forge.org,pkg:conda/cudatoolkit?repository_url=https://conda-forge.org,https://developer.nvidia.com/cuda-downloads,not_matched,unknown
conda-forge.org,pkg:conda/cudnn?repository_url=https://conda-forge.org,https://developer.nvidia.com/rdp/cudnn-download,not_matched,unknown
conda-forge.org,pkg:conda/curl?repository_url=https://conda-forge.org,https://github.com/curl/curl,not_matched,missing
conda-forge.org,pkg:conda/cycler?repository_url=https://conda-forge.org,https://github.com/matplotlib/cycler,projects,present
conda-forge.org,pkg:conda/cython?repository_url=https://conda-forge.org,https://github.com/cython/cython,projects,missing
conda-forge.org,pkg:conda/cytoolz?repository_url=https://conda-forge.org,https://github.com/pytoolz/cytoolz,not_matched,missing
conda-forge.org,pkg:conda/dask?repository_url=https://conda-forge.org,https://github.com/dask/dask,projects,present
conda-forge.org,pkg:conda/dask-core?repository_url=https://conda-forge.org,https://github.com/dask/dask,projects,present
conda-forge.org,pkg:conda/dataclasses?repository_url=https://conda-forge.org,https://github.com/ericvsmith/dataclasses,not_matched,present
conda-forge.org,pkg:conda/dbus?repository_url=https://conda-forge.org,https://gitlab.freedesktop.org/dbus/dbus,not_matched,present
conda-forge.org,pkg:conda/debugpy?repository_url=https://conda-forge.org,https://github.com/microsoft/debugpy,not_matched,missing
conda-forge.org,pkg:conda/decorator?repository_url=https://conda-forge.org,https://github.com/micheles/decorator,not_matched,present
conda-forge.org,pkg:conda/defusedxml?repository_url=https://conda-forge.org,https://bitbucket.org/tiran/defusedxml,not_matched,unknown
conda-forge.org,pkg:conda/dill?repository_url=https://conda-forge.org,https://github.com/uqfoundation/dill,projects,present
conda-forge.org,pkg:conda/distributed?repository_url=https://conda-forge.org,https://github.com/dask/distributed,not_matched,present
conda-forge.org,pkg:conda/docutils?repository_url=https://conda-forge.org,https://svn.code.sf.net/p/docutils/code,not_matched,unchecked
conda-forge.org,pkg:conda/entrypoints?repository_url=https://conda-forge.org,,not_matched,no_repository
conda-forge.org,pkg:conda/executing?repository_url=https://conda-forge.org,https://github.com/alexmojaki/executing,not_matched,present
conda-forge.org,pkg:conda/expat?repository_url=https://conda-forge.org,https://github.com/libexpat/libexpat,not_matched,missing
conda-forge.org,pkg:conda/ffmpeg?repository_url=https://conda-forge.org,https://git.ffmpeg.org/ffmpeg,not_matched,missing
conda-forge.org,pkg:conda/filelock?repository_url=https://conda-forge.org,https://github.com/tox-dev/py-filelock,not_matched,missing
conda-forge.org,pkg:conda/fiona?repository_url=https://conda-forge.org,https://github.com/toblerity/fiona,projects,present
conda-forge.org,pkg:conda/flake8?repository_url=https://conda-forge.org,https://github.com/pycqa/flake8,projects,missing
conda-forge.org,pkg:conda/flask?repository_url=https://conda-forge.org,https://github.com/pallets/flask,not_matched,present
conda-forge.org,pkg:conda/fontconfig?repository_url=https://conda-forge.org,https://cgit.freedesktop.org/fontconfig,not_matched,unknown
conda-forge.org,pkg:conda/fonttools?repository_url=https://conda-forge.org,https://github.com/fonttools/fonttools,projects,missing
conda-forge.org,pkg:conda/freetype?repository_url=https://conda-forge.org,https://git.savannah.gnu.org/cgit/freetype,not_matched,unknown
conda-forge.org,pkg:conda/fribidi?repository_url=https://conda-forge.org,https://github.com/fribidi/fribidi,not_matched,missing
conda-forge.org,pkg:conda/fsspec?repository_url=https://conda-forge.org,https://github.com/intake/filesystem_spec,projects,missing
conda-forge.org,pkg:conda/future?repository_url=https://conda-forge.org,https://github.com/pythoncharmers/python-future,not_matched,present
conda-forge.org,pkg:conda/gast?repository_url=https://conda-forge.org,https://github.com/serge-sans-paille/gast,not_matched,present
conda-forge.org,pkg:conda/gdal?repository_url=https://conda-forge.org,,not_matched,no_repository
conda-forge.org,pkg:conda/geopandas?repository_url=https://conda-forge.org,,not_matched,no_repository
conda-forge.org,pkg:conda/geos?repository_url=https://conda-forge.org,https://github.com/libgeos/geos,not_matched,missing
conda-forge.org,pkg:conda/gettext?repository_url=https://conda-forge.org,,not_matched,no_repository
conda-forge.org,pkg:conda/giflib?repository_url=https://conda-forge.org,,not_matched,no_repository
conda-forge.org,pkg:conda/git?repository_url=https://conda-forge.org,,not_matched,no_repository
conda-forge.org,pkg:conda/gitpython?repository_url=https://conda-forge.org,https://github.com/gitpython-developers/gitpython,projects,present
conda-forge.org,pkg:conda/glib?repository_url=https://conda-forge.org,https://gitlab.gnome.org/GNOME/glib,not_matched,missing
conda-forge.org,pkg:conda/gmp?repository_url=https://conda-forge.org,,not_matched,no_repository
conda-forge.org,pkg:conda/gnutls?repository_url=https://conda-forge.org,https://gitlab.com/gnutls/gnutls,not_matched,missing
conda-forge.org,pkg:conda/google-auth?repository_url=https://conda-forge.org,https://github.com/googleapis/google-auth-library-python,not_matched,present
conda-forge.org,pkg:conda/graphite2?repository_url=https://conda-forge.org,https://github.com/silnrsi/graphite,not_matched,present
conda-forge.org,pkg:conda/graphviz?repository_url=https://conda-forge.org,https://gitlab.com/graphviz/graphviz,not_matched,missing
conda-forge.org,pkg:conda/greenlet?repository_url=https://conda-forge.org,https://github.com/python-greenlet/greenlet,projects,present
conda-forge.org,pkg:conda/grpcio?repository_url=https://conda-forge.org,https://github.com/grpc/grpc,projects,missing
conda-forge.org,pkg:conda/gst-plugins-base?repository_url=https://conda-forge.org,,not_matched,no_repository
conda-forge.org,pkg:conda/gstreamer?repository_url=https://conda-forge.org,https://cgit.freedesktop.org/gstreamer/gstreamer/tree,not_matched,unknown
conda-forge.org,pkg:conda/gxx_linux-64?repository_url=https://conda-forge.org,https://github.com/conda-forge/ctng-compiler-activation-feedstock,not_matched,missing
conda-forge.org,pkg:conda/h5py?repository_url=https://conda-forge.org,https://github.com/h5py/h5py,projects,missing
conda-forge.org,pkg:conda/harfbuzz?repository_url=https://conda-forge.org,https://github.com/harfbuzz/harfbuzz,not_matched,missing
conda-forge.org,pkg:conda/hdf4?repository_url=https://conda-forge.org,https://github.com/hdfgroup/hdf4,projects,present
conda-forge.org,pkg:conda/hdf5?repository_url=https://conda-forge.org,https://github.com/hdfgroup/hdf5,projects,missing
conda-forge.org,pkg:conda/heapdict?repository_url=https://conda-forge.org,https://github.com/danielstutzbach/heapdict,not_matched,present
conda-forge.org,pkg:conda/holoviews?repository_url=https://conda-forge.org,https://github.com/holoviz/holoviews,projects,missing
conda-forge.org,pkg:conda/html5lib?repository_url=https://conda-forge.org,https://github.com/html5lib/html5lib-python,projects,present
conda-forge.org,pkg:conda/hvplot?repository_url=https://conda-forge.org,,not_matched,no_repository
conda-forge.org,pkg:conda/icu?repository_url=https://conda-forge.org,https://github.com/unicode-org/icu,not_matched,missing
conda-forge.org,pkg:conda/idna?repository_url=https://conda-forge.org,https://github.com/kjd/idna,projects,present
conda-forge.org,pkg:conda/imageio?repository_url=https://conda-forge.org,https://github.com/imageio/imageio,projects,present
conda-forge.org,pkg:conda/imagesize?repository_url=https://conda-forge.org,https://github.com/shibukawa/imagesize_py,not_matched,present
conda-forge.org,pkg:conda/importlib-metadata?repository_url=https://conda-forge.org,https://gitlab.com/python-devs/importlib_metadata,not_matched,present
conda-forge.org,pkg:conda/importlib_metadata?repository_url=https://conda-forge.org,https://gitlab.com/python-devs/importlib_metadata,not_matched,present
conda-forge.org,pkg:conda/intel-openmp?repository_url=https://conda-forge.org,,not_matched,no_repository
conda-forge.org,pkg:conda/ipykernel?repository_url=https://conda-forge.org,https://github.com/ipython/ipykernel,not_matched,missing
conda-forge.org,pkg:conda/ipympl?repository_url=https://conda-forge.org,https://github.com/matplotlib/ipympl,not_matched,present
conda-forge.org,pkg:conda/ipython?repository_url=https://conda-forge.org,https://github.com/ipython/ipython,not_matched,missing
conda-forge.org,pkg:conda/ipython_genutils?repository_url=https://conda-forge.org,,not_matched,no_repository
conda-forge.org,pkg:conda/ipywidgets?repository_url=https://conda-forge.org,https://github.com/jupyter-widgets/ipywidgets,not_matched,present
conda-forge.org,pkg:conda/isort?repository_url=https://conda-forge.org,https://github.com/timothycrosley/isort,not_matched,missing
conda-forge.org,pkg:conda/itsdangerous?repository_url=https://conda-forge.org,https://github.com/pallets/itsdangerous,not_matched,present
conda-forge.org,pkg:conda/jbig?repository_url=https://conda-forge.org,https://www.cl.cam.ac.uk/~mgk25/git/jbigkit,not_matched,unchecked
conda-forge.org,pkg:conda/jedi?repository_url=https://conda-forge.org,https://github.com/davidhalter/jedi,not_matched,missing
conda-forge.org,pkg:conda/jinja2?repository_url=https://conda-forge.org,https://github.com/pallets/jinja,not_matched,present
conda-forge.org,pkg:conda/joblib?repository_url=https://conda-forge.org,,not_matched,no_repository
conda-forge.org,pkg:conda/jpeg?repository_url=https://conda-forge.org,,not_matched,no_repository
conda-forge.org,pkg:conda/json5?repository_url=https://conda-forge.org,https://github.com/dpranke/pyjson5,not_matched,present
conda-forge.org,pkg:conda/jsonschema?repository_url=https://conda-forge.org,https://github.com/python-jsonschema/jsonschema,projects,present
conda-forge.org,pkg:conda/jupyter?repository_url=https://conda-forge.org,https://github.com/jupyter/jupyter,not_matched,present
conda-forge.org,pkg:conda/jupyter_client?repository_url=https://conda-forge.org,https://github.com/jupyter/jupyter_client,not_matched,present
conda-forge.org,pkg:conda/jupyter_console?repository_url=https://conda-forge.org,,not_matched,no_repository
conda-forge.org,pkg:conda/jupyter_core?repository_url=https://conda-forge.org,https://github.com/jupyter/jupyter_core,not_matched,missing
conda-forge.org,pkg:conda/jupyterlab?repository_url=https://conda-forge.org,https://github.com/jupyterlab/jupyterlab,projects,missing
conda-forge.org,pkg:conda/jupyterlab_pygments?repository_url=https://conda-forge.org,https://github.com/jupyterlab/jupyterlab_pygments,not_matched,present
conda-forge.org,pkg:conda/jupyterlab_server?repository_url=https://conda-forge.org,https://github.com/jupyterlab/jupyterlab_server,not_matched,missing
conda-forge.org,pkg:conda/jupyterlab_widgets?repository_url=https://conda-forge.org,https://github.com/jupyter-widgets/ipywidgets,not_matched,present
conda-forge.org,pkg:conda/jupyter_server?repository_url=https://conda-forge.org,https://github.com/jupyter/jupyter_server,not_matched,present
conda-forge.org,pkg:conda/keras?repository_url=https://conda-forge.org,https://github.com/keras-team/keras,projects,missing
conda-forge.org,pkg:conda/keras-preprocessing?repository_url=https://conda-forge.org,https://github.com/keras-team/keras-preprocessing,not_matched,present
conda-forge.org,pkg:conda/kiwisolver?repository_url=https://conda-forge.org,https://github.com/nucleic/kiwi,projects,present
conda-forge.org,pkg:conda/krb5?repository_url=https://conda-forge.org,,not_matched,no_repository
conda-forge.org,pkg:conda/lame?repository_url=https://conda-forge.org,https://svn.code.sf.net/p/lame/svn/trunk/lame,not_matched,unchecked
conda-forge.org,pkg:conda/lazy-object-proxy?repository_url=https://conda-forge.org,https://github.com/ionelmc/python-lazy-object-proxy,not_matched,present
conda-forge.org,pkg:conda/lcms2?repository_url=https://conda-forge.org,,not_matched,no_repository
conda-forge.org,pkg:conda/ld_impl_linux-64?repository_url=https://conda-forge.org,,not_matched,no_repository
conda-forge.org,pkg:conda/lerc?repository_url=https://conda-forge.org,https://github.com/esri/lerc,not_matched,missing
conda-forge.org,pkg:conda/libblas?repository_url=https://conda-forge.org,https://github.com/conda-forge/blas-feedstock,not_matched,present
conda-forge.org,pkg:conda/libbrotlicommon?repository_url=https://conda-forge.org,https://github.com/google/brotli,not_matched,present
conda-forge.org,pkg:conda/libbrotlidec?repository_url=https://conda-forge.org,https://github.com/google/brotli,not_matched,present
conda-forge.org,pkg:conda/libbrotlienc?repository_url=https://conda-forge.org,https://github.com/google/brotli,not_matched,present
conda-forge.org,pkg:conda/libcblas?repository_url=https://conda-forge.org,https://github.com/conda-forge/blas-feedstock,not_matched,present
conda-forge.org,pkg:conda/libclang?repository_url=https://conda-forge.org,https://github.com/llvm/llvm-project,projects,missing
conda-forge.org,pkg:conda/libcurl?repository_url=https://conda-forge.org,https://github.com/curl/curl,not_matched,missing
conda-forge.org,pkg:conda/libcxx?repository_url=https://conda-forge.org,https://github.com/llvm/llvm-project,projects,missing
conda-forge.org,pkg:conda/libcxxabi?repository_url=https://conda-forge.org,https://github.com/llvm/llvm-project,projects,missing
conda-forge.org,pkg:conda/libdeflate?repository_url=https://conda-forge.org,https://github.com/ebiggers/libdeflate,not_matched,present
conda-forge.org,pkg:conda/libedit?repository_url=https://conda-forge.org,,not_matched,no_repository
conda-forge.org,pkg:conda/libev?repository_url=https://conda-forge.org,,not_matched,no_repository
conda-forge.org,pkg:conda/libffi?repository_url=https://conda-forge.org,https://github.com/libffi/libffi,not_matched,present
conda-forge.org,pkg:conda/_libgcc_mutex?repository_url=https://conda-forge.org,https://github.com/anacondarecipes/_libgcc_mutex-feedstock,not_matched,present
conda-forge.org,pkg:conda/libgcc-ng?repository_url=https://conda-forge.org,,not_matched,no_repository
conda-forge.org,pkg:conda/libgdal?repository_url=https://conda-forge.org,,not_matched,no_repository
conda-forge.org,pkg:conda/libgfortran?repository_url=https://conda-forge.org,,not_matched,no_repository
conda-forge.org,pkg:conda/libgfortran4?repository_url=https://conda-forge.org,,not_matched,no_repository
conda-forge.org,pkg:conda/libgfortran5?repository_url=https://conda-forge.org,,not_matched,no_repository
conda-forge.org,pkg:conda/libgfortran-ng?repository_url=https://conda-forge.org,,not_matched,no_repository
conda-forge.org,pkg:conda/libglib?repository_url=https://conda-forge.org,https://gitlab.gnome.org/GNOME/glib,not_matched,missing
conda-forge.org,pkg:conda/libgomp?repository_url=https://conda-forge.org,,not_matched,no_repository
conda-forge.org,pkg:conda/libiconv?repository_url=https://conda-forge.org,,not_matched,no_repository
conda-forge.org,pkg:conda/liblapack?repository_url=https://conda-forge.org,https://github.com/conda-forge/blas-feedstock,not_matched,present
conda-forge.org,pkg:conda/libnetcdf?repository_url=https://conda-forge.org,https://github.com/unidata/netcdf-c,projects,present
conda-forge.org,pkg:conda/libnghttp2?repository_url=https://conda-forge.org,https://github.com/nghttp2/nghttp2,not_matched,present
conda-forge.org,pkg:conda/libopenblas?repository_url=https://conda-forge.org,https://github.com/openmathlib/openblas,not_matched,missing
conda-forge.org,pkg:conda/libopus?repository_url=https://conda-forge.org,https://github.com/xiph/opus,not_matched,present
conda-forge.org,pkg:conda/libpng?repository_url=https://conda-forge.org,https://sourceforge.net/p/libpng/code/ci/libpng16/tree,not_matched,unchecked
conda-forge.org,pkg:conda/libpq?repository_url=https://conda-forge.org,,not_matched,no_repository
conda-forge.org,pkg:conda/libprotobuf?repository_url=https://conda-forge.org,https://github.com/protocolbuffers/protobuf,not_matched,missing
conda-forge.org,pkg:conda/libsodium?repository_url=https://conda-forge.org,https://github.com/jedisct1/libsodium,not_matched,missing
conda-forge.org,pkg:conda/libspatialite?repository_url=https://conda-forge.org,,not_matched,no_repository
conda-forge.org,pkg:conda/libssh2?repository_url=https://conda-forge.org,https://github.com/libssh2/libssh2,not_matched,present
conda-forge.org,pkg:conda/libstdcxx-ng?repository_url=https://conda-forge.org,,not_matched,no_repository
conda-forge.org,pkg:conda/libtiff?repository_url=https://conda-forge.org,,not_matched,no_repository
conda-forge.org,pkg:conda/libuuid?repository_url=https://conda-forge.org,,not_matched,no_repository
conda-forge.org,pkg:conda/libuv?repository_url=https://conda-forge.org,https://github.com/libuv/libuv,not_matched,present
conda-forge.org,pkg:conda/libwebp?repository_url=https://conda-forge.org,https://chromium.googlesource.com/webm/libwebp,not_matched,missing
conda-forge.org,pkg:conda/libwebp-base?repository_url=https://conda-forge.org,https://chromium.googlesource.com/webm/libwebp,not_matched,missing
conda-forge.org,pkg:conda/libxcb?repository_url=https://conda-forge.org,,not_matched,no_repository
conda-forge.org,pkg:conda/libxml2?repository_url=https://conda-forge.org,https://git.gnome.org/browse/libxml2,not_matched,unknown
conda-forge.org,pkg:conda/libxslt?repository_url=https://conda-forge.org,https://gitlab.gnome.org/GNOME/libxslt,not_matched,present
conda-forge.org,pkg:conda/libzlib?repository_url=https://conda-forge.org,https://github.com/madler/zlib,projects,missing
conda-forge.org,pkg:conda/llvmlite?repository_url=https://conda-forge.org,https://github.com/numba/llvmlite,projects,missing
conda-forge.org,pkg:conda/llvm-openmp?repository_url=https://conda-forge.org,https://github.com/llvm/llvm-project,projects,missing
conda-forge.org,pkg:conda/locket?repository_url=https://conda-forge.org,https://github.com/mwilliamson/locket.py,not_matched,present
conda-forge.org,pkg:conda/loguru?repository_url=https://conda-forge.org,https://github.com/delgan/loguru,not_matched,present
conda-forge.org,pkg:conda/lxml?repository_url=https://conda-forge.org,https://github.com/lxml/lxml,not_matched,present
conda-forge.org,pkg:conda/lz4-c?repository_url=https://conda-forge.org,https://github.com/lz4/lz4,not_matched,present
conda-forge.org,pkg:conda/lzo?repository_url=https://conda-forge.org,,not_matched,no_repository
conda-forge.org,pkg:conda/make?repository_url=https://conda-forge.org,,not_matched,no_repository
conda-forge.org,pkg:conda/markdown?repository_url=https://conda-forge.org,https://github.com/python-markdown/markdown,not_matched,present
conda-forge.org,pkg:conda/markupsafe?repository_url=https://conda-forge.org,https://github.com/pallets/markupsafe,not_matched,present
conda-forge.org,pkg:conda/matplotlib?repository_url=https://conda-forge.org,https://github.com/matplotlib/matplotlib,projects,missing
conda-forge.org,pkg:conda/matplotlib-base?repository_url=https://conda-forge.org,https://github.com/matplotlib/matplotlib,projects,missing
conda-forge.org,pkg:conda/matplotlib-inline?repository_url=https://conda-forge.org,https://github.com/ipython/matplotlib-inline,not_matched,present
conda-forge.org,pkg:conda/mccabe?repository_url=https://conda-forge.org,https://github.com/pycqa/mccabe,not_matched,present
conda-forge.org,pkg:conda/mistune?repository_url=https://conda-forge.org,https://github.com/lepture/mistune,not_matched,present
conda-forge.org,pkg:conda/mkl?repository_url=https://conda-forge.org,,not_matched,no_repository
conda-forge.org,pkg:conda/mkl_fft?repository_url=https://conda-forge.org,https://github.com/intelpython/mkl_fft,projects,missing
conda-forge.org,pkg:conda/mkl_random?repository_url=https://conda-forge.org,https://github.com/intelpython/mkl_random,not_matched,present
conda-forge.org,pkg:conda/mkl-service?repository_url=https://conda-forge.org,https://github.com/intelpython/mkl-service,not_matched,missing
conda-forge.org,pkg:conda/mock?repository_url=https://conda-forge.org,https://github.com/testing-cabal/mock,not_matched,present
conda-forge.org,pkg:conda/more-itertools?repository_url=https://conda-forge.org,https://github.com/more-itertools/more-itertools,not_matched,missing
conda-forge.org,pkg:conda/msgpack-python?repository_url=https://conda-forge.org,https://github.com/msgpack/msgpack-python,not_matched,missing
conda-forge.org,pkg:conda/multidict?repository_url=https://conda-forge.org,https://github.com/aio-libs/multidict,not_matched,missing
conda-forge.org,pkg:conda/munkres?repository_url=https://conda-forge.org,https://github.com/bmc/munkres,not_matched,present
conda-forge.org,pkg:conda/mypy?repository_url=https://conda-forge.org,https://github.com/python/mypy,not_matched,missing
conda-forge.org,pkg:conda/nbclient?repository_url=https://conda-forge.org,https://github.com/jupyter/nbclient,not_matched,present
conda-forge.org,pkg:conda/nbconvert?repository_url=https://conda-forge.org,https://github.com/jupyter/nbconvert,not_matched,missing
conda-forge.org,pkg:conda/nbformat?repository_url=https://conda-forge.org,https://github.com/jupyter/nbformat,not_matched,present
conda-forge.org,pkg:conda/nbsphinx?repository_url=https://conda-forge.org,,not_matched,no_repository
conda-forge.org,pkg:conda/ncurses?repository_url=https://conda-forge.org,https://invisible-island.net/ncurses,not_matched,unknown
conda-forge.org,pkg:conda/nest-asyncio?repository_url=https://conda-forge.org,https://github.com/erdewit/nest_asyncio,not_matched,present
conda-forge.org,pkg:conda/netcdf4?repository_url=https://conda-forge.org,https://github.com/unidata/netcdf4-python,not_matched,missing
conda-forge.org,pkg:conda/nettle?repository_url=https://conda-forge.org,https://git.lysator.liu.se/nettle/nettle,not_matched,missing
conda-forge.org,pkg:conda/networkx?repository_url=https://conda-forge.org,https://github.com/networkx/networkx,projects,missing
conda-forge.org,pkg:conda/ninja?repository_url=https://conda-forge.org,,not_matched,no_repository
conda-forge.org,pkg:conda/nltk?repository_url=https://conda-forge.org,https://github.com/nltk/nltk,projects,missing
conda-forge.org,pkg:conda/nodejs?repository_url=https://conda-forge.org,https://github.com/nodejs/node,not_matched,missing
conda-forge.org,pkg:conda/nose?repository_url=https://conda-forge.org,https://github.com/nose-devs/nose,not_matched,present
conda-forge.org,pkg:conda/notebook?repository_url=https://conda-forge.org,https://github.com/jupyter/notebook,not_matched,missing
conda-forge.org,pkg:conda/nspr?repository_url=https://conda-forge.org,https://developer.mozilla.org/en-US/docs/MDN,not_matched,unknown
conda-forge.org,pkg:conda/nss?repository_url=https://conda-forge.org,https://hg.mozilla.org/projects/nss,not_matched,unknown
conda-forge.org,pkg:conda/numba?repository_url=https://conda-forge.org,https://github.com/numba/numba,projects,missing
conda-forge.org,pkg:conda/numexpr?repository_url=https://conda-forge.org,https://github.com/pydata/numexpr,projects,missing
conda-forge.org,pkg:conda/numpy?repository_url=https://conda-forge.org,https://github.com/numpy/numpy,projects,missing
conda-forge.org,pkg:conda/numpydoc?repository_url=https://conda-forge.org,https://github.com/numpy/numpydoc,not_matched,missing
conda-forge.org,pkg:conda/oauthlib?repository_url=https://conda-forge.org,https://github.com/idan/oauthlib,not_matched,present
conda-forge.org,pkg:conda/olefile?repository_url=https://conda-forge.org,https://github.com/decalage2/olefile,projects,present
conda-forge.org,pkg:conda/openblas?repository_url=https://conda-forge.org,https://github.com/openmathlib/openblas,not_matched,missing
conda-forge.org,pkg:conda/opencv?repository_url=https://conda-forge.org,https://github.com/opencv/opencv,not_matched,missing
conda-forge.org,pkg:conda/openh264?repository_url=https://conda-forge.org,https://github.com/cisco/openh264,not_matched,missing
conda-forge.org,pkg:conda/openjpeg?repository_url=https://conda-forge.org,,not_matched,no_repository
conda-forge.org,pkg:conda/_openmp_mutex?repository_url=https://conda-forge.org,https://github.com/conda-forge/openmp-feedstock,not_matched,missing
conda-forge.org,pkg:conda/openpyxl?repository_url=https://conda-forge.org,https://foss.heptapod.net/openpyxl/openpyxl,not_matched,unknown
conda-forge.org,pkg:conda/openssl?repository_url=https://conda-forge.org,https://github.com/openssl/openssl,not_matched,missing
conda-forge.org,pkg:conda/packaging?repository_url=https://conda-forge.org,https://github.com/pypa/packaging,not_matched,present
conda-forge.org,pkg:conda/pandas?repository_url=https://conda-forge.org,https://github.com/pandas-dev/pandas,projects,missing
conda-forge.org,pkg:conda/pandoc?repository_url=https://conda-forge.org,https://github.com/jgm/pandoc,not_matched,missing
conda-forge.org,pkg:conda/pandocfilters?repository_url=https://conda-forge.org,https://github.com/jgm/pandocfilters,not_matched,present
conda-forge.org,pkg:conda/pango?repository_url=https://conda-forge.org,https://gitlab.gnome.org/GNOME/pango,not_matched,present
conda-forge.org,pkg:conda/parso?repository_url=https://conda-forge.org,https://github.com/davidhalter/parso,not_matched,missing
conda-forge.org,pkg:conda/partd?repository_url=https://conda-forge.org,https://github.com/dask/partd,not_matched,present
conda-forge.org,pkg:conda/patsy?repository_url=https://conda-forge.org,https://github.com/pydata/patsy,not_matched,present
conda-forge.org,pkg:conda/pcre?repository_url=https://conda-forge.org,,not_matched,no_repository
conda-forge.org,pkg:conda/pexpect?repository_url=https://conda-forge.org,https://github.com/pexpect/pexpect,projects,present
conda-forge.org,pkg:conda/pickleshare?repository_url=https://conda-forge.org,https://github.com/pickleshare/pickleshare,not_matched,present
conda-forge.org,pkg:conda/pillow?repository_url=https://conda-forge.org,https://github.com/python-pillow/pillow,not_matched,missing
conda-forge.org,pkg:conda/pip?repository_url=https://conda-forge.org,https://github.com/pypa/pip,projects,missing
conda-forge.org,pkg:conda/pixman?repository_url=https://conda-forge.org,https://cgit.freedesktop.org/pixman,not_matched,unknown
conda-forge.org,pkg:conda/plotly?repository_url=https://conda-forge.org,https://github.com/plotly/plotly.py,projects,missing
conda-forge.org,pkg:conda/pluggy?repository_url=https://conda-forge.org,https://github.com/pytest-dev/pluggy,projects,missing
conda-forge.org,pkg:conda/pre-commit?repository_url=https://conda-forge.org,https://github.com/pre-commit/pre-commit,not_matched,present
conda-forge.org,pkg:conda/prometheus_client?repository_url=https://conda-forge.org,https://github.com/prometheus/client_python,not_matched,present
conda-forge.org,pkg:conda/prompt-toolkit?repository_url=https://conda-forge.org,https://github.com/jonathanslenders/python-prompt-toolkit,not_matched,present
conda-forge.org,pkg:conda/prompt_toolkit?repository_url=https://conda-forge.org,https://github.com/jonathanslenders/python-prompt-toolkit,not_matched,present
conda-forge.org,pkg:conda/protobuf?repository_url=https://conda-forge.org,https://github.com/protocolbuffers/protobuf,not_matched,missing
conda-forge.org,pkg:conda/psutil?repository_url=https://conda-forge.org,https://github.com/giampaolo/psutil,not_matched,present
conda-forge.org,pkg:conda/psycopg2?repository_url=https://conda-forge.org,https://github.com/psycopg/psycopg2,not_matched,missing
conda-forge.org,pkg:conda/pthread-stubs?repository_url=https://conda-forge.org,,not_matched,no_repository
conda-forge.org,pkg:conda/ptyprocess?repository_url=https://conda-forge.org,https://github.com/pexpect/ptyprocess,not_matched,present
conda-forge.org,pkg:conda/pure_eval?repository_url=https://conda-forge.org,https://github.com/alexmojaki/pure_eval,not_matched,present
conda-forge.org,pkg:conda/py?repository_url=https://conda-forge.org,https://github.com/pytest-dev/py,not_matched,present
conda-forge.org,pkg:conda/pyarrow?repository_url=https://conda-forge.org,https://github.com/apache/arrow,projects,missing
conda-forge.org,pkg:conda/pyasn1?repository_url=https://conda-forge.org,https://github.com/pyasn1/pyasn1,not_matched,present
conda-forge.org,pkg:conda/pyasn1-modules?repository_url=https://conda-forge.org,https://github.com/pyasn1/pyasn1-modules,not_matched,present
conda-forge.org,pkg:conda/pycodestyle?repository_url=https://conda-forge.org,https://github.com/pycqa/pycodestyle,not_matched,missing
conda-forge.org,pkg:conda/pycosat?repository_url=https://conda-forge.org,https://github.com/conda/pycosat,not_matched,present
conda-forge.org,pkg:conda/pycparser?repository_url=https://conda-forge.org,https://github.com/eliben/pycparser,not_matched,present
conda-forge.org,pkg:conda/pyflakes?repository_url=https://conda-forge.org,https://github.com/pycqa/pyflakes,not_matched,missing
conda-forge.org,pkg:conda/pygments?repository_url=https://conda-forge.org,,not_matched,no_repository
conda-forge.org,pkg:conda/pyjwt?repository_url=https://conda-forge.org,https://github.com/jpadilla/pyjwt,not_matched,missing
conda-forge.org,pkg:conda/pylint?repository_url=https://conda-forge.org,https://github.com/pycqa/pylint,not_matched,missing
conda-forge.org,pkg:conda/pyopenssl?repository_url=https://conda-forge.org,https://github.com/pyca/pyopenssl,not_matched,present
conda-forge.org,pkg:conda/pyparsing?repository_url=https://conda-forge.org,https://github.com/pyparsing/pyparsing,projects,present
conda-forge.org,pkg:conda/pyproj?repository_url=https://conda-forge.org,https://github.com/pyproj4/pyproj,not_matched,missing
conda-forge.org,pkg:conda/pyqt?repository_url=https://conda-forge.org,https://www.riverbankcomputing.com/mailman/listinfo/pyqt,not_matched,unchecked
conda-forge.org,pkg:conda/pyrsistent?repository_url=https://conda-forge.org,https://github.com/tobgu/pyrsistent,not_matched,present
conda-forge.org,pkg:conda/pysocks?repository_url=https://conda-forge.org,https://github.com/anorov/pysocks,not_matched,present
conda-forge.org,pkg:conda/pytables?repository_url=https://conda-forge.org,,not_matched,no_repository
conda-forge.org,pkg:conda/pytest?repository_url=https://conda-forge.org,https://github.com/pytest-dev/pytest,not_matched,missing
conda-forge.org,pkg:conda/pytest-cov?repository_url=https://conda-forge.org,https://github.com/pytest-dev/pytest-cov,projects,present
conda-forge.org,pkg:conda/pytest-xdist?repository_url=https://conda-forge.org,https://github.com/pytest-dev/pytest-xdist,not_matched,missing
conda-forge.org,pkg:conda/python?repository_url=https://conda-forge.org,https://docs.python.org/devguide,not_matched,unknown
conda-forge.org,pkg:conda/python_abi?repository_url=https://conda-forge.org,https://github.com/conda-forge/python_abi-feedstock,not_matched,present
conda-forge.org,pkg:conda/python-dateutil?repository_url=https://conda-forge.org,https://github.com/dateutil/dateutil,not_matched,present
conda-forge.org,pkg:conda/python-graphviz?repository_url=https://conda-forge.org,https://github.com/xflr6/graphviz,projects,present
conda-forge.org,pkg:conda/pytorch?repository_url=https://conda-forge.org,https://github.com/pytorch/pytorch,projects,missing
conda-forge.org,pkg:conda/pytz?repository_url=https://conda-forge.org,https://github.com/stub42/pytz,not_matched,present
conda-forge.org,pkg:conda/pywavelets?repository_url=https://conda-forge.org,https://github.com/pywavelets/pywt,projects,present
conda-forge.org,pkg:conda/pyyaml?repository_url=https://conda-forge.org,https://github.com/yaml/pyyaml,not_matched,present
conda-forge.org,pkg:conda/pyzmq?repository_url=https://conda-forge.org,https://github.com/zeromq/pyzmq,not_matched,present
conda-forge.org,pkg:conda/qt?repository_url=https://conda-forge.org,,not_matched,no_repository
conda-forge.org,pkg:conda/qtconsole?repository_url=https://conda-forge.org,https://github.com/jupyter/qtconsole,not_matched,present
conda-forge.org,pkg:conda/qtpy?repository_url=https://conda-forge.org,https://github.com/spyder-ide/qtpy,not_matched,present
conda-forge.org,pkg:conda/rasterio?repository_url=https://conda-forge.org,https://github.com/rasterio/rasterio,projects,present
conda-forge.org,pkg:conda/r-base?repository_url=https://conda-forge.org,,not_matched,no_repository
conda-forge.org,pkg:conda/readline?repository_url=https://conda-forge.org,,not_matched,no_repository
conda-forge.org,pkg:conda/requests?repository_url=https://conda-forge.org,https://github.com/psf/requests,not_matched,present
conda-forge.org,pkg:conda/requests-oauthlib?repository_url=https://conda-forge.org,https://github.com/requests/requests-oauthlib,not_matched,present
conda-forge.org,pkg:conda/r-ggplot2?repository_url=https://conda-forge.org,https://github.com/tidyverse/ggplot2,projects,missing
conda-forge.org,pkg:conda/rope?repository_url=https://conda-forge.org,https://github.com/python-rope/rope,projects,missing
conda-forge.org,pkg:conda/rsa?repository_url=https://conda-forge.org,,not_matched,no_repository
conda-forge.org,pkg:conda/rtree?repository_url=https://conda-forge.org,https://github.com/toblerity/rtree,projects,missing
conda-forge.org,pkg:conda/ruamel_yaml?repository_url=https://conda-forge.org,,not_matched,no_repository
conda-forge.org,pkg:conda/s3fs?repository_url=https://conda-forge.org,https://github.com/dask/s3fs,not_matched,missing
conda-forge.org,pkg:conda/scikit-image?repository_url=https://conda-forge.org,https://github.com/scikit-image/scikit-image,projects,missing
conda-forge.org,pkg:conda/scikit-learn?repository_url=https://conda-forge.org,https://github.com/scikit-learn/scikit-learn,projects,missing
conda-forge.org,pkg:conda/scipy?repository_url=https://conda-forge.org,https://github.com/scipy/scipy,projects,missing
conda-forge.org,pkg:conda/seaborn?repository_url=https://conda-forge.org,https://github.com/mwaskom/seaborn,projects,present
conda-forge.org,pkg:conda/send2trash?repository_url=https://conda-forge.org,https://github.com/arsenetar/send2trash,not_matched,present
conda-forge.org,pkg:conda/setuptools?repository_url=https://conda-forge.org,https://github.com/pypa/setuptools,projects,present
conda-forge.org,pkg:conda/shapely?repository_url=https://conda-forge.org,https://github.com/shapely/shapely,projects,missing
conda-forge.org,pkg:conda/simplegeneric?repository_url=https://conda-forge.org,,not_matched,no_repository
conda-forge.org,pkg:conda/sip?repository_url=https://conda-forge.org,https://github.com/ifwe/sip,not_matched,present
conda-forge.org,pkg:conda/six?repository_url=https://conda-forge.org,https://github.com/benjaminp/six,not_matched,present
conda-forge.org,pkg:conda/snappy?repository_url=https://conda-forge.org,https://github.com/google/snappy,not_matched,present
conda-forge.org,pkg:conda/snowballstemmer?repository_url=https://conda-forge.org,https://github.com/snowballstem/snowball,not_matched,present
conda-forge.org,pkg:conda/sortedcontainers?repository_url=https://conda-forge.org,https://github.com/grantjenks/python-sortedcontainers,projects,present
conda-forge.org,pkg:conda/soupsieve?repository_url=https://conda-forge.org,https://github.com/facelessuser/soupsieve,not_matched,missing
conda-forge.org,pkg:conda/sphinx?repository_url=https://conda-forge.org,https://github.com/sphinx-doc/sphinx,not_matched,present
conda-forge.org,pkg:conda/sphinx_rtd_theme?repository_url=https://conda-forge.org,https://github.com/readthedocs/sphinx_rtd_theme,not_matched,present
conda-forge.org,pkg:conda/spyder?repository_url=https://conda-forge.org,https://github.com/spyder-ide/spyder,not_matched,missing
conda-forge.org,pkg:conda/sqlalchemy?repository_url=https://conda-forge.org,https://github.com/sqlalchemy/sqlalchemy,projects,present
conda-forge.org,pkg:conda/sqlite?repository_url=https://conda-forge.org,https://github.com/mackyle/sqlite,not_matched,present
conda-forge.org,pkg:conda/stack_data?repository_url=https://conda-forge.org,https://github.com/alexmojaki/stack_data,not_matched,present
conda-forge.org,pkg:conda/statsmodels?repository_url=https://conda-forge.org,https://github.com/statsmodels/statsmodels,projects,missing
conda-forge.org,pkg:conda/sympy?repository_url=https://conda-forge.org,https://github.com/sympy/sympy,projects,missing
conda-forge.org,pkg:conda/tbb?repository_url=https://conda-forge.org,https://github.com/oneapi-src/onetbb,not_matched,missing
conda-forge.org,pkg:conda/tblib?repository_url=https://conda-forge.org,https://github.com/ionelmc/python-tblib,not_matched,present
conda-forge.org,pkg:conda/tensorboard?repository_url=https://conda-forge.org,https://github.com/tensorflow/tensorboard,not_matched,present
conda-forge.org,pkg:conda/tensorflow?repository_url=https://conda-forge.org,https://github.com/tensorflow/tensorflow,projects,present
conda-forge.org,pkg:conda/tensorflow-base?repository_url=https://conda-forge.org,https://github.com/tensorflow/tensorflow,projects,present
conda-forge.org,pkg:conda/tensorflow-estimator?repository_url=https://conda-forge.org,https://github.com/tensorflow/tensorflow,projects,present
conda-forge.org,pkg:conda/termcolor?repository_url=https://conda-forge.org,https://github.com/termcolor/termcolor,not_matched,present
conda-forge.org,pkg:conda/terminado?repository_url=https://conda-forge.org,https://github.com/jupyter/terminado,not_matched,present
conda-forge.org,pkg:conda/testpath?repository_url=https://conda-forge.org,https://github.com/jupyter/testpath,not_matched,missing
conda-forge.org,pkg:conda/threadpoolctl?repository_url=https://conda-forge.org,https://github.com/joblib/threadpoolctl,projects,missing
conda-forge.org,pkg:conda/tk?repository_url=https://conda-forge.org,https://github.com/tcltk/tk,not_matched,missing
conda-forge.org,pkg:conda/toml?repository_url=https://conda-forge.org,https://github.com/uiri/toml,not_matched,present
conda-forge.org,pkg:conda/toolz?repository_url=https://conda-forge.org,,not_matched,no_repository
conda-forge.org,pkg:conda/torchvision?repository_url=https://conda-forge.org,https://github.com/pytorch/vision,not_matched,missing
conda-forge.org,pkg:conda/tornado?repository_url=https://conda-forge.org,https://github.com/tornadoweb/tornado,not_matched,missing
conda-forge.org,pkg:conda/tqdm?repository_url=https://conda-forge.org,https://github.com/tqdm/tqdm,projects,present
conda-forge.org,pkg:conda/traitlets?repository_url=https://conda-forge.org,https://github.com/ipython/traitlets,projects,present
conda-forge.org,pkg:conda/typing-extensions?repository_url=https://conda-forge.org,https://github.com/python/typing_extensions,not_matched,present
conda-forge.org,pkg:conda/typing_extensions?repository_url=https://conda-forge.org,https://github.com/python/typing_extensions,not_matched,present
conda-forge.org,pkg:conda/tzdata?repository_url=https://conda-forge.org,https://github.com/eggert/tz,not_matched,missing
conda-forge.org,pkg:conda/urllib3?repository_url=https://conda-forge.org,https://github.com/urllib3/urllib3,not_matched,missing
conda-forge.org,pkg:conda/vc?repository_url=https://conda-forge.org,https://github.com/conda/conda,not_matched,missing
conda-forge.org,pkg:conda/vs2015_runtime?repository_url=https://conda-forge.org,https://github.com/conda-forge/vc-feedstock,not_matched,present
conda-forge.org,pkg:conda/wcwidth?repository_url=https://conda-forge.org,https://github.com/jquast/wcwidth,not_matched,missing
conda-forge.org,pkg:conda/webencodings?repository_url=https://conda-forge.org,https://github.com/gsnedders/python-webencodings,not_matched,present
conda-forge.org,pkg:conda/werkzeug?repository_url=https://conda-forge.org,https://github.com/pallets/werkzeug,not_matched,missing
conda-forge.org,pkg:conda/wheel?repository_url=https://conda-forge.org,https://github.com/pypa/wheel,not_matched,present
conda-forge.org,pkg:conda/widgetsnbextension?repository_url=https://conda-forge.org,https://github.com/jupyter-widgets/ipywidgets,not_matched,present
conda-forge.org,pkg:conda/wincertstore?repository_url=https://conda-forge.org,,not_matched,no_repository
conda-forge.org,pkg:conda/win_inet_pton?repository_url=https://conda-forge.org,https://github.com/hickeroar/win_inet_pton,not_matched,present
conda-forge.org,pkg:conda/wrapt?repository_url=https://conda-forge.org,https://github.com/grahamdumpleton/wrapt,not_matched,missing
conda-forge.org,pkg:conda/xarray?repository_url=https://conda-forge.org,https://github.com/pydata/xarray,projects,present
conda-forge.org,pkg:conda/xlrd?repository_url=https://conda-forge.org,https://github.com/python-excel/xlrd,not_matched,present
conda-forge.org,pkg:conda/xorg-kbproto?repository_url=https://conda-forge.org,,not_matched,no_repository
conda-forge.org,pkg:conda/xorg-libice?repository_url=https://conda-forge.org,,not_matched,no_repository
conda-forge.org,pkg:conda/xorg-libsm?repository_url=https://conda-forge.org,,not_matched,no_repository
conda-forge.org,pkg:conda/xorg-libx11?repository_url=https://conda-forge.org,,not_matched,no_repository
conda-forge.org,pkg:conda/xorg-libxau?repository_url=https://conda-forge.org,https://gitlab.freedesktop.org/xorg/lib/libxau,not_matched,present
conda-forge.org,pkg:conda/xorg-libxdmcp?repository_url=https://conda-forge.org,https://gitlab.freedesktop.org/xorg/lib/libxdmcp,not_matched,present
conda-forge.org,pkg:conda/xorg-libxext?repository_url=https://conda-forge.org,,not_matched,no_repository
conda-forge.org,pkg:conda/xorg-libxrender?repository_url=https://conda-forge.org,,not_matched,no_repository
conda-forge.org,pkg:conda/xorg-renderproto?repository_url=https://conda-forge.org,,not_matched,no_repository
conda-forge.org,pkg:conda/xorg-xextproto?repository_url=https://conda-forge.org,,not_matched,no_repository
conda-forge.org,pkg:conda/xorg-xproto?repository_url=https://conda-forge.org,,not_matched,no_repository
conda-forge.org,pkg:conda/xz?repository_url=https://conda-forge.org,,not_matched,no_repository
conda-forge.org,pkg:conda/yaml?repository_url=https://conda-forge.org,,not_matched,no_repository
conda-forge.org,pkg:conda/yarl?repository_url=https://conda-forge.org,https://github.com/aio-libs/yarl,not_matched,missing
conda-forge.org,pkg:conda/zarr?repository_url=https://conda-forge.org,https://github.com/zarr-developers/zarr-python,projects,missing
conda-forge.org,pkg:conda/zeromq?repository_url=https://conda-forge.org,,not_matched,no_repository
conda-forge.org,pkg:conda/zipp?repository_url=https://conda-forge.org,https://github.com/jaraco/zipp,not_matched,present
conda-forge.org,pkg:conda/zlib?repository_url=https://conda-forge.org,https://github.com/madler/zlib,projects,missing
conda-forge.org,pkg:conda/zstd?repository_url=https://conda-forge.org,https://github.com/facebook/zstd,not_matched,present
cran.r-project.org,pkg:cran/abind,,dependencies,no_repository
cran.r-project.org,pkg:cran/arrow,https://github.com/apache/arrow,dependencies;projects,missing
cran.r-project.org,pkg:cran/askpass,https://github.com/r-lib/askpass,dependencies,missing
cran.r-project.org,pkg:cran/assertthat,,dependencies,no_repository
cran.r-project.org,pkg:cran/backports,https://github.com/r-lib/backports,dependencies,missing
cran.r-project.org,pkg:cran/base64enc,https://github.com/s-u/base64enc,dependencies,present
cran.r-project.org,pkg:cran/BH,https://github.com/eddelbuettel/bh,dependencies;projects,present
cran.r-project.org,pkg:cran/bigD,https://github.com/rstudio/bigd,dependencies;projects,present
cran.r-project.org,pkg:cran/BiocManager,https://github.com/bioconductor/biocmanager,dependencies;projects,present
cran.r-project.org,pkg:cran/bit,https://github.com/r-lib/bit,dependencies;projects,missing
cran.r-project.org,pkg:cran/bit64,https://github.com/r-lib/bit64,dependencies;projects,present
cran.r-project.org,pkg:cran/bitops,https://github.com/mmaechler/r-bitops,dependencies,present
cran.r-project.org,pkg:cran/blob,https://github.com/tidyverse/blob,dependencies;projects,present
cran.r-project.org,pkg:cran/brew,https://github.com/gregfrog/brew,dependencies,present
cran.r-project.org,pkg:cran/brio,https://github.com/r-lib/brio,dependencies;projects,present
cran.r-project.org,pkg:cran/broom,https://github.com/tidymodels/broom,dependencies;projects,present
cran.r-project.org,pkg:cran/bslib,https://github.com/rstudio/bslib,dependencies;projects,missing
cran.r-project.org,pkg:cran/cachem,https://github.com/r-lib/cachem,dependencies;projects,present
cran.r-project.org,pkg:cran/callr,https://github.com/r-lib/callr,dependencies;projects,present
cran.r-project.org,pkg:cran/car,https://github.com/bprice2652/car_repo,dependencies,missing
cran.r-project.org,pkg:cran/carData,https://r-forge.r-project.org/projects/car,not_matched,unchecked
cran.r-project.org,pkg:cran/caret,https://github.com/topepo/caret,dependencies;projects,present
cran.r-project.org,pkg:cran/caTools,,dependencies,no_repository
cran.r-project.org,pkg:cran/cellranger,https://github.com/rsheets/cellranger,dependencies;projects,present
cran.r-project.org,pkg:cran/checkmate,https://github.com/mllg/checkmate,dependencies;projects,present
cran.r-project.org,pkg:cran/classInt,https://github.com/r-spatial/classint,dependencies;projects,present
cran.r-project.org,pkg:cran/cli,https://github.com/r-lib/cli,dependencies;projects,present
cran.r-project.org,pkg:cran/clipr,https://github.com/mdlincoln/clipr,dependencies;projects,present
cran.r-project.org,pkg:cran/clock,https://github.com/r-lib/clock,dependencies;projects,present
cran.r-project.org,pkg:cran/coda,,dependencies,no_repository
cran.r-project.org,pkg:cran/colorspace,,dependencies,no_repository
cran.r-project.org,pkg:cran/commonmark,https://github.com/r-lib/commonmark,dependencies,missing
cran.r-project.org,pkg:cran/conflicted,https://github.com/r-lib/conflicted,dependencies;projects,present
cran.r-project.org,pkg:cran/corrplot,https://github.com/taiyun/corrplot,dependencies;projects,present
cran.r-project.org,pkg:cran/countrycode,https://github.com/vincentarelbundock/countrycode,dependencies;projects,present
cran.r-project.org,pkg:cran/covr,https://github.com/r-lib/covr,dependencies;projects,present
cran.r-project.org,pkg:cran/cowplot,https://github.com/wilkelab/cowplot,dependencies;projects,present
cran.r-project.org,pkg:cran/cpp11,https://github.com/r-lib/cpp11,dependencies;projects,present
cran.r-project.org,pkg:cran/crayon,https://github.com/r-lib/crayon,dependencies;projects,present
cran.r-project.org,pkg:cran/credentials,https://github.com/r-lib/credentials,dependencies;projects,present
cran.r-project.org,pkg:cran/crosstalk,https://github.com/rstudio/crosstalk,dependencies;projects,present
cran.r-project.org,pkg:cran/curl,https://github.com/jeroen/curl,dependencies,present
cran.r-project.org,pkg:cran/data.table,https://github.com/rdatatable/data.table,dependencies,present
cran.r-project.org,pkg:cran/datawizard,https://github.com/easystats/datawizard,dependencies;projects,present
cran.r-project.org,pkg:cran/DBI,https://github.com/r-dbi/dbi,dependencies;projects,present
cran.r-project.org,pkg:cran/dbplyr,https://github.com/tidyverse/dbplyr,dependencies;projects,present
cran.r-project.org,pkg:cran/Deriv,https://github.com/sgsokol/deriv,dependencies;projects,present
cran.r-project.org,pkg:cran/desc,https://github.com/r-lib/desc,dependencies;projects,missing
cran.r-project.org,pkg:cran/devtools,https://github.com/r-lib/devtools,dependencies;projects,missing
cran.r-project.org,pkg:cran/diagram,,dependencies,no_repository
cran.r-project.org,pkg:cran/diffobj,https://github.com/brodieg/diffobj,dependencies;projects,present
cran.r-project.org,pkg:cran/digest,https://github.com/eddelbuettel/digest,dependencies;projects,missing
cran.r-project.org,pkg:cran/doBy,https://github.com/hojsgaard/doby,dependencies;projects,missing
cran.r-project.org,pkg:cran/doParallel,https://github.com/revolutionanalytics/doparallel,dependencies,present
cran.r-project.org,pkg:cran/downlit,https://github.com/r-lib/downlit,dependencies;projects,missing
cran.r-project.org,pkg:cran/dplyr,https://github.com/tidyverse/dplyr,dependencies;projects,present
cran.r-project.org,pkg:cran/DT,https://github.com/rstudio/dt,dependencies,present
cran.r-project.org,pkg:cran/dtplyr,https://github.com/tidyverse/dtplyr,dependencies;projects,present
cran.r-project.org,pkg:cran/e1071,,dependencies,no_repository
cran.r-project.org,pkg:cran/ellipsis,https://github.com/r-lib/ellipsis,dependencies;projects,present
cran.r-project.org,pkg:cran/emmeans,https://github.com/rvlenth/emmeans,dependencies;projects,present
cran.r-project.org,pkg:cran/evaluate,https://github.com/r-lib/evaluate,dependencies;projects,present
cran.r-project.org,pkg:cran/fansi,https://github.com/brodieg/fansi,dependencies;projects,present
cran.r-project.org,pkg:cran/farver,https://github.com/thomasp85/farver,dependencies;projects,present
cran.r-project.org,pkg:cran/fastmap,https://github.com/r-lib/fastmap,dependencies;projects,present
cran.r-project.org,pkg:cran/foghorn,https://github.com/fmichonneau/foghorn,dependencies;projects,missing
cran.r-project.org,pkg:cran/fontawesome,https://github.com/rstudio/fontawesome,dependencies;projects,present
cran.r-project.org,pkg:cran/forcats,https://github.com/tidyverse/forcats,dependencies;projects,present
cran.r-project.org,pkg:cran/foreach,https://github.com/revolutionanalytics/foreach,dependencies;projects,present
cran.r-project.org,pkg:cran/forecast,https://github.com/robjhyndman/forecast,dependencies;projects,missing
cran.r-project.org,pkg:cran/foreign,https://svn.r-project.org/R-packages/trunk/foreign,not_matched,unchecked
cran.r-project.org,pkg:cran/Formula,https://codeberg.org/zeileis/Formula,dependencies,missing
cran.r-project.org,pkg:cran/fracdiff,https://github.com/mmaechler/fracdiff,dependencies;projects,present
cran.r-project.org,pkg:cran/fs,https://github.com/r-lib/fs,dependencies;projects,present
cran.r-project.org,pkg:cran/future,https://github.com/futureverse/future,dependencies;projects,missing
cran.r-project.org,pkg:cran/future.apply,https://github.com/futureverse/future.apply,dependencies;projects,missing
cran.r-project.org,pkg:cran/gargle,https://github.com/r-lib/gargle,dependencies;projects,present
cran.r-project.org,pkg:cran/generics,https://github.com/r-lib/generics,dependencies;projects,present
cran.r-project.org,pkg:cran/gert,https://github.com/r-lib/gert,dependencies,missing
cran.r-project.org,pkg:cran/ggmap,https://github.com/dkahle/ggmap,dependencies;projects,present
cran.r-project.org,pkg:cran/ggplot2,https://github.com/tidyverse/ggplot2,dependencies;projects,missing
cran.r-project.org,pkg:cran/ggpubr,https://github.com/kassambara/ggpubr,dependencies;projects,present
cran.r-project.org,pkg:cran/ggrepel,https://github.com/slowkow/ggrepel,dependencies;projects,present
cran.r-project.org,pkg:cran/ggsci,https://github.com/nanxstats/ggsci,dependencies;projects,present
cran.r-project.org,pkg:cran/ggsignif,https://github.com/const-ae/ggsignif,dependencies;projects,present
cran.r-project.org,pkg:cran/gh,https://github.com/r-lib/gh,dependencies;projects,missing
cran.r-project.org,pkg:cran/gitcreds,https://github.com/r-lib/gitcreds,dependencies;projects,missing
cran.r-project.org,pkg:cran/glmnet,,dependencies,no_repository
cran.r-project.org,pkg:cran/globals,https://github.com/futureverse/globals,dependencies,missing
cran.r-project.org,pkg:cran/glue,https://github.com/tidyverse/glue,dependencies;projects,present
cran.r-project.org,pkg:cran/googledrive,https://github.com/tidyverse/googledrive,dependencies;projects,present
cran.r-project.org,pkg:cran/googlesheets4,https://github.com/tidyverse/googlesheets4,dependencies;projects,missing
cran.r-project.org,pkg:cran/gower,https://github.com/markvanderloo/gower,dependencies;projects,present
cran.r-project.org,pkg:cran/GPArotation,https://cran.r-project.org/package=GPArotation,dependencies,unknown
cran.r-project.org,pkg:cran/gridBase,,dependencies,no_repository
cran.r-project.org,pkg:cran/gridExtra,,dependencies,no_repository
cran.r-project.org,pkg:cran/gt,https://github.com/rstudio/gt,dependencies;projects,present
cran.r-project.org,pkg:cran/gtable,https://github.com/r-lib/gtable,dependencies;projects,present
cran.r-project.org,pkg:cran/gtExtras,https://github.com/jthomasmock/gtextras,dependencies;projects,missing
cran.r-project.org,pkg:cran/gtools,https://github.com/r-gregmisc/gtools,dependencies;projects,present
cran.r-project.org,pkg:cran/hardhat,https://github.com/tidymodels/hardhat,dependencies;projects,present
cran.r-project.org,pkg:cran/haven,https://github.com/tidyverse/haven,dependencies;projects,present
cran.r-project.org,pkg:cran/here,https://github.com/r-lib/here,dependencies;projects,present
cran.r-project.org,pkg:cran/highcharter,https://github.com/jbkunst/highcharter,dependencies;projects,present
cran.r-project.org,pkg:cran/highr,https://github.com/yihui/highr,dependencies;projects,present
cran.r-project.org,pkg:cran/Hmisc,https://hbiostat.org/R/Hmisc,dependencies,unknown
cran.r-project.org,pkg:cran/hms,https://github.com/tidyverse/hms,dependencies;projects,present
cran.r-project.org,pkg:cran/htmlTable,https://github.com/gforge/htmltable,dependencies;projects,present
cran.r-project.org,pkg:cran/htmltools,https://github.com/rstudio/htmltools,dependencies;projects,present
cran.r-project.org,pkg:cran/htmlwidgets,https://github.com/ramnathv/htmlwidgets,dependencies;projects,present
cran.r-project.org,pkg:cran/httpuv,https://github.com/rstudio/httpuv,dependencies;projects,present
cran.r-project.org,pkg:cran/httr,https://github.com/r-lib/httr,dependencies;projects,present
cran.r-project.org,pkg:cran/httr2,https://github.com/r-lib/httr2,dependencies;projects,missing
cran.r-project.org,pkg:cran/ids,https://github.com/richfitz/ids,dependencies;projects,present
cran.r-project.org,pkg:cran/igraph,https://github.com/igraph/rigraph,dependencies;projects,missing
cran.r-project.org,pkg:cran/implied,,not_matched,no_repository
cran.r-project.org,pkg:cran/ini,https://github.com/dvdscripter/ini,dependencies;projects,present
cran.r-project.org,pkg:cran/insight,https://github.com/easystats/insight,dependencies;projects,missing
cran.r-project.org,pkg:cran/ipred,https://codeberg.org/thothorn/ipred,dependencies,missing
cran.r-project.org,pkg:cran/isoband,https://github.com/r-lib/isoband,dependencies;projects,present
cran.r-project.org,pkg:cran/iterators,https://github.com/revolutionanalytics/iterators,dependencies,present
cran.r-project.org,pkg:cran/janitor,https://github.com/sfirke/janitor,dependencies;projects,present
cran.r-project.org,pkg:cran/jpeg,https://github.com/s-u/jpeg,dependencies,present
cran.r-project.org,pkg:cran/jquerylib,,dependencies,no_repository
cran.r-project.org,pkg:cran/jsonlite,https://github.com/jeroen/jsonlite,dependencies;projects,present
cran.r-project.org,pkg:cran/juicyjuice,https://github.com/rich-iannone/juicyjuice,dependencies,present
cran.r-project.org,pkg:cran/keyring,https://github.com/r-lib/keyring,dependencies;projects,present
cran.r-project.org,pkg:cran/knitr,https://github.com/yihui/knitr,dependencies,missing
cran.r-project.org,pkg:cran/labeling,,dependencies,no_repository
cran.r-project.org,pkg:cran/labelled,https://github.com/larmarange/labelled,dependencies;projects,present
cran.r-project.org,pkg:cran/later,https://github.com/r-lib/later,dependencies;projects,present
cran.r-project.org,pkg:cran/lava,https://github.com/kkholst/lava,dependencies;projects,present
cran.r-project.org,pkg:cran/lazyeval,,dependencies,no_repository
cran.r-project.org,pkg:cran/lifecycle,https://github.com/r-lib/lifecycle,dependencies;projects,missing
cran.r-project.org,pkg:cran/listenv,https://github.com/futureverse/listenv,dependencies,missing
cran.r-project.org,pkg:cran/lme4,https://github.com/lme4/lme4,dependencies;projects,present
cran.r-project.org,pkg:cran/lmtest,,dependencies,no_repository
cran.r-project.org,pkg:cran/lubridate,https://github.com/tidyverse/lubridate,dependencies;projects,present
cran.r-project.org,pkg:cran/magrittr,https://github.com/tidyverse/magrittr,dependencies;projects,present
cran.r-project.org,pkg:cran/maps,https://github.com/adeckmyn/maps,dependencies;projects,present
cran.r-project.org,pkg:cran/markdown,https://github.com/rstudio/markdown,dependencies,present
cran.r-project.org,pkg:cran/MASS,https://www.stats.ox.ac.uk/pub/MASS4,not_matched,unchecked
cran.r-project.org,pkg:cran/MatrixModels,,dependencies,no_repository
cran.r-project.org,pkg:cran/matrixStats,https://github.com/henrikbengtsson/matrixstats,dependencies;projects,present
cran.r-project.org,pkg:cran/memoise,https://github.com/r-lib/memoise,dependencies;projects,present
cran.r-project.org,pkg:cran/microbenchmark,https://github.com/joshuaulrich/microbenchmark,dependencies,present
cran.r-project.org,pkg:cran/mime,https://github.com/yihui/mime,dependencies,present
cran.r-project.org,pkg:cran/miniUI,https://github.com/rstudio/miniui,dependencies,present
cran.r-project.org,pkg:cran/minqa,,dependencies,no_repository
cran.r-project.org,pkg:cran/mnormt,https://azzalini.stat.unipd.it/SW/Pkg-mnormt,not_matched,unknown
cran.r-project.org,pkg:cran/modelr,https://github.com/tidyverse/modelr,dependencies;projects,present
cran.r-project.org,pkg:cran/multcomp,https://codeberg.org/thothorn/multcomp,dependencies,missing
cran.r-project.org,pkg:cran/munsell,https://github.com/cwickham/munsell,dependencies;projects,present
cran.r-project.org,pkg:cran/mvtnorm,https://codeberg.org/thothorn/mvtnorm,dependencies,missing
cran.r-project.org,pkg:cran/nlme,https://svn.r-project.org/R-packages/trunk/nlme,not_matched,unchecked
cran.r-project.org,pkg:cran/nloptr,https://github.com/astamm/nloptr,dependencies;projects,present
cran.r-project.org,pkg:cran/numDeriv,,dependencies,no_repository
cran.r-project.org,pkg:cran/odbc,https://github.com/r-dbi/odbc,dependencies;projects,missing
cran.r-project.org,pkg:cran/openssl,https://github.com/jeroen/openssl,dependencies,missing
cran.r-project.org,pkg:cran/openxlsx,https://github.com/ycphs/openxlsx,dependencies;projects,present
cran.r-project.org,pkg:cran/pacman,https://github.com/trinker/pacman,dependencies;projects,present
cran.r-project.org,pkg:cran/paletteer,https://github.com/emilhvitfeldt/paletteer,dependencies;projects,present
cran.r-project.org,pkg:cran/parallelly,https://github.com/futureverse/parallelly,dependencies;projects,missing
cran.r-project.org,pkg:cran/patchwork,https://github.com/thomasp85/patchwork,dependencies;projects,present
cran.r-project.org,pkg:cran/pbkrtest,https://people.math.aau.dk/~sorenh/software/pbkrtest,not_matched,unchecked
cran.r-project.org,pkg:cran/piggyback,https://github.com/ropensci/piggyback,dependencies;projects,present
cran.r-project.org,pkg:cran/pillar,https://github.com/r-lib/pillar,dependencies;projects,missing
cran.r-project.org,pkg:cran/pkgbuild,https://github.com/r-lib/pkgbuild,dependencies;projects,missing
cran.r-project.org,pkg:cran/pkgconfig,https://github.com/r-lib/pkgconfig,dependencies;projects,present
cran.r-project.org,pkg:cran/pkgdown,https://github.com/r-lib/pkgdown,dependencies;projects,present
cran.r-project.org,pkg:cran/pkgload,https://github.com/r-lib/pkgload,dependencies;projects,present
cran.r-project.org,pkg:cran/plotly,https://github.com/plotly/plotly.r,dependencies;projects,present
cran.r-project.org,pkg:cran/plumber,https://github.com/rstudio/plumber,dependencies;projects,present
cran.r-project.org,pkg:cran/plyr,https://github.com/hadley/plyr,dependencies;projects,present
cran.r-project.org,pkg:cran/png,https://github.com/s-u/png,dependencies,present
cran.r-project.org,pkg:cran/polyclip,https://github.com/baddstats/polyclip,dependencies,present
cran.r-project.org,pkg:cran/polynom,,dependencies,no_repository
cran.r-project.org,pkg:cran/praise,https://github.com/gaborcsardi/praise,dependencies;projects,present
cran.r-project.org,pkg:cran/prettydoc,https://github.com/yixuan/prettydoc,dependencies,present
cran.r-project.org,pkg:cran/prettyunits,https://github.com/r-lib/prettyunits,dependencies;projects,present
cran.r-project.org,pkg:cran/prismatic,https://github.com/emilhvitfeldt/prismatic,dependencies;projects,present
cran.r-project.org,pkg:cran/pROC,https://github.com/xrobin/proc,dependencies;projects,missing
cran.r-project.org,pkg:cran/processx,https://github.com/r-lib/processx,dependencies;projects,present
cran.r-project.org,pkg:cran/prodlim,https://github.com/tagteam/prodlim,dependencies;projects,present
cran.r-project.org,pkg:cran/profvis,https://github.com/r-lib/profvis,dependencies;projects,present
cran.r-project.org,pkg:cran/progress,https://github.com/r-lib/progress,dependencies;projects,present
cran.r-project.org,pkg:cran/progressr,https://github.com/futureverse/progressr,dependencies,missing
cran.r-project.org,pkg:cran/promises,https://github.com/rstudio/promises,dependencies;projects,present
cran.r-project.org,pkg:cran/proxy,,dependencies,no_repository
cran.r-project.org,pkg:cran/ps,https://github.com/r-lib/ps,dependencies;projects,present
cran.r-project.org,pkg:cran/psych,https://personality-project.org/r/psych,dependencies,unchecked
cran.r-project.org,pkg:cran/purrr,https://github.com/tidyverse/purrr,dependencies;projects,present
cran.r-project.org,pkg:cran/quadprog,,dependencies,no_repository
cran.r-project.org,pkg:cran/quantmod,https://github.com/joshuaulrich/quantmod,dependencies;projects,present
cran.r-project.org,pkg:cran/quantreg,,dependencies,no_repository
cran.r-project.org,pkg:cran/quarto,https://github.com/quarto-dev/quarto-r,dependencies;projects,present
cran.r-project.org,pkg:cran/R6,https://github.com/r-lib/r6,dependencies;projects,present
cran.r-project.org,pkg:cran/ragg,https://github.com/r-lib/ragg,dependencies;projects,missing
cran.r-project.org,pkg:cran/rappdirs,https://github.com/r-lib/rappdirs,dependencies;projects,present
cran.r-project.org,pkg:cran/raster,https://github.com/rspatial/raster,dependencies,present
cran.r-project.org,pkg:cran/rcmdcheck,https://github.com/r-lib/rcmdcheck,dependencies;projects,missing
cran.r-project.org,pkg:cran/RColorBrewer,,dependencies,no_repository
cran.r-project.org,pkg:cran/Rcpp,https://github.com/rcppcore/rcpp,dependencies;projects,missing
cran.r-project.org,pkg:cran/RcppArmadillo,https://github.com/rcppcore/rcpparmadillo,dependencies;projects,missing
cran.r-project.org,pkg:cran/RcppEigen,https://github.com/rcppcore/rcppeigen,dependencies;projects,present
cran.r-project.org,pkg:cran/RcppParallel,https://github.com/rcppcore/rcppparallel,dependencies,present
cran.r-project.org,pkg:cran/RcppTOML,https://github.com/eddelbuettel/rcpptoml,dependencies,present
cran.r-project.org,pkg:cran/RCurl,https://codeberg.org/aitap/RCurl,dependencies,missing
cran.r-project.org,pkg:cran/reactable,https://github.com/glin/reactable,dependencies;projects,present
cran.r-project.org,pkg:cran/reactR,https://github.com/react-r/reactr,dependencies;projects,present
cran.r-project.org,pkg:cran/readr,https://github.com/tidyverse/readr,dependencies;projects,present
cran.r-project.org,pkg:cran/readxl,https://github.com/tidyverse/readxl,dependencies;projects,missing
cran.r-project.org,pkg:cran/recipes,https://github.com/tidymodels/recipes,dependencies;projects,missing
cran.r-project.org,pkg:cran/rematch,https://github.com/gaborcsardi/rematch,dependencies,present
cran.r-project.org,pkg:cran/rematch2,https://github.com/r-lib/rematch2,dependencies;projects,present
cran.r-project.org,pkg:cran/remotes,https://github.com/r-lib/remotes,dependencies;projects,present
cran.r-project.org,pkg:cran/renv,https://github.com/rstudio/renv,dependencies;projects,missing
cran.r-project.org,pkg:cran/reprex,https://github.com/tidyverse/reprex,dependencies;projects,present
cran.r-project.org,pkg:cran/reshape2,https://github.com/hadley/reshape,dependencies;projects,present
cran.r-project.org,pkg:cran/reticulate,https://github.com/rstudio/reticulate,dependencies;projects,missing
cran.r-project.org,pkg:cran/rex,https://github.com/r-lib/rex,dependencies;projects,present
cran.r-project.org,pkg:cran/rgl,https://github.com/dmurdoch/rgl,dependencies;projects,present
cran.r-project.org,pkg:cran/rJava,https://github.com/s-u/rjava,dependencies,present
cran.r-project.org,pkg:cran/rjson,https://github.com/alexcb/rjson,dependencies,present
cran.r-project.org,pkg:cran/rlang,https://github.com/r-lib/rlang,dependencies;projects,present
cran.r-project.org,pkg:cran/rlist,https://github.com/renkun-ken/rlist,dependencies;projects,present
cran.r-project.org,pkg:cran/rmarkdown,https://github.com/rstudio/rmarkdown,dependencies;projects,missing
cran.r-project.org,pkg:cran/R.methodsS3,https://github.com/henrikbengtsson/r.methodss3,dependencies,present
cran.r-project.org,pkg:cran/R.oo,https://github.com/henrikbengtsson/r.oo,dependencies,present
cran.r-project.org,pkg:cran/roxygen2,https://github.com/r-lib/roxygen2,dependencies;projects,present
cran.r-project.org,pkg:cran/rprojroot,https://github.com/r-lib/rprojroot,dependencies;projects,present
cran.r-project.org,pkg:cran/RSQLite,https://github.com/r-dbi/rsqlite,dependencies;projects,present
cran.r-project.org,pkg:cran/rstantools,https://github.com/stan-dev/rstantools,dependencies;projects,missing
cran.r-project.org,pkg:cran/rstatix,https://github.com/kassambara/rstatix,dependencies;projects,present
cran.r-project.org,pkg:cran/rstudioapi,https://github.com/rstudio/rstudioapi,dependencies;projects,present
cran.r-project.org,pkg:cran/R.utils,https://github.com/henrikbengtsson/r.utils,dependencies,present
cran.r-project.org,pkg:cran/rversions,https://github.com/r-hub/rversions,dependencies;projects,present
cran.r-project.org,pkg:cran/rvest,https://github.com/tidyverse/rvest,dependencies;projects,present
cran.r-project.org,pkg:cran/s2,https://github.com/r-spatial/s2,dependencies;projects,missing
cran.r-project.org,pkg:cran/sandwich,https://codeberg.org/zeileis/sandwich,dependencies,missing
cran.r-project.org,pkg:cran/sass,https://github.com/rstudio/sass,dependencies;projects,present
cran.r-project.org,pkg:cran/scales,https://github.com/r-lib/scales,dependencies;projects,present
cran.r-project.org,pkg:cran/selectr,https://github.com/sjp/selectr,dependencies,missing
cran.r-project.org,pkg:cran/sessioninfo,https://github.com/r-lib/sessioninfo,dependencies;projects,present
cran.r-project.org,pkg:cran/sf,https://github.com/r-spatial/sf,dependencies;projects,missing
cran.r-project.org,pkg:cran/shape,,dependencies,no_repository
cran.r-project.org,pkg:cran/shiny,https://github.com/rstudio/shiny,dependencies;projects,present
cran.r-project.org,pkg:cran/snakecase,https://github.com/tazinho/snakecase,dependencies;projects,present
cran.r-project.org,pkg:cran/sodium,https://github.com/r-lib/sodium,not_matched,missing
cran.r-project.org,pkg:cran/sourcetools,https://github.com/kevinushey/sourcetools,dependencies;projects,present
cran.r-project.org,pkg:cran/sp,https://github.com/edzer/sp,dependencies,present
cran.r-project.org,pkg:cran/sparklyr,https://github.com/sparklyr/sparklyr,dependencies;projects,present
cran.r-project.org,pkg:cran/SparseM,https://www.econ.uiuc.edu/~roger/research/sparse/sparse.html,not_matched,unchecked
cran.r-project.org,pkg:cran/SQUAREM,,dependencies,no_repository
cran.r-project.org,pkg:cran/stringi,https://github.com/gagolews/stringi,dependencies;projects,present
cran.r-project.org,pkg:cran/stringr,https://github.com/tidyverse/stringr,dependencies;projects,present
cran.r-project.org,pkg:cran/survival,https://github.com/therneau/survival,dependencies;projects,present
cran.r-project.org,pkg:cran/svglite,https://github.com/r-lib/svglite,dependencies;projects,present
cran.r-project.org,pkg:cran/sys,https://github.com/jeroen/sys,dependencies;projects,present
cran.r-project.org,pkg:cran/systemfonts,https://github.com/r-lib/systemfonts,dependencies;projects,present
cran.r-project.org,pkg:cran/terra,https://github.com/rspatial/terra,dependencies;projects,missing
cran.r-project.org,pkg:cran/testthat,https://github.com/r-lib/testthat,dependencies;projects,missing
cran.r-project.org,pkg:cran/textshaping,https://github.com/r-lib/textshaping,dependencies;projects,missing
cran.r-project.org,pkg:cran/tibble,https://github.com/tidyverse/tibble,dependencies;projects,present
cran.r-project.org,pkg:cran/tidyr,https://github.com/tidyverse/tidyr,dependencies;projects,present
cran.r-project.org,pkg:cran/tidyselect,https://github.com/r-lib/tidyselect,dependencies;projects,present
cran.r-project.org,pkg:cran/tidyverse,https://github.com/tidyverse/tidyverse,dependencies;projects,present
cran.r-project.org,pkg:cran/timechange,https://github.com/vspinu/timechange,dependencies;projects,present
cran.r-project.org,pkg:cran/timeDate,https://github.com/geobosh/timedatedoc,dependencies,present
cran.r-project.org,pkg:cran/tinytex,https://github.com/rstudio/tinytex,dependencies,present
cran.r-project.org,pkg:cran/treemap,,dependencies,no_repository
cran.r-project.org,pkg:cran/tseries,,dependencies,no_repository
cran.r-project.org,pkg:cran/TTR,https://github.com/joshuaulrich/ttr,dependencies;projects,present
cran.r-project.org,pkg:cran/tzdb,https://github.com/r-lib/tzdb,dependencies;projects,present
cran.r-project.org,pkg:cran/units,https://github.com/r-quantities/units,dependencies;projects,missing
cran.r-project.org,pkg:cran/urca,,dependencies,no_repository
cran.r-project.org,pkg:cran/urlchecker,https://github.com/r-lib/urlchecker,dependencies;projects,missing
cran.r-project.org,pkg:cran/usethis,https://github.com/r-lib/usethis,dependencies;projects,missing
cran.r-project.org,pkg:cran/utf8,https://github.com/krlmlr/utf8,dependencies;projects,missing
cran.r-project.org,pkg:cran/uuid,https://github.com/s-u/uuid,dependencies,present
cran.r-project.org,pkg:cran/V8,https://github.com/jeroen/v8,dependencies;projects,present
cran.r-project.org,pkg:cran/vctrs,https://github.com/r-lib/vctrs,dependencies;projects,present
cran.r-project.org,pkg:cran/viridis,https://github.com/sjmgarnier/viridis,dependencies;projects,present
cran.r-project.org,pkg:cran/viridisLite,https://github.com/sjmgarnier/viridislite,dependencies;projects,present
cran.r-project.org,pkg:cran/vroom,https://github.com/tidyverse/vroom,dependencies;projects,present
cran.r-project.org,pkg:cran/waldo,https://github.com/r-lib/waldo,dependencies;projects,present
cran.r-project.org,pkg:cran/whisker,https://github.com/edwindj/whisker,dependencies,present
cran.r-project.org,pkg:cran/withr,https://github.com/r-lib/withr,dependencies;projects,present
cran.r-project.org,pkg:cran/wk,https://github.com/paleolimbot/wk,dependencies;projects,present
cran.r-project.org,pkg:cran/writexl,https://github.com/ropensci/writexl,dependencies,present
cran.r-project.org,pkg:cran/xfun,https://github.com/yihui/xfun,dependencies,missing
cran.r-project.org,pkg:cran/XML,https://codeberg.org/aitap/XML,dependencies,missing
cran.r-project.org,pkg:cran/xml2,https://github.com/r-lib/xml2,dependencies;projects,present
cran.r-project.org,pkg:cran/xopen,https://github.com/r-lib/xopen,dependencies;projects,present
cran.r-project.org,pkg:cran/xtable,,dependencies,no_repository
cran.r-project.org,pkg:cran/xts,https://github.com/joshuaulrich/xts,dependencies;projects,present
cran.r-project.org,pkg:cran/yaml,https://github.com/r-lib/yaml,dependencies;projects,missing
cran.r-project.org,pkg:cran/zip,https://github.com/r-lib/zip,dependencies;projects,present
cran.r-project.org,pkg:cran/zoo,https://codeberg.org/zeileis/zoo,dependencies,missing
crates.io,pkg:cargo/actix-codec,https://github.com/actix/actix-net,not_matched,missing
crates.io,pkg:cargo/actix-http,https://github.com/actix/actix-web,not_matched,missing
crates.io,pkg:cargo/actix-macros,https://github.com/actix/actix-net,not_matched,missing
crates.io,pkg:cargo/actix-router,https://github.com/actix/actix-web,not_matched,missing
crates.io,pkg:cargo/actix-rt,https://github.com/actix/actix-net,not_matched,missing
crates.io,pkg:cargo/actix-server,https://github.com/actix/actix-net,not_matched,missing
crates.io,pkg:cargo/actix-service,https://github.com/actix/actix-net,not_matched,missing
crates.io,pkg:cargo/actix-utils,https://github.com/actix/actix-net,not_matched,missing
crates.io,pkg:cargo/actix-web,https://github.com/actix/actix-web,not_matched,missing
crates.io,pkg:cargo/actix-web-codegen,https://github.com/actix/actix-web,not_matched,missing
crates.io,pkg:cargo/addr2line,https://github.com/gimli-rs/addr2line,not_matched,present
crates.io,pkg:cargo/adler,https://github.com/jonas-schievink/adler,not_matched,present
crates.io,pkg:cargo/adler32,https://github.com/remram44/adler32-rs,not_matched,present
crates.io,pkg:cargo/aead,https://github.com/rustcrypto/traits,not_matched,missing
crates.io,pkg:cargo/aes,https://github.com/rustcrypto/block-ciphers,not_matched,missing
crates.io,pkg:cargo/aes-gcm,https://github.com/rustcrypto/aeads,not_matched,present
crates.io,pkg:cargo/ahash,https://github.com/tkaitchuck/ahash,not_matched,present
crates.io,pkg:cargo/aho-corasick,https://github.com/burntsushi/aho-corasick,dependencies,present
crates.io,pkg:cargo/aliasable,https://github.com/avitex/rust-aliasable,not_matched,present
crates.io,pkg:cargo/allocator-api2,https://github.com/zakarumych/allocator-api2,not_matched,present
crates.io,pkg:cargo/alloc-no-stdlib,https://github.com/dropbox/rust-alloc-no-stdlib,not_matched,present
crates.io,pkg:cargo/alloc-stdlib,https://github.com/dropbox/rust-alloc-no-stdlib,not_matched,present
crates.io,pkg:cargo/android_system_properties,https://github.com/nical/android_system_properties,not_matched,missing
crates.io,pkg:cargo/android-tzdata,https://github.com/rumovz/android-tzdata,not_matched,present
crates.io,pkg:cargo/anes,https://github.com/qwandor/anes-rs,not_matched,missing
crates.io,pkg:cargo/ansi_term,https://github.com/ogham/rust-ansi-term,not_matched,present
crates.io,pkg:cargo/anstream,https://github.com/rust-cli/anstyle,not_matched,present
crates.io,pkg:cargo/anstyle,https://github.com/rust-cli/anstyle,not_matched,present
crates.io,pkg:cargo/anstyle-parse,https://github.com/rust-cli/anstyle,not_matched,present
crates.io,pkg:cargo/anstyle-query,https://github.com/rust-cli/anstyle,not_matched,present
crates.io,pkg:cargo/anstyle-wincon,https://github.com/rust-cli/anstyle,not_matched,present
crates.io,pkg:cargo/anyhow,https://github.com/dtolnay/anyhow,not_matched,present
crates.io,pkg:cargo/approx,https://github.com/brendanzab/approx,not_matched,present
crates.io,pkg:cargo/arbitrary,https://github.com/rust-fuzz/arbitrary,not_matched,present
crates.io,pkg:cargo/arc-swap,https://github.com/vorner/arc-swap,not_matched,present
crates.io,pkg:cargo/arrayref,https://github.com/droundy/arrayref,not_matched,present
crates.io,pkg:cargo/arrayvec,https://github.com/bluss/arrayvec,not_matched,present
crates.io,pkg:cargo/ascii,https://github.com/tomprogrammer/rust-ascii,not_matched,present
crates.io,pkg:cargo/asn1-rs,https://github.com/rusticata/asn1-rs,not_matched,present
crates.io,pkg:cargo/asn1-rs-derive,https://github.com/rusticata/asn1-rs,not_matched,present
crates.io,pkg:cargo/assert-json-diff,https://github.com/davidpdrsn/assert-json-diff,not_matched,present
crates.io,pkg:cargo/assert_matches,https://github.com/murarth/assert_matches,not_matched,present
crates.io,pkg:cargo/async-channel,https://github.com/smol-rs/async-channel,not_matched,present
crates.io,pkg:cargo/async-compression,https://github.com/nullus157/async-compression,not_matched,missing
crates.io,pkg:cargo/async-executor,https://github.com/smol-rs/async-executor,not_matched,present
crates.io,pkg:cargo/async-global-executor,https://github.com/keruspe/async-global-executor,not_matched,missing
crates.io,pkg:cargo/async-io,https://github.com/smol-rs/async-io,not_matched,present
crates.io,pkg:cargo/async-lock,https://github.com/smol-rs/async-lock,not_matched,present
crates.io,pkg:cargo/async-process,https://github.com/smol-rs/async-process,not_matched,missing
crates.io,pkg:cargo/async-recursion,https://github.com/dcchut/async-recursion,not_matched,present
crates.io,pkg:cargo/async-std,https://github.com/async-rs/async-std,not_matched,present
crates.io,pkg:cargo/async-stream,https://github.com/tokio-rs/async-stream,not_matched,present
crates.io,pkg:cargo/async-stream-impl,https://github.com/tokio-rs/async-stream,not_matched,present
crates.io,pkg:cargo/async-task,https://github.com/smol-rs/async-task,not_matched,present
crates.io,pkg:cargo/async-trait,https://github.com/dtolnay/async-trait,not_matched,missing
crates.io,pkg:cargo/atoi,https://github.com/pacman82/atoi-rs,not_matched,missing
crates.io,pkg:cargo/atomic,https://github.com/amanieu/atomic-rs,not_matched,present
crates.io,pkg:cargo/atomic-waker,https://github.com/smol-rs/atomic-waker,not_matched,missing
crates.io,pkg:cargo/atty,https://github.com/softprops/atty,not_matched,present
crates.io,pkg:cargo/autocfg,https://github.com/cuviper/autocfg,not_matched,present
crates.io,pkg:cargo/aws-config,https://github.com/smithy-lang/smithy-rs,not_matched,missing
crates.io,pkg:cargo/aws-sdk-sso,https://github.com/awslabs/aws-sdk-rust,not_matched,missing
crates.io,pkg:cargo/aws-sdk-sts,https://github.com/awslabs/aws-sdk-rust,not_matched,missing
crates.io,pkg:cargo/aws-sigv4,https://github.com/smithy-lang/smithy-rs,not_matched,missing
crates.io,pkg:cargo/aws-smithy-async,https://github.com/smithy-lang/smithy-rs,not_matched,missing
crates.io,pkg:cargo/aws-smithy-http,https://github.com/smithy-lang/smithy-rs,not_matched,missing
crates.io,pkg:cargo/aws-smithy-json,https://github.com/smithy-lang/smithy-rs,not_matched,missing
crates.io,pkg:cargo/aws-smithy-query,https://github.com/smithy-lang/smithy-rs,not_matched,missing
crates.io,pkg:cargo/aws-smithy-types,https://github.com/smithy-lang/smithy-rs,not_matched,missing
crates.io,pkg:cargo/aws-smithy-xml,https://github.com/smithy-lang/smithy-rs,not_matched,missing
crates.io,pkg:cargo/aws-types,https://github.com/smithy-lang/smithy-rs,not_matched,missing
crates.io,pkg:cargo/axum,https://github.com/tokio-rs/axum,not_matched,missing
crates.io,pkg:cargo/axum-core,https://github.com/tokio-rs/axum,not_matched,missing
crates.io,pkg:cargo/backoff,https://github.com/ihrwein/backoff,not_matched,present
crates.io,pkg:cargo/backtrace,https://github.com/rust-lang/backtrace-rs,not_matched,present
crates.io,pkg:cargo/base16ct,https://github.com/rustcrypto/formats,not_matched,missing
crates.io,pkg:cargo/base64,https://github.com/marshallpierce/rust-base64,not_matched,present
crates.io,pkg:cargo/base64ct,https://github.com/rustcrypto/formats,not_matched,missing
crates.io,pkg:cargo/base-x,https://github.com/orkon/base-x-rs,not_matched,missing
crates.io,pkg:cargo/bigdecimal,https://github.com/akubera/bigdecimal-rs,not_matched,missing
crates.io,pkg:cargo/bincode,https://github.com/bincode-org/bincode,not_matched,present
crates.io,pkg:cargo/bindgen,https://github.com/rust-lang/rust-bindgen,not_matched,missing
crates.io,pkg:cargo/bitflags,https://github.com/bitflags/bitflags,not_matched,missing
crates.io,pkg:cargo/bit-set,https://github.com/contain-rs/bit-vec,not_matched,present
crates.io,pkg:cargo/bit-vec,https://github.com/contain-rs/bit-vec,not_matched,present
crates.io,pkg:cargo/bitvec,https://github.com/bitvecto-rs/bitvec,dependencies,present
crates.io,pkg:cargo/blake2,https://github.com/rustcrypto/hashes,dependencies,present
crates.io,pkg:cargo/blake2b_simd,https://github.com/oconnor663/blake2_simd,dependencies,missing
crates.io,pkg:cargo/blake3,https://github.com/blake3-team/blake3,dependencies,missing
crates.io,pkg:cargo/block-buffer,https://github.com/rustcrypto/utils,not_matched,present
crates.io,pkg:cargo/blocking,https://github.com/smol-rs/blocking,not_matched,present
crates.io,pkg:cargo/block-padding,https://github.com/rustcrypto/utils,not_matched,present
crates.io,pkg:cargo/borsh,https://github.com/near/borsh-rs,not_matched,present
crates.io,pkg:cargo/borsh-derive,https://github.com/near/borsh-rs,not_matched,present
crates.io,pkg:cargo/brotli,https://github.com/dropbox/rust-brotli,dependencies,present
crates.io,pkg:cargo/brotli-decompressor,https://github.com/dropbox/rust-brotli-decompressor,not_matched,present
crates.io,pkg:cargo/bs58,https://github.com/nullus157/bs58-rs,not_matched,present
crates.io,pkg:cargo/bstr,https://github.com/burntsushi/bstr,not_matched,present
crates.io,pkg:cargo/bumpalo,https://github.com/fitzgen/bumpalo,not_matched,missing
crates.io,pkg:cargo/bytecheck,https://github.com/rkyv/bytecheck,not_matched,missing
crates.io,pkg:cargo/bytecheck_derive,https://github.com/rkyv/bytecheck,not_matched,missing
crates.io,pkg:cargo/bytecount,https://github.com/llogiq/bytecount,not_matched,present
crates.io,pkg:cargo/bytemuck,https://github.com/lokathor/bytemuck,not_matched,missing
crates.io,pkg:cargo/byteorder,https://github.com/burntsushi/byteorder,not_matched,present
crates.io,pkg:cargo/bytes,https://github.com/tokio-rs/bytes,not_matched,present
crates.io,pkg:cargo/bytesize,https://github.com/bytesize-rs/bytesize,not_matched,missing
crates.io,pkg:cargo/bytestring,https://github.com/actix/actix-net,not_matched,missing
crates.io,pkg:cargo/bytes-utils,https://github.com/vorner/bytes-utils,not_matched,present
crates.io,pkg:cargo/byte-tools,https://github.com/rustcrypto/utils,not_matched,present
crates.io,pkg:cargo/bzip2,https://github.com/trifectatechfoundation/bzip2-rs,not_matched,present
crates.io,pkg:cargo/bzip2-sys,https://github.com/alexcrichton/bzip2-rs,not_matched,present
crates.io,pkg:cargo/cache-padded,https://github.com/smol-rs/cache-padded,not_matched,present
crates.io,pkg:cargo/camino,https://github.com/camino-rs/camino,not_matched,missing
crates.io,pkg:cargo/cargo_metadata,https://github.com/oli-obk/cargo_metadata,not_matched,present
crates.io,pkg:cargo/cargo-platform,https://github.com/rust-lang/cargo,not_matched,missing
crates.io,pkg:cargo/cast,https://github.com/japaric/cast.rs,not_matched,present
crates.io,pkg:cargo/cbindgen,https://github.com/mozilla/cbindgen,not_matched,present
crates.io,pkg:cargo/cc,https://github.com/rust-lang/cc-rs,not_matched,missing
crates.io,pkg:cargo/cesu8,https://github.com/emk/cesu8-rs,not_matched,present
crates.io,pkg:cargo/cexpr,https://github.com/jethrogb/rust-cexpr,not_matched,present
crates.io,pkg:cargo/cfg_aliases,https://github.com/katharostech/cfg_aliases,not_matched,present
crates.io,pkg:cargo/cfg-expr,https://github.com/embarkstudios/cfg-expr,not_matched,present
crates.io,pkg:cargo/cfg-if,https://github.com/rust-lang/cfg-if,not_matched,missing
crates.io,pkg:cargo/chacha20,https://github.com/rustcrypto/stream-ciphers,dependencies,present
crates.io,pkg:cargo/chacha20poly1305,https://github.com/rustcrypto/aeads,not_matched,present
crates.io,pkg:cargo/chrono,https://github.com/chronotope/chrono,dependencies,present
crates.io,pkg:cargo/chrono-tz,https://github.com/chronotope/chrono-tz,not_matched,present
crates.io,pkg:cargo/chrono-tz-build,https://github.com/chronotope/chrono-tz,not_matched,present
crates.io,pkg:cargo/chunked_transfer,https://github.com/frewsxcv/rust-chunked-transfer,not_matched,present
crates.io,pkg:cargo/ciborium,https://github.com/enarx/ciborium,not_matched,present
crates.io,pkg:cargo/ciborium-io,https://github.com/enarx/ciborium,not_matched,present
crates.io,pkg:cargo/ciborium-ll,https://github.com/enarx/ciborium,not_matched,present
crates.io,pkg:cargo/cipher,https://github.com/rustcrypto/traits,not_matched,missing
crates.io,pkg:cargo/clang-sys,https://github.com/kylemayes/clang-sys,not_matched,present
crates.io,pkg:cargo/clap,https://github.com/clap-rs/clap,dependencies,missing
crates.io,pkg:cargo/clap_builder,https://github.com/clap-rs/clap,not_matched,missing
crates.io,pkg:cargo/clap_complete,https://github.com/clap-rs/clap,dependencies,missing
crates.io,pkg:cargo/clap_derive,https://github.com/clap-rs/clap,not_matched,missing
crates.io,pkg:cargo/clap_lex,https://github.com/clap-rs/clap,not_matched,missing
crates.io,pkg:cargo/cmake,https://github.com/rust-lang/cmake-rs,not_matched,present
crates.io,pkg:cargo/codespan-reporting,https://github.com/brendanzab/codespan,not_matched,present
crates.io,pkg:cargo/colorchoice,https://github.com/rust-cli/anstyle,not_matched,present
crates.io,pkg:cargo/colored,https://github.com/mackwic/colored,not_matched,present
crates.io,pkg:cargo/color_quant,https://github.com/image-rs/color_quant,not_matched,present
crates.io,pkg:cargo/combine,https://github.com/marwes/combine,not_matched,present
crates.io,pkg:cargo/concurrent-queue,https://github.com/smol-rs/concurrent-queue,not_matched,present
crates.io,pkg:cargo/config,https://github.com/rust-cli/config-rs,not_matched,missing
crates.io,pkg:cargo/console,https://github.com/console-rs/console,not_matched,missing
crates.io,pkg:cargo/console_error_panic_hook,https://github.com/rustwasm/console_error_panic_hook,not_matched,present
crates.io,pkg:cargo/constant_time_eq,https://codeberg.org/cesarb/constant_time_eq,not_matched,missing
crates.io,pkg:cargo/const_fn,https://github.com/taiki-e/const_fn,not_matched,present
crates.io,pkg:cargo/const_format,https://github.com/rodrimati1992/const_format_crates,not_matched,present
crates.io,pkg:cargo/const_format_proc_macros,https://github.com/rodrimati1992/const_format_crates,not_matched,present
crates.io,pkg:cargo/const-oid,https://github.com/rustcrypto/formats,not_matched,missing
crates.io,pkg:cargo/const-random,https://github.com/tkaitchuck/constrandom,not_matched,present
crates.io,pkg:cargo/const-random-macro,https://github.com/tkaitchuck/constrandom,not_matched,present
crates.io,pkg:cargo/convert_case,https://github.com/rutrum/convert-case,not_matched,missing
crates.io,pkg:cargo/cookie,https://github.com/sergiobenitez/cookie-rs,not_matched,present
crates.io,pkg:cargo/core-foundation,https://github.com/servo/core-foundation-rs,not_matched,missing
crates.io,pkg:cargo/core-foundation-sys,https://github.com/servo/core-foundation-rs,not_matched,missing
crates.io,pkg:cargo/cpp_demangle,https://github.com/gimli-rs/cpp_demangle,not_matched,present
crates.io,pkg:cargo/cpufeatures,https://github.com/rustcrypto/utils,not_matched,present
crates.io,pkg:cargo/cpuid-bool,https://github.com/rustcrypto/utils,not_matched,present
crates.io,pkg:cargo/crc,https://github.com/mrhooray/crc-rs,not_matched,present
crates.io,pkg:cargo/crc32fast,https://github.com/srijs/rust-crc32fast,not_matched,missing
crates.io,pkg:cargo/crc-catalog,https://github.com/akhilles/crc-catalog,not_matched,present
crates.io,pkg:cargo/criterion,https://github.com/criterion-rs/criterion.rs,not_matched,missing
crates.io,pkg:cargo/criterion-plot,https://github.com/criterion-rs/criterion.rs,not_matched,missing
crates.io,pkg:cargo/crossbeam,https://github.com/crossbeam-rs/crossbeam,not_matched,missing
crates.io,pkg:cargo/crossbeam-channel,https://github.com/crossbeam-rs/crossbeam,not_matched,missing
crates.io,pkg:cargo/crossbeam-deque,https://github.com/crossbeam-rs/crossbeam,not_matched,missing
crates.io,pkg:cargo/crossbeam-epoch,https://github.com/crossbeam-rs/crossbeam,not_matched,missing
crates.io,pkg:cargo/crossbeam-queue,https://github.com/crossbeam-rs/crossbeam,not_matched,missing
crates.io,pkg:cargo/crossbeam-utils,https://github.com/crossbeam-rs/crossbeam,not_matched,missing
crates.io,pkg:cargo/crossterm,https://github.com/crossterm-rs/crossterm,not_matched,missing
crates.io,pkg:cargo/crunchy,https://github.com/eira-fransham/crunchy,not_matched,present
crates.io,pkg:cargo/crypto-bigint,https://github.com/rustcrypto/crypto-bigint,not_matched,present
crates.io,pkg:cargo/crypto-common,https://github.com/rustcrypto/traits,not_matched,missing
crates.io,pkg:cargo/crypto-mac,https://github.com/rustcrypto/traits,not_matched,missing
crates.io,pkg:cargo/csv,https://github.com/burntsushi/rust-csv,not_matched,present
crates.io,pkg:cargo/csv-core,https://github.com/burntsushi/rust-csv,not_matched,present
crates.io,pkg:cargo/ctor,https://github.com/mmastrac/linktime,not_matched,missing
crates.io,pkg:cargo/ctr,https://github.com/rustcrypto/block-modes,not_matched,present
crates.io,pkg:cargo/ctrlc,https://github.com/detegr/rust-ctrlc,not_matched,present
crates.io,pkg:cargo/curl,https://github.com/alexcrichton/curl-rust,not_matched,present
crates.io,pkg:cargo/curl-sys,https://github.com/alexcrichton/curl-rust,not_matched,present
crates.io,pkg:cargo/curve25519-dalek,https://github.com/dalek-cryptography/curve25519-dalek,not_matched,present
crates.io,pkg:cargo/cxx,https://github.com/dtolnay/cxx,not_matched,missing
crates.io,pkg:cargo/cxxbridge-flags,https://github.com/dtolnay/cxx,not_matched,missing
crates.io,pkg:cargo/cxxbridge-macro,https://github.com/dtolnay/cxx,not_matched,missing
crates.io,pkg:cargo/cxx-build,https://github.com/dtolnay/cxx,not_matched,missing
crates.io,pkg:cargo/darling,https://github.com/teddriggs/darling,not_matched,missing
crates.io,pkg:cargo/darling_core,https://github.com/teddriggs/darling,not_matched,missing
crates.io,pkg:cargo/darling_macro,https://github.com/teddriggs/darling,not_matched,missing
crates.io,pkg:cargo/dashmap,https://github.com/xacrimon/dashmap,not_matched,present
crates.io,pkg:cargo/data-encoding,https://github.com/ia0/data-encoding,not_matched,missing
crates.io,pkg:cargo/debugid,https://github.com/getsentry/rust-debugid,not_matched,present
crates.io,pkg:cargo/der,https://github.com/rustcrypto/formats,not_matched,missing
crates.io,pkg:cargo/deranged,https://github.com/jhpratt/deranged,not_matched,present
crates.io,pkg:cargo/derivative,https://github.com/mcarton/rust-derivative,not_matched,present
crates.io,pkg:cargo/derive_builder,https://github.com/colin-kiegel/rust-derive-builder,not_matched,present
crates.io,pkg:cargo/derive_builder_core,https://github.com/colin-kiegel/rust-derive-builder,not_matched,present
crates.io,pkg:cargo/derive_builder_macro,https://github.com/colin-kiegel/rust-derive-builder,not_matched,present
crates.io,pkg:cargo/derive_more,https://github.com/jeltef/derive_more,not_matched,present
crates.io,pkg:cargo/der-parser,https://github.com/rusticata/der-parser,not_matched,present
crates.io,pkg:cargo/dialoguer,https://github.com/console-rs/dialoguer,not_matched,missing
crates.io,pkg:cargo/diff,https://github.com/utkarshkukreti/diff.rs,not_matched,present
crates.io,pkg:cargo/difference,https://github.com/johannhof/difference.rs,not_matched,present
crates.io,pkg:cargo/difflib,https://github.com/dimakudosh/difflib,not_matched,present
crates.io,pkg:cargo/digest,https://github.com/rustcrypto/traits,not_matched,missing
crates.io,pkg:cargo/directories,https://github.com/soc/directories-rs,not_matched,present
crates.io,pkg:cargo/dirs,https://codeberg.org/dirs/dirs-rs,not_matched,missing
crates.io,pkg:cargo/dirs-next,https://github.com/xdg-rs/dirs,not_matched,present
crates.io,pkg:cargo/dirs-sys,https://github.com/dirs-dev/dirs-sys-rs,not_matched,present
crates.io,pkg:cargo/dirs-sys-next,https://github.com/xdg-rs/dirs,not_matched,present
crates.io,pkg:cargo/displaydoc,https://github.com/yaahc/displaydoc,not_matched,present
crates.io,pkg:cargo/dlv-list,https://github.com/sgodwincs/dlv-list-rs,not_matched,present
crates.io,pkg:cargo/doc-comment,https://github.com/guillaumegomez/doc-comment,not_matched,present
crates.io,pkg:cargo/dotenv,https://github.com/dotenv-rs/dotenv,not_matched,present
crates.io,pkg:cargo/dotenvy,https://github.com/allan2/dotenvy,not_matched,missing
crates.io,pkg:cargo/downcast,https://github.com/fkoep/downcast-rs,not_matched,present
crates.io,pkg:cargo/downcast-rs,https://github.com/marcianx/downcast-rs,not_matched,present
crates.io,pkg:cargo/dtoa,https://github.com/dtolnay/dtoa,not_matched,present
crates.io,pkg:cargo/dunce,https://gitlab.com/kornelski/dunce,not_matched,present
crates.io,pkg:cargo/dyn-clone,https://github.com/dtolnay/dyn-clone,not_matched,missing
crates.io,pkg:cargo/ecdsa,https://github.com/rustcrypto/signatures,not_matched,missing
crates.io,pkg:cargo/ed25519,https://github.com/rustcrypto/signatures,not_matched,missing
crates.io,pkg:cargo/ed25519-dalek,https://github.com/dalek-cryptography/curve25519-dalek,not_matched,present
crates.io,pkg:cargo/either,https://github.com/rayon-rs/either,not_matched,present
crates.io,pkg:cargo/elliptic-curve,https://github.com/rustcrypto/traits,not_matched,missing
crates.io,pkg:cargo/encode_unicode,https://github.com/tormol/encode_unicode,not_matched,present
crates.io,pkg:cargo/encoding_rs,https://github.com/hsivonen/encoding_rs,not_matched,missing
crates.io,pkg:cargo/enum-as-inner,https://github.com/bluejekyll/enum-as-inner,not_matched,present
crates.io,pkg:cargo/enumflags2,https://github.com/meithecatte/enumflags2,not_matched,present
crates.io,pkg:cargo/enumflags2_derive,https://github.com/meithecatte/enumflags2,not_matched,present
crates.io,pkg:cargo/enum-iterator,https://github.com/stephaneyfx/enum-iterator,not_matched,present
crates.io,pkg:cargo/enum-iterator-derive,https://github.com/stephaneyfx/enum-iterator,not_matched,present
crates.io,pkg:cargo/env_logger,https://github.com/rust-cli/env_logger,not_matched,missing
crates.io,pkg:cargo/equivalent,https://github.com/indexmap-rs/equivalent,not_matched,present
crates.io,pkg:cargo/erased-serde,https://github.com/dtolnay/erased-serde,not_matched,missing
crates.io,pkg:cargo/errno,https://github.com/lambda-fairy/rust-errno,not_matched,present
crates.io,pkg:cargo/errno-dragonfly,https://github.com/mneumann/errno-dragonfly-rs,not_matched,present
crates.io,pkg:cargo/error-chain,https://github.com/rust-lang-nursery/error-chain,not_matched,present
crates.io,pkg:cargo/event-listener,https://github.com/smol-rs/event-listener,not_matched,present
crates.io,pkg:cargo/event-listener-strategy,https://github.com/smol-rs/event-listener-strategy,not_matched,missing
crates.io,pkg:cargo/eyre,https://github.com/eyre-rs/eyre,not_matched,present
crates.io,pkg:cargo/failure,https://github.com/rust-lang-nursery/failure,not_matched,present
crates.io,pkg:cargo/failure_derive,https://github.com/rust-lang-nursery/failure,not_matched,present
crates.io,pkg:cargo/fake-simd,https://github.com/rustcrypto/utils,not_matched,present
crates.io,pkg:cargo/fallible-iterator,https://github.com/sfackler/rust-fallible-iterator,not_matched,missing
crates.io,pkg:cargo/fallible-streaming-iterator,https://github.com/sfackler/fallible-streaming-iterator,not_matched,present
crates.io,pkg:cargo/fancy-regex,https://github.com/fancy-regex/fancy-regex,dependencies;projects,missing
crates.io,pkg:cargo/fastrand,https://github.com/smol-rs/fastrand,not_matched,present
crates.io,pkg:cargo/ff,https://github.com/zkcrypto/ff,dependencies,missing
crates.io,pkg:cargo/filetime,https://github.com/alexcrichton/filetime,not_matched,present
crates.io,pkg:cargo/fixedbitset,https://github.com/petgraph/fixedbitset,not_matched,present
crates.io,pkg:cargo/flate2,https://github.com/rust-lang/flate2-rs,not_matched,present
crates.io,pkg:cargo/float-cmp,https://github.com/mikedilger/float-cmp,not_matched,present
crates.io,pkg:cargo/flume,https://github.com/zesterer/flume,not_matched,present
crates.io,pkg:cargo/fnv,https://github.com/servo/rust-fnv,not_matched,present
crates.io,pkg:cargo/foreign-types,https://github.com/sfackler/foreign-types,not_matched,present
crates.io,pkg:cargo/foreign-types-shared,https://github.com/sfackler/foreign-types,not_matched,present
crates.io,pkg:cargo/form_urlencoded,https://github.com/servo/rust-url,not_matched,present
crates.io,pkg:cargo/fragile,https://github.com/mitsuhiko/fragile,not_matched,present
crates.io,pkg:cargo/fs2,https://github.com/danburkert/fs2-rs,not_matched,present
crates.io,pkg:cargo/fs_extra,https://github.com/webdesus/fs_extra,not_matched,present
crates.io,pkg:cargo/fuchsia-cprng,https://fuchsia.googlesource.com/fuchsia/+/master/garnet/public/rust/fuchsia-cprng,not_matched,unknown
crates.io,pkg:cargo/funty,https://github.com/ferrilab/ferrilab,not_matched,present
crates.io,pkg:cargo/futures,https://github.com/rust-lang/futures-rs,not_matched,present
crates.io,pkg:cargo/futures-channel,https://github.com/rust-lang/futures-rs,not_matched,present
crates.io,pkg:cargo/futures-core,https://github.com/rust-lang/futures-rs,not_matched,present
crates.io,pkg:cargo/futures-executor,https://github.com/rust-lang/futures-rs,not_matched,present
crates.io,pkg:cargo/futures-intrusive,https://github.com/matthias247/futures-intrusive,not_matched,present
crates.io,pkg:cargo/futures-io,https://github.com/rust-lang/futures-rs,not_matched,present
crates.io,pkg:cargo/futures-lite,https://github.com/smol-rs/futures-lite,not_matched,present
crates.io,pkg:cargo/futures-macro,https://github.com/rust-lang/futures-rs,not_matched,present
crates.io,pkg:cargo/futures-sink,https://github.com/rust-lang/futures-rs,not_matched,present
crates.io,pkg:cargo/futures-task,https://github.com/rust-lang/futures-rs,not_matched,present
crates.io,pkg:cargo/futures-timer,https://github.com/async-rs/futures-timer,not_matched,present
crates.io,pkg:cargo/futures-util,https://github.com/rust-lang/futures-rs,not_matched,present
crates.io,pkg:cargo/fxhash,https://github.com/cbreeden/fxhash,not_matched,present
crates.io,pkg:cargo/generic-array,https://github.com/fizyk20/generic-array,not_matched,present
crates.io,pkg:cargo/gethostname,https://codeberg.org/swsnr/gethostname.rs,not_matched,missing
crates.io,pkg:cargo/getopts,https://github.com/rust-lang/getopts,not_matched,present
crates.io,pkg:cargo/getrandom,https://github.com/rust-random/getrandom,not_matched,present
crates.io,pkg:cargo/ghash,https://github.com/rustcrypto/universal-hashes,not_matched,present
crates.io,pkg:cargo/gif,https://github.com/image-rs/image-gif,not_matched,present
crates.io,pkg:cargo/gimli,https://github.com/gimli-rs/gimli,not_matched,present
crates.io,pkg:cargo/git2,https://github.com/rust-lang/git2-rs,not_matched,present
crates.io,pkg:cargo/glob,https://github.com/rust-lang/glob,not_matched,present
crates.io,pkg:cargo/globset,https://github.com/burntsushi/ripgrep,not_matched,present
crates.io,pkg:cargo/globwalk,https://github.com/gilnaa/globwalk,not_matched,present
crates.io,pkg:cargo/gloo-timers,https://github.com/rustwasm/gloo,not_matched,present
crates.io,pkg:cargo/group,https://github.com/zkcrypto/group,not_matched,present
crates.io,pkg:cargo/h2,https://github.com/hyperium/h2,not_matched,missing
crates.io,pkg:cargo/half,https://github.com/voidstarkat/half-rs,not_matched,missing
crates.io,pkg:cargo/handlebars,https://github.com/sunng87/handlebars-rust,not_matched,present
crates.io,pkg:cargo/hash32,https://github.com/rust-embedded-community/hash32,not_matched,present
crates.io,pkg:cargo/hashbrown,https://github.com/rust-lang/hashbrown,not_matched,missing
crates.io,pkg:cargo/hashlink,https://github.com/djc/hashlink,not_matched,missing
crates.io,pkg:cargo/hdrhistogram,https://github.com/hdrhistogram/hdrhistogram_rust,not_matched,present
crates.io,pkg:cargo/headers,https://github.com/hyperium/headers,not_matched,present
crates.io,pkg:cargo/headers-core,https://github.com/hyperium/headers,not_matched,present
crates.io,pkg:cargo/heck,https://github.com/withoutboats/heck,not_matched,present
crates.io,pkg:cargo/hermit-abi,https://github.com/hermit-os/hermit-rs,dependencies,missing
crates.io,pkg:cargo/hex,https://github.com/kokakiwi/rust-hex,not_matched,present
crates.io,pkg:cargo/hex-literal,https://github.com/rustcrypto/utils,not_matched,present
crates.io,pkg:cargo/hkdf,https://github.com/rustcrypto/kdfs,not_matched,present
crates.io,pkg:cargo/hmac,https://github.com/rustcrypto/macs,not_matched,present
crates.io,pkg:cargo/home,https://github.com/rust-lang/cargo,not_matched,missing
crates.io,pkg:cargo/hostname,https://github.com/djc/hostname,not_matched,missing
crates.io,pkg:cargo/http,https://github.com/hyperium/http,not_matched,missing
crates.io,pkg:cargo/httparse,https://github.com/seanmonstar/httparse,not_matched,present
crates.io,pkg:cargo/http-body,https://github.com/hyperium/http-body,not_matched,missing
crates.io,pkg:cargo/http-body-util,https://github.com/hyperium/http-body,not_matched,missing
crates.io,pkg:cargo/httpdate,https://github.com/pyfisch/httpdate,not_matched,present
crates.io,pkg:cargo/http-range-header,https://github.com/marcusgrass/parse-range-headers,not_matched,present
crates.io,pkg:cargo/humantime,https://github.com/chronotope/humantime,not_matched,present
crates.io,pkg:cargo/hyper,https://github.com/hyperium/hyper,not_matched,missing
crates.io,pkg:cargo/hyper-rustls,https://github.com/rustls/hyper-rustls,not_matched,missing
crates.io,pkg:cargo/hyper-timeout,https://github.com/hjr3/hyper-timeout,not_matched,present
crates.io,pkg:cargo/hyper-tls,https://github.com/hyperium/hyper-tls,not_matched,present
crates.io,pkg:cargo/hyper-util,https://github.com/hyperium/hyper-util,not_matched,missing
crates.io,pkg:cargo/iana-time-zone,https://github.com/strawlab/iana-time-zone,not_matched,present
crates.io,pkg:cargo/iana-time-zone-haiku,https://github.com/strawlab/iana-time-zone,not_matched,present
crates.io,pkg:cargo/ident_case,https://github.com/teddriggs/ident_case,not_matched,present
crates.io,pkg:cargo/idna,https://github.com/servo/rust-url,not_matched,present
crates.io,pkg:cargo/if_chain,https://github.com/lambda-fairy/if_chain,not_matched,present
crates.io,pkg:cargo/ignore,https://github.com/burntsushi/ripgrep,not_matched,present
crates.io,pkg:cargo/image,https://github.com/image-rs/image,dependencies,missing
crates.io,pkg:cargo/indenter,https://github.com/yaahc/indenter,not_matched,present
crates.io,pkg:cargo/indexmap,https://github.com/indexmap-rs/indexmap,not_matched,present
crates.io,pkg:cargo/indicatif,https://github.com/console-rs/indicatif,not_matched,missing
crates.io,pkg:cargo/indoc,https://github.com/dtolnay/indoc,not_matched,present
crates.io,pkg:cargo/infer,https://github.com/bojand/infer,not_matched,present
crates.io,pkg:cargo/Inflector,https://github.com/whatisinternet/inflector,not_matched,present
crates.io,pkg:cargo/inotify,https://github.com/hannobraun/inotify-rs,not_matched,present
crates.io,pkg:cargo/inotify-sys,https://github.com/hannobraun/inotify-sys,not_matched,missing
crates.io,pkg:cargo/inout,https://github.com/rustcrypto/utils,not_matched,present
crates.io,pkg:cargo/instant,https://github.com/sebcrozet/instant,not_matched,present
crates.io,pkg:cargo/integer-encoding,https://github.com/dermesser/integer-encoding-rs,not_matched,present
crates.io,pkg:cargo/inventory,https://github.com/dtolnay/inventory,not_matched,missing
crates.io,pkg:cargo/io-lifetimes,https://github.com/sunfishcode/io-lifetimes,not_matched,present
crates.io,pkg:cargo/iovec,https://github.com/carllerche/iovec,not_matched,present
crates.io,pkg:cargo/ipnet,https://github.com/krisprice/ipnet,not_matched,present
crates.io,pkg:cargo/is-terminal,https://github.com/sunfishcode/is-terminal,not_matched,present
crates.io,pkg:cargo/itertools,https://github.com/rust-itertools/itertools,not_matched,missing
crates.io,pkg:cargo/itoa,https://github.com/dtolnay/itoa,not_matched,present
crates.io,pkg:cargo/jni,https://github.com/jni-rs/jni-rs,not_matched,present
crates.io,pkg:cargo/jni-sys,https://github.com/jni-rs/jni-sys,not_matched,present
crates.io,pkg:cargo/jobserver,https://github.com/rust-lang/jobserver-rs,not_matched,present
crates.io,pkg:cargo/jpeg-decoder,https://github.com/image-rs/jpeg-decoder,not_matched,present
crates.io,pkg:cargo/jsonwebtoken,https://github.com/keats/jsonwebtoken,not_matched,missing
crates.io,pkg:cargo/js-sys,https://github.com/wasm-bindgen/wasm-bindgen,not_matched,missing
crates.io,pkg:cargo/keccak,https://github.com/rustcrypto/sponges,not_matched,present
crates.io,pkg:cargo/kernel32-sys,https://github.com/retep998/winapi-rs,not_matched,present
crates.io,pkg:cargo/kv-log-macro,https://github.com/yoshuawuyts/kv-log-macro,not_matched,present
crates.io,pkg:cargo/language-tags,https://github.com/pyfisch/rust-language-tags,not_matched,present
crates.io,pkg:cargo/lazycell,https://github.com/indiv0/lazycell,not_matched,present
crates.io,pkg:cargo/lazy_static,https://github.com/rust-lang-nursery/lazy-static.rs,not_matched,missing
crates.io,pkg:cargo/leb128,https://github.com/gimli-rs/leb128,not_matched,present
crates.io,pkg:cargo/lexical-core,https://github.com/alexhuszagh/rust-lexical,not_matched,present
crates.io,pkg:cargo/lexical-parse-float,https://github.com/alexhuszagh/rust-lexical,not_matched,present
crates.io,pkg:cargo/lexical-parse-integer,https://github.com/alexhuszagh/rust-lexical,not_matched,present
crates.io,pkg:cargo/lexical-util,https://github.com/alexhuszagh/rust-lexical,not_matched,present
crates.io,pkg:cargo/lexical-write-float,https://github.com/alexhuszagh/rust-lexical,not_matched,present
crates.io,pkg:cargo/lexical-write-integer,https://github.com/alexhuszagh/rust-lexical,not_matched,present
crates.io,pkg:cargo/libc,https://github.com/rust-lang/libc,not_matched,missing
crates.io,pkg:cargo/libgit2-sys,https://github.com/rust-lang/git2-rs,not_matched,present
crates.io,pkg:cargo/libloading,https://github.com/nagisa/rust_libloading,not_matched,present
crates.io,pkg:cargo/libm,https://github.com/rust-lang/compiler-builtins,not_matched,missing
crates.io,pkg:cargo/libsqlite3-sys,https://github.com/rusqlite/rusqlite,not_matched,missing
crates.io,pkg:cargo/libz-sys,https://github.com/rust-lang/libz-sys,not_matched,present
crates.io,pkg:cargo/link-cplusplus,https://github.com/dtolnay/link-cplusplus,not_matched,present
crates.io,pkg:cargo/linked-hash-map,https://github.com/contain-rs/linked-hash-map,not_matched,present
crates.io,pkg:cargo/linux-raw-sys,https://github.com/sunfishcode/linux-raw-sys,not_matched,present
crates.io,pkg:cargo/local-channel,https://github.com/actix/actix-net,not_matched,missing
crates.io,pkg:cargo/local-waker,https://github.com/actix/actix-net,not_matched,missing
crates.io,pkg:cargo/lock_api,https://github.com/amanieu/parking_lot,not_matched,present
crates.io,pkg:cargo/log,https://github.com/rust-lang/log,not_matched,present
crates.io,pkg:cargo/lru,https://github.com/jeromefroe/lru-rs,not_matched,missing
crates.io,pkg:cargo/lru-cache,https://github.com/contain-rs/lru-cache,not_matched,present
crates.io,pkg:cargo/lz4-sys,https://github.com/10xgenomics/lz4-rs,not_matched,present
crates.io,pkg:cargo/mach,https://github.com/fitzgen/mach,not_matched,present
crates.io,pkg:cargo/maplit,https://github.com/bluss/maplit,not_matched,present
crates.io,pkg:cargo/match_cfg,https://github.com/gnzlbg/match_cfg,not_matched,present
crates.io,pkg:cargo/matchers,https://github.com/hawkw/matchers,not_matched,present
crates.io,pkg:cargo/matches,https://github.com/simonsapin/rust-std-candidates,not_matched,present
crates.io,pkg:cargo/matchit,https://github.com/ibraheemdev/matchit,not_matched,present
crates.io,pkg:cargo/matrixmultiply,https://github.com/bluss/matrixmultiply,not_matched,present
crates.io,pkg:cargo/maybe-uninit,https://github.com/est31/maybe-uninit,not_matched,present
crates.io,pkg:cargo/md-5,https://github.com/rustcrypto/hashes,dependencies,present
crates.io,pkg:cargo/md5,https://github.com/stainless-steel/md5,dependencies;projects,present
crates.io,pkg:cargo/memchr,https://github.com/burntsushi/memchr,dependencies,present
crates.io,pkg:cargo/memmap2,https://github.com/razrfalcon/memmap2-rs,not_matched,present
crates.io,pkg:cargo/memoffset,https://github.com/gilnaa/memoffset,not_matched,present
crates.io,pkg:cargo/mime,https://github.com/hyperium/mime,not_matched,present
crates.io,pkg:cargo/mime_guess,https://github.com/abonander/mime_guess,not_matched,present
crates.io,pkg:cargo/minimal-lexical,https://github.com/alexhuszagh/minimal-lexical,not_matched,present
crates.io,pkg:cargo/miniz_oxide,https://github.com/frommi/miniz_oxide,not_matched,present
crates.io,pkg:cargo/mio,https://github.com/tokio-rs/mio,not_matched,present
crates.io,pkg:cargo/mio-uds,https://github.com/deprecrated/mio-uds,not_matched,present
crates.io,pkg:cargo/miow,https://github.com/yoshuawuyts/miow,not_matched,present
crates.io,pkg:cargo/mockall,https://github.com/asomers/mockall,not_matched,present
crates.io,pkg:cargo/mockall_derive,https://github.com/asomers/mockall,not_matched,present
crates.io,pkg:cargo/multer,https://github.com/rwf2/multer,not_matched,present
crates.io,pkg:cargo/multimap,https://github.com/havarnov/multimap,not_matched,present
crates.io,pkg:cargo/nanorand,https://github.com/absolucy/nanorand-rs,not_matched,present
crates.io,pkg:cargo/native-tls,https://github.com/rust-native-tls/rust-native-tls,not_matched,present
crates.io,pkg:cargo/net2,https://github.com/deprecrated/net2-rs,not_matched,present
crates.io,pkg:cargo/new_debug_unreachable,https://github.com/mbrubeck/rust-debug-unreachable,not_matched,present
crates.io,pkg:cargo/nix,https://github.com/nix-rust/nix,not_matched,present
crates.io,pkg:cargo/nodrop,https://github.com/bluss/arrayvec,not_matched,present
crates.io,pkg:cargo/nom,https://github.com/rust-bakery/nom,not_matched,present
crates.io,pkg:cargo/normalize-line-endings,https://github.com/derekdreery/normalize-line-endings,not_matched,present
crates.io,pkg:cargo/notify,https://github.com/notify-rs/notify,not_matched,missing
crates.io,pkg:cargo/ntapi,https://github.com/msxdos/ntapi,not_matched,present
crates.io,pkg:cargo/nu-ansi-term,https://github.com/nushell/nu-ansi-term,not_matched,present
crates.io,pkg:cargo/num,https://github.com/rust-num/num,not_matched,present
crates.io,pkg:cargo/number_prefix,https://github.com/ogham/rust-number-prefix,not_matched,present
crates.io,pkg:cargo/num-bigint,https://github.com/rust-num/num-bigint,not_matched,present
crates.io,pkg:cargo/num-bigint-dig,https://github.com/dignifiedquire/num-bigint,not_matched,present
crates.io,pkg:cargo/num-complex,https://github.com/rust-num/num-complex,not_matched,present
crates.io,pkg:cargo/num-conv,https://github.com/jhpratt/num-conv,not_matched,missing
crates.io,pkg:cargo/num_cpus,https://github.com/seanmonstar/num_cpus,not_matched,present
crates.io,pkg:cargo/num-derive,https://github.com/rust-num/num-derive,not_matched,present
crates.io,pkg:cargo/num_enum,https://github.com/illicitonion/num_enum,not_matched,present
crates.io,pkg:cargo/num_enum_derive,https://github.com/illicitonion/num_enum,not_matched,present
crates.io,pkg:cargo/num-integer,https://github.com/rust-num/num-integer,not_matched,present
crates.io,pkg:cargo/num-iter,https://github.com/rust-num/num-iter,not_matched,present
crates.io,pkg:cargo/num-rational,https://github.com/rust-num/num-rational,not_matched,present
crates.io,pkg:cargo/num_threads,https://github.com/jhpratt/num_threads,not_matched,present
crates.io,pkg:cargo/num-traits,https://github.com/rust-num/num-traits,not_matched,present
crates.io,pkg:cargo/object,https://github.com/gimli-rs/object,not_matched,present
crates.io,pkg:cargo/oid-registry,https://github.com/rusticata/oid-registry,not_matched,present
crates.io,pkg:cargo/once_cell,https://github.com/matklad/once_cell,not_matched,present
crates.io,pkg:cargo/oorandom,https://hg.sr.ht/~icefox/oorandom,not_matched,unknown
crates.io,pkg:cargo/opaque-debug,https://github.com/rustcrypto/utils,not_matched,present
crates.io,pkg:cargo/openssl,https://github.com/rust-openssl/rust-openssl,not_matched,missing
crates.io,pkg:cargo/openssl-macros,,not_matched,no_repository
crates.io,pkg:cargo/openssl-probe,https://github.com/rustls/openssl-probe,not_matched,present
crates.io,pkg:cargo/openssl-src,https://github.com/alexcrichton/openssl-src-rs,not_matched,missing
crates.io,pkg:cargo/openssl-sys,https://github.com/rust-openssl/rust-openssl,not_matched,missing
crates.io,pkg:cargo/opentelemetry,https://github.com/open-telemetry/opentelemetry-rust,not_matched,missing
crates.io,pkg:cargo/opentelemetry-http,https://github.com/open-telemetry/opentelemetry-rust,not_matched,missing
crates.io,pkg:cargo/opentelemetry-otlp,https://github.com/open-telemetry/opentelemetry-rust,not_matched,missing
crates.io,pkg:cargo/opentelemetry_sdk,https://github.com/open-telemetry/opentelemetry-rust,not_matched,missing
crates.io,pkg:cargo/opentelemetry-semantic-conventions,https://github.com/open-telemetry/opentelemetry-rust,not_matched,missing
crates.io,pkg:cargo/ordered-float,https://github.com/reem/rust-ordered-float,not_matched,missing
crates.io,pkg:cargo/ordered-multimap,https://github.com/sgodwincs/ordered-multimap-rs,not_matched,present
crates.io,pkg:cargo/os_pipe,https://github.com/oconnor663/os_pipe.rs,not_matched,present
crates.io,pkg:cargo/os_str_bytes,https://github.com/dylni/os_str_bytes,not_matched,present
crates.io,pkg:cargo/ouroboros,https://github.com/someguynamedjosh/ouroboros,not_matched,present
crates.io,pkg:cargo/ouroboros_macro,https://github.com/someguynamedjosh/ouroboros,not_matched,present
crates.io,pkg:cargo/outref,https://github.com/nugine/outref,not_matched,present
crates.io,pkg:cargo/overload,https://github.com/danaugrs/overload,not_matched,present
crates.io,pkg:cargo/owo-colors,https://github.com/owo-colors/owo-colors,not_matched,present
crates.io,pkg:cargo/p256,https://github.com/rustcrypto/elliptic-curves,not_matched,missing
crates.io,pkg:cargo/parking,https://github.com/smol-rs/parking,not_matched,present
crates.io,pkg:cargo/parking_lot,https://github.com/amanieu/parking_lot,not_matched,present
crates.io,pkg:cargo/parking_lot_core,https://github.com/amanieu/parking_lot,not_matched,present
crates.io,pkg:cargo/parse-zoneinfo,https://github.com/chronotope/chrono-tz,not_matched,present
crates.io,pkg:cargo/password-hash,https://github.com/rustcrypto/traits,not_matched,missing
crates.io,pkg:cargo/paste,https://github.com/dtolnay/paste,not_matched,present
crates.io,pkg:cargo/pathdiff,https://github.com/manishearth/pathdiff,not_matched,present
crates.io,pkg:cargo/pbkdf2,https://github.com/rustcrypto/password-hashes,not_matched,present
crates.io,pkg:cargo/peeking_take_while,https://github.com/fitzgen/peeking_take_while,not_matched,present
crates.io,pkg:cargo/pem,https://github.com/jcreekmore/pem-rs,not_matched,present
crates.io,pkg:cargo/pem-rfc7468,https://github.com/rustcrypto/formats,not_matched,missing
crates.io,pkg:cargo/percent-encoding,https://github.com/servo/rust-url,not_matched,present
crates.io,pkg:cargo/pest,https://github.com/pest-parser/pest,not_matched,missing
crates.io,pkg:cargo/pest_derive,https://github.com/pest-parser/pest,not_matched,missing
crates.io,pkg:cargo/pest_generator,https://github.com/pest-parser/pest,not_matched,missing
crates.io,pkg:cargo/pest_meta,https://github.com/pest-parser/pest,not_matched,missing
crates.io,pkg:cargo/petgraph,https://github.com/petgraph/petgraph,dependencies,present
crates.io,pkg:cargo/phf,https://github.com/rust-phf/rust-phf,not_matched,present
crates.io,pkg:cargo/phf_codegen,https://github.com/rust-phf/rust-phf,not_matched,present
crates.io,pkg:cargo/phf_generator,https://github.com/rust-phf/rust-phf,not_matched,present
crates.io,pkg:cargo/phf_macros,https://github.com/rust-phf/rust-phf,not_matched,present
crates.io,pkg:cargo/phf_shared,https://github.com/rust-phf/rust-phf,not_matched,present
crates.io,pkg:cargo/pin-project,https://github.com/taiki-e/pin-project,not_matched,missing
crates.io,pkg:cargo/pin-project-internal,https://github.com/taiki-e/pin-project,not_matched,missing
crates.io,pkg:cargo/pin-project-lite,https://github.com/taiki-e/pin-project-lite,not_matched,missing
crates.io,pkg:cargo/pin-utils,https://github.com/rust-lang-nursery/pin-utils,not_matched,present
crates.io,pkg:cargo/pkcs1,https://github.com/rustcrypto/formats,not_matched,missing
crates.io,pkg:cargo/pkcs8,https://github.com/rustcrypto/formats,not_matched,missing
crates.io,pkg:cargo/pkg-config,https://github.com/rust-lang/pkg-config-rs,not_matched,present
crates.io,pkg:cargo/platforms,https://github.com/rustsec/rustsec,not_matched,missing
crates.io,pkg:cargo/plotters,https://github.com/plotters-rs/plotters,not_matched,present
crates.io,pkg:cargo/plotters-backend,https://github.com/plotters-rs/plotters,not_matched,present
crates.io,pkg:cargo/plotters-svg,https://github.com/plotters-rs/plotters,not_matched,present
crates.io,pkg:cargo/png,https://github.com/image-rs/image-png,not_matched,missing
crates.io,pkg:cargo/polling,https://github.com/smol-rs/polling,not_matched,missing
crates.io,pkg:cargo/poly1305,https://github.com/rustcrypto/universal-hashes,not_matched,present
crates.io,pkg:cargo/polyval,https://github.com/rustcrypto/universal-hashes,not_matched,present
crates.io,pkg:cargo/portable-atomic,https://github.com/taiki-e/portable-atomic,not_matched,missing
crates.io,pkg:cargo/powerfmt,https://github.com/jhpratt/powerfmt,not_matched,present
crates.io,pkg:cargo/ppv-lite86,https://github.com/cryptocorrosion/cryptocorrosion,not_matched,present
crates.io,pkg:cargo/precomputed-hash,https://github.com/emilio/precomputed-hash,not_matched,present
crates.io,pkg:cargo/predicates,https://github.com/assert-rs/predicates-rs,not_matched,missing
crates.io,pkg:cargo/predicates-core,https://github.com/assert-rs/predicates-rs,not_matched,missing
crates.io,pkg:cargo/predicates-tree,https://github.com/assert-rs/predicates-rs,not_matched,missing
crates.io,pkg:cargo/pretty_assertions,https://github.com/rust-pretty-assertions/rust-pretty-assertions,not_matched,present
crates.io,pkg:cargo/prettyplease,https://github.com/dtolnay/prettyplease,not_matched,present
crates.io,pkg:cargo/procfs,https://github.com/eminence/procfs,not_matched,present
crates.io,pkg:cargo/proc-macro2,https://github.com/dtolnay/proc-macro2,not_matched,present
crates.io,pkg:cargo/proc-macro-crate,https://github.com/bkchr/proc-macro-crate,not_matched,present
crates.io,pkg:cargo/proc-macro-error,https://gitlab.com/CreepySkeleton/proc-macro-error,not_matched,present
crates.io,pkg:cargo/proc-macro-error-attr,https://gitlab.com/CreepySkeleton/proc-macro-error,not_matched,present
crates.io,pkg:cargo/proc-macro-hack,https://github.com/dtolnay/proc-macro-hack,not_matched,present
crates.io,pkg:cargo/proc-macro-nested,https://github.com/dtolnay/proc-macro-hack,not_matched,present
crates.io,pkg:cargo/prometheus,https://github.com/tikv/rust-prometheus,not_matched,present
crates.io,pkg:cargo/proptest,https://github.com/proptest-rs/proptest,not_matched,present
crates.io,pkg:cargo/prost,https://github.com/tokio-rs/prost,not_matched,present
crates.io,pkg:cargo/prost-build,https://github.com/tokio-rs/prost,not_matched,present
crates.io,pkg:cargo/prost-derive,https://github.com/tokio-rs/prost,not_matched,present
crates.io,pkg:cargo/prost-types,https://github.com/tokio-rs/prost,not_matched,present
crates.io,pkg:cargo/protobuf,https://github.com/stepancheg/rust-protobuf,dependencies,present
crates.io,pkg:cargo/psm,https://github.com/rust-lang/stacker,not_matched,present
crates.io,pkg:cargo/ptr_meta,https://github.com/rkyv/ptr_meta,not_matched,missing
crates.io,pkg:cargo/ptr_meta_derive,https://github.com/rkyv/ptr_meta,not_matched,missing
crates.io,pkg:cargo/pulldown-cmark,https://github.com/raphlinus/pulldown-cmark,not_matched,present
crates.io,pkg:cargo/pyo3,https://github.com/pyo3/pyo3,dependencies;projects,missing
crates.io,pkg:cargo/pyo3-build-config,https://github.com/pyo3/pyo3,projects,missing
crates.io,pkg:cargo/pyo3-ffi,https://github.com/pyo3/pyo3,dependencies;projects,missing
crates.io,pkg:cargo/pyo3-macros,https://github.com/pyo3/pyo3,dependencies;projects,missing
crates.io,pkg:cargo/pyo3-macros-backend,https://github.com/pyo3/pyo3,projects,missing
crates.io,pkg:cargo/quanta,https://github.com/metrics-rs/quanta,not_matched,present
crates.io,pkg:cargo/quickcheck,https://github.com/burntsushi/quickcheck,not_matched,present
crates.io,pkg:cargo/quick-error,https://github.com/tailhook/quick-error,not_matched,present
crates.io,pkg:cargo/quick-xml,https://github.com/tafia/quick-xml,not_matched,present
crates.io,pkg:cargo/quote,https://github.com/dtolnay/quote,not_matched,present
crates.io,pkg:cargo/radium,https://github.com/ferrilab/ferrilab,not_matched,present
crates.io,pkg:cargo/rand,https://github.com/rust-random/rand,not_matched,missing
crates.io,pkg:cargo/rand_chacha,https://github.com/rust-random/rand,not_matched,missing
crates.io,pkg:cargo/rand_core,https://github.com/rust-lang-nursery/rand,dependencies,missing
crates.io,pkg:cargo/rand_distr,https://github.com/rust-random/rand_distr,dependencies,present
crates.io,pkg:cargo/rand_hc,https://github.com/rust-random/rngs,not_matched,missing
crates.io,pkg:cargo/rand_isaac,https://github.com/rust-random/rngs,not_matched,missing
crates.io,pkg:cargo/rand_jitter,https://github.com/rust-random/rngs,not_matched,missing
crates.io,pkg:cargo/rand_os,https://github.com/rust-random/rand,not_matched,missing
crates.io,pkg:cargo/rand_pcg,https://github.com/rust-random/rngs,not_matched,missing
crates.io,pkg:cargo/rand_xorshift,https://github.com/rust-random/rngs,not_matched,missing
crates.io,pkg:cargo/rand_xoshiro,https://github.com/rust-random/rngs,not_matched,missing
crates.io,pkg:cargo/raw-cpuid,https://github.com/gz/rust-cpuid,not_matched,present
crates.io,pkg:cargo/rawpointer,https://github.com/bluss/rawpointer,not_matched,present
crates.io,pkg:cargo/raw-window-handle,https://github.com/rust-windowing/raw-window-handle,not_matched,present
crates.io,pkg:cargo/rayon,https://github.com/rayon-rs/rayon,not_matched,present
crates.io,pkg:cargo/rayon-core,https://github.com/rayon-rs/rayon,not_matched,present
crates.io,pkg:cargo/rdrand,https://github.com/nagisa/rust_rdrand,not_matched,present
crates.io,pkg:cargo/redox_syscall,https://gitlab.redox-os.org/redox-os/kernel,not_matched,missing
crates.io,pkg:cargo/redox_users,https://gitlab.redox-os.org/redox-os/users,not_matched,present
crates.io,pkg:cargo/regex,https://github.com/rust-lang/regex,dependencies,present
crates.io,pkg:cargo/regex-automata,https://github.com/rust-lang/regex,not_matched,present
crates.io,pkg:cargo/regex-syntax,https://github.com/rust-lang/regex,dependencies,present
crates.io,pkg:cargo/remove_dir_all,https://github.com/xampprocky/remove_dir_all,not_matched,present
crates.io,pkg:cargo/rend,https://github.com/djkoloski/rend,not_matched,present
crates.io,pkg:cargo/reqwest,https://github.com/seanmonstar/reqwest,not_matched,missing
crates.io,pkg:cargo/resolv-conf,https://github.com/hickory-dns/resolv-conf,not_matched,missing
crates.io,pkg:cargo/retain_mut,https://github.com/upsuper/retain_mut,not_matched,present
crates.io,pkg:cargo/rfc6979,https://github.com/rustcrypto/signatures,not_matched,missing
crates.io,pkg:cargo/rgb,https://github.com/kornelski/rust-rgb,not_matched,present
crates.io,pkg:cargo/ring,https://github.com/briansmith/ring,not_matched,present
crates.io,pkg:cargo/rkyv,https://github.com/rkyv/rkyv,not_matched,present
crates.io,pkg:cargo/rkyv_derive,https://github.com/rkyv/rkyv,not_matched,present
crates.io,pkg:cargo/rmp,https://github.com/3hren/msgpack-rust,not_matched,present
crates.io,pkg:cargo/rmp-serde,https://github.com/3hren/msgpack-rust,not_matched,present
crates.io,pkg:cargo/ron,https://github.com/ron-rs/ron,not_matched,missing
crates.io,pkg:cargo/rpassword,https://github.com/conradkleinespel/rpassword,not_matched,present
crates.io,pkg:cargo/rsa,https://github.com/rustcrypto/rsa,not_matched,present
crates.io,pkg:cargo/rusqlite,https://github.com/rusqlite/rusqlite,not_matched,missing
crates.io,pkg:cargo/rustc-demangle,https://github.com/rust-lang/rustc-demangle,not_matched,present
crates.io,pkg:cargo/rustc-hash,https://github.com/rust-lang/rustc-hash,not_matched,present
crates.io,pkg:cargo/rustc_version,https://github.com/djc/rustc-version-rs,not_matched,present
crates.io,pkg:cargo/rust_decimal,https://github.com/paupino/rust-decimal,dependencies,present
crates.io,pkg:cargo/rusticata-macros,https://github.com/rusticata/rusticata-macros,not_matched,present
crates.io,pkg:cargo/rust-ini,https://github.com/zonyitoo/rust-ini,not_matched,present
crates.io,pkg:cargo/rustix,https://github.com/bytecodealliance/rustix,not_matched,present
crates.io,pkg:cargo/rustls,https://github.com/rustls/rustls,not_matched,missing
crates.io,pkg:cargo/rustls-native-certs,https://github.com/rustls/rustls-native-certs,not_matched,missing
crates.io,pkg:cargo/rustls-pemfile,https://github.com/rustls/pemfile,not_matched,present
crates.io,pkg:cargo/rustls-pki-types,https://github.com/rustls/pki-types,not_matched,missing
crates.io,pkg:cargo/rustls-webpki,https://github.com/rustls/webpki,not_matched,present
crates.io,pkg:cargo/rustversion,https://github.com/dtolnay/rustversion,not_matched,present
crates.io,pkg:cargo/rusty-fork,https://github.com/altsysrq/rusty-fork,not_matched,present
crates.io,pkg:cargo/ryu,https://github.com/dtolnay/ryu,dependencies;projects,present
crates.io,pkg:cargo/safemem,https://github.com/abonander/safemem,not_matched,present
crates.io,pkg:cargo/same-file,https://github.com/burntsushi/same-file,not_matched,present
crates.io,pkg:cargo/schannel,https://github.com/steffengy/schannel-rs,not_matched,present
crates.io,pkg:cargo/schemars,https://github.com/gresau/schemars,not_matched,present
crates.io,pkg:cargo/schemars_derive,https://github.com/gresau/schemars,not_matched,present
crates.io,pkg:cargo/scoped-tls,https://github.com/alexcrichton/scoped-tls,not_matched,present
crates.io,pkg:cargo/scopeguard,https://github.com/bluss/scopeguard,not_matched,present
crates.io,pkg:cargo/scratch,https://github.com/dtolnay/scratch,not_matched,present
crates.io,pkg:cargo/sct,https://github.com/rustls/sct.rs,not_matched,present
crates.io,pkg:cargo/seahash,https://gitlab.redox-os.org/redox-os/seahash,not_matched,present
crates.io,pkg:cargo/sec1,https://github.com/rustcrypto/formats,not_matched,missing
crates.io,pkg:cargo/secp256k1,https://git.rust-bitcoin.org/rust-bitcoin/rust-secp256k1,not_matched,missing
crates.io,pkg:cargo/secrecy,https://github.com/iqlusioninc/crates,not_matched,present
crates.io,pkg:cargo/security-framework,https://github.com/kornelski/rust-security-framework,not_matched,missing
crates.io,pkg:cargo/security-framework-sys,https://github.com/kornelski/rust-security-framework,not_matched,missing
crates.io,pkg:cargo/semver,https://github.com/dtolnay/semver,not_matched,present
crates.io,pkg:cargo/semver-parser,https://github.com/steveklabnik/semver-parser,not_matched,present
crates.io,pkg:cargo/serde,https://github.com/serde-rs/serde,not_matched,missing
crates.io,pkg:cargo/serde_bytes,https://github.com/serde-rs/bytes,not_matched,present
crates.io,pkg:cargo/serde_cbor,https://github.com/pyfisch/cbor,not_matched,present
crates.io,pkg:cargo/serde_derive,https://github.com/serde-rs/serde,not_matched,missing
crates.io,pkg:cargo/serde_derive_internals,https://github.com/serde-rs/serde,not_matched,missing
crates.io,pkg:cargo/serde_json,https://github.com/serde-rs/json,not_matched,present
crates.io,pkg:cargo/serde_path_to_error,https://github.com/dtolnay/path-to-error,not_matched,present
crates.io,pkg:cargo/serde_qs,https://github.com/samscott89/serde_qs,not_matched,present
crates.io,pkg:cargo/serde_repr,https://github.com/dtolnay/serde-repr,not_matched,present
crates.io,pkg:cargo/serde_spanned,https://github.com/toml-rs/toml,not_matched,missing
crates.io,pkg:cargo/serde_urlencoded,https://github.com/nox/serde_urlencoded,not_matched,present
crates.io,pkg:cargo/serde-value,https://github.com/arcnmx/serde-value,not_matched,present
crates.io,pkg:cargo/serde_with,https://github.com/jonasbb/serde_with,not_matched,missing
crates.io,pkg:cargo/serde_with_macros,https://github.com/jonasbb/serde_with,not_matched,missing
crates.io,pkg:cargo/serde_yaml,https://github.com/dtolnay/serde-yaml,not_matched,present
crates.io,pkg:cargo/serial_test,https://github.com/palfrey/serial_test,not_matched,present
crates.io,pkg:cargo/serial_test_derive,https://github.com/palfrey/serial_test,not_matched,present
crates.io,pkg:cargo/sha-1,https://github.com/rustcrypto/hashes,not_matched,present
crates.io,pkg:cargo/sha1,https://github.com/rustcrypto/hashes,dependencies,present
crates.io,pkg:cargo/sha1_smol,https://github.com/mitsuhiko/sha1-smol,not_matched,present
crates.io,pkg:cargo/sha2,https://github.com/rustcrypto/hashes,dependencies,present
crates.io,pkg:cargo/sha3,https://github.com/rustcrypto/hashes,dependencies,present
crates.io,pkg:cargo/sharded-slab,https://github.com/hawkw/sharded-slab,not_matched,present
crates.io,pkg:cargo/shell-words,https://github.com/tmiasko/shell-words,not_matched,present
crates.io,pkg:cargo/shlex,https://github.com/comex/rust-shlex,not_matched,present
crates.io,pkg:cargo/signal-hook,https://github.com/vorner/signal-hook,not_matched,present
crates.io,pkg:cargo/signal-hook-registry,https://github.com/vorner/signal-hook,not_matched,present
crates.io,pkg:cargo/signature,https://github.com/rustcrypto/traits,not_matched,missing
crates.io,pkg:cargo/simd-adler32,https://github.com/mcountryman/simd-adler32,not_matched,present
crates.io,pkg:cargo/simdutf8,https://github.com/rusticstuff/simdutf8,not_matched,present
crates.io,pkg:cargo/similar,https://github.com/mitsuhiko/similar,not_matched,missing
crates.io,pkg:cargo/simple_asn1,https://github.com/acw/simple_asn1,not_matched,present
crates.io,pkg:cargo/siphasher,https://github.com/jedisct1/rust-siphash,not_matched,present
crates.io,pkg:cargo/slab,https://github.com/tokio-rs/slab,not_matched,present
crates.io,pkg:cargo/slog,https://github.com/slog-rs/slog,not_matched,present
crates.io,pkg:cargo/smallvec,https://github.com/servo/rust-smallvec,not_matched,missing
crates.io,pkg:cargo/smawk,https://github.com/mgeisler/smawk,not_matched,missing
crates.io,pkg:cargo/snafu,https://github.com/shepmaster/snafu,not_matched,present
crates.io,pkg:cargo/snafu-derive,https://github.com/shepmaster/snafu,not_matched,present
crates.io,pkg:cargo/snap,https://github.com/burntsushi/rust-snappy,not_matched,present
crates.io,pkg:cargo/socket2,https://github.com/rust-lang/socket2,not_matched,present
crates.io,pkg:cargo/spin,https://codeberg.org/zesterer/spin,not_matched,missing
crates.io,pkg:cargo/spki,https://github.com/rustcrypto/formats,not_matched,missing
crates.io,pkg:cargo/sqlformat,https://github.com/shssoichiro/sqlformat-rs,not_matched,present
crates.io,pkg:cargo/sqlx,https://github.com/launchbadge/sqlx,not_matched,missing
crates.io,pkg:cargo/sqlx-core,https://github.com/launchbadge/sqlx,not_matched,missing
crates.io,pkg:cargo/sqlx-macros,https://github.com/launchbadge/sqlx,not_matched,missing
crates.io,pkg:cargo/stable_deref_trait,https://github.com/storyyeller/stable_deref_trait,not_matched,present
crates.io,pkg:cargo/standback,https://github.com/jhpratt/standback,not_matched,present
crates.io,pkg:cargo/static_assertions,https://github.com/nvzqz/static-assertions-rs,not_matched,present
crates.io,pkg:cargo/string_cache,https://github.com/servo/string-cache,not_matched,present
crates.io,pkg:cargo/string_cache_codegen,https://github.com/servo/string-cache,not_matched,present
crates.io,pkg:cargo/stringprep,https://github.com/sfackler/rust-stringprep,not_matched,present
crates.io,pkg:cargo/strsim,https://github.com/rapidfuzz/strsim-rs,not_matched,present
crates.io,pkg:cargo/structopt,https://github.com/texitoi/structopt,not_matched,present
crates.io,pkg:cargo/structopt-derive,https://github.com/texitoi/structopt,not_matched,present
crates.io,pkg:cargo/strum,https://github.com/peternator7/strum,not_matched,present
crates.io,pkg:cargo/strum_macros,https://github.com/peternator7/strum,not_matched,present
crates.io,pkg:cargo/subtle,https://github.com/dalek-cryptography/subtle,not_matched,present
crates.io,pkg:cargo/syn,https://github.com/dtolnay/syn,not_matched,missing
crates.io,pkg:cargo/sync_wrapper,https://github.com/actyx/sync_wrapper,not_matched,present
crates.io,pkg:cargo/synstructure,https://github.com/mystor/synstructure,not_matched,present
crates.io,pkg:cargo/sysinfo,https://github.com/guillaumegomez/sysinfo,not_matched,missing
crates.io,pkg:cargo/take_mut,https://github.com/sgeo/take_mut,not_matched,present
crates.io,pkg:cargo/tap,https://github.com/myrrlyn/tap,not_matched,present
crates.io,pkg:cargo/tar,https://github.com/composefs/tar-rs,not_matched,present
crates.io,pkg:cargo/target-lexicon,https://github.com/bytecodealliance/target-lexicon,not_matched,missing
crates.io,pkg:cargo/tempdir,https://github.com/rust-lang/tempdir,not_matched,present
crates.io,pkg:cargo/tempfile,https://github.com/stebalien/tempfile,not_matched,present
crates.io,pkg:cargo/term,https://github.com/stebalien/term,not_matched,present
crates.io,pkg:cargo/termcolor,https://github.com/burntsushi/termcolor,not_matched,present
crates.io,pkg:cargo/terminal_size,https://github.com/eminence/terminal-size,not_matched,missing
crates.io,pkg:cargo/termtree,https://github.com/rust-cli/termtree,not_matched,missing
crates.io,pkg:cargo/textwrap,https://github.com/mgeisler/textwrap,not_matched,present
crates.io,pkg:cargo/thiserror,https://github.com/dtolnay/thiserror,not_matched,missing
crates.io,pkg:cargo/thiserror-impl,https://github.com/dtolnay/thiserror,not_matched,missing
crates.io,pkg:cargo/thread_local,https://github.com/amanieu/thread_local-rs,not_matched,present
crates.io,pkg:cargo/threadpool,https://github.com/rust-threadpool/rust-threadpool,not_matched,present
crates.io,pkg:cargo/thrift,https://github.com/apache/thrift,not_matched,present
crates.io,pkg:cargo/tiff,https://github.com/image-rs/image-tiff,not_matched,present
crates.io,pkg:cargo/time,https://github.com/time-rs/time,not_matched,present
crates.io,pkg:cargo/time-core,https://github.com/time-rs/time,not_matched,present
crates.io,pkg:cargo/time-macros,https://github.com/time-rs/time,not_matched,present
crates.io,pkg:cargo/time-macros-impl,https://github.com/time-rs/time,not_matched,present
crates.io,pkg:cargo/tiny-keccak,https://github.com/debris/tiny-keccak,not_matched,present
crates.io,pkg:cargo/tinytemplate,https://github.com/bheisler/tinytemplate,not_matched,present
crates.io,pkg:cargo/tinyvec,https://github.com/lokathor/tinyvec,not_matched,missing
crates.io,pkg:cargo/tinyvec_macros,https://github.com/soveu/tinyvec_macros,not_matched,present
crates.io,pkg:cargo/tokio,https://github.com/tokio-rs/tokio,not_matched,missing
crates.io,pkg:cargo/tokio-executor,https://github.com/tokio-rs/tokio,not_matched,missing
crates.io,pkg:cargo/tokio-io,https://github.com/tokio-rs/tokio,not_matched,missing
crates.io,pkg:cargo/tokio-io-timeout,https://github.com/sfackler/tokio-io-timeout,not_matched,present
crates.io,pkg:cargo/tokio-macros,https://github.com/tokio-rs/tokio,not_matched,missing
crates.io,pkg:cargo/tokio-native-tls,https://github.com/tokio-rs/tls,dependencies,present
crates.io,pkg:cargo/tokio-rustls,https://github.com/rustls/tokio-rustls,not_matched,missing
crates.io,pkg:cargo/tokio-stream,https://github.com/tokio-rs/tokio,not_matched,missing
crates.io,pkg:cargo/tokio-timer,https://github.com/tokio-rs/tokio,not_matched,missing
crates.io,pkg:cargo/tokio-tungstenite,https://github.com/snapview/tokio-tungstenite,not_matched,present
crates.io,pkg:cargo/tokio-util,https://github.com/tokio-rs/tokio,not_matched,missing
crates.io,pkg:cargo/toml,https://github.com/toml-rs/toml,not_matched,missing
crates.io,pkg:cargo/toml_datetime,https://github.com/toml-rs/toml,not_matched,missing
crates.io,pkg:cargo/toml_edit,https://github.com/toml-rs/toml,not_matched,missing
crates.io,pkg:cargo/tonic,https://github.com/hyperium/tonic,not_matched,missing
crates.io,pkg:cargo/tonic-build,https://github.com/hyperium/tonic,not_matched,missing
crates.io,pkg:cargo/tower,https://github.com/tower-rs/tower,not_matched,present
crates.io,pkg:cargo/tower-http,https://github.com/tower-rs/tower-http,not_matched,missing
crates.io,pkg:cargo/tower-layer,https://github.com/tower-rs/tower,not_matched,present
crates.io,pkg:cargo/tower-service,https://github.com/tower-rs/tower,not_matched,present
crates.io,pkg:cargo/tracing,https://github.com/tokio-rs/tracing,not_matched,present
crates.io,pkg:cargo/tracing-attributes,https://github.com/tokio-rs/tracing,not_matched,present
crates.io,pkg:cargo/tracing-core,https://github.com/tokio-rs/tracing,not_matched,present
crates.io,pkg:cargo/tracing-futures,https://github.com/tokio-rs/tracing,not_matched,present
crates.io,pkg:cargo/tracing-log,https://github.com/tokio-rs/tracing,not_matched,present
crates.io,pkg:cargo/tracing-opentelemetry,https://github.com/tokio-rs/tracing-opentelemetry,not_matched,missing
crates.io,pkg:cargo/tracing-serde,https://github.com/tokio-rs/tracing,not_matched,present
crates.io,pkg:cargo/tracing-subscriber,https://github.com/tokio-rs/tracing,not_matched,present
crates.io,pkg:cargo/trust-dns-proto,https://github.com/bluejekyll/trust-dns,not_matched,present
crates.io,pkg:cargo/trust-dns-resolver,https://github.com/bluejekyll/trust-dns,not_matched,present
crates.io,pkg:cargo/try-lock,https://github.com/seanmonstar/try-lock,not_matched,present
crates.io,pkg:cargo/tungstenite,https://github.com/snapview/tungstenite-rs,not_matched,present
crates.io,pkg:cargo/twox-hash,https://github.com/shepmaster/twox-hash,not_matched,missing
crates.io,pkg:cargo/typed-arena,https://github.com/simonsapin/rust-typed-arena,not_matched,present
crates.io,pkg:cargo/typed-builder,https://github.com/idanarye/rust-typed-builder,not_matched,present
crates.io,pkg:cargo/typenum,https://github.com/paholg/typenum,not_matched,present
crates.io,pkg:cargo/ucd-trie,https://github.com/burntsushi/ucd-generate,not_matched,present
crates.io,pkg:cargo/uint,https://github.com/paritytech/parity-common,not_matched,present
crates.io,pkg:cargo/uncased,https://github.com/sergiobenitez/uncased,not_matched,present
crates.io,pkg:cargo/unicase,https://github.com/seanmonstar/unicase,not_matched,present
crates.io,pkg:cargo/unicode-bidi,https://github.com/servo/unicode-bidi,not_matched,missing
crates.io,pkg:cargo/unicode_categories,https://github.com/swgillespie/unicode-categories,not_matched,present
crates.io,pkg:cargo/unicode-ident,https://github.com/dtolnay/unicode-ident,not_matched,missing
crates.io,pkg:cargo/unicode-normalization,https://github.com/unicode-rs/unicode-normalization,not_matched,missing
crates.io,pkg:cargo/unicode-segmentation,https://github.com/unicode-rs/unicode-segmentation,not_matched,present
crates.io,pkg:cargo/unicode-width,https://github.com/unicode-rs/unicode-width,not_matched,missing
crates.io,pkg:cargo/unicode-xid,https://github.com/unicode-rs/unicode-xid,not_matched,present
crates.io,pkg:cargo/unindent,https://github.com/dtolnay/indoc,not_matched,present
crates.io,pkg:cargo/universal-hash,https://github.com/rustcrypto/traits,not_matched,missing
crates.io,pkg:cargo/unreachable,https://github.com/reem/rust-unreachable,not_matched,present
crates.io,pkg:cargo/unsafe-libyaml,https://github.com/dtolnay/unsafe-libyaml,dependencies,present
crates.io,pkg:cargo/untrusted,https://github.com/briansmith/untrusted,not_matched,present
crates.io,pkg:cargo/ureq,https://github.com/algesten/ureq,not_matched,missing
crates.io,pkg:cargo/url,https://github.com/servo/rust-url,not_matched,present
crates.io,pkg:cargo/urlencoding,https://github.com/kornelski/rust_urlencoding,not_matched,present
crates.io,pkg:cargo/utf-8,https://github.com/simonsapin/rust-utf8,not_matched,present
crates.io,pkg:cargo/utf8parse,https://github.com/alacritty/vte,not_matched,present
crates.io,pkg:cargo/utf8-ranges,https://github.com/burntsushi/utf8-ranges,not_matched,present
crates.io,pkg:cargo/uuid,https://github.com/uuid-rs/uuid,not_matched,missing
crates.io,pkg:cargo/valuable,https://github.com/tokio-rs/valuable,not_matched,present
crates.io,pkg:cargo/value-bag,https://github.com/sval-rs/value-bag,not_matched,missing
crates.io,pkg:cargo/vcpkg,https://github.com/mcgoo/vcpkg-rs,not_matched,present
crates.io,pkg:cargo/vec_map,https://github.com/contain-rs/vec-map,not_matched,present
crates.io,pkg:cargo/version_check,https://github.com/sergiobenitez/version_check,not_matched,present
crates.io,pkg:cargo/void,https://github.com/reem/rust-void,not_matched,present
crates.io,pkg:cargo/vsdb,https://github.com/rust-util-collections/vsdb,not_matched,missing
crates.io,pkg:cargo/vsdb_derive,https://github.com/rust-util-collections/vsdb,not_matched,missing
crates.io,pkg:cargo/vsdbsled,https://github.com/spacejam/sled,not_matched,present
crates.io,pkg:cargo/wait-timeout,https://github.com/alexcrichton/wait-timeout,not_matched,present
crates.io,pkg:cargo/waker-fn,https://github.com/smol-rs/waker-fn,not_matched,present
crates.io,pkg:cargo/walkdir,https://github.com/burntsushi/walkdir,not_matched,present
crates.io,pkg:cargo/want,https://github.com/seanmonstar/want,not_matched,present
crates.io,pkg:cargo/warp,https://github.com/seanmonstar/warp,not_matched,present
crates.io,pkg:cargo/wasi,https://github.com/bytecodealliance/wasi-rs,not_matched,missing
crates.io,pkg:cargo/wasm-bindgen,https://github.com/wasm-bindgen/wasm-bindgen,not_matched,missing
crates.io,pkg:cargo/wasm-bindgen-backend,https://github.com/wasm-bindgen/wasm-bindgen,not_matched,missing
crates.io,pkg:cargo/wasm-bindgen-futures,https://github.com/wasm-bindgen/wasm-bindgen,not_matched,missing
crates.io,pkg:cargo/wasm-bindgen-macro,https://github.com/wasm-bindgen/wasm-bindgen,not_matched,missing
crates.io,pkg:cargo/wasm-bindgen-macro-support,https://github.com/wasm-bindgen/wasm-bindgen,not_matched,missing
crates.io,pkg:cargo/wasm-bindgen-shared,https://github.com/wasm-bindgen/wasm-bindgen,not_matched,missing
crates.io,pkg:cargo/wasmparser,https://github.com/bytecodealliance/wasm-tools,not_matched,missing
crates.io,pkg:cargo/webpki,https://github.com/briansmith/webpki,not_matched,present
crates.io,pkg:cargo/webpki-roots,https://github.com/rustls/webpki-roots,not_matched,present
crates.io,pkg:cargo/web-sys,https://github.com/wasm-bindgen/wasm-bindgen,not_matched,missing
crates.io,pkg:cargo/weezl,https://github.com/image-rs/weezl,not_matched,missing
crates.io,pkg:cargo/which,https://github.com/harryfei/which-rs,not_matched,present
crates.io,pkg:cargo/whoami,https://github.com/ardaku/whoami,not_matched,present
crates.io,pkg:cargo/widestring,https://github.com/voidstarkat/widestring-rs,not_matched,present
crates.io,pkg:cargo/winapi,https://github.com/retep998/winapi-rs,not_matched,present
crates.io,pkg:cargo/winapi-build,https://github.com/retep998/winapi-rs,not_matched,present
crates.io,pkg:cargo/winapi-i686-pc-windows-gnu,https://github.com/retep998/winapi-rs,not_matched,present
crates.io,pkg:cargo/winapi-util,https://github.com/burntsushi/winapi-util,not_matched,present
crates.io,pkg:cargo/winapi-x86_64-pc-windows-gnu,https://github.com/retep998/winapi-rs,not_matched,present
crates.io,pkg:cargo/windows,https://github.com/microsoft/windows-rs,not_matched,missing
crates.io,pkg:cargo/windows_aarch64_gnullvm,https://github.com/microsoft/windows-rs,not_matched,missing
crates.io,pkg:cargo/windows_aarch64_msvc,https://github.com/microsoft/windows-rs,not_matched,missing
crates.io,pkg:cargo/windows-core,https://github.com/microsoft/windows-rs,not_matched,missing
crates.io,pkg:cargo/windows_i686_gnu,https://github.com/microsoft/windows-rs,not_matched,missing
crates.io,pkg:cargo/windows_i686_msvc,https://github.com/microsoft/windows-rs,not_matched,missing
crates.io,pkg:cargo/windows-sys,https://github.com/microsoft/windows-rs,not_matched,missing
crates.io,pkg:cargo/windows-targets,https://github.com/microsoft/windows-rs,not_matched,missing
crates.io,pkg:cargo/windows_x86_64_gnu,https://github.com/microsoft/windows-rs,not_matched,missing
crates.io,pkg:cargo/windows_x86_64_gnullvm,https://github.com/microsoft/windows-rs,not_matched,missing
crates.io,pkg:cargo/windows_x86_64_msvc,https://github.com/microsoft/windows-rs,not_matched,missing
crates.io,pkg:cargo/winnow,https://github.com/winnow-rs/winnow,not_matched,missing
crates.io,pkg:cargo/winreg,https://github.com/gentoo90/winreg-rs,not_matched,present
crates.io,pkg:cargo/wyz,https://github.com/myrrlyn/wyz,not_matched,present
crates.io,pkg:cargo/x25519-dalek,https://github.com/dalek-cryptography/curve25519-dalek,not_matched,present
crates.io,pkg:cargo/x509-parser,https://github.com/rusticata/x509-parser,not_matched,present
crates.io,pkg:cargo/xattr,https://github.com/stebalien/xattr,not_matched,present
crates.io,pkg:cargo/xmlparser,https://github.com/razrfalcon/xmlparser,not_matched,present
crates.io,pkg:cargo/xml-rs,https://github.com/kornelski/xml-rs,not_matched,missing
crates.io,pkg:cargo/yaml-rust,https://github.com/chyh1990/yaml-rust,not_matched,present
crates.io,pkg:cargo/yansi,https://github.com/sergiobenitez/yansi,not_matched,present
crates.io,pkg:cargo/zerocopy,https://github.com/google/zerocopy,not_matched,missing
crates.io,pkg:cargo/zerocopy-derive,https://github.com/google/zerocopy,not_matched,missing
crates.io,pkg:cargo/zeroize,https://github.com/rustcrypto/utils,not_matched,present
crates.io,pkg:cargo/zeroize_derive,https://github.com/rustcrypto/utils,not_matched,present
crates.io,pkg:cargo/zip,https://github.com/zip-rs/zip2,not_matched,missing
crates.io,pkg:cargo/zstd,https://github.com/gyscos/zstd-rs,not_matched,present
crates.io,pkg:cargo/zstd-safe,https://github.com/gyscos/zstd-rs,not_matched,present
crates.io,pkg:cargo/zstd-sys,https://github.com/gyscos/zstd-rs,not_matched,present
forge.puppet.com,pkg:puppet/arioch/keepalived,https://github.com/arioch/puppet-keepalived,not_matched,missing
forge.puppet.com,pkg:puppet/bryana/ec2tagfacts,https://github.com/biandrews/ec2tagfacts,not_matched,present
forge.puppet.com,pkg:puppet/camptocamp/archive,https://github.com/camptocamp/puppet-archive,not_matched,present
forge.puppet.com,pkg:puppet/ceritsc/yum,https://github.com/cerit-sc/puppet-yum,not_matched,present
forge.puppet.com,pkg:puppet/deric/zookeeper,https://github.com/deric/puppet-zookeeper,not_matched,present
forge.puppet.com,pkg:puppet/elastic/elastic_stack,https://github.com/elastic/puppet-elastic-stack,not_matched,present
forge.puppet.com,pkg:puppet/erwbgy/limits,https://github.com/erwbgy/puppet-limits,not_matched,present
forge.puppet.com,pkg:puppet/garethr/docker,https://github.com/garethr/garethr-docker,not_matched,present
forge.puppet.com,pkg:puppet/herculesteam/augeasproviders_core,https://github.com/hercules-team/augeasproviders_core,not_matched,present
forge.puppet.com,pkg:puppet/jdowning/awscli,https://github.com/jdowning/puppet-awscli,not_matched,present
forge.puppet.com,pkg:puppet/jfryman/selinux,https://github.com/jfryman/puppet-selinux,not_matched,present
forge.puppet.com,pkg:puppet/jlcox/ds_389,https://github.com/jlcox1970/ds_389,not_matched,present
forge.puppet.com,pkg:puppet/KyleAnderson/consul,https://github.com/solarkennedy/puppet-consul,not_matched,missing
forge.puppet.com,pkg:puppet/maestrodev/wget,https://github.com/maestrodev/puppet-wget,not_matched,present
forge.puppet.com,pkg:puppet/nanliu/staging,https://github.com/nanliu/puppet-staging,not_matched,present
forge.puppet.com,pkg:puppet/newrelic/newrelic_infra,https://github.com/newrelic/infrastructure-agent-puppet,not_matched,present
forge.puppet.com,pkg:puppet/pdxcat/nrpe,https://github.com/pdxcat/puppet-module-nrpe,not_matched,unknown
forge.puppet.com,pkg:puppet/puppet/archive,https://github.com/voxpupuli/puppet-archive,not_matched,present
forge.puppet.com,pkg:puppet/puppet/collectd,https://github.com/voxpupuli/puppet-collectd,not_matched,missing
forge.puppet.com,pkg:puppet/puppetlabs/apache,https://github.com/puppetlabs/puppetlabs-apache,not_matched,present
forge.puppet.com,pkg:puppet/puppetlabs/apt,https://github.com/puppetlabs/puppetlabs-apt,not_matched,present
forge.puppet.com,pkg:puppet/puppetlabs/concat,https://github.com/puppetlabs/puppetlabs-concat,not_matched,missing
forge.puppet.com,pkg:puppet/puppetlabs/docker,https://github.com/puppetlabs/puppetlabs-docker,not_matched,missing
forge.puppet.com,pkg:puppet/puppetlabs/firewall,https://github.com/puppetlabs/puppetlabs-firewall,not_matched,present
forge.puppet.com,pkg:puppet/puppetlabs/haproxy,https://github.com/puppetlabs/puppetlabs-haproxy,not_matched,missing
forge.puppet.com,pkg:puppet/puppetlabs/inifile,https://github.com/puppetlabs/puppetlabs-inifile,not_matched,present
forge.puppet.com,pkg:puppet/puppetlabs/java,https://github.com/puppetlabs/puppetlabs-java,not_matched,present
forge.puppet.com,pkg:puppet/puppetlabs/mysql,https://github.com/puppetlabs/puppetlabs-mysql,not_matched,missing
forge.puppet.com,pkg:puppet/puppetlabs/nodejs,https://github.com/puppetlabs/puppetlabs-nodejs,not_matched,unknown
forge.puppet.com,pkg:puppet/puppetlabs/ntp,https://github.com/puppetlabs/puppetlabs-ntp,not_matched,missing
forge.puppet.com,pkg:puppet/puppetlabs/postgresql,https://github.com/puppetlabs/puppetlabs-postgresql,not_matched,present
forge.puppet.com,pkg:puppet/puppetlabs/powershell,https://github.com/puppetlabs/puppetlabs-powershell,not_matched,present
forge.puppet.com,pkg:puppet/puppetlabs/puppetdb,https://github.com/puppetlabs/puppetlabs-puppetdb,not_matched,missing
forge.puppet.com,pkg:puppet/puppetlabs/ruby,https://github.com/puppetlabs/puppetlabs-ruby,not_matched,present
forge.puppet.com,pkg:puppet/puppetlabs/stdlib,https://github.com/puppetlabs/puppetlabs-stdlib,not_matched,present
forge.puppet.com,pkg:puppet/puppetlabs/translate,https://github.com/puppetlabs/puppetlabs-translate,not_matched,present
forge.puppet.com,pkg:puppet/puppetlabs/vcsrepo,https://github.com/puppetlabs/puppetlabs-vcsrepo,not_matched,present
forge.puppet.com,pkg:puppet/puppet/nginx,https://github.com/voxpupuli/puppet-nginx,not_matched,missing
forge.puppet.com,pkg:puppet/puppet/nodejs,https://github.com/voxpupuli/puppet-nodejs,not_matched,present
forge.puppet.com,pkg:puppet/puppet/staging,https://github.com/voxpupuli/puppet-staging,not_matched,present
forge.puppet.com,pkg:puppet/puppet/yum,https://github.com/voxpupuli/puppet-yum,not_matched,present
forge.puppet.com,pkg:puppet/richardc/datacat,https://github.com/richardc/puppet-datacat,not_matched,present
forge.puppet.com,pkg:puppet/rmueller/cron,https://github.com/roman-mueller/rmueller-cron,not_matched,present
forge.puppet.com,pkg:puppet/saz/limits,https://github.com/saz/puppet-limits,not_matched,present
forge.puppet.com,pkg:puppet/saz/sudo,https://github.com/saz/puppet-sudo,not_matched,present
forge.puppet.com,pkg:puppet/Slashbunny/phpfpm,https://github.com/slashbunny/puppet-phpfpm,not_matched,present
forge.puppet.com,pkg:puppet/stackstorm/st2,https://github.com/stackstorm/puppet-st2,not_matched,present
forge.puppet.com,pkg:puppet/stahnma/epel,https://github.com/stahnma/puppet-module-epel,not_matched,missing
forge.puppet.com,pkg:puppet/stankevich/python,https://github.com/stankevich/puppet-python,not_matched,present
forge.puppet.com,pkg:puppet/stm/sendmail,https://github.com/smoeding/puppet-sendmail,not_matched,present
forge.puppet.com,pkg:puppet/thias/sysctl,https://github.com/thias/puppet-sysctl,not_matched,present
forge.puppet.com,pkg:puppet/threatstack/threatstack,https://github.com/threatstack/threatstack-puppet,not_matched,present
forge.puppet.com,pkg:puppet/tracywebtech/pip,https://github.com/tracywebtech/puppet-pip,not_matched,present
formulae.brew.sh,pkg:brew/abseil,https://github.com/abseil/abseil-cpp,not_matched,missing
formulae.brew.sh,pkg:brew/age,https://github.com/filosottile/age,not_matched,present
formulae.brew.sh,pkg:brew/aom,https://aomedia.googlesource.com/aom,not_matched,missing
formulae.brew.sh,pkg:brew/apr,,not_matched,no_repository
formulae.brew.sh,pkg:brew/autoconf,,dependencies,no_repository
formulae.brew.sh,pkg:brew/automake,,dependencies,no_repository
formulae.brew.sh,pkg:brew/awscli,https://github.com/aws/aws-cli,not_matched,missing
formulae.brew.sh,pkg:brew/azure-cli,https://github.com/azure/azure-cli,not_matched,missing
formulae.brew.sh,pkg:brew/bash,https://git.savannah.gnu.org/git/bash,dependencies,present
formulae.brew.sh,pkg:brew/bat,https://github.com/sharkdp/bat,projects,present
formulae.brew.sh,pkg:brew/berkeley-db%405,,not_matched,no_repository
formulae.brew.sh,pkg:brew/binutils,,not_matched,no_repository
formulae.brew.sh,pkg:brew/boost,https://github.com/boostorg/boost,dependencies,missing
formulae.brew.sh,pkg:brew/brotli,https://github.com/google/brotli,not_matched,present
formulae.brew.sh,pkg:brew/bzip2,,dependencies,no_repository
formulae.brew.sh,pkg:brew/ca-certificates,,not_matched,no_repository
formulae.brew.sh,pkg:brew/cairo,https://gitlab.freedesktop.org/cairo/cairo,not_matched,missing
formulae.brew.sh,pkg:brew/capstone,https://github.com/capstone-engine/capstone,not_matched,missing
formulae.brew.sh,pkg:brew/c-ares,https://github.com/c-ares/c-ares,dependencies,present
formulae.brew.sh,pkg:brew/ccache,https://github.com/ccache/ccache,dependencies,present
formulae.brew.sh,pkg:brew/certifi,https://github.com/certifi/python-certifi,not_matched,present
formulae.brew.sh,pkg:brew/cffi,,not_matched,no_repository
formulae.brew.sh,pkg:brew/cjson,https://github.com/davegamble/cjson,not_matched,missing
formulae.brew.sh,pkg:brew/cmake,https://gitlab.kitware.com/cmake/cmake,dependencies,missing
formulae.brew.sh,pkg:brew/cocoapods,https://github.com/cocoapods/cocoapods,not_matched,present
formulae.brew.sh,pkg:brew/colima,https://github.com/abiosoft/colima,not_matched,missing
formulae.brew.sh,pkg:brew/composer,,not_matched,no_repository
formulae.brew.sh,pkg:brew/coreutils,https://git.savannah.gnu.org/git/coreutils,dependencies,missing
formulae.brew.sh,pkg:brew/cryptography,https://github.com/pyca/cryptography,projects,missing
formulae.brew.sh,pkg:brew/curl,https://github.com/curl/curl,dependencies,missing
formulae.brew.sh,pkg:brew/dav1d,,not_matched,no_repository
formulae.brew.sh,pkg:brew/dbus,https://gitlab.freedesktop.org/dbus/dbus,not_matched,present
formulae.brew.sh,pkg:brew/docker,https://github.com/docker/cli,not_matched,missing
formulae.brew.sh,pkg:brew/docker-completion,https://github.com/docker/cli,not_matched,missing
formulae.brew.sh,pkg:brew/docker-compose,https://github.com/docker/compose,not_matched,missing
formulae.brew.sh,pkg:brew/dtc,https://git.kernel.org/pub/scm/utils/dtc/dtc,not_matched,present
formulae.brew.sh,pkg:brew/edencommon,https://github.com/facebookexperimental/edencommon,not_matched,missing
formulae.brew.sh,pkg:brew/expat,https://github.com/libexpat/libexpat,not_matched,missing
formulae.brew.sh,pkg:brew/eza,https://github.com/eza-community/eza,not_matched,present
formulae.brew.sh,pkg:brew/fb303,https://github.com/facebook/fb303,not_matched,missing
formulae.brew.sh,pkg:brew/fbthrift,https://github.com/facebook/fbthrift,not_matched,missing
formulae.brew.sh,pkg:brew/ffmpeg,https://github.com/ffmpeg/ffmpeg,dependencies,missing
formulae.brew.sh,pkg:brew/fizz,https://github.com/facebookincubator/fizz,not_matched,missing
formulae.brew.sh,pkg:brew/flac,https://gitlab.xiph.org/xiph/flac,not_matched,present
formulae.brew.sh,pkg:brew/fmt,https://github.com/fmtlib/fmt,dependencies,present
formulae.brew.sh,pkg:brew/folly,https://github.com/facebook/folly,not_matched,missing
formulae.brew.sh,pkg:brew/fontconfig,https://gitlab.freedesktop.org/fontconfig/fontconfig,not_matched,missing
formulae.brew.sh,pkg:brew/freetds,https://github.com/freetds/freetds,not_matched,present
formulae.brew.sh,pkg:brew/freetype,,not_matched,no_repository
formulae.brew.sh,pkg:brew/frei0r,https://github.com/dyne/frei0r,not_matched,missing
formulae.brew.sh,pkg:brew/fribidi,https://github.com/fribidi/fribidi,not_matched,missing
formulae.brew.sh,pkg:brew/fzf,https://github.com/junegunn/fzf,not_matched,present
formulae.brew.sh,pkg:brew/gcc,https://gcc.gnu.org/git/gcc,dependencies,missing
formulae.brew.sh,pkg:brew/gd,https://github.com/libgd/libgd,not_matched,present
formulae.brew.sh,pkg:brew/gdbm,,not_matched,no_repository
formulae.brew.sh,pkg:brew/gdk-pixbuf,,not_matched,no_repository
formulae.brew.sh,pkg:brew/gettext,,not_matched,no_repository
formulae.brew.sh,pkg:brew/gh,https://github.com/cli/cli,not_matched,missing
formulae.brew.sh,pkg:brew/ghostscript,https://github.com/artifexsoftware/ghostpdl,not_matched,present
formulae.brew.sh,pkg:brew/giflib,,not_matched,no_repository
formulae.brew.sh,pkg:brew/git,https://github.com/git/git,dependencies,present
formulae.brew.sh,pkg:brew/git-lfs,https://github.com/git-lfs/git-lfs,not_matched,missing
formulae.brew.sh,pkg:brew/glib,,dependencies,no_repository
formulae.brew.sh,pkg:brew/glibc,,not_matched,no_repository
formulae.brew.sh,pkg:brew/gmp,https://gmplib.org/repo/gmp,not_matched,unknown
formulae.brew.sh,pkg:brew/gnupg,,dependencies,no_repository
formulae.brew.sh,pkg:brew/gnu-tar,https://git.savannah.gnu.org/git/tar,not_matched,present
formulae.brew.sh,pkg:brew/gnutls,,dependencies,no_repository
formulae.brew.sh,pkg:brew/go,https://go.googlesource.com/go,not_matched,missing
formulae.brew.sh,pkg:brew/gobject-introspection,,dependencies,no_repository
formulae.brew.sh,pkg:brew/gpgme,,not_matched,no_repository
formulae.brew.sh,pkg:brew/gradle,,not_matched,no_repository
formulae.brew.sh,pkg:brew/graphite2,https://github.com/silnrsi/graphite,not_matched,present
formulae.brew.sh,pkg:brew/graphviz,https://gitlab.com/graphviz/graphviz,not_matched,missing
formulae.brew.sh,pkg:brew/gsettings-desktop-schemas,,not_matched,no_repository
formulae.brew.sh,pkg:brew/gtk%2B3,,not_matched,no_repository
formulae.brew.sh,pkg:brew/guile,https://git.savannah.gnu.org/git/guile,dependencies,present
formulae.brew.sh,pkg:brew/harfbuzz,https://github.com/harfbuzz/harfbuzz,not_matched,missing
formulae.brew.sh,pkg:brew/helm,https://github.com/helm/helm,not_matched,missing
formulae.brew.sh,pkg:brew/highway,https://github.com/google/highway,projects,missing
formulae.brew.sh,pkg:brew/hugo,https://github.com/gohugoio/hugo,not_matched,missing
formulae.brew.sh,pkg:brew/hwloc,https://github.com/open-mpi/hwloc,projects,missing
formulae.brew.sh,pkg:brew/icu4c,,not_matched,no_repository
formulae.brew.sh,pkg:brew/imagemagick,https://github.com/imagemagick/imagemagick,dependencies,missing
formulae.brew.sh,pkg:brew/imath,https://github.com/academysoftwarefoundation/imath,not_matched,missing
formulae.brew.sh,pkg:brew/isl,https://repo.or.cz/isl,not_matched,unchecked
formulae.brew.sh,pkg:brew/jasper,https://github.com/jasper-software/jasper,not_matched,present
formulae.brew.sh,pkg:brew/jpeg-turbo,https://github.com/libjpeg-turbo/libjpeg-turbo,not_matched,missing
formulae.brew.sh,pkg:brew/jpeg-xl,https://github.com/libjxl/libjxl,not_matched,present
formulae.brew.sh,pkg:brew/jq,https://github.com/jqlang/jq,not_matched,missing
formulae.brew.sh,pkg:brew/krb5,,dependencies,no_repository
formulae.brew.sh,pkg:brew/kubernetes-cli,https://github.com/kubernetes/kubernetes,projects,missing
formulae.brew.sh,pkg:brew/lame,,not_matched,no_repository
formulae.brew.sh,pkg:brew/leptonica,https://github.com/danbloomberg/leptonica,not_matched,present
formulae.brew.sh,pkg:brew/libarchive,,not_matched,no_repository
formulae.brew.sh,pkg:brew/libass,https://github.com/libass/libass,not_matched,missing
formulae.brew.sh,pkg:brew/libassuan,,not_matched,no_repository
formulae.brew.sh,pkg:brew/libavif,https://github.com/aomediacodec/libavif,not_matched,missing
formulae.brew.sh,pkg:brew/libb2,https://github.com/blake2/libb2,not_matched,present
formulae.brew.sh,pkg:brew/libbluray,https://code.videolan.org/videolan/libbluray,not_matched,present
formulae.brew.sh,pkg:brew/libcbor,https://github.com/pjk/libcbor,not_matched,missing
formulae.brew.sh,pkg:brew/libedit,,not_matched,no_repository
formulae.brew.sh,pkg:brew/libevent,https://github.com/libevent/libevent,not_matched,present
formulae.brew.sh,pkg:brew/libffi,https://github.com/libffi/libffi,not_matched,present
formulae.brew.sh,pkg:brew/libfido2,https://github.com/yubico/libfido2,not_matched,present
formulae.brew.sh,pkg:brew/libgcrypt,,not_matched,no_repository
formulae.brew.sh,pkg:brew/libgit2,https://github.com/libgit2/libgit2,not_matched,present
formulae.brew.sh,pkg:brew/libgit2%401.7,https://github.com/libgit2/libgit2,not_matched,present
formulae.brew.sh,pkg:brew/libgpg-error,,not_matched,no_repository
formulae.brew.sh,pkg:brew/libheif,https://github.com/strukturag/libheif,dependencies,missing
formulae.brew.sh,pkg:brew/libidn2,https://gitlab.com/libidn/libidn2,not_matched,present
formulae.brew.sh,pkg:brew/libksba,,not_matched,no_repository
formulae.brew.sh,pkg:brew/liblqr,https://github.com/carlobaldassi/liblqr,not_matched,present
formulae.brew.sh,pkg:brew/libmicrohttpd,,not_matched,no_repository
formulae.brew.sh,pkg:brew/libmpc,https://gitlab.inria.fr/mpc/mpc,not_matched,present
formulae.brew.sh,pkg:brew/libnghttp2,https://github.com/nghttp2/nghttp2,not_matched,present
formulae.brew.sh,pkg:brew/libnsl,https://github.com/thkukuk/libnsl,not_matched,present
formulae.brew.sh,pkg:brew/libogg,https://gitlab.xiph.org/xiph/ogg,not_matched,present
formulae.brew.sh,pkg:brew/libomp,https://github.com/llvm/llvm-project,projects,missing
formulae.brew.sh,pkg:brew/libpng,https://github.com/pnggroup/libpng,not_matched,present
formulae.brew.sh,pkg:brew/libpq,,not_matched,no_repository
formulae.brew.sh,pkg:brew/librist,https://code.videolan.org/rist/librist,not_matched,present
formulae.brew.sh,pkg:brew/librsvg,,not_matched,no_repository
formulae.brew.sh,pkg:brew/libsamplerate,https://github.com/libsndfile/libsamplerate,not_matched,present
formulae.brew.sh,pkg:brew/libsndfile,https://github.com/libsndfile/libsndfile,not_matched,present
formulae.brew.sh,pkg:brew/libsodium,https://github.com/jedisct1/libsodium,not_matched,missing
formulae.brew.sh,pkg:brew/libsoxr,,not_matched,no_repository
formulae.brew.sh,pkg:brew/libssh,https://git.libssh.org/projects/libssh,not_matched,unknown
formulae.brew.sh,pkg:brew/libssh2,https://github.com/libssh2/libssh2,not_matched,present
formulae.brew.sh,pkg:brew/libtasn1,,not_matched,no_repository
formulae.brew.sh,pkg:brew/libtiff,,dependencies,no_repository
formulae.brew.sh,pkg:brew/libtirpc,,not_matched,no_repository
formulae.brew.sh,pkg:brew/libtool,,dependencies,no_repository
formulae.brew.sh,pkg:brew/libunibreak,https://github.com/adah1972/libunibreak,not_matched,missing
formulae.brew.sh,pkg:brew/libunistring,,not_matched,no_repository
formulae.brew.sh,pkg:brew/libusb,https://github.com/libusb/libusb,not_matched,present
formulae.brew.sh,pkg:brew/libuv,https://github.com/libuv/libuv,not_matched,present
formulae.brew.sh,pkg:brew/libvmaf,https://github.com/netflix/vmaf,not_matched,missing
formulae.brew.sh,pkg:brew/libvorbis,https://gitlab.xiph.org/xiph/vorbis,not_matched,present
formulae.brew.sh,pkg:brew/libvpx,https://chromium.googlesource.com/webm/libvpx,not_matched,present
formulae.brew.sh,pkg:brew/libx11,,not_matched,no_repository
formulae.brew.sh,pkg:brew/libxau,,not_matched,no_repository
formulae.brew.sh,pkg:brew/libxcb,,not_matched,no_repository
formulae.brew.sh,pkg:brew/libxcrypt,https://github.com/besser82/libxcrypt,not_matched,present
formulae.brew.sh,pkg:brew/libxdmcp,,not_matched,no_repository
formulae.brew.sh,pkg:brew/libxext,,not_matched,no_repository
formulae.brew.sh,pkg:brew/libxfixes,,not_matched,no_repository
formulae.brew.sh,pkg:brew/libxi,,not_matched,no_repository
formulae.brew.sh,pkg:brew/libxml2,https://gitlab.gnome.org/GNOME/libxml2,not_matched,present
formulae.brew.sh,pkg:brew/libxrender,,not_matched,no_repository
formulae.brew.sh,pkg:brew/libxtst,,not_matched,no_repository
formulae.brew.sh,pkg:brew/libyaml,https://github.com/yaml/libyaml,not_matched,present
formulae.brew.sh,pkg:brew/lima,https://github.com/lima-vm/lima,not_matched,present
formulae.brew.sh,pkg:brew/linux-headers%405.15,,not_matched,no_repository
formulae.brew.sh,pkg:brew/little-cms2,,not_matched,no_repository
formulae.brew.sh,pkg:brew/llvm,https://github.com/llvm/llvm-project,dependencies;projects,missing
formulae.brew.sh,pkg:brew/lua,,not_matched,no_repository
formulae.brew.sh,pkg:brew/luajit,https://github.com/luajit/luajit,not_matched,present
formulae.brew.sh,pkg:brew/lz4,https://github.com/lz4/lz4,not_matched,present
formulae.brew.sh,pkg:brew/lzo,,not_matched,no_repository
formulae.brew.sh,pkg:brew/m4,,not_matched,no_repository
formulae.brew.sh,pkg:brew/maven,,not_matched,no_repository
formulae.brew.sh,pkg:brew/mbedtls,https://github.com/mbed-tls/mbedtls,not_matched,missing
formulae.brew.sh,pkg:brew/mint,https://github.com/yonaskolb/mint,not_matched,present
formulae.brew.sh,pkg:brew/mkcert,https://github.com/filosottile/mkcert,not_matched,present
formulae.brew.sh,pkg:brew/mongosh,,not_matched,no_repository
formulae.brew.sh,pkg:brew/mpdecimal,,not_matched,no_repository
formulae.brew.sh,pkg:brew/mpfr,https://gitlab.inria.fr/mpfr/mpfr,not_matched,present
formulae.brew.sh,pkg:brew/mpg123,,not_matched,no_repository
formulae.brew.sh,pkg:brew/mvfst,https://github.com/facebook/mvfst,not_matched,missing
formulae.brew.sh,pkg:brew/mysql,https://github.com/mysql/mysql-server,dependencies;projects,missing
formulae.brew.sh,pkg:brew/mysql-client,https://github.com/mysql/mysql-server,projects,missing
formulae.brew.sh,pkg:brew/ncurses,,not_matched,no_repository
formulae.brew.sh,pkg:brew/neovim,https://github.com/neovim/neovim,not_matched,missing
formulae.brew.sh,pkg:brew/netpbm,https://svn.code.sf.net/p/netpbm/code/trunk,not_matched,unchecked
formulae.brew.sh,pkg:brew/nettle,,not_matched,no_repository
formulae.brew.sh,pkg:brew/ninja,https://github.com/ninja-build/ninja,dependencies,missing
formulae.brew.sh,pkg:brew/node,https://github.com/nodejs/node,dependencies,missing
formulae.brew.sh,pkg:brew/npth,,not_matched,no_repository
formulae.brew.sh,pkg:brew/nss,,not_matched,no_repository
formulae.brew.sh,pkg:brew/numpy,https://github.com/numpy/numpy,dependencies;projects,missing
formulae.brew.sh,pkg:brew/nvm,https://github.com/nvm-sh/nvm,not_matched,present
formulae.brew.sh,pkg:brew/oniguruma,https://github.com/kkos/oniguruma,not_matched,present
formulae.brew.sh,pkg:brew/openblas,https://github.com/openmathlib/openblas,not_matched,missing
formulae.brew.sh,pkg:brew/openexr,https://github.com/academysoftwarefoundation/openexr,not_matched,missing
formulae.brew.sh,pkg:brew/openjdk,https://github.com/openjdk/jdk27u,not_matched,missing
formulae.brew.sh,pkg:brew/openjdk%4011,https://github.com/openjdk/jdk11u,not_matched,missing
formulae.brew.sh,pkg:brew/openjdk%4017,https://github.com/openjdk/jdk17u,not_matched,present
formulae.brew.sh,pkg:brew/openjpeg,https://github.com/uclouvain/openjpeg,not_matched,present
formulae.brew.sh,pkg:brew/openldap,,not_matched,no_repository
formulae.brew.sh,pkg:brew/openssl%401.1,,not_matched,no_repository
formulae.brew.sh,pkg:brew/openssl%403,https://github.com/openssl/openssl,dependencies,missing
formulae.brew.sh,pkg:brew/openvino,https://github.com/openvinotoolkit/openvino,not_matched,missing
formulae.brew.sh,pkg:brew/opus,https://gitlab.xiph.org/xiph/opus,not_matched,present
formulae.brew.sh,pkg:brew/p11-kit,https://github.com/p11-glue/p11-glue,not_matched,present
formulae.brew.sh,pkg:brew/pandoc,https://github.com/jgm/pandoc,not_matched,missing
formulae.brew.sh,pkg:brew/pango,https://gitlab.gnome.org/GNOME/pango,not_matched,present
formulae.brew.sh,pkg:brew/pcre2,https://github.com/pcre2project/pcre2,not_matched,missing
formulae.brew.sh,pkg:brew/php,https://github.com/php/php-src,not_matched,missing
formulae.brew.sh,pkg:brew/pinentry,,not_matched,no_repository
formulae.brew.sh,pkg:brew/pipx,https://github.com/pypa/pipx,not_matched,missing
formulae.brew.sh,pkg:brew/pixman,,not_matched,no_repository
formulae.brew.sh,pkg:brew/pkg-config,,dependencies,no_repository
formulae.brew.sh,pkg:brew/pnpm,https://github.com/pnpm/pnpm,not_matched,missing
formulae.brew.sh,pkg:brew/poppler,https://gitlab.freedesktop.org/poppler/poppler,not_matched,missing
formulae.brew.sh,pkg:brew/postgresql%4014,,not_matched,no_repository
formulae.brew.sh,pkg:brew/protobuf,https://github.com/protocolbuffers/protobuf,dependencies,missing
formulae.brew.sh,pkg:brew/pycparser,https://github.com/eliben/pycparser,not_matched,present
formulae.brew.sh,pkg:brew/pyenv,https://github.com/pyenv/pyenv,not_matched,missing
formulae.brew.sh,pkg:brew/python%403.10,,dependencies,no_repository
formulae.brew.sh,pkg:brew/python%403.11,,not_matched,no_repository
formulae.brew.sh,pkg:brew/python%403.12,,not_matched,no_repository
formulae.brew.sh,pkg:brew/python%403.9,,dependencies,no_repository
formulae.brew.sh,pkg:brew/python-setuptools,,not_matched,no_repository
formulae.brew.sh,pkg:brew/qemu,https://gitlab.com/qemu-project/qemu,not_matched,present
formulae.brew.sh,pkg:brew/rav1e,https://github.com/xiph/rav1e,not_matched,present
formulae.brew.sh,pkg:brew/rbenv,https://github.com/rbenv/rbenv,not_matched,present
formulae.brew.sh,pkg:brew/readline,,not_matched,no_repository
formulae.brew.sh,pkg:brew/redis,https://github.com/redis/redis,not_matched,missing
formulae.brew.sh,pkg:brew/rtmpdump,https://git.ffmpeg.org/rtmpdump,not_matched,present
formulae.brew.sh,pkg:brew/rubberband,https://hg.sr.ht/~breakfastquay/rubberband,not_matched,unknown
formulae.brew.sh,pkg:brew/ruby,https://github.com/ruby/ruby,not_matched,missing
formulae.brew.sh,pkg:brew/ruby-build,https://github.com/rbenv/ruby-build,not_matched,missing
formulae.brew.sh,pkg:brew/rust,https://github.com/rust-lang/rust,not_matched,missing
formulae.brew.sh,pkg:brew/sdl2,,not_matched,no_repository
formulae.brew.sh,pkg:brew/shared-mime-info,https://gitlab.freedesktop.org/xdg/shared-mime-info,not_matched,present
formulae.brew.sh,pkg:brew/snappy,https://github.com/google/snappy,not_matched,present
formulae.brew.sh,pkg:brew/sqlite,,dependencies,no_repository
formulae.brew.sh,pkg:brew/srt,https://github.com/haivision/srt,not_matched,missing
formulae.brew.sh,pkg:brew/svt-av1,https://gitlab.com/AOMediaCodec/SVT-AV1,not_matched,missing
formulae.brew.sh,pkg:brew/swiftlint,https://github.com/realm/swiftlint,not_matched,missing
formulae.brew.sh,pkg:brew/tbb,https://github.com/uxlfoundation/onetbb,not_matched,missing
formulae.brew.sh,pkg:brew/tcl-tk,,dependencies,no_repository
formulae.brew.sh,pkg:brew/terragrunt,https://github.com/gruntwork-io/terragrunt,not_matched,missing
formulae.brew.sh,pkg:brew/tesseract,https://github.com/tesseract-ocr/tesseract,dependencies,present
formulae.brew.sh,pkg:brew/theora,https://gitlab.xiph.org/xiph/theora,not_matched,present
formulae.brew.sh,pkg:brew/the_silver_searcher,https://github.com/ggreer/the_silver_searcher,not_matched,present
formulae.brew.sh,pkg:brew/tmux,https://github.com/tmux/tmux,not_matched,missing
formulae.brew.sh,pkg:brew/tree,https://github.com/old-man-programmer/tree,not_matched,present
formulae.brew.sh,pkg:brew/unbound,https://github.com/nlnetlabs/unbound,dependencies,missing
formulae.brew.sh,pkg:brew/unixodbc,https://github.com/lurcher/unixodbc,not_matched,present
formulae.brew.sh,pkg:brew/unzip,,not_matched,no_repository
formulae.brew.sh,pkg:brew/util-linux,https://github.com/util-linux/util-linux,not_matched,missing
formulae.brew.sh,pkg:brew/vim,https://github.com/vim/vim,not_matched,present
formulae.brew.sh,pkg:brew/wangle,https://github.com/facebook/wangle,not_matched,present
formulae.brew.sh,pkg:brew/watchman,https://github.com/facebook/watchman,not_matched,missing
formulae.brew.sh,pkg:brew/webp,https://chromium.googlesource.com/webm/libwebp,not_matched,missing
formulae.brew.sh,pkg:brew/wget,https://git.savannah.gnu.org/git/wget,dependencies,present
formulae.brew.sh,pkg:brew/x264,https://code.videolan.org/videolan/x264,not_matched,present
formulae.brew.sh,pkg:brew/x265,https://github.com/multicorewareinc/x265,not_matched,missing
formulae.brew.sh,pkg:brew/xcbeautify,https://github.com/cpisciotta/xcbeautify,not_matched,present
formulae.brew.sh,pkg:brew/xorgproto,,not_matched,no_repository
formulae.brew.sh,pkg:brew/xz,https://github.com/tukaani-project/xz,dependencies,present
formulae.brew.sh,pkg:brew/yarn,https://github.com/yarnpkg/yarn,not_matched,present
formulae.brew.sh,pkg:brew/yq,https://github.com/mikefarah/yq,not_matched,missing
formulae.brew.sh,pkg:brew/yt-dlp,https://github.com/yt-dlp/yt-dlp,not_matched,present
formulae.brew.sh,pkg:brew/z3,https://github.com/z3prover/z3,not_matched,missing
formulae.brew.sh,pkg:brew/zeromq,https://github.com/zeromq/libzmq,not_matched,present
formulae.brew.sh,pkg:brew/zimg,https://github.com/sekrit-twc/zimg,not_matched,present
formulae.brew.sh,pkg:brew/zlib,https://github.com/madler/zlib,projects,missing
formulae.brew.sh,pkg:brew/zstd,https://github.com/facebook/zstd,not_matched,present
github actions,pkg:githubactions/actions/cache,https://github.com/actions/cache,not_matched,present
github actions,pkg:githubactions/actions/checkout,https://github.com/actions/checkout,not_matched,present
github actions,pkg:githubactions/actions/configure-pages,https://github.com/actions/configure-pages,not_matched,present
github actions,pkg:githubactions/actions/create-release,https://github.com/actions/create-release,not_matched,present
github actions,pkg:githubactions/actions/deploy-pages,https://github.com/actions/deploy-pages,not_matched,present
github actions,pkg:githubactions/actions/download-artifact,https://github.com/actions/download-artifact,not_matched,present
github actions,pkg:githubactions/actions/first-interaction,https://github.com/actions/first-interaction,not_matched,present
github actions,pkg:githubactions/actions/github-script,https://github.com/actions/github-script,not_matched,present
github actions,pkg:githubactions/actions/jekyll-build-pages,https://github.com/actions/jekyll-build-pages,not_matched,present
github actions,pkg:githubactions/actions/labeler,https://github.com/actions/labeler,not_matched,present
github actions,pkg:githubactions/actions-rs/cargo,https://github.com/actions-rs/cargo,not_matched,present
github actions,pkg:githubactions/actions-rs/toolchain,https://github.com/actions-rs/toolchain,not_matched,present
github actions,pkg:githubactions/actions/setup-dotnet,https://github.com/actions/setup-dotnet,not_matched,present
github actions,pkg:githubactions/actions/setup-go,https://github.com/actions/setup-go,not_matched,present
github actions,pkg:githubactions/actions/setup-java,https://github.com/actions/setup-java,not_matched,present
github actions,pkg:githubactions/actions/setup-node,https://github.com/actions/setup-node,not_matched,present
github actions,pkg:githubactions/actions/setup-python,https://github.com/actions/setup-python,not_matched,missing
github actions,pkg:githubactions/actions/setup-ruby,https://github.com/actions/setup-ruby,not_matched,present
github actions,pkg:githubactions/actions/stale,https://github.com/actions/stale,not_matched,missing
github actions,pkg:githubactions/actions/upload-artifact,https://github.com/actions/upload-artifact,not_matched,present
github actions,pkg:githubactions/actions/upload-pages-artifact,https://github.com/actions/upload-pages-artifact,not_matched,present
github actions,pkg:githubactions/actions/upload-release-asset,https://github.com/actions/upload-release-asset,not_matched,present
github actions,pkg:githubactions/ad-m/github-push-action,https://github.com/ad-m/github-push-action,not_matched,present
github actions,pkg:githubactions/amannn/action-semantic-pull-request,https://github.com/amannn/action-semantic-pull-request,not_matched,present
github actions,pkg:githubactions/aws-actions/configure-aws-credentials,https://github.com/aws-actions/configure-aws-credentials,not_matched,missing
github actions,pkg:githubactions/Azure/static-web-apps-deploy,https://github.com/azure/static-web-apps-deploy,not_matched,present
github actions,pkg:githubactions/azure/webapps-deploy,https://github.com/azure/webapps-deploy,not_matched,present
github actions,pkg:githubactions/codecov/codecov-action,https://github.com/codecov/codecov-action,not_matched,missing
github actions,pkg:githubactions/conda-forge/automerge-action,https://github.com/conda-forge/automerge-action,not_matched,present
github actions,pkg:githubactions/conda-forge/webservices-dispatch-action,https://github.com/conda-forge/webservices-dispatch-action,not_matched,present
github actions,pkg:githubactions/conda-incubator/setup-miniconda,https://github.com/conda-incubator/setup-miniconda,dependencies,missing
github actions,pkg:githubactions/coverallsapp/github-action,https://github.com/coverallsapp/github-action,not_matched,missing
github actions,pkg:githubactions/crazy-max/ghaction-github-pages,https://github.com/crazy-max/ghaction-github-pages,not_matched,present
github actions,pkg:githubactions/cypress-io/github-action,https://github.com/cypress-io/github-action,not_matched,missing
github actions,pkg:githubactions/dawidd6/action-download-artifact,https://github.com/dawidd6/action-download-artifact,not_matched,missing
github actions,pkg:githubactions/dessant/lock-threads,https://github.com/dessant/lock-threads,not_matched,present
github actions,pkg:githubactions/docker/build-push-action,https://github.com/docker/build-push-action,not_matched,missing
github actions,pkg:githubactions/docker/login-action,https://github.com/docker/login-action,not_matched,missing
github actions,pkg:githubactions/docker/metadata-action,https://github.com/docker/metadata-action,not_matched,missing
github actions,pkg:githubactions/docker/setup-buildx-action,https://github.com/docker/setup-buildx-action,not_matched,present
github actions,pkg:githubactions/docker/setup-qemu-action,https://github.com/docker/setup-qemu-action,not_matched,missing
github actions,pkg:githubactions/education/autograding,https://github.com/education/autograding,not_matched,present
github actions,pkg:githubactions/EndBug/add-and-commit,https://github.com/endbug/add-and-commit,not_matched,missing
github actions,pkg:githubactions/FirebaseExtended/action-hosting-deploy,https://github.com/firebaseextended/action-hosting-deploy,not_matched,present
github actions,pkg:githubactions/golangci/golangci-lint-action,https://github.com/golangci/golangci-lint-action,not_matched,present
github actions,pkg:githubactions/goreleaser/goreleaser-action,https://github.com/goreleaser/goreleaser-action,not_matched,missing
github actions,pkg:githubactions/gradle/gradle-build-action,https://github.com/gradle/gradle-build-action,not_matched,present
github actions,pkg:githubactions/gradle/wrapper-validation-action,https://github.com/gradle/wrapper-validation-action,not_matched,present
github actions,pkg:githubactions/JamesIves/github-pages-deploy-action,https://github.com/jamesives/github-pages-deploy-action,not_matched,missing
github actions,pkg:githubactions/JS-DevTools/npm-publish,https://github.com/js-devtools/npm-publish,not_matched,present
github actions,pkg:githubactions/microsoft/setup-msbuild,https://github.com/microsoft/setup-msbuild,not_matched,missing
github actions,pkg:githubactions/ncipollo/release-action,https://github.com/ncipollo/release-action,not_matched,present
github actions,pkg:githubactions/peaceiris/actions-gh-pages,https://github.com/peaceiris/actions-gh-pages,not_matched,present
github actions,pkg:githubactions/peter-evans/create-or-update-comment,https://github.com/peter-evans/create-or-update-comment,not_matched,present
github actions,pkg:githubactions/peter-evans/create-pull-request,https://github.com/peter-evans/create-pull-request,not_matched,present
github actions,pkg:githubactions/Platane/snk,https://github.com/platane/snk,not_matched,present
github actions,pkg:githubactions/pnpm/action-setup,https://github.com/pnpm/action-setup,not_matched,present
github actions,pkg:githubactions/pre-commit/action,https://github.com/pre-commit/action,not_matched,present
github actions,pkg:githubactions/pypa/gh-action-pypi-publish,https://github.com/pypa/gh-action-pypi-publish,not_matched,present
github actions,pkg:githubactions/release-drafter/release-drafter,https://github.com/release-drafter/release-drafter,not_matched,missing
github actions,pkg:githubactions/ruby/setup-ruby,https://github.com/ruby/setup-ruby,not_matched,missing
github actions,pkg:githubactions/shivammathur/setup-php,https://github.com/shivammathur/setup-php,not_matched,present
github actions,pkg:githubactions/skills/action-update-step,https://github.com/skills/action-update-step,not_matched,present
github actions,pkg:githubactions/softprops/action-gh-release,https://github.com/softprops/action-gh-release,not_matched,missing
github actions,pkg:githubactions/stefanzweifel/git-auto-commit-action,https://github.com/stefanzweifel/git-auto-commit-action,not_matched,present
github actions,pkg:githubactions/styfle/cancel-workflow-action,https://github.com/styfle/cancel-workflow-action,not_matched,present
github actions,pkg:githubactions/subosito/flutter-action,https://github.com/subosito/flutter-action,not_matched,present
github actions,pkg:githubactions/svenstaro/upload-release-action,https://github.com/svenstaro/upload-release-action,not_matched,present
github actions,pkg:githubactions/Swatinem/rust-cache,https://github.com/swatinem/rust-cache,not_matched,present
github actions,pkg:githubactions/tauri-apps/tauri-action,https://github.com/tauri-apps/tauri-action,not_matched,present
hackage.haskell.org,pkg:hackage/abstract-deque,https://github.com/rrnewton/haskell-lockfree,not_matched,present
hackage.haskell.org,pkg:hackage/abstract-par,https://github.com/simonmar/monad-par,not_matched,present
hackage.haskell.org,pkg:hackage/accelerate,https://github.com/acceleratehs/accelerate,not_matched,present
hackage.haskell.org,pkg:hackage/acid-state,https://github.com/acid-state/acid-state,not_matched,present
hackage.haskell.org,pkg:hackage/active,https://github.com/diagrams/active,not_matched,present
hackage.haskell.org,pkg:hackage/AC-Vector,,not_matched,no_repository
hackage.haskell.org,pkg:hackage/ad,https://github.com/ekmett/ad,dependencies,missing
hackage.haskell.org,pkg:hackage/adjunctions,https://github.com/ekmett/adjunctions,not_matched,present
hackage.haskell.org,pkg:hackage/aeson,https://github.com/haskell/aeson,not_matched,present
hackage.haskell.org,pkg:hackage/aeson-pretty,https://github.com/informatikr/aeson-pretty,not_matched,present
hackage.haskell.org,pkg:hackage/aeson-qq,https://github.com/sol/aeson-qq,not_matched,present
hackage.haskell.org,pkg:hackage/alex,https://github.com/haskell/alex,not_matched,present
hackage.haskell.org,pkg:hackage/amazonka,https://github.com/brendanhay/amazonka.gitlib,not_matched,unknown
hackage.haskell.org,pkg:hackage/amqp,https://github.com/hreinhardt/amqp,not_matched,present
hackage.haskell.org,pkg:hackage/ansi-terminal,https://github.com/unkindpartition/ansi-terminal,not_matched,missing
hackage.haskell.org,pkg:hackage/ansi-wl-pprint,https://github.com/ekmett/ansi-wl-pprint,not_matched,present
hackage.haskell.org,pkg:hackage/appar,https://github.com/kazu-yamamoto/appar,not_matched,present
hackage.haskell.org,pkg:hackage/arithmoi,https://github.com/bodigrim/arithmoi,dependencies,missing
hackage.haskell.org,pkg:hackage/array,https://github.com/haskell/array,dependencies,present
hackage.haskell.org,pkg:hackage/asn1-encoding,https://github.com/vincenthz/hs-asn1encoding,not_matched,unknown
hackage.haskell.org,pkg:hackage/asn1-parse,https://github.com/vincenthz/hs-asn1,not_matched,present
hackage.haskell.org,pkg:hackage/asn1-types,https://github.com/vincenthz/hs-asn1,not_matched,present
hackage.haskell.org,pkg:hackage/async,https://github.com/simonmar/async,not_matched,present
hackage.haskell.org,pkg:hackage/attoparsec,https://github.com/haskell/attoparsec,not_matched,present
hackage.haskell.org,pkg:hackage/attoparsec-enumerator,https://john-millikin.com/code/attoparsec-enumerator,not_matched,unchecked
hackage.haskell.org,pkg:hackage/attoparsec-expr,https://github.com/silkapp/attoparsec-expr,not_matched,present
hackage.haskell.org,pkg:hackage/authenticate,https://github.com/yesodweb/authenticate,not_matched,present
hackage.haskell.org,pkg:hackage/authenticate-oauth,https://github.com/yesodweb/authenticate,not_matched,present
hackage.haskell.org,pkg:hackage/auto-update,https://github.com/yesodweb/wai,not_matched,missing
hackage.haskell.org,pkg:hackage/aws,https://github.com/haskell-pkg-janitors/aws,not_matched,missing
hackage.haskell.org,pkg:hackage/base,https://github.com/haskell/core-libraries-committee,dependencies,missing
hackage.haskell.org,pkg:hackage/base16-bytestring,https://github.com/haskell/base16-bytestring,not_matched,present
hackage.haskell.org,pkg:hackage/base64-bytestring,https://github.com/haskell/base64-bytestring,not_matched,present
hackage.haskell.org,pkg:hackage/base-compat,https://github.com/haskell-compat/base-compatbase-compat,not_matched,unknown
hackage.haskell.org,pkg:hackage/base-prelude,https://github.com/nikita-volkov/base-prelude,not_matched,present
hackage.haskell.org,pkg:hackage/base-unicode-symbols,https://github.com/roelvandijk/base-unicode-symbols,not_matched,present
hackage.haskell.org,pkg:hackage/basic-prelude,https://github.com/snoyberg/basic-prelude,dependencies,present
hackage.haskell.org,pkg:hackage/bcrypt,https://github.com/a1kmm/hs-bcrypt,not_matched,present
hackage.haskell.org,pkg:hackage/bifunctors,https://github.com/ekmett/bifunctors,not_matched,present
hackage.haskell.org,pkg:hackage/binary,https://github.com/kolmodin/binary,not_matched,present
hackage.haskell.org,pkg:hackage/binary-conduit,https://github.com/qnikst/binary-conduit,not_matched,present
hackage.haskell.org,pkg:hackage/bindings-DSL,https://github.com/rethab/bindings-dsl,not_matched,present
hackage.haskell.org,pkg:hackage/bits,https://github.com/ekmett/bits,not_matched,present
hackage.haskell.org,pkg:hackage/blaze-builder,https://github.com/blaze-builder/blaze-builder,not_matched,missing
hackage.haskell.org,pkg:hackage/blaze-html,https://github.com/jaspervdj/blaze-html,dependencies,present
hackage.haskell.org,pkg:hackage/blaze-markup,https://github.com/jaspervdj/blaze-markup,not_matched,present
hackage.haskell.org,pkg:hackage/blaze-svg,https://github.com/diagrams/blaze-svg,not_matched,present
hackage.haskell.org,pkg:hackage/blaze-textual,https://github.com/swamp-agr/blaze-textual,not_matched,present
hackage.haskell.org,pkg:hackage/bloodhound,https://github.com/bitemyapp/bloodhound,not_matched,present
hackage.haskell.org,pkg:hackage/bmp,https://github.com/benl23x5/bmp,not_matched,present
hackage.haskell.org,pkg:hackage/Boolean,https://github.com/conal/boolean,not_matched,present
hackage.haskell.org,pkg:hackage/bound,https://github.com/ekmett/bound,not_matched,present
hackage.haskell.org,pkg:hackage/BoundedChan,https://github.com/galoisinc/boundedchan,not_matched,present
hackage.haskell.org,pkg:hackage/brick,https://github.com/jtdaugherty/brick,not_matched,missing
hackage.haskell.org,pkg:hackage/bson,https://github.com/mongodb-haskell/bson,not_matched,present
hackage.haskell.org,pkg:hackage/byteable,https://github.com/vincenthz/hs-byteable,not_matched,present
hackage.haskell.org,pkg:hackage/bytedump,https://github.com/vincenthz/hs-bytedump,not_matched,present
hackage.haskell.org,pkg:hackage/byteorder,,not_matched,no_repository
hackage.haskell.org,pkg:hackage/bytes,https://github.com/ekmett/bytes,not_matched,present
hackage.haskell.org,pkg:hackage/bytestring,https://github.com/haskell/bytestring,not_matched,present
hackage.haskell.org,pkg:hackage/bytestring-builder,https://github.com/lpsmith/bytestring-builder,not_matched,present
hackage.haskell.org,pkg:hackage/bytestring-lexing,https://github.com/wrengr/bytestring-lexing,not_matched,present
hackage.haskell.org,pkg:hackage/bytestring-mmap,,not_matched,no_repository
hackage.haskell.org,pkg:hackage/bytestring-trie,https://github.com/wrengr/bytestring-trie,not_matched,present
hackage.haskell.org,pkg:hackage/bzlib,https://github.com/haskell/bzlib,not_matched,present
hackage.haskell.org,pkg:hackage/c2hs,https://github.com/haskell/c2hs,not_matched,present
hackage.haskell.org,pkg:hackage/Cabal,https://github.com/haskell/cabal,dependencies;projects,present
hackage.haskell.org,pkg:hackage/cairo,https://github.com/gtk2hs/gtk2hscairo,not_matched,unknown
hackage.haskell.org,pkg:hackage/case-insensitive,https://github.com/basvandijk/case-insensitive,not_matched,present
hackage.haskell.org,pkg:hackage/cases,https://github.com/nikita-volkov/cases,not_matched,present
hackage.haskell.org,pkg:hackage/cassava,https://github.com/haskell-hvr/cassava,dependencies,present
hackage.haskell.org,pkg:hackage/cereal,https://github.com/galoisinc/cereal,not_matched,present
hackage.haskell.org,pkg:hackage/cereal-conduit,https://github.com/snoyberg/conduit,not_matched,present
hackage.haskell.org,pkg:hackage/charset,https://github.com/ekmett/charset,not_matched,present
hackage.haskell.org,pkg:hackage/Chart,https://github.com/timbod7/haskell-chart,not_matched,missing
hackage.haskell.org,pkg:hackage/Chart-diagrams,https://github.com/timbod7/haskell-chart,not_matched,missing
hackage.haskell.org,pkg:hackage/ChasingBottoms,https://www.cse.chalmers.se/~nad/repos/ChasingBottoms,not_matched,unchecked
hackage.haskell.org,pkg:hackage/checkers,https://github.com/haskell-checkers/checkers,not_matched,present
hackage.haskell.org,pkg:hackage/chell,https://github.com/typeclasses/chell,not_matched,present
hackage.haskell.org,pkg:hackage/chunked-data,https://github.com/snoyberg/mono-traversable,not_matched,present
hackage.haskell.org,pkg:hackage/cipher-aes,https://github.com/vincenthz/hs-cipher-aes,not_matched,present
hackage.haskell.org,pkg:hackage/cipher-aes128,https://github.com/tommd/cipher-aes128,not_matched,present
hackage.haskell.org,pkg:hackage/cipher-des,https://github.com/vincenthz/hs-crypto-ciphercipher-des,not_matched,unknown
hackage.haskell.org,pkg:hackage/cipher-rc4,https://github.com/vincenthz/hs-cipher-rc4,not_matched,present
hackage.haskell.org,pkg:hackage/circle-packing,,not_matched,no_repository
hackage.haskell.org,pkg:hackage/classy-prelude,https://github.com/snoyberg/mono-traversable,not_matched,present
hackage.haskell.org,pkg:hackage/classy-prelude-conduit,https://github.com/snoyberg/mono-traversable,not_matched,present
hackage.haskell.org,pkg:hackage/classy-prelude-yesod,https://github.com/snoyberg/mono-traversable,not_matched,present
hackage.haskell.org,pkg:hackage/clay,https://github.com/sebastiaanvisser/clay,not_matched,present
hackage.haskell.org,pkg:hackage/clientsession,https://github.com/yesodweb/clientsession,not_matched,present
hackage.haskell.org,pkg:hackage/clock,https://github.com/corsis/clock,not_matched,present
hackage.haskell.org,pkg:hackage/cmdargs,https://github.com/ndmitchell/cmdargs,dependencies,present
hackage.haskell.org,pkg:hackage/colour,,dependencies,no_repository
hackage.haskell.org,pkg:hackage/comonad,https://github.com/ekmett/comonad,not_matched,present
hackage.haskell.org,pkg:hackage/comonad-transformers,https://github.com/ekmett/comonad-transformers,not_matched,present
hackage.haskell.org,pkg:hackage/composition,,not_matched,no_repository
hackage.haskell.org,pkg:hackage/concurrent-extra,https://github.com/basvandijk/concurrent-extra,not_matched,present
hackage.haskell.org,pkg:hackage/concurrent-supply,https://github.com/ekmett/concurrent-supply,not_matched,present
hackage.haskell.org,pkg:hackage/cond,https://github.com/jcranch/cond,not_matched,missing
hackage.haskell.org,pkg:hackage/conduit,https://github.com/snoyberg/conduit,not_matched,present
hackage.haskell.org,pkg:hackage/conduit-combinators,https://github.com/snoyberg/mono-traversable,not_matched,present
hackage.haskell.org,pkg:hackage/conduit-extra,https://github.com/snoyberg/conduit,not_matched,present
hackage.haskell.org,pkg:hackage/configurator,https://bitbucket.org/bos/configurator,not_matched,unknown
hackage.haskell.org,pkg:hackage/connection,https://github.com/vincenthz/hs-connection,not_matched,present
hackage.haskell.org,pkg:hackage/constraints,https://github.com/ekmett/constraints,not_matched,present
hackage.haskell.org,pkg:hackage/containers,https://github.com/haskell/containers,not_matched,missing
hackage.haskell.org,pkg:hackage/containers-unicode-symbols,https://github.com/roelvandijk/containers-unicode-symbols,not_matched,present
hackage.haskell.org,pkg:hackage/contravariant,https://github.com/ekmett/contravariant,not_matched,present
hackage.haskell.org,pkg:hackage/control-monad-free,https://github.com/pepeiborra/control-monad-free,not_matched,present
hackage.haskell.org,pkg:hackage/convertible,https://github.com/hdbc/convertible,dependencies,present
hackage.haskell.org,pkg:hackage/cookie,https://github.com/snoyberg/cookie,not_matched,present
hackage.haskell.org,pkg:hackage/cpphs,https://github.com/haskell-pkg-janitors/cpphs,not_matched,missing
hackage.haskell.org,pkg:hackage/cprng-aes,https://github.com/vincenthz/hs-cprng-aes,not_matched,present
hackage.haskell.org,pkg:hackage/cpu,https://github.com/vincenthz/hs-cpu,not_matched,present
hackage.haskell.org,pkg:hackage/criterion,https://github.com/haskell/criterion,not_matched,present
hackage.haskell.org,pkg:hackage/crypto-api,https://github.com/tommd/crypto-api,not_matched,present
hackage.haskell.org,pkg:hackage/cryptocipher,https://github.com/vincenthz/hs-crypto-ciphercryptocipher,not_matched,unknown
hackage.haskell.org,pkg:hackage/crypto-cipher-types,https://github.com/vincenthz/hs-crypto-ciphertypes,not_matched,unknown
hackage.haskell.org,pkg:hackage/cryptohash,https://github.com/vincenthz/hs-cryptohash,not_matched,present
hackage.haskell.org,pkg:hackage/cryptohash-conduit,https://github.com/vincenthz/hs-cryptohash-conduit,not_matched,present
hackage.haskell.org,pkg:hackage/cryptohash-cryptoapi,https://github.com/vincenthz/hs-cryptohash-cryptoapi,not_matched,present
hackage.haskell.org,pkg:hackage/cryptonite,https://github.com/haskell-crypto/cryptonite,not_matched,present
hackage.haskell.org,pkg:hackage/crypto-numbers,https://github.com/vincenthz/hs-crypto-numbers,not_matched,present
hackage.haskell.org,pkg:hackage/crypto-pubkey,https://github.com/vincenthz/hs-crypto-pubkey,not_matched,present
hackage.haskell.org,pkg:hackage/crypto-pubkey-types,https://github.com/vincenthz/hs-crypto-pubkey-types,not_matched,present
hackage.haskell.org,pkg:hackage/crypto-random,https://github.com/vincenthz/hs-crypto-randomtypes,not_matched,unknown
hackage.haskell.org,pkg:hackage/crypto-random-api,https://github.com/vincenthz/hs-crypto-random-api,not_matched,present
hackage.haskell.org,pkg:hackage/css-text,https://github.com/yesodweb/css-text,not_matched,present
hackage.haskell.org,pkg:hackage/csv,,not_matched,no_repository
hackage.haskell.org,pkg:hackage/csv-conduit,https://github.com/ozataman/csv-conduit,not_matched,present
hackage.haskell.org,pkg:hackage/curl,https://github.com/galoisinc/curl,not_matched,present
hackage.haskell.org,pkg:hackage/data-accessor,,not_matched,no_repository
hackage.haskell.org,pkg:hackage/data-accessor-mtl,,not_matched,no_repository
hackage.haskell.org,pkg:hackage/data-binary-ieee754,https://john-millikin.com/code/haskell-binary-ieee754,not_matched,unchecked
hackage.haskell.org,pkg:hackage/data-default,https://codeberg.org/mauke/data-default,not_matched,missing
hackage.haskell.org,pkg:hackage/data-default-class,https://github.com/mauke/data-default,dependencies,present
hackage.haskell.org,pkg:hackage/data-default-instances-base,https://github.com/mauke/data-default,not_matched,present
hackage.haskell.org,pkg:hackage/data-default-instances-containers,https://github.com/mauke/data-default,not_matched,present
hackage.haskell.org,pkg:hackage/data-default-instances-dlist,https://github.com/mauke/data-default,not_matched,present
hackage.haskell.org,pkg:hackage/data-default-instances-old-locale,https://github.com/mauke/data-default,not_matched,present
hackage.haskell.org,pkg:hackage/data-lens-light,https://github.com/feuerbach/data-lens-light,not_matched,present
hackage.haskell.org,pkg:hackage/data-memocombinators,https://github.com/luqui/data-memocombinators,not_matched,present
hackage.haskell.org,pkg:hackage/data-reify,https://github.com/ku-fpg/software,not_matched,unknown
hackage.haskell.org,pkg:hackage/Decimal,https://github.com/pauljohnson/haskell-decimal,not_matched,present
hackage.haskell.org,pkg:hackage/deepseq,https://github.com/haskell/deepseq,dependencies,present
hackage.haskell.org,pkg:hackage/deepseq-generics,https://github.com/haskell-hvr/deepseq-generics,not_matched,present
hackage.haskell.org,pkg:hackage/derive,https://github.com/ndmitchell/derive,not_matched,present
hackage.haskell.org,pkg:hackage/diagrams,https://github.com/diagrams/diagrams,not_matched,present
hackage.haskell.org,pkg:hackage/diagrams-cairo,https://github.com/diagrams/diagrams-cairo,not_matched,present
hackage.haskell.org,pkg:hackage/diagrams-contrib,https://github.com/diagrams/diagrams-contrib,dependencies,missing
hackage.haskell.org,pkg:hackage/diagrams-core,https://github.com/diagrams/diagrams-core,not_matched,present
hackage.haskell.org,pkg:hackage/diagrams-lib,https://github.com/diagrams/diagrams-lib,not_matched,present
hackage.haskell.org,pkg:hackage/diagrams-svg,https://github.com/diagrams/diagrams-svg,not_matched,present
hackage.haskell.org,pkg:hackage/Diff,https://github.com/seereason/diff,not_matched,present
hackage.haskell.org,pkg:hackage/digest,https://github.com/teofilc/digest,not_matched,present
hackage.haskell.org,pkg:hackage/digestive-functors,https://github.com/jaspervdj/digestive-functors,not_matched,present
hackage.haskell.org,pkg:hackage/dimensional,https://github.com/bjornbm/dimensional,not_matched,present
hackage.haskell.org,pkg:hackage/directory,https://github.com/haskell/directory,dependencies,missing
hackage.haskell.org,pkg:hackage/directory-tree,https://github.com/jberryman/directory-tree,dependencies,present
hackage.haskell.org,pkg:hackage/direct-sqlite,https://github.com/ireneknapp/direct-sqlite,not_matched,present
hackage.haskell.org,pkg:hackage/distributed-process,https://github.com/haskell-distributed/distributed-processpackages,not_matched,unknown
hackage.haskell.org,pkg:hackage/distributed-static,https://github.com/haskell-distributed/distributed-processpackages,not_matched,unknown
hackage.haskell.org,pkg:hackage/distributive,https://github.com/ekmett/distributive,not_matched,present
hackage.haskell.org,pkg:hackage/dlist,https://github.com/spl/dlist,not_matched,present
hackage.haskell.org,pkg:hackage/dlist-instances,https://github.com/gregwebs/dlist-instances,not_matched,present
hackage.haskell.org,pkg:hackage/doctest,https://github.com/sol/doctest,not_matched,present
hackage.haskell.org,pkg:hackage/double-conversion,https://github.com/haskell/double-conversion,not_matched,present
hackage.haskell.org,pkg:hackage/dual-tree,https://github.com/diagrams/dual-tree,not_matched,present
hackage.haskell.org,pkg:hackage/easy-file,https://github.com/kazu-yamamoto/easy-file,not_matched,present
hackage.haskell.org,pkg:hackage/edit-distance,https://github.com/phadej/edit-distance,not_matched,present
hackage.haskell.org,pkg:hackage/either,https://github.com/ekmett/either,not_matched,missing
hackage.haskell.org,pkg:hackage/email-validate,https://github.com/porges/email-validate-hs,not_matched,present
hackage.haskell.org,pkg:hackage/enclosed-exceptions,https://github.com/jcristovao/enclosed-exceptions,not_matched,present
hackage.haskell.org,pkg:hackage/entropy,https://github.com/tommd/entropy,not_matched,present
hackage.haskell.org,pkg:hackage/enumerator,https://john-millikin.com/code/haskell-enumerator,not_matched,unchecked
hackage.haskell.org,pkg:hackage/erf,,not_matched,no_repository
hackage.haskell.org,pkg:hackage/errors,https://github.com/gabriella439/haskell-errors-library,not_matched,missing
hackage.haskell.org,pkg:hackage/esqueleto,https://github.com/bitemyapp/esqueleto,not_matched,present
hackage.haskell.org,pkg:hackage/exceptions,https://github.com/ekmett/exceptions,not_matched,missing
hackage.haskell.org,pkg:hackage/exception-transformers,https://github.com/mainland/exception-transformers,not_matched,present
hackage.haskell.org,pkg:hackage/executable-path,,dependencies,no_repository
hackage.haskell.org,pkg:hackage/extensible-exceptions,,not_matched,no_repository
hackage.haskell.org,pkg:hackage/extra,https://github.com/ndmitchell/extra,dependencies,present
hackage.haskell.org,pkg:hackage/fast-logger,https://github.com/kazu-yamamoto/logger,not_matched,present
hackage.haskell.org,pkg:hackage/fay,https://github.com/faylang/fay,not_matched,present
hackage.haskell.org,pkg:hackage/fb,https://github.com/psibi/fb,not_matched,present
hackage.haskell.org,pkg:hackage/fclabels,https://github.com/sebastiaanvisser/fclabels,not_matched,present
hackage.haskell.org,pkg:hackage/fgl,https://github.com/haskell/fgl,dependencies,present
hackage.haskell.org,pkg:hackage/file-embed,https://github.com/snoyberg/file-embed,not_matched,present
hackage.haskell.org,pkg:hackage/filemanip,https://github.com/bos/filemanip,not_matched,present
hackage.haskell.org,pkg:hackage/filepath,https://github.com/haskell/filepath,not_matched,present
hackage.haskell.org,pkg:hackage/fingertree,https://hub.darcs.net/ross/fingertree,not_matched,unknown
hackage.haskell.org,pkg:hackage/fixed-vector,https://github.com/shimuuar/fixed-vector,not_matched,present
hackage.haskell.org,pkg:hackage/focus,https://github.com/nikita-volkov/focus,not_matched,present
hackage.haskell.org,pkg:hackage/foldl,https://github.com/gabriella439/haskell-foldl-library,not_matched,present
hackage.haskell.org,pkg:hackage/FontyFruity,https://github.com/twinside/fontyfruity,not_matched,present
hackage.haskell.org,pkg:hackage/force-layout,https://github.com/diagrams/force-layout,not_matched,missing
hackage.haskell.org,pkg:hackage/foreign-store,https://github.com/chrisdone/foreign-store,not_matched,present
hackage.haskell.org,pkg:hackage/formatting,https://github.com/ajchapman/formatting,not_matched,present
hackage.haskell.org,pkg:hackage/free,https://github.com/ekmett/free,not_matched,present
hackage.haskell.org,pkg:hackage/fsnotify,https://github.com/haskell-fswatch/hfsnotify,not_matched,present
hackage.haskell.org,pkg:hackage/gd,,not_matched,no_repository
hackage.haskell.org,pkg:hackage/generic-aeson,https://github.com/silkapp/generic-aeson,not_matched,present
hackage.haskell.org,pkg:hackage/generic-deriving,https://github.com/dreixel/generic-deriving,not_matched,present
hackage.haskell.org,pkg:hackage/GenericPretty,https://github.com/razvanranca/genericpretty,not_matched,present
hackage.haskell.org,pkg:hackage/generics-sop,https://github.com/well-typed/generics-sop,not_matched,present
hackage.haskell.org,pkg:hackage/ghc,,dependencies,no_repository
hackage.haskell.org,pkg:hackage/ghcid,https://github.com/ndmitchell/ghcid,not_matched,present
hackage.haskell.org,pkg:hackage/ghcjs-base,https://github.com/ghcjs/ghcjs-base,not_matched,present
hackage.haskell.org,pkg:hackage/ghcjs-dom,https://github.com/ghcjs/ghcjs-domghcjs-dom,not_matched,unknown
hackage.haskell.org,pkg:hackage/ghc-paths,https://github.com/simonmar/ghc-paths,not_matched,present
hackage.haskell.org,pkg:hackage/ghc-prim,https://gitlab.haskell.org/ghc/ghc.git(libraries/ghc-prim),dependencies,unknown
hackage.haskell.org,pkg:hackage/ghc-syb-utils,https://github.com/danielg/ghc-syb,not_matched,present
hackage.haskell.org,pkg:hackage/gitrev,https://github.com/acfoltzer/gitrev,not_matched,present
hackage.haskell.org,pkg:hackage/gl,https://github.com/ekmett/glgl,not_matched,unknown
hackage.haskell.org,pkg:hackage/GLFW-b,https://github.com/bsl/glfw-b,not_matched,present
hackage.haskell.org,pkg:hackage/glib,https://github.com/gtk2hs/gtk2hs,not_matched,present
hackage.haskell.org,pkg:hackage/Glob,https://github.com/deewiant/glob,dependencies,present
hackage.haskell.org,pkg:hackage/gloss,https://github.com/benl23x5/gloss,not_matched,present
hackage.haskell.org,pkg:hackage/GLURaw,https://github.com/haskell-opengl/glugit,not_matched,unknown
hackage.haskell.org,pkg:hackage/GLUT,https://github.com/haskell-opengl/glut,not_matched,present
hackage.haskell.org,pkg:hackage/graphs,https://github.com/ekmett/graphs,not_matched,present
hackage.haskell.org,pkg:hackage/graphviz,https://codeberg.org/daniel-casanueva/graphviz,dependencies,missing
hackage.haskell.org,pkg:hackage/gravatar,https://github.com/pbrisbin/gravatar,not_matched,present
hackage.haskell.org,pkg:hackage/groundhog,https://github.com/lykahb/groundhog,not_matched,present
hackage.haskell.org,pkg:hackage/groundhog-postgresql,,not_matched,no_repository
hackage.haskell.org,pkg:hackage/groups,https://github.com/taneb/groups,not_matched,present
hackage.haskell.org,pkg:hackage/gtk,https://github.com/gtk2hs/gtk2hsgtk,not_matched,unknown
hackage.haskell.org,pkg:hackage/gtk2hs-buildtools,https://github.com/gtk2hs/gtk2hstools,not_matched,unknown
hackage.haskell.org,pkg:hackage/gtk3,https://github.com/gtk2hs/gtk2hs,not_matched,present
hackage.haskell.org,pkg:hackage/haddock-api,https://github.com/haskell/haddock.githaddock-api,not_matched,unknown
hackage.haskell.org,pkg:hackage/haddock-library,https://github.com/haskell/haddock.githaddock-library,not_matched,unknown
hackage.haskell.org,pkg:hackage/hakyll,https://github.com/jaspervdj/hakyll,not_matched,present
hackage.haskell.org,pkg:hackage/half,https://github.com/ekmett/half,not_matched,missing
hackage.haskell.org,pkg:hackage/hamlet,https://github.com/yesodweb/shakespeare,not_matched,present
hackage.haskell.org,pkg:hackage/HandsomeSoup,https://github.com/egonschiele/handsomesoup,not_matched,present
hackage.haskell.org,pkg:hackage/happstack-server,https://github.com/happstack/happstack-server,not_matched,missing
hackage.haskell.org,pkg:hackage/happy,https://github.com/haskell/happy,dependencies,present
hackage.haskell.org,pkg:hackage/hashable,https://github.com/haskell-unordered-containers/hashable,not_matched,present
hackage.haskell.org,pkg:hackage/hashmap,https://github.com/foxik/hashmap,not_matched,present
hackage.haskell.org,pkg:hackage/hashtables,https://github.com/gregorycollins/hashtables,not_matched,present
hackage.haskell.org,pkg:hackage/haskeline,https://github.com/judah/haskeline,not_matched,present
hackage.haskell.org,pkg:hackage/haskell98,https://git.haskell.org/packages/haskell98,not_matched,unknown
hackage.haskell.org,pkg:hackage/haskell-lexer,https://github.com/yav/haskell-lexer,not_matched,present
hackage.haskell.org,pkg:hackage/haskell-src,https://github.com/haskell-pkg-janitors/haskell-src,not_matched,present
hackage.haskell.org,pkg:hackage/haskell-src-exts,https://github.com/haskell-suite/haskell-src-exts,not_matched,present
hackage.haskell.org,pkg:hackage/haskell-src-meta,https://github.com/haskell-party/haskell-src-meta,not_matched,missing
hackage.haskell.org,pkg:hackage/hasql,https://github.com/nikita-volkov/hasql,not_matched,missing
hackage.haskell.org,pkg:hackage/hastache,https://github.com/lymar/hastache,not_matched,present
hackage.haskell.org,pkg:hackage/HaTeX,https://codeberg.org/daniel-casanueva/HaTeX,not_matched,missing
hackage.haskell.org,pkg:hackage/HaXml,https://github.com/haxml/haxml,not_matched,missing
hackage.haskell.org,pkg:hackage/haxr,https://github.com/byorgey/haxr,not_matched,present
hackage.haskell.org,pkg:hackage/HCodecs,https://github.com/mokosha/hcodecs,not_matched,present
hackage.haskell.org,pkg:hackage/hdaemonize,https://github.com/unprolix/hdaemonize,not_matched,present
hackage.haskell.org,pkg:hackage/HDBC,https://github.com/hdbc/hdbc,not_matched,present
hackage.haskell.org,pkg:hackage/HDBC-sqlite3,https://github.com/hdbc/hdbc-sqlite3,not_matched,present
hackage.haskell.org,pkg:hackage/heaps,https://github.com/ekmett/heaps,not_matched,present
hackage.haskell.org,pkg:hackage/hedgehog,https://github.com/hedgehogqa/haskell-hedgehog,not_matched,present
hackage.haskell.org,pkg:hackage/hedis,https://github.com/informatikr/hedis,not_matched,missing
hackage.haskell.org,pkg:hackage/heist,https://github.com/snapframework/heist,not_matched,present
hackage.haskell.org,pkg:hackage/here,https://github.com/tmhedberg/here,not_matched,present
hackage.haskell.org,pkg:hackage/heredoc,,dependencies,no_repository
hackage.haskell.org,pkg:hackage/highlighting-kate,https://github.com/jgm/highlighting-kate,not_matched,present
hackage.haskell.org,pkg:hackage/hinotify,https://github.com/kolmodin/hinotify,not_matched,present
hackage.haskell.org,pkg:hackage/hint,https://github.com/haskell-hint/hint,not_matched,present
hackage.haskell.org,pkg:hackage/histogram-fill,https://github.com/shimuuar/histogram-fill,not_matched,present
hackage.haskell.org,pkg:hackage/hjsmin,https://github.com/erikd/hjsmin,not_matched,present
hackage.haskell.org,pkg:hackage/hledger,https://github.com/simonmichael/hledger,not_matched,missing
hackage.haskell.org,pkg:hackage/hledger-lib,https://github.com/simonmichael/hledger,not_matched,missing
hackage.haskell.org,pkg:hackage/hlibgit2,https://github.com/jwiegley/gitlib,not_matched,present
hackage.haskell.org,pkg:hackage/hlint,https://github.com/ndmitchell/hlint,not_matched,missing
hackage.haskell.org,pkg:hackage/hmatrix,https://github.com/haskell-numerics/hmatrix,dependencies,present
hackage.haskell.org,pkg:hackage/hmatrix-gsl,https://github.com/albertoruiz/hmatrix,dependencies,present
hackage.haskell.org,pkg:hackage/hoauth2,https://github.com/freizl/hoauth2,not_matched,present
hackage.haskell.org,pkg:hackage/hoogle,https://github.com/ndmitchell/hoogle,not_matched,present
hackage.haskell.org,pkg:hackage/hoopl,https://github.com/haskell/hoopl,not_matched,present
hackage.haskell.org,pkg:hackage/hostname,,dependencies,no_repository
hackage.haskell.org,pkg:hackage/hourglass,https://github.com/vincenthz/hs-hourglass,not_matched,present
hackage.haskell.org,pkg:hackage/hpc,https://gitlab.haskell.org/ghc/packages/hpc,not_matched,present
hackage.haskell.org,pkg:hackage/hs-bibutils,https://github.com/wilx/hs-bibutils,not_matched,present
hackage.haskell.org,pkg:hackage/hscolour,https://code.haskell.org/~malcolm/hscolour,not_matched,unknown
hackage.haskell.org,pkg:hackage/hslogger,https://github.com/haskell-hvr/hslogger,not_matched,present
hackage.haskell.org,pkg:hackage/hslua,https://github.com/hslua/hslua,not_matched,present
hackage.haskell.org,pkg:hackage/HsOpenSSL,https://github.com/haskell-cryptography/hsopenssl,not_matched,present
hackage.haskell.org,pkg:hackage/hspec,https://github.com/hspec/hspec,dependencies,present
hackage.haskell.org,pkg:hackage/hspec-core,https://github.com/hspec/hspechspec-core,not_matched,unknown
hackage.haskell.org,pkg:hackage/hspec-discover,https://github.com/hspec/hspechspec-discover,not_matched,unknown
hackage.haskell.org,pkg:hackage/hspec-expectations,https://github.com/hspec/hspec-expectations,not_matched,present
hackage.haskell.org,pkg:hackage/hspec-wai,https://github.com/hspec/hspec-wai,not_matched,present
hackage.haskell.org,pkg:hackage/hspec-wai-json,https://github.com/hspec/hspec-wai,not_matched,present
hackage.haskell.org,pkg:hackage/HStringTemplate,,not_matched,no_repository
hackage.haskell.org,pkg:hackage/hsyslog,https://github.com/peti/hsyslog,not_matched,present
hackage.haskell.org,pkg:hackage/HTF,https://github.com/skogsbaer/htf,not_matched,present
hackage.haskell.org,pkg:hackage/html,,not_matched,no_repository
hackage.haskell.org,pkg:hackage/html-conduit,https://github.com/snoyberg/xml,not_matched,present
hackage.haskell.org,pkg:hackage/HTTP,https://github.com/haskell/http,not_matched,present
hackage.haskell.org,pkg:hackage/http-api-data,https://github.com/fizruk/http-api-data,not_matched,missing
hackage.haskell.org,pkg:hackage/http-client,https://github.com/snoyberg/http-client,dependencies,present
hackage.haskell.org,pkg:hackage/http-client-tls,https://github.com/snoyberg/http-client,dependencies,present
hackage.haskell.org,pkg:hackage/http-conduit,https://github.com/snoyberg/http-client,not_matched,present
hackage.haskell.org,pkg:hackage/http-date,https://github.com/kazu-yamamoto/http-date,not_matched,present
hackage.haskell.org,pkg:hackage/http-media,https://github.com/zmthy/http-media,not_matched,present
hackage.haskell.org,pkg:hackage/http-reverse-proxy,https://github.com/fpco/http-reverse-proxy,not_matched,present
hackage.haskell.org,pkg:hackage/http-types,https://github.com/vlix/http-types,not_matched,missing
hackage.haskell.org,pkg:hackage/HUnit,https://github.com/hspec/hunit,not_matched,present
hackage.haskell.org,pkg:hackage/hxt,https://github.com/uweschmidt/hxt,not_matched,present
hackage.haskell.org,pkg:hackage/hxt-charproperties,https://github.com/uweschmidt/hxt,not_matched,present
hackage.haskell.org,pkg:hackage/hxt-http,https://github.com/uweschmidt/hxt,not_matched,present
hackage.haskell.org,pkg:hackage/hxt-regex-xmlschema,https://github.com/uweschmidt/hxt,not_matched,present
hackage.haskell.org,pkg:hackage/hxt-unicode,https://github.com/uweschmidt/hxt,dependencies,present
hackage.haskell.org,pkg:hackage/hyphenation,https://github.com/ekmett/hyphenation,not_matched,present
hackage.haskell.org,pkg:hackage/ieee754,https://github.com/patperry/hs-ieee754,not_matched,present
hackage.haskell.org,pkg:hackage/IfElse,,dependencies,no_repository
hackage.haskell.org,pkg:hackage/immortal,https://github.com/feuerbach/immortal,not_matched,present
hackage.haskell.org,pkg:hackage/incremental-parser,https://github.com/blamario/incremental-parser,not_matched,present
hackage.haskell.org,pkg:hackage/indents,https://github.com/jaspervdj/indents,not_matched,present
hackage.haskell.org,pkg:hackage/ini,https://github.com/jhrcek/ini,not_matched,missing
hackage.haskell.org,pkg:hackage/integer-gmp,https://gitlab.haskell.org/ghc/ghc.git(libraries/integer-gmp),dependencies,unknown
hackage.haskell.org,pkg:hackage/integration,https://github.com/ekmett/integration,not_matched,present
hackage.haskell.org,pkg:hackage/interpolate,https://github.com/sol/interpolate,not_matched,present
hackage.haskell.org,pkg:hackage/interpolatedstring-perl6,https://github.com/audreyt/interpolatedstring-perl6,not_matched,present
hackage.haskell.org,pkg:hackage/intervals,https://github.com/ekmett/intervals,not_matched,present
hackage.haskell.org,pkg:hackage/io-streams,https://github.com/snapframework/io-streams,not_matched,present
hackage.haskell.org,pkg:hackage/iproute,https://github.com/kazu-yamamoto/iproute,not_matched,present
hackage.haskell.org,pkg:hackage/iso8601-time,https://github.com/nh2/iso8601-time,not_matched,present
hackage.haskell.org,pkg:hackage/ixset,https://github.com/happstack/ixset,not_matched,present
hackage.haskell.org,pkg:hackage/jsaddle,https://github.com/ghcjs/jsaddle,not_matched,present
hackage.haskell.org,pkg:hackage/js-flot,https://github.com/ndmitchell/js-flot,not_matched,present
hackage.haskell.org,pkg:hackage/js-jquery,https://github.com/ndmitchell/js-jquery,not_matched,present
hackage.haskell.org,pkg:hackage/json,https://github.com/galoisinc/json,not_matched,missing
hackage.haskell.org,pkg:hackage/json-schema,https://github.com/silkapp/json-schema,not_matched,present
hackage.haskell.org,pkg:hackage/JuicyPixels,https://github.com/twinside/juicy.pixels,not_matched,missing
hackage.haskell.org,pkg:hackage/jwt,https://bitbucket.org/puffnfresh/haskell-jwt,not_matched,unknown
hackage.haskell.org,pkg:hackage/kan-extensions,https://github.com/ekmett/kan-extensions,not_matched,present
hackage.haskell.org,pkg:hackage/katip,https://github.com/soostone/katip,not_matched,present
hackage.haskell.org,pkg:hackage/keys,https://github.com/ekmett/keys,not_matched,present
hackage.haskell.org,pkg:hackage/language-c,https://github.com/visq/language-c,not_matched,present
hackage.haskell.org,pkg:hackage/language-ecmascript,https://github.com/jswebtools/language-ecmascript,not_matched,present
hackage.haskell.org,pkg:hackage/language-glsl,https://github.com/noteed/language-glsl,not_matched,present
hackage.haskell.org,pkg:hackage/language-java,https://github.com/vincenthz/language-java,not_matched,present
hackage.haskell.org,pkg:hackage/language-javascript,https://github.com/erikd/language-javascript,not_matched,present
hackage.haskell.org,pkg:hackage/lens,https://github.com/ekmett/lens,not_matched,missing
hackage.haskell.org,pkg:hackage/lens-aeson,https://github.com/lens/lens-aeson,not_matched,present
hackage.haskell.org,pkg:hackage/lens-family-th,https://github.com/danburton/lens-family-th,not_matched,present
hackage.haskell.org,pkg:hackage/lifted-async,https://github.com/maoe/lifted-async,not_matched,present
hackage.haskell.org,pkg:hackage/lifted-base,https://github.com/basvandijk/lifted-base,not_matched,present
hackage.haskell.org,pkg:hackage/linear,https://github.com/ekmett/linear,not_matched,present
hackage.haskell.org,pkg:hackage/ListLike,https://github.com/ddssff/listlike,not_matched,present
hackage.haskell.org,pkg:hackage/list-t,https://github.com/nikita-volkov/list-t,not_matched,present
hackage.haskell.org,pkg:hackage/loch-th,https://github.com/liskin/loch-th,not_matched,present
hackage.haskell.org,pkg:hackage/log-domain,https://github.com/analytics/log-domain,not_matched,present
hackage.haskell.org,pkg:hackage/logict,https://github.com/bodigrim/logict,not_matched,present
hackage.haskell.org,pkg:hackage/loop,https://github.com/nh2/loop,not_matched,present
hackage.haskell.org,pkg:hackage/lucid,https://github.com/chrisdone/lucid,not_matched,present
hackage.haskell.org,pkg:hackage/machines,https://github.com/ekmett/machines,not_matched,present
hackage.haskell.org,pkg:hackage/map-syntax,https://github.com/mightybyte/map-syntax,not_matched,present
hackage.haskell.org,pkg:hackage/markdown,https://github.com/snoyberg/markdown,not_matched,present
hackage.haskell.org,pkg:hackage/markdown-unlit,https://github.com/sol/markdown-unlit,not_matched,present
hackage.haskell.org,pkg:hackage/math-functions,https://github.com/bos/math-functions,not_matched,present
hackage.haskell.org,pkg:hackage/matrix,https://codeberg.org/daniel-casanueva/matrix,dependencies,missing
hackage.haskell.org,pkg:hackage/megaparsec,https://github.com/mrkkrp/megaparsec,dependencies,present
hackage.haskell.org,pkg:hackage/memory,https://github.com/vincenthz/hs-memory,not_matched,present
hackage.haskell.org,pkg:hackage/MemoTrie,https://github.com/conal/memotrie,not_matched,present
hackage.haskell.org,pkg:hackage/mersenne-random-pure64,https://github.com/bgamari/mersenne-random-pure64,not_matched,present
hackage.haskell.org,pkg:hackage/messagepack,https://github.com/rodrigosetti/messagepack,not_matched,present
hackage.haskell.org,pkg:hackage/microlens,https://github.com/stevenfontanella/microlens,dependencies,present
hackage.haskell.org,pkg:hackage/microlens-th,https://github.com/stevenfontanella/microlens,dependencies,present
hackage.haskell.org,pkg:hackage/mime-mail,https://github.com/snoyberg/mime-mail,not_matched,present
hackage.haskell.org,pkg:hackage/mime-mail-ses,https://github.com/snoyberg/mime-mail,not_matched,present
hackage.haskell.org,pkg:hackage/mime-types,https://github.com/yesodweb/wai.gitmime-types,not_matched,unknown
hackage.haskell.org,pkg:hackage/missing-foreign,https://github.com/dagit/missing-foreign,not_matched,present
hackage.haskell.org,pkg:hackage/MissingH,https://github.com/haskell-hvr/missingh,dependencies,present
hackage.haskell.org,pkg:hackage/mmap,https://code.haskell.org/mmap,not_matched,unknown
hackage.haskell.org,pkg:hackage/mmorph,https://github.com/gabriella439/haskell-mmorph-library,not_matched,present
hackage.haskell.org,pkg:hackage/MonadCatchIO-transformers,https://hub.darcs.net/AriePeterson/MonadCatchIO-transformers,not_matched,unknown
hackage.haskell.org,pkg:hackage/monad-control,https://github.com/basvandijk/monad-control,not_matched,present
hackage.haskell.org,pkg:hackage/monad-coroutine,https://hub.darcs.net/blamario/SCC,not_matched,unknown
hackage.haskell.org,pkg:hackage/monad-journal,https://github.com/phaazon/monad-journal,not_matched,unknown
hackage.haskell.org,pkg:hackage/monad-logger,https://github.com/snoyberg/monad-logger,not_matched,present
hackage.haskell.org,pkg:hackage/monad-loops,https://github.com/mokus0/monad-loops,not_matched,present
hackage.haskell.org,pkg:hackage/monad-par,https://github.com/simonmar/monad-par,not_matched,present
hackage.haskell.org,pkg:hackage/monad-parallel,,not_matched,no_repository
hackage.haskell.org,pkg:hackage/monad-par-extras,https://github.com/simonmar/monad-par,not_matched,present
hackage.haskell.org,pkg:hackage/MonadPrompt,,not_matched,no_repository
hackage.haskell.org,pkg:hackage/MonadRandom,https://github.com/byorgey/monadrandom,not_matched,present
hackage.haskell.org,pkg:hackage/monads-tf,https://github.com/typeclasses/monads-tf,not_matched,present
hackage.haskell.org,pkg:hackage/mongoDB,https://github.com/mongodb-haskell/mongodb,not_matched,present
hackage.haskell.org,pkg:hackage/monoid-extras,https://github.com/diagrams/monoid-extras,not_matched,present
hackage.haskell.org,pkg:hackage/monoid-subclasses,https://github.com/blamario/monoid-subclasses,not_matched,present
hackage.haskell.org,pkg:hackage/mono-traversable,https://github.com/snoyberg/mono-traversable,not_matched,present
hackage.haskell.org,pkg:hackage/mtl,https://github.com/haskell/mtl,not_matched,present
hackage.haskell.org,pkg:hackage/mtl-prelude,https://github.com/nikita-volkov/mtl-prelude,not_matched,present
hackage.haskell.org,pkg:hackage/multimap,,not_matched,no_repository
hackage.haskell.org,pkg:hackage/multipart,https://github.com/silkapp/multipart,not_matched,present
hackage.haskell.org,pkg:hackage/mwc-random,https://github.com/haskell/mwc-random,not_matched,present
hackage.haskell.org,pkg:hackage/mysql,https://github.com/paul-rouse/mysql,not_matched,present
hackage.haskell.org,pkg:hackage/mysql-simple,https://github.com/paul-rouse/mysql-simple,not_matched,present
hackage.haskell.org,pkg:hackage/nats,https://github.com/ekmett/nats,not_matched,present
hackage.haskell.org,pkg:hackage/neat-interpolation,https://github.com/nikita-volkov/neat-interpolation,not_matched,present
hackage.haskell.org,pkg:hackage/network,https://github.com/haskell/network,not_matched,missing
hackage.haskell.org,pkg:hackage/network-conduit-tls,https://github.com/snoyberg/conduit,not_matched,present
hackage.haskell.org,pkg:hackage/network-info,https://github.com/jacobstanley/network-info,not_matched,present
hackage.haskell.org,pkg:hackage/network-simple,https://github.com/k0001/network-simple,not_matched,present
hackage.haskell.org,pkg:hackage/network-transport,https://github.com/haskell-distributed/distributed-processpackages,not_matched,unknown
hackage.haskell.org,pkg:hackage/network-transport-tcp,https://github.com/haskell-distributed/distributed-processpackages,not_matched,unknown
hackage.haskell.org,pkg:hackage/network-uri,https://github.com/haskell/network-uri,not_matched,present
hackage.haskell.org,pkg:hackage/newtype,https://github.com/hvr/newtype,not_matched,present
hackage.haskell.org,pkg:hackage/nsis,https://github.com/ndmitchell/nsis,not_matched,present
hackage.haskell.org,pkg:hackage/numbers,https://github.com/jwiegley/numbers,not_matched,present
hackage.haskell.org,pkg:hackage/NumInstances,https://github.com/conal/numinstances,dependencies,present
hackage.haskell.org,pkg:hackage/old-locale,https://github.com/haskell/old-locale,not_matched,present
hackage.haskell.org,pkg:hackage/old-time,https://github.com/haskell/old-time,not_matched,present
hackage.haskell.org,pkg:hackage/OneTuple,https://github.com/phadej/onetuple,not_matched,present
hackage.haskell.org,pkg:hackage/opaleye,https://github.com/tomjaguarpaw/haskell-opaleye,not_matched,present
hackage.haskell.org,pkg:hackage/openapi-petstore,,not_matched,no_repository
hackage.haskell.org,pkg:hackage/OpenGL,https://github.com/haskell-opengl/opengl,not_matched,present
hackage.haskell.org,pkg:hackage/OpenGLRaw,https://github.com/haskell-opengl/openglraw,not_matched,present
hackage.haskell.org,pkg:hackage/openpgp-asciiarmor,https://salsa.debian.org/clint/openpgp-asciiarmor,not_matched,unchecked
hackage.haskell.org,pkg:hackage/operational,https://github.com/heinrichapfelmus/operational,not_matched,present
hackage.haskell.org,pkg:hackage/options,https://github.com/typeclasses/options,not_matched,present
hackage.haskell.org,pkg:hackage/optparse-applicative,https://github.com/pcapriotti/optparse-applicative,not_matched,present
hackage.haskell.org,pkg:hackage/optparse-simple,https://github.com/fpco/optparse-simple,not_matched,present
hackage.haskell.org,pkg:hackage/pandoc,https://github.com/jgm/pandoc,not_matched,missing
hackage.haskell.org,pkg:hackage/pandoc-citeproc,https://github.com/jgm/pandoc-citeproc,not_matched,present
hackage.haskell.org,pkg:hackage/pandoc-types,https://github.com/jgm/pandoc-types,not_matched,present
hackage.haskell.org,pkg:hackage/pango,https://github.com/gtk2hs/gtk2hs,not_matched,present
hackage.haskell.org,pkg:hackage/parallel,https://github.com/haskell/parallel,not_matched,present
hackage.haskell.org,pkg:hackage/parallel-io,https://github.com/batterseapower/parallel-io,not_matched,present
hackage.haskell.org,pkg:hackage/parseargs,https://github.com/bartmassey/parseargs,not_matched,present
hackage.haskell.org,pkg:hackage/parsec,https://github.com/haskell/parsec,not_matched,present
hackage.haskell.org,pkg:hackage/parser-combinators,https://github.com/mrkkrp/parser-combinators,not_matched,present
hackage.haskell.org,pkg:hackage/parsers,https://github.com/ekmett/parsers,not_matched,present
hackage.haskell.org,pkg:hackage/path,https://github.com/commercialhaskell/path,not_matched,present
hackage.haskell.org,pkg:hackage/path-io,https://github.com/mrkkrp/path-io,not_matched,present
hackage.haskell.org,pkg:hackage/path-pieces,https://github.com/yesodweb/path-pieces,not_matched,present
hackage.haskell.org,pkg:hackage/pcre-light,,not_matched,no_repository
hackage.haskell.org,pkg:hackage/pem,https://github.com/vincenthz/hs-pem,not_matched,present
hackage.haskell.org,pkg:hackage/persistent,https://github.com/yesodweb/persistent,not_matched,present
hackage.haskell.org,pkg:hackage/persistent-mongoDB,https://github.com/yesodweb/persistent,not_matched,present
hackage.haskell.org,pkg:hackage/persistent-mysql,https://github.com/yesodweb/persistent,not_matched,present
hackage.haskell.org,pkg:hackage/persistent-postgresql,https://github.com/yesodweb/persistent,not_matched,present
hackage.haskell.org,pkg:hackage/persistent-sqlite,https://github.com/yesodweb/persistent,not_matched,present
hackage.haskell.org,pkg:hackage/persistent-template,https://github.com/yesodweb/persistent,not_matched,present
hackage.haskell.org,pkg:hackage/pipes,https://github.com/gabriella439/haskell-pipes-library,dependencies,present
hackage.haskell.org,pkg:hackage/pipes-bytestring,https://github.com/gabriella439/haskell-pipes-bytestring-library,not_matched,present
hackage.haskell.org,pkg:hackage/pipes-concurrency,https://github.com/gabriella439/haskell-pipes-concurrency-library,not_matched,unknown
hackage.haskell.org,pkg:hackage/pipes-parse,https://github.com/gabriella439/haskell-pipes-parse-library,dependencies,present
hackage.haskell.org,pkg:hackage/pipes-safe,https://github.com/gabriella439/haskell-pipes-safe-library,dependencies,missing
hackage.haskell.org,pkg:hackage/placeholders,https://github.com/ahammar/placeholders,not_matched,present
hackage.haskell.org,pkg:hackage/pointed,https://github.com/ekmett/pointed,not_matched,present
hackage.haskell.org,pkg:hackage/polyparse,https://github.com/haskell-pkg-janitors/polyparse,not_matched,missing
hackage.haskell.org,pkg:hackage/postgresql-binary,https://github.com/nikita-volkov/postgresql-binary,not_matched,present
hackage.haskell.org,pkg:hackage/postgresql-libpq,https://github.com/haskellari/postgresql-libpq,not_matched,present
hackage.haskell.org,pkg:hackage/postgresql-simple,https://github.com/haskellari/postgresql-simple,not_matched,present
hackage.haskell.org,pkg:hackage/pqueue,https://github.com/lspitzner/pqueue,not_matched,present
hackage.haskell.org,pkg:hackage/prelude-extras,https://github.com/ekmett/prelude-extras,not_matched,present
hackage.haskell.org,pkg:hackage/pretty,https://github.com/haskell/pretty,not_matched,present
hackage.haskell.org,pkg:hackage/prettyclass,,not_matched,no_repository
hackage.haskell.org,pkg:hackage/prettyprinter,https://github.com/quchen/prettyprinter,not_matched,missing
hackage.haskell.org,pkg:hackage/pretty-show,https://github.com/yav/pretty-show,not_matched,present
hackage.haskell.org,pkg:hackage/pretty-simple,https://github.com/cdepillabout/pretty-simple,not_matched,present
hackage.haskell.org,pkg:hackage/primes,https://github.com/sebfisch/primes,not_matched,present
hackage.haskell.org,pkg:hackage/primitive,https://github.com/haskell/primitive,not_matched,present
hackage.haskell.org,pkg:hackage/process,https://github.com/haskell/process,dependencies,present
hackage.haskell.org,pkg:hackage/process-extras,https://github.com/seereason/process-extras,not_matched,present
hackage.haskell.org,pkg:hackage/product-profunctors,https://github.com/tomjaguarpaw/product-profunctors,not_matched,present
hackage.haskell.org,pkg:hackage/profunctors,https://github.com/ekmett/profunctors,not_matched,missing
hackage.haskell.org,pkg:hackage/project-template,https://github.com/fpco/haskell-ide,not_matched,present
hackage.haskell.org,pkg:hackage/protolude,https://github.com/protolude/protolude,not_matched,present
hackage.haskell.org,pkg:hackage/pureMD5,https://github.com/tommd/puremd5,not_matched,present
hackage.haskell.org,pkg:hackage/pwstore-fast,https://github.com/peterscott/pwstore,not_matched,present
hackage.haskell.org,pkg:hackage/QuickCheck,https://github.com/nick8325/quickcheck,not_matched,present
hackage.haskell.org,pkg:hackage/quickcheck-assertions,https://github.com/s9gf4ult/quickcheck-assertions,not_matched,present
hackage.haskell.org,pkg:hackage/quickcheck-instances,https://github.com/haskellari/qc-instances,not_matched,present
hackage.haskell.org,pkg:hackage/quickcheck-io,https://github.com/hspec/quickcheck-io,not_matched,present
hackage.haskell.org,pkg:hackage/quickcheck-unicode,https://github.com/bos/quickcheck-unicode,not_matched,present
hackage.haskell.org,pkg:hackage/rainbow,https://github.com/massysett/rainbow,not_matched,unknown
hackage.haskell.org,pkg:hackage/random,https://github.com/haskell/random,dependencies,present
hackage.haskell.org,pkg:hackage/random-fu,https://github.com/mokus0/random-fu,dependencies,present
hackage.haskell.org,pkg:hackage/random-shuffle,,dependencies,no_repository
hackage.haskell.org,pkg:hackage/random-source,https://github.com/mokus0/random-fu,not_matched,present
hackage.haskell.org,pkg:hackage/Rasterific,https://github.com/twinside/rasterific,not_matched,present
hackage.haskell.org,pkg:hackage/raw-strings-qq,https://github.com/23skidoo/raw-strings-qq,not_matched,present
hackage.haskell.org,pkg:hackage/ReadArgs,https://github.com/rampion/readargs,not_matched,present
hackage.haskell.org,pkg:hackage/reducers,https://github.com/ekmett/reducers,not_matched,present
hackage.haskell.org,pkg:hackage/reflection,https://github.com/ekmett/reflection,not_matched,present
hackage.haskell.org,pkg:hackage/regex-applicative,https://github.com/feuerbach/regex-applicative,not_matched,present
hackage.haskell.org,pkg:hackage/regex-base,https://github.com/haskell-hvr/regex-base,not_matched,present
hackage.haskell.org,pkg:hackage/regex-compat,https://github.com/haskell-hvr/regex-compat,dependencies,present
hackage.haskell.org,pkg:hackage/regex-pcre-builtin,https://github.com/audreyt/regex-pcre-builtin,not_matched,present
hackage.haskell.org,pkg:hackage/regex-posix,https://github.com/haskell-hvr/regex-posix,not_matched,present
hackage.haskell.org,pkg:hackage/regex-tdfa,https://github.com/haskell-hvr/regex-tdfa,dependencies,present
hackage.haskell.org,pkg:hackage/reload,https://github.com/jpmoresmau/reload,not_matched,present
hackage.haskell.org,pkg:hackage/repa,,not_matched,no_repository
hackage.haskell.org,pkg:hackage/repa-algorithms,,not_matched,no_repository
hackage.haskell.org,pkg:hackage/repa-io,,not_matched,no_repository
hackage.haskell.org,pkg:hackage/reroute,https://github.com/agrafix/spock,not_matched,missing
hackage.haskell.org,pkg:hackage/resource-pool,https://github.com/scrive/pool,not_matched,present
hackage.haskell.org,pkg:hackage/resourcet,https://github.com/snoyberg/conduit,not_matched,present
hackage.haskell.org,pkg:hackage/rest-core,https://github.com/silkapp/rest,not_matched,present
hackage.haskell.org,pkg:hackage/retry,https://github.com/soostone/retry,not_matched,present
hackage.haskell.org,pkg:hackage/rfc5051,https://github.com/jgm/rfc5051,not_matched,present
hackage.haskell.org,pkg:hackage/rio,https://github.com/commercialhaskell/rio,not_matched,present
hackage.haskell.org,pkg:hackage/rvar,https://github.com/haskell-numerics/random-furvar,not_matched,unknown
hackage.haskell.org,pkg:hackage/safe,https://github.com/ndmitchell/safe,not_matched,present
hackage.haskell.org,pkg:hackage/safecopy,https://github.com/acid-state/safecopy,not_matched,present
hackage.haskell.org,pkg:hackage/safe-exceptions,https://github.com/fpco/safe-exceptions,not_matched,present
hackage.haskell.org,pkg:hackage/sbv,https://github.com/leventerkok/sbv,dependencies,missing
hackage.haskell.org,pkg:hackage/scientific,https://github.com/basvandijk/scientific,not_matched,present
hackage.haskell.org,pkg:hackage/scotty,https://github.com/scotty-web/scotty,not_matched,present
hackage.haskell.org,pkg:hackage/sdl2,https://github.com/haskell-game/sdl2,not_matched,missing
hackage.haskell.org,pkg:hackage/securemem,https://github.com/vincenthz/hs-securemem,not_matched,present
hackage.haskell.org,pkg:hackage/semigroupoids,https://github.com/ekmett/semigroupoids,not_matched,missing
hackage.haskell.org,pkg:hackage/semigroups,https://github.com/ekmett/semigroups,not_matched,present
hackage.haskell.org,pkg:hackage/sendfile,https://github.com/happstack/sendfile,not_matched,present
hackage.haskell.org,pkg:hackage/serialise,https://github.com/well-typed/cborg,not_matched,present
hackage.haskell.org,pkg:hackage/servant,https://github.com/haskell-servant/servant,not_matched,missing
hackage.haskell.org,pkg:hackage/servant-client,https://github.com/haskell-servant/servant,not_matched,missing
hackage.haskell.org,pkg:hackage/servant-client-core,https://github.com/haskell-servant/servant,not_matched,missing
hackage.haskell.org,pkg:hackage/servant-docs,https://github.com/haskell-servant/servant,not_matched,missing
hackage.haskell.org,pkg:hackage/servant-server,https://github.com/haskell-servant/servant,not_matched,missing
hackage.haskell.org,pkg:hackage/setenv,https://github.com/sol/setenv,not_matched,present
hackage.haskell.org,pkg:hackage/SHA,https://github.com/galoisinc/sha,not_matched,present
hackage.haskell.org,pkg:hackage/shake,https://github.com/ndmitchell/shake,not_matched,present
hackage.haskell.org,pkg:hackage/shakespeare,https://github.com/yesodweb/shakespeare,not_matched,present
hackage.haskell.org,pkg:hackage/shakespeare-css,https://github.com/yesodweb/shakespeare,not_matched,present
hackage.haskell.org,pkg:hackage/shakespeare-js,https://github.com/yesodweb/shakespeare,not_matched,present
hackage.haskell.org,pkg:hackage/shakespeare-text,https://github.com/yesodweb/shakespeare,not_matched,present
hackage.haskell.org,pkg:hackage/shell-conduit,https://github.com/psibi/shell-conduit,not_matched,present
hackage.haskell.org,pkg:hackage/shelly,https://github.com/gregwebs/shelly.hs,dependencies,present
hackage.haskell.org,pkg:hackage/silently,https://github.com/hspec/silently,not_matched,present
hackage.haskell.org,pkg:hackage/simple-reflect,https://github.com/twanvl/simple-reflect,not_matched,present
hackage.haskell.org,pkg:hackage/simple-sendfile,https://github.com/kazu-yamamoto/simple-sendfile,not_matched,present
hackage.haskell.org,pkg:hackage/singletons,https://github.com/goldfirere/singletons,not_matched,present
hackage.haskell.org,pkg:hackage/siphash,https://github.com/vincenthz/hs-siphash,not_matched,present
hackage.haskell.org,pkg:hackage/skein,https://github.com/meteficha/skein,not_matched,present
hackage.haskell.org,pkg:hackage/smallcheck,https://github.com/bodigrim/smallcheck,not_matched,present
hackage.haskell.org,pkg:hackage/snap,https://github.com/snapframework/snap,dependencies,present
hackage.haskell.org,pkg:hackage/snap-core,https://github.com/snapframework/snap-core,not_matched,present
hackage.haskell.org,pkg:hackage/snap-server,https://github.com/snapframework/snap-server,not_matched,present
hackage.haskell.org,pkg:hackage/socks,https://github.com/vincenthz/hs-socks,not_matched,present
hackage.haskell.org,pkg:hackage/split,https://github.com/byorgey/split,dependencies,present
hackage.haskell.org,pkg:hackage/Spock,https://github.com/agrafix/spock,not_matched,missing
hackage.haskell.org,pkg:hackage/spoon,,not_matched,no_repository
hackage.haskell.org,pkg:hackage/sqlite-simple,https://github.com/nurpax/sqlite-simple,not_matched,present
hackage.haskell.org,pkg:hackage/StateVar,https://github.com/haskell-opengl/statevar,not_matched,present
hackage.haskell.org,pkg:hackage/statistics,https://github.com/haskell/statistics,dependencies,present
hackage.haskell.org,pkg:hackage/stm,https://github.com/haskell/stm,not_matched,missing
hackage.haskell.org,pkg:hackage/stm-chans,https://github.com/wrengr/stm-chans,not_matched,present
hackage.haskell.org,pkg:hackage/stm-conduit,https://github.com/cgaebel/stm-conduit,not_matched,present
hackage.haskell.org,pkg:hackage/stm-containers,https://github.com/nikita-volkov/stm-containers,not_matched,present
hackage.haskell.org,pkg:hackage/storable-complex,https://github.com/cartazio/storable-complex,not_matched,present
hackage.haskell.org,pkg:hackage/storable-endian,https://github.com/jkff/storable-endian,not_matched,present
hackage.haskell.org,pkg:hackage/streaming-commons,https://github.com/fpco/streaming-commons,not_matched,present
hackage.haskell.org,pkg:hackage/strict,https://github.com/haskell-strict/strict,not_matched,present
hackage.haskell.org,pkg:hackage/stringbuilder,https://github.com/sol/stringbuilder,not_matched,present
hackage.haskell.org,pkg:hackage/string-conversions,https://github.com/soenkehahn/string-conversions,not_matched,present
hackage.haskell.org,pkg:hackage/stringsearch,https://bitbucket.org/dafis/stringsearch,not_matched,unknown
hackage.haskell.org,pkg:hackage/SVGFonts,https://github.com/diagrams/svgfonts,not_matched,present
hackage.haskell.org,pkg:hackage/swagger2,https://github.com/getshoptv/swagger2,not_matched,present
hackage.haskell.org,pkg:hackage/syb,https://github.com/dreixel/syb,not_matched,present
hackage.haskell.org,pkg:hackage/system-fileio,https://github.com/fpco/haskell-filesystem,not_matched,present
hackage.haskell.org,pkg:hackage/system-filepath,https://github.com/fpco/haskell-filesystem,not_matched,present
hackage.haskell.org,pkg:hackage/tabular,https://github.com/bgamari/tabular,not_matched,present
hackage.haskell.org,pkg:hackage/tagged,https://github.com/ekmett/tagged,not_matched,present
hackage.haskell.org,pkg:hackage/tagsoup,https://github.com/ndmitchell/tagsoup,not_matched,present
hackage.haskell.org,pkg:hackage/tagstream-conduit,https://github.com/yihuang/tagstream-conduit,not_matched,present
hackage.haskell.org,pkg:hackage/tar,https://github.com/haskell/tar,not_matched,present
hackage.haskell.org,pkg:hackage/tardis,https://github.com/danburton/tardis,not_matched,present
hackage.haskell.org,pkg:hackage/tasty,https://github.com/unkindpartition/tasty.gitcore,not_matched,unknown
hackage.haskell.org,pkg:hackage/tasty-ant-xml,https://github.com/ocharles/tasty-ant-xml,not_matched,present
hackage.haskell.org,pkg:hackage/tasty-expected-failure,https://github.com/nomeata/tasty-expected-failure,not_matched,present
hackage.haskell.org,pkg:hackage/tasty-golden,https://github.com/unkindpartition/tasty-golden,not_matched,present
hackage.haskell.org,pkg:hackage/tasty-hedgehog,https://github.com/qfpl/tasty-hedgehog,not_matched,present
hackage.haskell.org,pkg:hackage/tasty-hspec,https://github.com/mitchellwrosen/tasty-hspec,not_matched,present
hackage.haskell.org,pkg:hackage/tasty-hunit,https://github.com/unkindpartition/tasty.githunit,not_matched,unknown
hackage.haskell.org,pkg:hackage/tasty-quickcheck,https://github.com/unkindpartition/tasty.gitquickcheck,not_matched,unknown
hackage.haskell.org,pkg:hackage/tasty-smallcheck,https://github.com/feuerbach/tasty.gitsmallcheck,not_matched,unknown
hackage.haskell.org,pkg:hackage/tasty-th,https://github.com/bennofs/tasty-th,not_matched,present
hackage.haskell.org,pkg:hackage/template-haskell,https://gitlab.haskell.org/ghc/ghc.git(libraries/template-haskell),dependencies,unknown
hackage.haskell.org,pkg:hackage/temporary,https://github.com/feuerbach/temporary,not_matched,present
hackage.haskell.org,pkg:hackage/terminal-progress-bar,https://github.com/roelvandijk/terminal-progress-bar,not_matched,present
hackage.haskell.org,pkg:hackage/terminal-size,https://github.com/biegunka/terminal-size,dependencies,present
hackage.haskell.org,pkg:hackage/terminfo,https://github.com/judah/terminfo,not_matched,present
hackage.haskell.org,pkg:hackage/test-framework,https://github.com/haskell/test-framework.gitcore,not_matched,unknown
hackage.haskell.org,pkg:hackage/test-framework-hunit,https://github.com/haskell/test-framework.githunit,not_matched,unknown
hackage.haskell.org,pkg:hackage/test-framework-quickcheck2,https://github.com/haskell/test-framework.gitquickcheck2,not_matched,unknown
hackage.haskell.org,pkg:hackage/test-framework-th,https://github.com/finnsson/test-generator,not_matched,present
hackage.haskell.org,pkg:hackage/texmath,https://github.com/jgm/texmath,not_matched,missing
hackage.haskell.org,pkg:hackage/text,https://github.com/haskell/text,not_matched,missing
hackage.haskell.org,pkg:hackage/text-binary,https://github.com/kawu/text-binary,not_matched,present
hackage.haskell.org,pkg:hackage/text-format,https://github.com/hackage-trustees/text-format,not_matched,present
hackage.haskell.org,pkg:hackage/text-icu,https://github.com/haskell/text-icu,not_matched,present
hackage.haskell.org,pkg:hackage/tf-random,https://hub.darcs.net/michal.palka/tf-random,not_matched,unknown
hackage.haskell.org,pkg:hackage/th-desugar,https://github.com/goldfirere/th-desugar,not_matched,missing
hackage.haskell.org,pkg:hackage/th-expand-syns,https://github.com/danielschuessler/th-expand-syns,not_matched,present
hackage.haskell.org,pkg:hackage/th-extras,https://github.com/erikd/th-extras,not_matched,present
hackage.haskell.org,pkg:hackage/th-lift,https://github.com/ryanglscott/th-lift,not_matched,present
hackage.haskell.org,pkg:hackage/th-orphans,https://github.com/mgsloan/th-orphans,not_matched,present
hackage.haskell.org,pkg:hackage/threads,https://github.com/basvandijk/threads,not_matched,present
hackage.haskell.org,pkg:hackage/th-reify-many,https://github.com/mgsloan/th-reify-many,not_matched,present
hackage.haskell.org,pkg:hackage/thyme,https://github.com/fumieval/thyme,not_matched,present
hackage.haskell.org,pkg:hackage/time,https://github.com/haskell/time,not_matched,present
hackage.haskell.org,pkg:hackage/time-compat,https://github.com/haskellari/time-compat,not_matched,present
hackage.haskell.org,pkg:hackage/time-lens,https://github.com/feuerbach/time-lens,not_matched,present
hackage.haskell.org,pkg:hackage/time-locale-compat,https://github.com/khibino/haskell-time-locale-compat,not_matched,present
hackage.haskell.org,pkg:hackage/timezone-olson,https://github.com/ygale/timezone-olson,not_matched,present
hackage.haskell.org,pkg:hackage/timezone-series,https://github.com/ygale/timezone-series,not_matched,present
hackage.haskell.org,pkg:hackage/tls,https://github.com/haskell-tls/hs-tlstls,not_matched,unknown
hackage.haskell.org,pkg:hackage/tostring,https://github.com/silkapp/tostring,not_matched,present
hackage.haskell.org,pkg:hackage/transformers,https://github.com/haskell/transformers,dependencies,missing
hackage.haskell.org,pkg:hackage/transformers-base,https://github.com/mvv/transformers-base,not_matched,present
hackage.haskell.org,pkg:hackage/transformers-compat,https://github.com/ekmett/transformers-compat,not_matched,present
hackage.haskell.org,pkg:hackage/traverse-with-class,https://github.com/feuerbach/traverse-with-class,not_matched,present
hackage.haskell.org,pkg:hackage/trifecta,https://github.com/ekmett/trifecta,not_matched,present
hackage.haskell.org,pkg:hackage/tuple,https://github.com/augustss/tuple,not_matched,present
hackage.haskell.org,pkg:hackage/turtle,https://github.com/gabriella439/turtle,not_matched,present
hackage.haskell.org,pkg:hackage/unbounded-delays,https://github.com/basvandijk/unbounded-delays,not_matched,present
hackage.haskell.org,pkg:hackage/unbound-generics,https://github.com/lambdageek/unbound-generics,not_matched,present
hackage.haskell.org,pkg:hackage/union-find,https://github.com/nominolo/union-find,not_matched,present
hackage.haskell.org,pkg:hackage/uniplate,https://github.com/ndmitchell/uniplate,dependencies,present
hackage.haskell.org,pkg:hackage/unix,https://github.com/haskell/unix,not_matched,present
hackage.haskell.org,pkg:hackage/unix-compat,https://github.com/haskell-pkg-janitors/unix-compat,not_matched,present
hackage.haskell.org,pkg:hackage/unix-time,https://github.com/kazu-yamamoto/unix-time,not_matched,present
hackage.haskell.org,pkg:hackage/unliftio,https://github.com/fpco/unliftio,not_matched,present
hackage.haskell.org,pkg:hackage/unliftio-core,https://github.com/fpco/unliftio,not_matched,present
hackage.haskell.org,pkg:hackage/unordered-containers,https://github.com/haskell-unordered-containers/unordered-containers,not_matched,present
hackage.haskell.org,pkg:hackage/uri-encode,https://github.com/silkapp/uri-encode,not_matched,present
hackage.haskell.org,pkg:hackage/url,https://github.com/yav/url,not_matched,present
hackage.haskell.org,pkg:hackage/utf8-light,https://gitlab.com/fffaaa/utf8-light,not_matched,present
hackage.haskell.org,pkg:hackage/utf8-string,https://github.com/glguy/utf8-string,not_matched,present
hackage.haskell.org,pkg:hackage/utility-ht,,not_matched,no_repository
hackage.haskell.org,pkg:hackage/uuid,https://github.com/haskell-hvr/uuid,not_matched,present
hackage.haskell.org,pkg:hackage/uuid-types,https://github.com/haskell-hvr/uuid,not_matched,present
hackage.haskell.org,pkg:hackage/vault,https://github.com/heinrichapfelmus/vault,not_matched,present
hackage.haskell.org,pkg:hackage/vector,https://github.com/haskell/vector.gitvector,not_matched,unknown
hackage.haskell.org,pkg:hackage/vector-algorithms,https://github.com/erikd/vector-algorithms,not_matched,present
hackage.haskell.org,pkg:hackage/vector-binary-instances,https://github.com/haskell/vector-binary-instances,not_matched,present
hackage.haskell.org,pkg:hackage/vector-instances,https://github.com/ekmett/vector-instances,not_matched,present
hackage.haskell.org,pkg:hackage/vector-space,https://github.com/conal/vector-space,not_matched,present
hackage.haskell.org,pkg:hackage/vector-th-unbox,https://github.com/tsurucapital/vector-th-unbox,not_matched,present
hackage.haskell.org,pkg:hackage/void,https://github.com/ekmett/void,not_matched,present
hackage.haskell.org,pkg:hackage/vty,https://github.com/jtdaugherty/vty,not_matched,present
hackage.haskell.org,pkg:hackage/wai,https://github.com/yesodweb/wai.gitwai,not_matched,unknown
hackage.haskell.org,pkg:hackage/wai-app-static,https://github.com/yesodweb/wai.gitwai-app-static,not_matched,unknown
hackage.haskell.org,pkg:hackage/wai-conduit,https://github.com/yesodweb/wai,not_matched,missing
hackage.haskell.org,pkg:hackage/wai-cors,https://github.com/larskuhtz/wai-cors,not_matched,present
hackage.haskell.org,pkg:hackage/wai-eventsource,,not_matched,no_repository
hackage.haskell.org,pkg:hackage/wai-extra,https://github.com/yesodweb/wai,not_matched,missing
hackage.haskell.org,pkg:hackage/wai-handler-launch,https://github.com/yesodweb/wai-handlers,not_matched,present
hackage.haskell.org,pkg:hackage/wai-logger,https://github.com/kazu-yamamoto/logger,not_matched,present
hackage.haskell.org,pkg:hackage/wai-middleware-static,https://github.com/scotty-web/wai-middleware-static,not_matched,present
hackage.haskell.org,pkg:hackage/wai-websockets,https://github.com/yesodweb/wai,not_matched,missing
hackage.haskell.org,pkg:hackage/warp,https://github.com/yesodweb/wai.gitwarp,not_matched,unknown
hackage.haskell.org,pkg:hackage/warp-tls,https://github.com/yesodweb/wai.gitwarp-tls,not_matched,unknown
hackage.haskell.org,pkg:hackage/webdriver,https://github.com/haskell-webdriver/haskell-webdriver,not_matched,missing
hackage.haskell.org,pkg:hackage/websockets,https://github.com/jaspervdj/websockets,dependencies,present
hackage.haskell.org,pkg:hackage/Win32,https://github.com/haskell/win32,not_matched,present
hackage.haskell.org,pkg:hackage/wizards,https://github.com/liamoc/wizards,not_matched,present
hackage.haskell.org,pkg:hackage/wl-pprint,https://github.com/sinelaw/wl-pprint,not_matched,present
hackage.haskell.org,pkg:hackage/wl-pprint-extras,https://github.com/ekmett/wl-pprint-extras,not_matched,present
hackage.haskell.org,pkg:hackage/wl-pprint-text,https://github.com/ivan-m/wl-pprint-text,not_matched,present
hackage.haskell.org,pkg:hackage/word8,https://github.com/kazu-yamamoto/word8,not_matched,present
hackage.haskell.org,pkg:hackage/wreq,https://github.com/haskell/wreq,not_matched,present
hackage.haskell.org,pkg:hackage/X11,https://github.com/xmonad/x11,not_matched,present
hackage.haskell.org,pkg:hackage/x509,https://github.com/vincenthz/hs-certificate,not_matched,present
hackage.haskell.org,pkg:hackage/x509-store,https://github.com/vincenthz/hs-certificatex509-store,not_matched,unknown
hackage.haskell.org,pkg:hackage/x509-system,https://github.com/vincenthz/hs-certificatex509-system,not_matched,unknown
hackage.haskell.org,pkg:hackage/x509-validation,https://github.com/vincenthz/hs-certificatex509-validation,not_matched,unknown
hackage.haskell.org,pkg:hackage/xhtml,https://github.com/haskell/xhtml,not_matched,present
hackage.haskell.org,pkg:hackage/xml,https://github.com/galoisinc/xml,not_matched,present
hackage.haskell.org,pkg:hackage/xml-conduit,https://github.com/snoyberg/xml,not_matched,present
hackage.haskell.org,pkg:hackage/xmlgen,https://github.com/skogsbaer/xmlgen,not_matched,present
hackage.haskell.org,pkg:hackage/xml-hamlet,,not_matched,no_repository
hackage.haskell.org,pkg:hackage/xmlhtml,https://github.com/snapframework/xmlhtml,not_matched,present
hackage.haskell.org,pkg:hackage/xml-types,https://git.singpolyma.net/xml-types-haskell,not_matched,missing
hackage.haskell.org,pkg:hackage/xmonad,https://github.com/xmonad/xmonad,not_matched,present
hackage.haskell.org,pkg:hackage/xmonad-contrib,https://github.com/xmonad/xmonad-contrib,not_matched,present
hackage.haskell.org,pkg:hackage/xss-sanitize,https://github.com/yesodweb/haskell-xss-sanitize,not_matched,present
hackage.haskell.org,pkg:hackage/yaml,https://github.com/snoyberg/yaml,not_matched,present
hackage.haskell.org,pkg:hackage/Yampa,https://github.com/ivanperez-keera/yampa.gityampa,not_matched,unknown
hackage.haskell.org,pkg:hackage/yesod,https://github.com/yesodweb/yesod,not_matched,present
hackage.haskell.org,pkg:hackage/yesod-auth,https://github.com/yesodweb/yesod,not_matched,present
hackage.haskell.org,pkg:hackage/yesod-auth-hashdb,https://github.com/paul-rouse/yesod-auth-hashdb,not_matched,present
hackage.haskell.org,pkg:hackage/yesod-core,https://github.com/yesodweb/yesod,not_matched,present
hackage.haskell.org,pkg:hackage/yesod-default,https://github.com/yesodweb/yesod,not_matched,present
hackage.haskell.org,pkg:hackage/yesod-form,https://github.com/yesodweb/yesod,not_matched,present
hackage.haskell.org,pkg:hackage/yesod-newsfeed,https://github.com/yesodweb/yesod,not_matched,present
hackage.haskell.org,pkg:hackage/yesod-persistent,https://github.com/yesodweb/yesod,not_matched,present
hackage.haskell.org,pkg:hackage/yesod-static,https://github.com/yesodweb/yesod,not_matched,present
hackage.haskell.org,pkg:hackage/yesod-test,https://github.com/yesodweb/yesod,not_matched,present
hackage.haskell.org,pkg:hackage/yesod-websockets,https://github.com/yesodweb/yesod,not_matched,present
hackage.haskell.org,pkg:hackage/zeromq4-haskell,https://gitlab.com/twittner/zeromq-haskell,not_matched,present
hackage.haskell.org,pkg:hackage/zip-archive,https://github.com/jgm/zip-archive,not_matched,missing
hackage.haskell.org,pkg:hackage/zlib,https://github.com/haskell/zlib,dependencies,present
hackage.haskell.org,pkg:hackage/zlib-bindings,https://github.com/snapframework/zlib-bindings,not_matched,present
hex.pm,pkg:hex/absinthe,https://github.com/absinthe-graphql/absinthe,not_matched,missing
hex.pm,pkg:hex/absinthe_plug,https://github.com/absinthe-graphql/absinthe_plug,not_matched,present
hex.pm,pkg:hex/accept,https://github.com/prometheus-erl/accept,not_matched,present
hex.pm,pkg:hex/backoff,https://github.com/ferd/backoff,not_matched,present
hex.pm,pkg:hex/bamboo,https://github.com/thoughtbot/bamboo,not_matched,present
hex.pm,pkg:hex/base64url,https://github.com/dvv/base64url,not_matched,present
hex.pm,pkg:hex/basic_auth,https://github.com/cultivatehq/basic_auth,not_matched,present
hex.pm,pkg:hex/bcrypt_elixir,https://github.com/riverrun/bcrypt_elixir,not_matched,present
hex.pm,pkg:hex/bunt,https://github.com/rrrene/bunt,not_matched,present
hex.pm,pkg:hex/castore,https://github.com/elixir-mint/castore,not_matched,present
hex.pm,pkg:hex/certifi,https://github.com/certifi/erlang-certifi,not_matched,present
hex.pm,pkg:hex/combine,https://github.com/bitwalker/combine,not_matched,present
hex.pm,pkg:hex/comeonin,https://github.com/riverrun/comeonin,not_matched,present
hex.pm,pkg:hex/connection,https://github.com/elixir-ecto/connection,not_matched,present
hex.pm,pkg:hex/cors_plug,https://github.com/mschae/cors_plug,not_matched,present
hex.pm,pkg:hex/cowboy,https://github.com/ninenines/cowboy,not_matched,missing
hex.pm,pkg:hex/cowboy_telemetry,https://github.com/beam-telemetry/cowboy_telemetry,not_matched,present
hex.pm,pkg:hex/cowlib,https://github.com/ninenines/cowlib,not_matched,missing
hex.pm,pkg:hex/crc32cer,https://github.com/kafka4beam/crc32cer,not_matched,present
hex.pm,pkg:hex/credo,https://github.com/rrrene/credo,not_matched,present
hex.pm,pkg:hex/csv,https://github.com/beatrichartz/csv,not_matched,present
hex.pm,pkg:hex/db_connection,https://github.com/elixir-ecto/db_connection,not_matched,present
hex.pm,pkg:hex/decimal,https://github.com/ericmj/decimal,not_matched,present
hex.pm,pkg:hex/dialyxir,https://github.com/jeremyjh/dialyxir,not_matched,missing
hex.pm,pkg:hex/earmark,https://github.com/pragdave/earmark,not_matched,present
hex.pm,pkg:hex/earmark_parser,https://github.com/robertdober/earmark_parser,not_matched,missing
hex.pm,pkg:hex/ecto,https://github.com/elixir-ecto/ecto,not_matched,present
hex.pm,pkg:hex/ecto_sql,https://github.com/elixir-ecto/ecto_sql,not_matched,missing
hex.pm,pkg:hex/elixir_make,https://github.com/elixir-lang/elixir_make,not_matched,present
hex.pm,pkg:hex/elixir_xml_to_map,https://github.com/homanchou/elixir-xml-to-map,not_matched,present
hex.pm,pkg:hex/elixlsx,https://github.com/xou/elixlsx,not_matched,present
hex.pm,pkg:hex/erlex,https://github.com/christhekeele/erlex,not_matched,missing
hex.pm,pkg:hex/erlexec,https://github.com/saleyn/erlexec,not_matched,missing
hex.pm,pkg:hex/erlsom,https://github.com/willemdj/erlsom,not_matched,present
hex.pm,pkg:hex/exactor,https://github.com/sasa1977/exactor,not_matched,present
hex.pm,pkg:hex/ex_aws,https://github.com/ex-aws/ex_aws,not_matched,missing
hex.pm,pkg:hex/ex_aws_s3,https://github.com/ex-aws/ex_aws_s3,not_matched,present
hex.pm,pkg:hex/exconstructor,https://github.com/appcues/exconstructor,not_matched,present
hex.pm,pkg:hex/excoveralls,https://github.com/parroty/excoveralls,not_matched,present
hex.pm,pkg:hex/ex_doc,https://github.com/elixir-lang/ex_doc,dependencies,present
hex.pm,pkg:hex/exexec,https://github.com/ericentin/exexec,not_matched,present
hex.pm,pkg:hex/ex_json_schema,https://github.com/jonasschmidt/ex_json_schema,not_matched,present
hex.pm,pkg:hex/exjsx,https://github.com/talentdeficit/exjsx,not_matched,present
hex.pm,pkg:hex/ex_machina,https://github.com/beam-community/ex_machina,not_matched,missing
hex.pm,pkg:hex/ex_phone_number,https://github.com/ex-phone-number/ex_phone_number,not_matched,missing
hex.pm,pkg:hex/ex_twilio,https://github.com/danielberkompas/ex_twilio,not_matched,present
hex.pm,pkg:hex/exvcr,https://github.com/parroty/exvcr,not_matched,present
hex.pm,pkg:hex/faker,https://github.com/elixirs/faker,not_matched,missing
hex.pm,pkg:hex/file_system,https://github.com/falood/file_system,not_matched,present
hex.pm,pkg:hex/finch,https://github.com/sneako/finch,not_matched,missing
hex.pm,pkg:hex/floki,https://github.com/philss/floki,not_matched,missing
hex.pm,pkg:hex/gen_retry,https://github.com/appcues/gen_retry,not_matched,present
hex.pm,pkg:hex/gen_smtp,https://github.com/gen-smtp/gen_smtp,not_matched,present
hex.pm,pkg:hex/gen_stage,https://github.com/elixir-lang/gen_stage,not_matched,present
hex.pm,pkg:hex/gen_state_machine,https://github.com/ericentin/gen_state_machine,not_matched,present
hex.pm,pkg:hex/gettext,https://github.com/elixir-gettext/gettext,dependencies,present
hex.pm,pkg:hex/google_gax,https://github.com/googlecloudplatform/elixir-google-api,not_matched,present
hex.pm,pkg:hex/grpc_cowlib,https://github.com/elixir-grpc/cowlib,not_matched,present
hex.pm,pkg:hex/grpc_gun,https://github.com/elixir-grpc/gun,not_matched,present
hex.pm,pkg:hex/hackney,https://github.com/benoitc/hackney,not_matched,missing
hex.pm,pkg:hex/hammer,https://github.com/exhammer/hammer,not_matched,missing
hex.pm,pkg:hex/hex_core,https://github.com/hexpm/hex_core,not_matched,missing
hex.pm,pkg:hex/hpack_erl,https://github.com/joedevivo/hpack,not_matched,present
hex.pm,pkg:hex/html_entities,https://github.com/martinsvalin/html_entities,not_matched,present
hex.pm,pkg:hex/httpoison,https://github.com/edgurgel/httpoison,not_matched,present
hex.pm,pkg:hex/ibrowse,https://github.com/cmullaparthi/ibrowse,not_matched,present
hex.pm,pkg:hex/idna,https://github.com/benoitc/erlang-idna,not_matched,present
hex.pm,pkg:hex/inet_cidr,https://github.com/cobenian/inet_cidr,not_matched,present
hex.pm,pkg:hex/inflex,https://github.com/nurugger07/inflex,not_matched,present
hex.pm,pkg:hex/ink,https://github.com/ivx/ink,not_matched,present
hex.pm,pkg:hex/iptools,https://github.com/blackfist/iptools,not_matched,present
hex.pm,pkg:hex/jason,https://github.com/michalmuskala/jason,not_matched,present
hex.pm,pkg:hex/joken,https://github.com/joken-elixir/joken,not_matched,present
hex.pm,pkg:hex/jose,https://github.com/potatosalad/erlang-jose,not_matched,present
hex.pm,pkg:hex/jsx,https://github.com/talentdeficit/jsx,not_matched,present
hex.pm,pkg:hex/junit_formatter,https://github.com/victorolinasc/junit-formatter,not_matched,present
hex.pm,pkg:hex/kadabra,https://github.com/codedge-llc/kadabra,not_matched,present
hex.pm,pkg:hex/kafka_ex,https://github.com/kafkaex/kafka_ex,not_matched,missing
hex.pm,pkg:hex/kayrock,https://github.com/kafkaex/kayrock,not_matched,missing
hex.pm,pkg:hex/lru,https://gitlab.com/barrel-db/erlang-lru,not_matched,present
hex.pm,pkg:hex/mail,https://github.com/dockyard/elixir-mail,not_matched,present
hex.pm,pkg:hex/makeup,https://github.com/elixir-makeup/makeup,not_matched,missing
hex.pm,pkg:hex/makeup_elixir,https://github.com/elixir-makeup/makeup_elixir,not_matched,present
hex.pm,pkg:hex/meck,https://github.com/eproxus/meck,not_matched,present
hex.pm,pkg:hex/memoize,https://github.com/melpon/memoize,not_matched,present
hex.pm,pkg:hex/metrics,https://github.com/benoitc/erlang-metrics,not_matched,present
hex.pm,pkg:hex/mime,https://github.com/elixir-plug/mime,not_matched,missing
hex.pm,pkg:hex/mimerl,https://github.com/benoitc/mimerl,not_matched,present
hex.pm,pkg:hex/mint,https://github.com/elixir-mint/mint,not_matched,missing
hex.pm,pkg:hex/mochiweb,https://github.com/mochi/mochiweb,not_matched,present
hex.pm,pkg:hex/money,https://github.com/elixirmoney/money,not_matched,present
hex.pm,pkg:hex/msgpax,https://github.com/lexmag/msgpax,not_matched,present
hex.pm,pkg:hex/nimble_options,https://github.com/dashbitco/nimble_options,not_matched,missing
hex.pm,pkg:hex/nimble_parsec,https://github.com/dashbitco/nimble_parsec,not_matched,present
hex.pm,pkg:hex/nimble_pool,https://github.com/dashbitco/nimble_pool,not_matched,present
hex.pm,pkg:hex/number,https://github.com/danielberkompas/number,not_matched,present
hex.pm,pkg:hex/oauther,https://github.com/lexmag/oauther,not_matched,present
hex.pm,pkg:hex/optimal,https://github.com/albert-io/optimal,not_matched,present
hex.pm,pkg:hex/ordinal,https://github.com/andrewhao/ordinal,not_matched,present
hex.pm,pkg:hex/parallel_stream,https://github.com/beatrichartz/parallel_stream,not_matched,present
hex.pm,pkg:hex/parse_trans,https://github.com/uwiger/parse_trans,not_matched,present
hex.pm,pkg:hex/pc,https://github.com/blt/port_compiler,not_matched,present
hex.pm,pkg:hex/phoenix,https://github.com/phoenixframework/phoenix,not_matched,missing
hex.pm,pkg:hex/phoenix_ecto,https://github.com/phoenixframework/phoenix_ecto,not_matched,missing
hex.pm,pkg:hex/phoenix_html,https://github.com/phoenixframework/phoenix_html,not_matched,present
hex.pm,pkg:hex/phoenix_live_reload,https://github.com/phoenixframework/phoenix_live_reload,not_matched,present
hex.pm,pkg:hex/phoenix_live_view,https://github.com/phoenixframework/phoenix_live_view,dependencies,missing
hex.pm,pkg:hex/phoenix_pubsub,https://github.com/phoenixframework/phoenix_pubsub,not_matched,missing
hex.pm,pkg:hex/pigeon,https://github.com/codedge-llc/pigeon,not_matched,present
hex.pm,pkg:hex/plug,https://github.com/elixir-plug/plug,not_matched,present
hex.pm,pkg:hex/plug_cowboy,https://github.com/elixir-plug/plug_cowboy,not_matched,present
hex.pm,pkg:hex/plug_crypto,https://github.com/elixir-plug/plug_crypto,not_matched,present
hex.pm,pkg:hex/poison,https://github.com/devinus/poison,not_matched,present
hex.pm,pkg:hex/poolboy,https://github.com/devinus/poolboy,not_matched,present
hex.pm,pkg:hex/postgrex,https://github.com/elixir-ecto/postgrex,not_matched,present
hex.pm,pkg:hex/pot,https://github.com/yuce/pot,not_matched,present
hex.pm,pkg:hex/premailex,https://github.com/danschultzer/premailex,not_matched,missing
hex.pm,pkg:hex/prometheus,https://github.com/prometheus-erl/prometheus.erl,not_matched,present
hex.pm,pkg:hex/prometheus_ecto,https://github.com/deadtrickster/prometheus-ecto,not_matched,present
hex.pm,pkg:hex/prometheus_ex,https://github.com/prometheus-erl/prometheus.ex,not_matched,present
hex.pm,pkg:hex/prometheus_phoenix,https://github.com/deadtrickster/prometheus-phoenix,not_matched,present
hex.pm,pkg:hex/prometheus_plugs,https://github.com/deadtrickster/prometheus-plugs,not_matched,present
hex.pm,pkg:hex/quickrand,https://github.com/okeuday/quickrand,not_matched,present
hex.pm,pkg:hex/ranch,https://github.com/ninenines/ranch,not_matched,present
hex.pm,pkg:hex/ranch_proxy_protocol,https://github.com/heroku/ranch_proxy_protocol,not_matched,present
hex.pm,pkg:hex/rebar3_hex,https://github.com/erlef/rebar3_hex,not_matched,missing
hex.pm,pkg:hex/recon,https://github.com/ferd/recon,not_matched,present
hex.pm,pkg:hex/redix,https://github.com/whatyouhide/redix,not_matched,missing
hex.pm,pkg:hex/remote_ip,https://github.com/ajvondrak/remote_ip,not_matched,present
hex.pm,pkg:hex/retry,https://github.com/safwank/elixirretry,not_matched,present
hex.pm,pkg:hex/secure_random,https://github.com/patricksrobertson/secure_random.ex,not_matched,present
hex.pm,pkg:hex/segment,https://github.com/stueccles/analytics-elixir,not_matched,present
hex.pm,pkg:hex/sendgrid,https://github.com/alexgaribay/sendgrid_elixir,not_matched,present
hex.pm,pkg:hex/sentry,https://github.com/getsentry/sentry-elixir,not_matched,missing
hex.pm,pkg:hex/sobelow,https://github.com/sobelow/sobelow,not_matched,missing
hex.pm,pkg:hex/spandex,https://github.com/spandex-project/spandex,not_matched,present
hex.pm,pkg:hex/ssl_verify_fun,https://github.com/deadtrickster/ssl_verify_fun.erl,not_matched,present
hex.pm,pkg:hex/statix,https://github.com/lexmag/statix,not_matched,present
hex.pm,pkg:hex/stream_data,https://github.com/whatyouhide/stream_data,not_matched,present
hex.pm,pkg:hex/sweet_xml,https://github.com/kbrw/sweet_xml,not_matched,present
hex.pm,pkg:hex/table_rex,https://github.com/djm/table_rex,not_matched,present
hex.pm,pkg:hex/telemetry,https://github.com/beam-telemetry/telemetry,not_matched,present
hex.pm,pkg:hex/telemetry_metrics,https://github.com/beam-telemetry/telemetry_metrics,not_matched,present
hex.pm,pkg:hex/telemetry_poller,https://github.com/beam-telemetry/telemetry_poller,not_matched,present
hex.pm,pkg:hex/temp,https://github.com/tuvistavie/elixir-temp,not_matched,present
hex.pm,pkg:hex/tesla,https://github.com/elixir-tesla/tesla,not_matched,missing
hex.pm,pkg:hex/timex,https://github.com/bitwalker/timex,not_matched,present
hex.pm,pkg:hex/tzdata,https://github.com/lau/tzdata,not_matched,missing
hex.pm,pkg:hex/unicode_util_compat,https://github.com/benoitc/unicode_util_compat,not_matched,present
hex.pm,pkg:hex/uuid,https://github.com/zyro/elixir-uuid,not_matched,present
hex.pm,pkg:hex/varint,https://github.com/ahamez/varint,not_matched,present
hex.pm,pkg:hex/verl,https://github.com/jelly-beam/verl,not_matched,present
hex.pm,pkg:hex/xml_builder,https://github.com/joshnuss/xml_builder,not_matched,present
hub.docker.com,pkg:docker/alpine%2Fgit,https://github.com/alpine-docker/git,dependencies,present
hub.docker.com,pkg:docker/amazon%2Famazon-ecs-agent,,not_matched,no_repository
hub.docker.com,pkg:docker/amazon%2Faws-cli,,not_matched,no_repository
hub.docker.com,pkg:docker/amazon%2Faws-efs-csi-driver,,not_matched,no_repository
hub.docker.com,pkg:docker/amazon%2Faws-for-fluent-bit,,not_matched,no_repository
hub.docker.com,pkg:docker/amazon%2Faws-xray-daemon,,not_matched,no_repository
hub.docker.com,pkg:docker/amazon%2Fcloudwatch-agent,,not_matched,no_repository
hub.docker.com,pkg:docker/apache%2Fairflow,,dependencies,no_repository
hub.docker.com,pkg:docker/apache%2Fsuperset,,dependencies,no_repository
hub.docker.com,pkg:docker/appropriate%2Fcurl,,not_matched,no_repository
hub.docker.com,pkg:docker/atmoz%2Fsftp,https://github.com/atmoz/sftp,dependencies,present
hub.docker.com,pkg:docker/bitnami%2Fkubectl,,dependencies,no_repository
hub.docker.com,pkg:docker/bitnami%2Fmariadb,https://github.com/bitnami/containers,not_matched,missing
hub.docker.com,pkg:docker/bitnami%2Fmongodb,https://github.com/bitnami/containers,not_matched,missing
hub.docker.com,pkg:docker/bitnami%2Fnginx,https://github.com/bitnami/containers,dependencies,missing
hub.docker.com,pkg:docker/bitnami%2Fpostgresql,https://github.com/bitnami/containers,not_matched,missing
hub.docker.com,pkg:docker/bitnami%2Frabbitmq,,dependencies,no_repository
hub.docker.com,pkg:docker/bitnami%2Fredis,https://github.com/bitnami/containers,dependencies,missing
hub.docker.com,pkg:docker/bitnami%2Fsealed-secrets-controller,https://github.com/bitnami/containers,not_matched,missing
hub.docker.com,pkg:docker/byrnedo%2Falpine-curl,,not_matched,no_repository
hub.docker.com,pkg:docker/cimg%2Fnode,https://github.com/circleci-public/cimg-node,not_matched,missing
hub.docker.com,pkg:docker/circleci%2Fnode,,not_matched,no_repository
hub.docker.com,pkg:docker/circleci%2Fpostgres,,not_matched,no_repository
hub.docker.com,pkg:docker/cloudfoundry%2Fbosh-deployment-resource,https://github.com/cloudfoundry/bosh-deployment-resource,not_matched,present
hub.docker.com,pkg:docker/concourse%2Fconcourse-pipeline-resource,,not_matched,no_repository
hub.docker.com,pkg:docker/containrrr%2Fwatchtower,,dependencies,no_repository
hub.docker.com,pkg:docker/curlimages%2Fcurl,https://github.com/curl/curl-container,dependencies,missing
hub.docker.com,pkg:docker/datadog%2Fagent,,not_matched,no_repository
hub.docker.com,pkg:docker/datadog%2Fdocker-dd-agent,,not_matched,no_repository
hub.docker.com,pkg:docker/datasense%2Fdatasense,,not_matched,no_repository
hub.docker.com,pkg:docker/docker%2Faci-hostnames-sidecar,,not_matched,no_repository
hub.docker.com,pkg:docker/docker%2Fdockerfile,https://github.com/moby/buildkit,not_matched,missing
hub.docker.com,pkg:docker/docker%2Fucp-agent,,not_matched,no_repository
hub.docker.com,pkg:docker/docker%2Fucp-auth,,not_matched,no_repository
hub.docker.com,pkg:docker/dpage%2Fpgadmin4,,dependencies,no_repository
hub.docker.com,pkg:docker/dynatrace%2Fdynatrace-codemodules,,not_matched,no_repository
hub.docker.com,pkg:docker/dynatrace%2Fdynatrace-operator,,not_matched,no_repository
hub.docker.com,pkg:docker/dynatrace%2Foneagent,,not_matched,no_repository
hub.docker.com,pkg:docker/envoyproxy%2Fenvoy,https://github.com/envoyproxy/envoy,not_matched,missing
hub.docker.com,pkg:docker/fluent%2Ffluent-bit,https://github.com/fluent/fluent-bit,not_matched,missing
hub.docker.com,pkg:docker/fluent%2Ffluentd-kubernetes-daemonset,,not_matched,no_repository
hub.docker.com,pkg:docker/gitlab%2Fgitlab-runner,,dependencies,no_repository
hub.docker.com,pkg:docker/gliderlabs%2Flogspout,,not_matched,no_repository
hub.docker.com,pkg:docker/gliderlabs%2Fregistrator,,not_matched,no_repository
hub.docker.com,pkg:docker/google%2Fcadvisor,https://github.com/google/cadvisor,not_matched,missing
hub.docker.com,pkg:docker/grafana%2Fagent,,not_matched,no_repository
hub.docker.com,pkg:docker/grafana%2Fgrafana,,dependencies,no_repository
hub.docker.com,pkg:docker/grafana%2Fgrafana-image-renderer,,not_matched,no_repository
hub.docker.com,pkg:docker/grafana%2Floki,,not_matched,no_repository
hub.docker.com,pkg:docker/grafana%2Fpromtail,,not_matched,no_repository
hub.docker.com,pkg:docker/hashicorp%2Fterraform,,not_matched,no_repository
hub.docker.com,pkg:docker/hasura%2Fgraphql-engine,,not_matched,no_repository
hub.docker.com,pkg:docker/homeassistant%2Fhome-assistant,,not_matched,no_repository
hub.docker.com,pkg:docker/itzg%2Fminecraft-server,,not_matched,no_repository
hub.docker.com,pkg:docker/jaegertracing%2Fall-in-one,,dependencies,no_repository
hub.docker.com,pkg:docker/jenkins%2Fjenkins,https://github.com/jenkinsci/docker,dependencies,missing
hub.docker.com,pkg:docker/jrcs%2Fletsencrypt-nginx-proxy-companion,,dependencies,no_repository
hub.docker.com,pkg:docker/jwilder%2Fnginx-proxy,,dependencies,no_repository
hub.docker.com,pkg:docker/kiwigrid%2Fk8s-sidecar,,not_matched,no_repository
hub.docker.com,pkg:docker/kong%2Fkong-gateway,,not_matched,no_repository
hub.docker.com,pkg:docker/kong%2Fkubernetes-ingress-controller,,not_matched,no_repository
hub.docker.com,pkg:docker/kylemanna%2Fopenvpn,,dependencies,no_repository
hub.docker.com,pkg:docker/library%2Fadminer,https://github.com/docker-library/official-images,not_matched,missing
hub.docker.com,pkg:docker/library%2Falpine,https://github.com/docker-library/official-images,not_matched,missing
hub.docker.com,pkg:docker/library%2Famazonlinux,https://github.com/docker-library/official-images,not_matched,missing
hub.docker.com,pkg:docker/library%2Fbash,https://github.com/docker-library/official-images,not_matched,missing
hub.docker.com,pkg:docker/library%2Fbusybox,https://github.com/docker-library/official-images,not_matched,missing
hub.docker.com,pkg:docker/library%2Fcaddy,https://github.com/docker-library/official-images,not_matched,missing
hub.docker.com,pkg:docker/library%2Fcentos,https://github.com/docker-library/official-images,not_matched,missing
hub.docker.com,pkg:docker/library%2Fconsul,https://github.com/docker-library/official-images,not_matched,missing
hub.docker.com,pkg:docker/library%2Fdebian,https://github.com/docker-library/official-images,not_matched,missing
hub.docker.com,pkg:docker/library%2Fdocker,https://github.com/docker-library/official-images,not_matched,missing
hub.docker.com,pkg:docker/library%2Feclipse-mosquitto,https://github.com/docker-library/official-images,not_matched,missing
hub.docker.com,pkg:docker/library%2Felasticsearch,https://github.com/docker-library/official-images,not_matched,missing
hub.docker.com,pkg:docker/library%2Fgolang,https://github.com/docker-library/official-images,not_matched,missing
hub.docker.com,pkg:docker/library%2Fhaproxy,https://github.com/docker-library/official-images,not_matched,missing
hub.docker.com,pkg:docker/library%2Fhello-world,https://github.com/docker-library/official-images,not_matched,missing
hub.docker.com,pkg:docker/library%2Fhttpd,https://github.com/docker-library/official-images,not_matched,missing
hub.docker.com,pkg:docker/library%2Finfluxdb,https://github.com/docker-library/official-images,not_matched,missing
hub.docker.com,pkg:docker/library%2Fmariadb,https://github.com/docker-library/official-images,not_matched,missing
hub.docker.com,pkg:docker/library%2Fmaven,https://github.com/docker-library/official-images,not_matched,missing
hub.docker.com,pkg:docker/library%2Fmemcached,https://github.com/docker-library/official-images,not_matched,missing
hub.docker.com,pkg:docker/library%2Fmongo,https://github.com/docker-library/official-images,not_matched,missing
hub.docker.com,pkg:docker/library%2Fmysql,https://github.com/docker-library/official-images,not_matched,missing
hub.docker.com,pkg:docker/library%2Fnextcloud,https://github.com/docker-library/official-images,not_matched,missing
hub.docker.com,pkg:docker/library%2Fnginx,https://github.com/docker-library/official-images,not_matched,missing
hub.docker.com,pkg:docker/library%2Fnode,https://github.com/docker-library/official-images,not_matched,missing
hub.docker.com,pkg:docker/library%2Fopenjdk,https://github.com/docker-library/official-images,not_matched,missing
hub.docker.com,pkg:docker/library%2Fphp,https://github.com/docker-library/official-images,not_matched,missing
hub.docker.com,pkg:docker/library%2Fpostgres,https://github.com/docker-library/official-images,not_matched,missing
hub.docker.com,pkg:docker/library%2Fpython,https://github.com/docker-library/official-images,not_matched,missing
hub.docker.com,pkg:docker/library%2Frabbitmq,https://github.com/docker-library/official-images,not_matched,missing
hub.docker.com,pkg:docker/library%2Fredis,https://github.com/docker-library/official-images,not_matched,missing
hub.docker.com,pkg:docker/library%2Fregistry,https://github.com/docker-library/official-images,not_matched,missing
hub.docker.com,pkg:docker/library%2Fruby,https://github.com/docker-library/official-images,not_matched,missing
hub.docker.com,pkg:docker/library%2Fsonarqube,https://github.com/docker-library/official-images,not_matched,missing
hub.docker.com,pkg:docker/library%2Ftelegraf,https://github.com/docker-library/official-images,not_matched,missing
hub.docker.com,pkg:docker/library%2Ftomcat,https://github.com/docker-library/official-images,not_matched,missing
hub.docker.com,pkg:docker/library%2Ftraefik,https://github.com/docker-library/official-images,not_matched,missing
hub.docker.com,pkg:docker/library%2Fubuntu,https://github.com/docker-library/official-images,not_matched,missing
hub.docker.com,pkg:docker/library%2Fvault,https://github.com/docker-library/official-images,not_matched,missing
hub.docker.com,pkg:docker/library%2Fwordpress,https://github.com/docker-library/official-images,not_matched,missing
hub.docker.com,pkg:docker/linkyard%2Fconcourse-helm-resource,,not_matched,no_repository
hub.docker.com,pkg:docker/linuxserver%2Fbazarr,https://github.com/linuxserver/docker-bazarr,not_matched,missing
hub.docker.com,pkg:docker/linuxserver%2Fheimdall,https://github.com/linuxserver/docker-heimdall,not_matched,missing
hub.docker.com,pkg:docker/linuxserver%2Fjackett,https://github.com/linuxserver/docker-jackett,not_matched,missing
hub.docker.com,pkg:docker/linuxserver%2Fletsencrypt,https://github.com/linuxserver/docker-letsencrypt,not_matched,present
hub.docker.com,pkg:docker/linuxserver%2Flidarr,https://github.com/linuxserver/docker-lidarr,not_matched,missing
hub.docker.com,pkg:docker/linuxserver%2Fmariadb,https://github.com/linuxserver/docker-mariadb,not_matched,missing
hub.docker.com,pkg:docker/linuxserver%2Fnzbget,https://github.com/linuxserver/docker-nzbget,not_matched,missing
hub.docker.com,pkg:docker/linuxserver%2Fombi,https://github.com/linuxserver/docker-ombi,not_matched,missing
hub.docker.com,pkg:docker/linuxserver%2Fplex,https://github.com/linuxserver/docker-plex,not_matched,missing
hub.docker.com,pkg:docker/linuxserver%2Fradarr,https://github.com/linuxserver/docker-radarr,not_matched,present
hub.docker.com,pkg:docker/linuxserver%2Fsabnzbd,https://github.com/linuxserver/docker-sabnzbd,not_matched,missing
hub.docker.com,pkg:docker/linuxserver%2Fsonarr,https://github.com/linuxserver/docker-sonarr,not_matched,present
hub.docker.com,pkg:docker/linuxserver%2Ftautulli,https://github.com/linuxserver/docker-tautulli,not_matched,missing
hub.docker.com,pkg:docker/linuxserver%2Ftransmission,https://github.com/linuxserver/docker-transmission,not_matched,present
hub.docker.com,pkg:docker/mesosphere%2Faws-cli,,not_matched,no_repository
hub.docker.com,pkg:docker/minio%2Fminio,,dependencies,no_repository
hub.docker.com,pkg:docker/netdata%2Fnetdata,,not_matched,no_repository
hub.docker.com,pkg:docker/newrelic%2Finfrastructure-bundle,,not_matched,no_repository
hub.docker.com,pkg:docker/newrelic%2Fnri-kubernetes,,not_matched,no_repository
hub.docker.com,pkg:docker/nginxinc%2Fnginx-unprivileged,https://github.com/nginxinc/docker-nginx-unprivileged,dependencies,missing
hub.docker.com,pkg:docker/percona%2Fpercona-xtradb-cluster-operator,,not_matched,no_repository
hub.docker.com,pkg:docker/phpmyadmin%2Fphpmyadmin,https://github.com/phpmyadmin/docker,dependencies,present
hub.docker.com,pkg:docker/pihole%2Fpihole,,dependencies,no_repository
hub.docker.com,pkg:docker/plexinc%2Fpms-docker,,not_matched,no_repository
hub.docker.com,pkg:docker/portainer%2Fagent,,not_matched,no_repository
hub.docker.com,pkg:docker/portainer%2Fportainer,,dependencies,no_repository
hub.docker.com,pkg:docker/portainer%2Fportainer-ce,,dependencies,no_repository
hub.docker.com,pkg:docker/prom%2Falertmanager,,dependencies,no_repository
hub.docker.com,pkg:docker/prom%2Fnode-exporter,,dependencies,no_repository
hub.docker.com,pkg:docker/prom%2Fprometheus,,dependencies,no_repository
hub.docker.com,pkg:docker/provectuslabs%2Fkafka-ui,,not_matched,no_repository
hub.docker.com,pkg:docker/pyouroboros%2Fouroboros,,not_matched,no_repository
hub.docker.com,pkg:docker/rancher%2Fmirrored-pause,,not_matched,no_repository
hub.docker.com,pkg:docker/rancher%2Fpause,,not_matched,no_repository
hub.docker.com,pkg:docker/rancher%2Francher-agent,,not_matched,no_repository
hub.docker.com,pkg:docker/renovate%2Frenovate,,not_matched,no_repository
hub.docker.com,pkg:docker/selenium%2Fstandalone-chrome,https://github.com/seleniumhq/docker-selenium,dependencies,missing
hub.docker.com,pkg:docker/stefanprodan%2Fpodinfo,,not_matched,no_repository
hub.docker.com,pkg:docker/v2tec%2Fwatchtower,,not_matched,no_repository
hub.docker.com,pkg:docker/weaveworks%2Fscope,,not_matched,no_repository
juliahub.com,pkg:julia/AbstractOperators,https://github.com/kul-optec/abstractoperators.jl,projects,present
juliahub.com,pkg:julia/AbstractPlotting,https://github.com/juliaplots/abstractplotting.jl,dependencies,present
juliahub.com,pkg:julia/AffineInvariantMCMC,https://github.com/madsjulia/affineinvariantmcmc.jl,not_matched,present
juliahub.com,pkg:julia/AWSCore,https://github.com/juliacloud/awscore.jl,not_matched,present
juliahub.com,pkg:julia/AWSSQS,https://github.com/juliacloud/awssqs.jl,not_matched,present
juliahub.com,pkg:julia/BasisMatrices,https://github.com/quantecon/basismatrices.jl,not_matched,present
juliahub.com,pkg:julia/BGZFStreams,https://github.com/biojulia/bgzfstreams.jl,dependencies;projects,present
juliahub.com,pkg:julia/BinDeps,https://github.com/juliapackaging/bindeps.jl,dependencies,present
juliahub.com,pkg:julia/BioCore,https://github.com/biojulia/biocore.jl,dependencies;projects,present
juliahub.com,pkg:julia/BioServices,https://github.com/biojulia/bioservices.jl,not_matched,present
juliahub.com,pkg:julia/BioSymbols,https://github.com/biojulia/biosymbols.jl,dependencies;projects,present
juliahub.com,pkg:julia/BioTools,https://github.com/biojulia/biotools.jl,not_matched,present
juliahub.com,pkg:julia/Blosc,https://github.com/juliaio/blosc.jl,not_matched,present
juliahub.com,pkg:julia/CausalityToolsBase,https://github.com/juliadynamics/causalitytoolsbase.jl,not_matched,present
juliahub.com,pkg:julia/Cbc,https://github.com/jump-dev/cbc.jl,dependencies;projects,present
juliahub.com,pkg:julia/CEnum,https://github.com/juliainterop/cenum.jl,not_matched,missing
juliahub.com,pkg:julia/Cliffords,https://github.com/bbn-q/cliffords.jl,not_matched,present
juliahub.com,pkg:julia/CMakeWrapper,https://github.com/juliapackaging/cmakewrapper.jl,not_matched,present
juliahub.com,pkg:julia/Codecs,https://github.com/biojulia/codecs.jl,not_matched,present
juliahub.com,pkg:julia/ColorBrewer,https://github.com/juliagraphics/colorbrewer.jl,not_matched,missing
juliahub.com,pkg:julia/ColorVectorSpace,https://github.com/juliagraphics/colorvectorspace.jl,dependencies,present
juliahub.com,pkg:julia/ComputationalResources,https://github.com/timholy/computationalresources.jl,dependencies,present
juliahub.com,pkg:julia/CondaBinDeps,https://github.com/juliapackaging/condabindeps.jl,not_matched,present
juliahub.com,pkg:julia/ConfParser,https://github.com/juliaio/confparser.jl,not_matched,present
juliahub.com,pkg:julia/ConicBenchmarkUtilities,https://github.com/juliaopt/conicbenchmarkutilities.jl,not_matched,present
juliahub.com,pkg:julia/Contour,https://github.com/juliageometry/contour.jl,dependencies,present
juliahub.com,pkg:julia/CSVFiles,https://github.com/queryverse/csvfiles.jl,dependencies,missing
juliahub.com,pkg:julia/CuArrays,https://github.com/juliagpu/cuarrays.jl,not_matched,present
juliahub.com,pkg:julia/CUDAapi,https://github.com/juliagpu/cudaapi.jl,not_matched,present
juliahub.com,pkg:julia/CUDAdrv,https://github.com/juliagpu/cudadrv.jl,not_matched,present
juliahub.com,pkg:julia/CUDAnative,https://github.com/juliagpu/cudanative.jl,not_matched,present
juliahub.com,pkg:julia/Cumulants,https://github.com/iitis/cumulants.jl,dependencies;projects,present
juliahub.com,pkg:julia/CutPruners,https://github.com/juliapolyhedra/cutpruners.jl,not_matched,present
juliahub.com,pkg:julia/DataArrays,https://github.com/juliastats/dataarrays.jl,not_matched,present
juliahub.com,pkg:julia/DataDeps,https://github.com/oxinabox/datadeps.jl,dependencies;projects,present
juliahub.com,pkg:julia/DataStreams,https://github.com/juliadata/datastreams.jl,not_matched,present
juliahub.com,pkg:julia/DelayEmbeddings,https://github.com/juliadynamics/delayembeddings.jl,dependencies;projects,present
juliahub.com,pkg:julia/DiffEqPDEBase,https://github.com/sciml/diffeqpdebase.jl,not_matched,present
juliahub.com,pkg:julia/DiffResults,https://github.com/juliadiff/diffresults.jl,dependencies;projects,present
juliahub.com,pkg:julia/Discretizers,https://github.com/sisl/discretizers.jl,dependencies;projects,present
juliahub.com,pkg:julia/DocumenterTools,https://github.com/juliadocs/documentertools.jl,dependencies,present
juliahub.com,pkg:julia/DocumentFunction,https://github.com/madsjulia/documentfunction.jl,not_matched,present
juliahub.com,pkg:julia/DualNumbers,https://github.com/juliadiff/dualnumbers.jl,dependencies;projects,present
juliahub.com,pkg:julia/EchogramColorSchemes,https://github.com/echojulia/echogramcolorschemes.jl,not_matched,present
juliahub.com,pkg:julia/ECOS,https://github.com/jump-dev/ecos.jl,dependencies;projects,present
juliahub.com,pkg:julia/Elliptic,https://github.com/nolta/elliptic.jl,dependencies,present
juliahub.com,pkg:julia/EnglishText,https://github.com/totalverb/englishtext.jl,not_matched,present
juliahub.com,pkg:julia/ERFA,https://github.com/juliaastro/erfa.jl,not_matched,missing
juliahub.com,pkg:julia/Formatting,https://github.com/juliaio/formatting.jl,dependencies,present
juliahub.com,pkg:julia/FreeType,https://github.com/juliagraphics/freetype.jl,not_matched,present
juliahub.com,pkg:julia/FTPClient,https://github.com/invenia/ftpclient.jl,not_matched,present
juliahub.com,pkg:julia/FunctionalCollections,https://github.com/juliacollections/functionalcollections.jl,not_matched,present
juliahub.com,pkg:julia/GaussianDistributions,https://github.com/mschauer/gaussiandistributions.jl,not_matched,present
juliahub.com,pkg:julia/GenomicFeatures,https://github.com/biojulia/genomicfeatures.jl,dependencies;projects,present
juliahub.com,pkg:julia/GeometryTypes,https://github.com/juliageometry/geometrytypes.jl,dependencies,present
juliahub.com,pkg:julia/Glob,https://github.com/vtjnash/glob.jl,not_matched,present
juliahub.com,pkg:julia/GLPKMathProgInterface,https://github.com/juliaopt/glpkmathproginterface.jl,not_matched,present
juliahub.com,pkg:julia/Graphics,https://github.com/juliagraphics/graphics.jl,not_matched,present
juliahub.com,pkg:julia/Hexagons,https://github.com/giovineitalia/hexagons.jl,dependencies,present
juliahub.com,pkg:julia/Hiccup,https://github.com/junolab/hiccup.jl,not_matched,present
juliahub.com,pkg:julia/Highlights,https://github.com/juliadocs/highlights.jl,not_matched,missing
juliahub.com,pkg:julia/Homebrew,https://github.com/juliapackaging/homebrew.jl,dependencies,present
juliahub.com,pkg:julia/HTML_Entities,https://github.com/juliastring/html_entities.jl,not_matched,present
juliahub.com,pkg:julia/HTTPClient,https://github.com/juliaweb/httpclient.jl,not_matched,present
juliahub.com,pkg:julia/HttpCommon,https://github.com/juliaweb/httpcommon.jl,dependencies,present
juliahub.com,pkg:julia/ImageAxes,https://github.com/juliaimages/imageaxes.jl,not_matched,present
juliahub.com,pkg:julia/ImageFiltering,https://github.com/juliaimages/imagefiltering.jl,dependencies,present
juliahub.com,pkg:julia/ImageMetadata,https://github.com/juliaimages/imagemetadata.jl,not_matched,present
juliahub.com,pkg:julia/IndexableBitVectors,https://github.com/biojulia/indexablebitvectors.jl,not_matched,present
juliahub.com,pkg:julia/IndexedTables,https://github.com/juliadata/indexedtables.jl,dependencies;projects,present
juliahub.com,pkg:julia/IndirectArrays,https://github.com/juliaarrays/indirectarrays.jl,not_matched,present
juliahub.com,pkg:julia/IniFile,https://github.com/juliaio/inifile.jl,not_matched,present
juliahub.com,pkg:julia/InplaceOps,https://github.com/simonbyrne/inplaceops.jl,dependencies,present
juliahub.com,pkg:julia/IntArrays,https://github.com/bicycle1885/intarrays.jl,not_matched,present
juliahub.com,pkg:julia/InternedStrings,https://github.com/juliastring/internedstrings.jl,not_matched,present
juliahub.com,pkg:julia/JOLI,https://github.com/slimgroup/joli.jl,dependencies;projects,present
juliahub.com,pkg:julia/JSON2,https://github.com/quinnj/json2.jl,not_matched,present
juliahub.com,pkg:julia/KrylovMethods,https://github.com/juliainv/krylovmethods.jl,not_matched,present
juliahub.com,pkg:julia/LCMCore,https://github.com/juliarobotics/lcmcore.jl,not_matched,present
juliahub.com,pkg:julia/LearnBase,https://github.com/juliaml/learnbase.jl,not_matched,present
juliahub.com,pkg:julia/LearningStrategies,https://github.com/juliaml/learningstrategies.jl,not_matched,present
juliahub.com,pkg:julia/LibCURL,https://github.com/juliaweb/libcurl.jl,dependencies,present
juliahub.com,pkg:julia/LibExpat,https://github.com/juliaio/libexpat.jl,not_matched,present
juliahub.com,pkg:julia/Libz,https://github.com/biojulia/libz.jl,projects,present
juliahub.com,pkg:julia/Matcha,https://github.com/simondanisch/matcha.jl,not_matched,present
juliahub.com,pkg:julia/MathProgBase,https://github.com/juliaopt/mathprogbase.jl,dependencies,present
juliahub.com,pkg:julia/MbedTLS,https://github.com/julialang/mbedtls.jl,not_matched,present
juliahub.com,pkg:julia/Measures,https://github.com/juliagraphics/measures.jl,not_matched,present
juliahub.com,pkg:julia/Memento,https://github.com/invenia/memento.jl,dependencies,present
juliahub.com,pkg:julia/MeshCatMechanisms,https://github.com/juliarobotics/meshcatmechanisms.jl,not_matched,present
juliahub.com,pkg:julia/MetaGraphs,https://github.com/juliagraphs/metagraphs.jl,dependencies;projects,present
juliahub.com,pkg:julia/MetaProgTools,https://github.com/madsjulia/metaprogtools.jl,projects,present
juliahub.com,pkg:julia/Missings,https://github.com/juliadata/missings.jl,dependencies;projects,present
juliahub.com,pkg:julia/MLBase,https://github.com/juliastats/mlbase.jl,not_matched,present
juliahub.com,pkg:julia/MLDataPattern,https://github.com/juliaml/mldatapattern.jl,not_matched,present
juliahub.com,pkg:julia/Mongoc,https://github.com/juliadatabases/mongoc.jl,not_matched,present
juliahub.com,pkg:julia/Mosek,https://github.com/mosek/mosek.jl,dependencies,present
juliahub.com,pkg:julia/NCDatasets,https://github.com/juliageo/ncdatasets.jl,dependencies;projects,present
juliahub.com,pkg:julia/Netpbm,https://github.com/juliaio/netpbm.jl,not_matched,present
juliahub.com,pkg:julia/Nettle,https://github.com/juliacrypto/nettle.jl,not_matched,present
juliahub.com,pkg:julia/NLSolversBase,https://github.com/julianlsolvers/nlsolversbase.jl,dependencies;projects,present
juliahub.com,pkg:julia/NonUniformRandomVariateGeneration,https://github.com/awllee/nonuniformrandomvariategeneration.jl,not_matched,present
juliahub.com,pkg:julia/Nullables,https://github.com/juliaattic/nullables.jl,not_matched,present
juliahub.com,pkg:julia/ObjectStores,https://github.com/jocklawrie/objectstores.jl,not_matched,present
juliahub.com,pkg:julia/ODE,https://github.com/sciml/ode.jl,dependencies;projects,present
juliahub.com,pkg:julia/Ogg,https://github.com/staticfloat/ogg.jl,not_matched,present
juliahub.com,pkg:julia/OIFITS,https://github.com/emmt/oifits.jl,dependencies,present
juliahub.com,pkg:julia/OnlineStatsBase,https://github.com/joshday/onlinestatsbase.jl,dependencies;projects,missing
juliahub.com,pkg:julia/OptimTestProblems,https://github.com/julianlsolvers/optimtestproblems.jl,not_matched,present
juliahub.com,pkg:julia/ParameterizedFunctions,https://github.com/sciml/parameterizedfunctions.jl,dependencies;projects,present
juliahub.com,pkg:julia/PDMats,https://github.com/juliastats/pdmats.jl,dependencies;projects,present
juliahub.com,pkg:julia/Permutations,https://github.com/scheinerman/permutations.jl,dependencies,present
juliahub.com,pkg:julia/Pidfile,https://github.com/vtjnash/pidfile.jl,not_matched,present
juliahub.com,pkg:julia/PiGPIO,https://github.com/juliaberry/pigpio.jl,not_matched,present
juliahub.com,pkg:julia/PolynomialRoots,https://github.com/giordano/polynomialroots.jl,dependencies;projects,present
juliahub.com,pkg:julia/POMDPToolbox,https://github.com/juliapomdp/pomdptoolbox.jl,not_matched,present
juliahub.com,pkg:julia/PowerDynBase,https://github.com/juliaenergy/powerdynbase.jl,not_matched,present
juliahub.com,pkg:julia/QuantumInfo,https://github.com/bbn-q/quantuminfo.jl,not_matched,present
juliahub.com,pkg:julia/QuartzImageIO,https://github.com/juliaio/quartzimageio.jl,not_matched,present
juliahub.com,pkg:julia/Quaternions,https://github.com/juliageometry/quaternions.jl,not_matched,present
juliahub.com,pkg:julia/ReduceLinAlg,https://github.com/juliareducepkg/reducelinalg.jl,not_matched,present
juliahub.com,pkg:julia/RemoteFiles,https://github.com/helgee/remotefiles.jl,not_matched,present
juliahub.com,pkg:julia/REPLCompletions,https://github.com/keno/replcompletions.jl,not_matched,present
juliahub.com,pkg:julia/ReusableFunctions,https://github.com/madsjulia/reusablefunctions.jl,not_matched,present
juliahub.com,pkg:julia/ReverseDiffSparse,https://github.com/mlubin/reversediffsparse.jl,not_matched,present
juliahub.com,pkg:julia/Rmath,https://github.com/juliastats/rmath.jl,not_matched,present
juliahub.com,pkg:julia/RNGPool,https://github.com/awllee/rngpool.jl,not_matched,present
juliahub.com,pkg:julia/RobustPmap,https://github.com/madsjulia/robustpmap.jl,dependencies;projects,present
juliahub.com,pkg:julia/ROCAnalysis,https://github.com/davidavdav/rocanalysis.jl,not_matched,present
juliahub.com,pkg:julia/RomanNumerals,https://github.com/anthonyclays/romannumerals.jl,dependencies,present
juliahub.com,pkg:julia/SchumakerSpline,https://github.com/s-baumann/schumakerspline.jl,not_matched,present
juliahub.com,pkg:julia/ScikitLearnBase,https://github.com/cstjean/scikitlearnbase.jl,not_matched,present
juliahub.com,pkg:julia/Setfield,https://github.com/jw3126/setfield.jl,not_matched,present
juliahub.com,pkg:julia/Showoff,https://github.com/juliagraphics/showoff.jl,not_matched,present
juliahub.com,pkg:julia/SimpleGraphs,https://github.com/scheinerman/simplegraphs.jl,dependencies,present
juliahub.com,pkg:julia/SimpleTools,https://github.com/scheinerman/simpletools.jl,not_matched,present
juliahub.com,pkg:julia/Simplices,https://github.com/juliadynamics/simplices.jl,not_matched,present
juliahub.com,pkg:julia/SimradEK60TestData,https://github.com/echojulia/simradek60testdata.jl,not_matched,present
juliahub.com,pkg:julia/Slugify,https://github.com/chayandatta/slugify.jl,not_matched,present
juliahub.com,pkg:julia/SoftGlobalScope,https://github.com/stevengj/softglobalscope.jl,not_matched,present
juliahub.com,pkg:julia/SolverTools,https://github.com/juliasmoothoptimizers/solvertools.jl,dependencies;projects,missing
juliahub.com,pkg:julia/Spec,https://github.com/zenna/spec.jl,not_matched,present
juliahub.com,pkg:julia/StateSpaceReconstruction,https://github.com/juliadynamics/statespacereconstruction.jl,not_matched,present
juliahub.com,pkg:julia/StatsMakie,https://github.com/juliaplots/statsmakie.jl,not_matched,present
juliahub.com,pkg:julia/StringDistances,https://github.com/matthieugomez/stringdistances.jl,dependencies;projects,present
juliahub.com,pkg:julia/StrTables,https://github.com/juliastring/strtables.jl,dependencies,present
juliahub.com,pkg:julia/SuffixArrays,https://github.com/juliacollections/suffixarrays.jl,not_matched,present
juliahub.com,pkg:julia/SymDict,https://github.com/samoconnor/symdict.jl,not_matched,present
juliahub.com,pkg:julia/SymmetricTensors,https://github.com/iitis/symmetrictensors.jl,dependencies;projects,present
juliahub.com,pkg:julia/SyntaxTree,https://github.com/chakravala/syntaxtree.jl,dependencies,present
juliahub.com,pkg:julia/Tensors,https://github.com/ferrite-fem/tensors.jl,dependencies;projects,present
juliahub.com,pkg:julia/TestImages,https://github.com/juliaimages/testimages.jl,dependencies,present
juliahub.com,pkg:julia/TestSetExtensions,https://github.com/ssfrr/testsetextensions.jl,dependencies,present
juliahub.com,pkg:julia/Thrift,https://github.com/tanmaykm/thrift.jl,not_matched,present
juliahub.com,pkg:julia/TimeFrames,https://github.com/femtotrader/timeframes.jl,not_matched,present
juliahub.com,pkg:julia/Trajectories,https://github.com/mschauer/trajectories.jl,not_matched,present
juliahub.com,pkg:julia/TransformUtils,https://github.com/dehann/transformutils.jl,not_matched,present
juliahub.com,pkg:julia/Triangle,https://github.com/cvdlab/triangle.jl,not_matched,present
juliahub.com,pkg:julia/Twiddle,https://github.com/benjward/twiddle.jl,dependencies,present
juliahub.com,pkg:julia/UncertainData,https://github.com/kahaaga/uncertaindata.jl,projects,present
juliahub.com,pkg:julia/UnicodeFun,https://github.com/simondanisch/unicodefun.jl,not_matched,present
juliahub.com,pkg:julia/UnitfulAstro,https://github.com/juliaastro/unitfulastro.jl,dependencies;projects,present
juliahub.com,pkg:julia/Unmarshal,https://github.com/lwabeke/unmarshal.jl,not_matched,present
juliahub.com,pkg:julia/URIParser,https://github.com/juliaweb/uriparser.jl,dependencies,present
juliahub.com,pkg:julia/VectorizedRoutines,https://github.com/chrisrackauckas/vectorizedroutines.jl,dependencies,present
juliahub.com,pkg:julia/VoronoiCells,https://github.com/juliageometry/voronoicells.jl,not_matched,present
juliahub.com,pkg:julia/VoronoiDelaunay,https://github.com/juliageometry/voronoidelaunay.jl,not_matched,present
juliahub.com,pkg:julia/VT100,https://github.com/keno/vt100.jl,not_matched,present
juliahub.com,pkg:julia/WAV,https://github.com/dancasimiro/wav.jl,dependencies,present
juliahub.com,pkg:julia/WCS,https://github.com/juliaastro/wcs.jl,not_matched,present
juliahub.com,pkg:julia/WeakRefStrings,https://github.com/juliadata/weakrefstrings.jl,not_matched,missing
juliahub.com,pkg:julia/WinRPM,https://github.com/juliapackaging/winrpm.jl,not_matched,present
juliahub.com,pkg:julia/WordTokenizers,https://github.com/juliatext/wordtokenizers.jl,projects,present
metacpan.org,pkg:cpan/base,,not_matched,no_repository
metacpan.org,pkg:cpan/Carp,,dependencies,no_repository
metacpan.org,pkg:cpan/constant,,not_matched,no_repository
metacpan.org,pkg:cpan/DateTime,https://github.com/houseabsolute/datetime.pm,not_matched,present
metacpan.org,pkg:cpan/DBI,https://github.com/perl5-dbi/dbi,not_matched,missing
metacpan.org,pkg:cpan/Encode,https://github.com/dankogai/p5-encode,not_matched,present
metacpan.org,pkg:cpan/Exporter,https://github.com/perl/perl5,not_matched,missing
metacpan.org,pkg:cpan/FindBin,https://github.com/perl/perl5,not_matched,missing
metacpan.org,pkg:cpan/JSON,https://github.com/makamaka/json,not_matched,present
metacpan.org,pkg:cpan/lib,,not_matched,no_repository
metacpan.org,pkg:cpan/Mojolicious,https://github.com/mojolicious/mojo,not_matched,present
metacpan.org,pkg:cpan/Moo,https://github.com/moose/moo,not_matched,present
metacpan.org,pkg:cpan/Moose,https://github.com/moose/moose,not_matched,present
metacpan.org,pkg:cpan/parent,https://github.com/corion/parent,not_matched,present
metacpan.org,pkg:cpan/perl,https://github.com/perl/perl5,not_matched,missing
metacpan.org,pkg:cpan/Readonly,https://github.com/sanko/readonly,not_matched,present
metacpan.org,pkg:cpan/Storable,https://github.com/perl/perl5,not_matched,missing
metacpan.org,pkg:cpan/URI,https://github.com/libwww-perl/uri,not_matched,present
metacpan.org,pkg:cpan/version,https://github.com/perl/version.pm,not_matched,present
metacpan.org,pkg:cpan/YAML,https://github.com/ingydotnet/yaml-pm,not_matched,present
npmjs.org,pkg:npm/%40aashutoshrathi/word-wrap,https://github.com/aashutoshrathi/word-wrap,not_matched,present
npmjs.org,pkg:npm/abbrev,https://github.com/npm/abbrev-js,not_matched,present
npmjs.org,pkg:npm/abort-controller,https://github.com/mysticatea/abort-controller,not_matched,present
npmjs.org,pkg:npm/accepts,https://github.com/jshttp/accepts,not_matched,present
npmjs.org,pkg:npm/acorn,https://github.com/acornjs/acorn,not_matched,missing
npmjs.org,pkg:npm/acorn-globals,https://github.com/forbeslindesay/acorn-globals,not_matched,present
npmjs.org,pkg:npm/acorn-import-assertions,https://github.com/xtuc/acorn-import-assertions,not_matched,present
npmjs.org,pkg:npm/acorn-import-attributes,https://github.com/xtuc/acorn-import-attributes,not_matched,present
npmjs.org,pkg:npm/acorn-jsx,https://github.com/acornjs/acorn-jsx,not_matched,present
npmjs.org,pkg:npm/acorn-walk,https://github.com/acornjs/acorn,not_matched,missing
npmjs.org,pkg:npm/address,https://github.com/node-modules/address,not_matched,present
npmjs.org,pkg:npm/adjust-sourcemap-loader,https://github.com/bholloway/adjust-sourcemap-loader,not_matched,present
npmjs.org,pkg:npm/adm-zip,https://github.com/cthackers/adm-zip,not_matched,missing
npmjs.org,pkg:npm/%40adobe/css-tools,https://github.com/adobe/css-tools,not_matched,missing
npmjs.org,pkg:npm/agent-base,https://github.com/tootallnate/proxy-agents,not_matched,present
npmjs.org,pkg:npm/agentkeepalive,https://github.com/node-modules/agentkeepalive,not_matched,present
npmjs.org,pkg:npm/aggregate-error,https://github.com/sindresorhus/aggregate-error,not_matched,missing
npmjs.org,pkg:npm/ajv,https://github.com/ajv-validator/ajv,not_matched,present
npmjs.org,pkg:npm/ajv-errors,https://github.com/epoberezkin/ajv-errors,not_matched,present
npmjs.org,pkg:npm/ajv-formats,https://github.com/ajv-validator/ajv-formats,not_matched,present
npmjs.org,pkg:npm/ajv-keywords,https://github.com/epoberezkin/ajv-keywords,not_matched,present
npmjs.org,pkg:npm/%40alloc/quick-lru,https://github.com/aleclarson/quick-lru,not_matched,present
npmjs.org,pkg:npm/%40ampproject/remapping,https://github.com/ampproject/remapping,not_matched,present
npmjs.org,pkg:npm/%40angular-devkit/core,https://github.com/angular/angular-cli,not_matched,missing
npmjs.org,pkg:npm/%40angular-devkit/schematics,https://github.com/angular/angular-cli,not_matched,missing
npmjs.org,pkg:npm/ansi-align,https://github.com/nexdrew/ansi-align,not_matched,present
npmjs.org,pkg:npm/ansi-colors,https://github.com/doowb/ansi-colors,not_matched,present
npmjs.org,pkg:npm/ansi-escapes,https://github.com/sindresorhus/ansi-escapes,not_matched,missing
npmjs.org,pkg:npm/ansi-html-community,https://github.com/mahdyar/ansi-html-community,not_matched,present
npmjs.org,pkg:npm/ansi-regex,https://github.com/chalk/ansi-regex,not_matched,missing
npmjs.org,pkg:npm/ansi-styles,https://github.com/chalk/ansi-styles,not_matched,missing
npmjs.org,pkg:npm/anymatch,https://github.com/micromatch/anymatch,not_matched,present
npmjs.org,pkg:npm/any-promise,https://github.com/kevinbeaty/any-promise,not_matched,present
npmjs.org,pkg:npm/aproba,https://github.com/iarna/aproba,not_matched,present
npmjs.org,pkg:npm/arch,https://github.com/feross/arch,not_matched,present
npmjs.org,pkg:npm/archiver,https://github.com/archiverjs/node-archiver,not_matched,present
npmjs.org,pkg:npm/archiver-utils,https://github.com/archiverjs/archiver-utils,not_matched,present
npmjs.org,pkg:npm/archy,https://github.com/substack/node-archy,not_matched,unknown
npmjs.org,pkg:npm/arg,https://github.com/vercel/arg,not_matched,present
npmjs.org,pkg:npm/argparse,https://github.com/nodeca/argparse,not_matched,present
npmjs.org,pkg:npm/aria-hidden,https://github.com/thekashey/aria-hidden,not_matched,present
npmjs.org,pkg:npm/aria-query,https://github.com/a11yance/aria-query,not_matched,present
npmjs.org,pkg:npm/array-back,https://github.com/75lb/array-back,not_matched,present
npmjs.org,pkg:npm/array-buffer-byte-length,https://github.com/inspect-js/array-buffer-byte-length,not_matched,present
npmjs.org,pkg:npm/arraybuffer.prototype.slice,https://github.com/es-shims/arraybuffer.prototype.slice,not_matched,present
npmjs.org,pkg:npm/array-differ,https://github.com/sindresorhus/array-differ,not_matched,missing
npmjs.org,pkg:npm/array-flatten,https://github.com/blakeembrey/array-flatten,not_matched,present
npmjs.org,pkg:npm/array-includes,https://github.com/es-shims/array-includes,not_matched,missing
npmjs.org,pkg:npm/array.prototype.findlast,https://github.com/es-shims/array.prototype.findlast,not_matched,present
npmjs.org,pkg:npm/array.prototype.findlastindex,https://github.com/es-shims/array.prototype.findlastindex,not_matched,present
npmjs.org,pkg:npm/array.prototype.flat,https://github.com/es-shims/array.prototype.flat,not_matched,present
npmjs.org,pkg:npm/array.prototype.flatmap,https://github.com/es-shims/array.prototype.flatmap,not_matched,present
npmjs.org,pkg:npm/array.prototype.reduce,https://github.com/es-shims/array.prototype.reduce,not_matched,present
npmjs.org,pkg:npm/array.prototype.toreversed,https://github.com/es-shims/array.prototype.toreversed,not_matched,present
npmjs.org,pkg:npm/array.prototype.tosorted,https://github.com/es-shims/array.prototype.tosorted,not_matched,present
npmjs.org,pkg:npm/array-union,https://github.com/sindresorhus/array-union,not_matched,missing
npmjs.org,pkg:npm/array-uniq,https://github.com/sindresorhus/array-uniq,not_matched,missing
npmjs.org,pkg:npm/array-unique,https://github.com/jonschlinkert/array-unique,not_matched,present
npmjs.org,pkg:npm/arr-diff,https://github.com/jonschlinkert/arr-diff,not_matched,present
npmjs.org,pkg:npm/arr-flatten,https://github.com/jonschlinkert/arr-flatten,not_matched,present
npmjs.org,pkg:npm/arrify,https://github.com/sindresorhus/arrify,not_matched,missing
npmjs.org,pkg:npm/arr-union,https://github.com/jonschlinkert/arr-union,not_matched,present
npmjs.org,pkg:npm/asap,https://github.com/kriskowal/asap,not_matched,present
npmjs.org,pkg:npm/asn1,https://github.com/joyent/node-asn1,not_matched,present
npmjs.org,pkg:npm/asn1.js,https://github.com/indutny/asn1.js,not_matched,present
npmjs.org,pkg:npm/assert,https://github.com/browserify/commonjs-assert,not_matched,present
npmjs.org,pkg:npm/assertion-error,https://github.com/chaijs/assertion-error,not_matched,present
npmjs.org,pkg:npm/assert-plus,https://github.com/mcavage/node-assert-plus,not_matched,present
npmjs.org,pkg:npm/assign-symbols,https://github.com/jonschlinkert/assign-symbols,not_matched,present
npmjs.org,pkg:npm/astral-regex,https://github.com/kevva/astral-regex,not_matched,present
npmjs.org,pkg:npm/ast-types,https://github.com/benjamn/ast-types,not_matched,missing
npmjs.org,pkg:npm/ast-types-flow,https://github.com/kyldvs/ast-types-flow,not_matched,present
npmjs.org,pkg:npm/async,https://github.com/caolan/async,not_matched,missing
npmjs.org,pkg:npm/async-each,https://github.com/paulmillr/async-each,not_matched,unknown
npmjs.org,pkg:npm/asynckit,https://github.com/alexindigo/asynckit,not_matched,present
npmjs.org,pkg:npm/async-limiter,https://github.com/strml/async-limiter,not_matched,present
npmjs.org,pkg:npm/async-retry,https://github.com/vercel/async-retry,not_matched,present
npmjs.org,pkg:npm/at-least-node,https://github.com/ryanzim/at-least-node,not_matched,present
npmjs.org,pkg:npm/atob,https://git.coolaj86.com/coolaj86/atob.js,not_matched,present
npmjs.org,pkg:npm/atomic-sleep,https://github.com/davidmarkclements/atomic-sleep,not_matched,present
npmjs.org,pkg:npm/autoprefixer,https://github.com/postcss/autoprefixer,not_matched,missing
npmjs.org,pkg:npm/available-typed-arrays,https://github.com/inspect-js/available-typed-arrays,not_matched,present
npmjs.org,pkg:npm/aws4,https://github.com/mhart/aws4,not_matched,present
npmjs.org,pkg:npm/%40aws-crypto/crc32,https://github.com/aws/aws-sdk-js-crypto-helpers,not_matched,present
npmjs.org,pkg:npm/%40aws-crypto/crc32c,https://github.com/aws/aws-sdk-js-crypto-helpers,not_matched,present
npmjs.org,pkg:npm/%40aws-crypto/ie11-detection,https://github.com/aws/aws-sdk-js-crypto-helpers,not_matched,present
npmjs.org,pkg:npm/%40aws-crypto/sha1-browser,https://github.com/aws/aws-sdk-js-crypto-helpers,not_matched,present
npmjs.org,pkg:npm/%40aws-crypto/sha256-browser,https://github.com/aws/aws-sdk-js-crypto-helpers,not_matched,present
npmjs.org,pkg:npm/%40aws-crypto/sha256-js,https://github.com/aws/aws-sdk-js-crypto-helpers,not_matched,present
npmjs.org,pkg:npm/%40aws-crypto/supports-web-crypto,https://github.com/aws/aws-sdk-js-crypto-helpers,not_matched,present
npmjs.org,pkg:npm/%40aws-crypto/util,https://github.com/aws/aws-sdk-js-crypto-helpers,not_matched,present
npmjs.org,pkg:npm/aws-sdk,https://github.com/aws/aws-sdk-js,not_matched,present
npmjs.org,pkg:npm/%40aws-sdk/client-s3,https://github.com/aws/aws-sdk-js-v3,dependencies,missing
npmjs.org,pkg:npm/%40aws-sdk/client-sso,https://github.com/aws/aws-sdk-js-v3,not_matched,missing
npmjs.org,pkg:npm/%40aws-sdk/client-sso-oidc,https://github.com/aws/aws-sdk-js-v3,dependencies,missing
npmjs.org,pkg:npm/%40aws-sdk/client-sts,https://github.com/aws/aws-sdk-js-v3,dependencies,missing
npmjs.org,pkg:npm/%40aws-sdk/core,https://github.com/aws/aws-sdk-js-v3,not_matched,missing
npmjs.org,pkg:npm/%40aws-sdk/credential-provider-env,https://github.com/aws/aws-sdk-js-v3,not_matched,missing
npmjs.org,pkg:npm/%40aws-sdk/credential-provider-http,https://github.com/aws/aws-sdk-js-v3,not_matched,missing
npmjs.org,pkg:npm/%40aws-sdk/credential-provider-ini,https://github.com/aws/aws-sdk-js-v3,dependencies,missing
nuget.org,pkg:nuget/autofac,https://github.com/autofac/autofac,not_matched,present
nuget.org,pkg:nuget/automapper,https://github.com/luckypennysoftware/automapper,not_matched,missing
nuget.org,pkg:nuget/automapper.extensions.microsoft.dependencyinjection,https://github.com/automapper/automapper.extensions.microsoft.dependencyinjection,not_matched,present
nuget.org,pkg:nuget/awssdk.core,https://github.com/aws/aws-sdk-net,not_matched,missing
nuget.org,pkg:nuget/awssdk.s3,https://github.com/aws/aws-sdk-net,not_matched,missing
nuget.org,pkg:nuget/azure.core,https://github.com/azure/azure-sdk-for-net,not_matched,missing
nuget.org,pkg:nuget/azure.identity,https://github.com/azure/azure-sdk-for-net,not_matched,missing
nuget.org,pkg:nuget/azure.security.keyvault.secrets,https://github.com/azure/azure-sdk-for-net,not_matched,missing
nuget.org,pkg:nuget/azure.storage.blobs,https://github.com/azure/azure-sdk-for-net,not_matched,missing
nuget.org,pkg:nuget/azure.storage.common,https://github.com/azure/azure-sdk-for-net,not_matched,missing
nuget.org,pkg:nuget/castle.core,https://github.com/castleproject/core,not_matched,present
nuget.org,pkg:nuget/coverlet.collector,https://github.com/coverlet-coverage/coverlet,not_matched,present
nuget.org,pkg:nuget/csvhelper,https://github.com/joshclose/csvhelper,not_matched,present
nuget.org,pkg:nuget/dapper,https://github.com/dapperlib/dapper,not_matched,missing
nuget.org,pkg:nuget/entityframework,https://github.com/dotnet/ef6,not_matched,present
nuget.org,pkg:nuget/fluentassertions,https://github.com/fluentassertions/fluentassertions,not_matched,missing
nuget.org,pkg:nuget/fluentvalidation,https://github.com/jeremyskinner/fluentvalidation,not_matched,missing
nuget.org,pkg:nuget/google.apis,https://github.com/googleapis/google-api-dotnet-client,not_matched,missing
nuget.org,pkg:nuget/google.apis.auth,https://github.com/googleapis/google-api-dotnet-client,not_matched,missing
nuget.org,pkg:nuget/google.apis.core,https://github.com/googleapis/google-api-dotnet-client,not_matched,missing
nuget.org,pkg:nuget/google.protobuf,https://github.com/protocolbuffers/protobuf,not_matched,missing
nuget.org,pkg:nuget/grpc.core.api,https://github.com/grpc/grpc-dotnet,not_matched,missing
nuget.org,pkg:nuget/grpc.net.client,https://github.com/grpc/grpc-dotnet,not_matched,missing
nuget.org,pkg:nuget/grpc.net.common,https://github.com/grpc/grpc-dotnet,not_matched,missing
nuget.org,pkg:nuget/humanizer.core,https://github.com/humanizr/humanizer,not_matched,present
nuget.org,pkg:nuget/identitymodel,https://github.com/identitymodel/identitymodel,not_matched,present
nuget.org,pkg:nuget/jetbrains.annotations,https://github.com/jetbrains/jetbrains.annotations,not_matched,present
nuget.org,pkg:nuget/log4net,https://github.com/apache/logging-log4net,not_matched,missing
nuget.org,pkg:nuget/mediatr,https://github.com/luckypennysoftware/mediatr,not_matched,present
nuget.org,pkg:nuget/microsoft.applicationinsights,https://github.com/microsoft/applicationinsights-dotnet,not_matched,missing
nuget.org,pkg:nuget/microsoft.applicationinsights.aspnetcore,https://github.com/microsoft/applicationinsights-dotnet,not_matched,missing
nuget.org,pkg:nuget/microsoft.applicationinsights.dependencycollector,https://github.com/microsoft/applicationinsights-dotnet,not_matched,missing
nuget.org,pkg:nuget/microsoft.applicationinsights.eventcountercollector,https://github.com/microsoft/applicationinsights-dotnet,not_matched,missing
nuget.org,pkg:nuget/microsoft.applicationinsights.perfcountercollector,https://github.com/microsoft/applicationinsights-dotnet,not_matched,missing
nuget.org,pkg:nuget/microsoft.applicationinsights.windowsserver,https://github.com/microsoft/applicationinsights-dotnet,not_matched,missing
nuget.org,pkg:nuget/microsoft.applicationinsights.windowsserver.telemetrychannel,https://github.com/microsoft/applicationinsights-dotnet,not_matched,missing
nuget.org,pkg:nuget/microsoft.aspnetcore.antiforgery,https://github.com/dotnet/aspnetcore,not_matched,missing
nuget.org,pkg:nuget/microsoft.aspnetcore.authentication,https://github.com/dotnet/aspnetcore,not_matched,missing
nuget.org,pkg:nuget/microsoft.aspnetcore.authentication.abstractions,https://github.com/dotnet/aspnetcore,not_matched,missing
nuget.org,pkg:nuget/microsoft.aspnetcore.authentication.core,https://github.com/dotnet/aspnetcore,not_matched,missing
nuget.org,pkg:nuget/microsoft.aspnetcore.authentication.jwtbearer,https://github.com/dotnet/dotnet,not_matched,missing
nuget.org,pkg:nuget/microsoft.aspnetcore.authentication.openidconnect,https://github.com/dotnet/dotnet,not_matched,missing
nuget.org,pkg:nuget/microsoft.aspnetcore.authorization,https://github.com/dotnet/dotnet,not_matched,missing
nuget.org,pkg:nuget/microsoft.aspnetcore.authorization.policy,https://github.com/dotnet/aspnetcore,not_matched,missing
nuget.org,pkg:nuget/microsoft.aspnetcore.connections.abstractions,https://github.com/dotnet/dotnet,not_matched,missing
nuget.org,pkg:nuget/microsoft.aspnetcore.cors,https://github.com/dotnet/aspnetcore,not_matched,missing
nuget.org,pkg:nuget/microsoft.aspnetcore.cryptography.internal,https://github.com/dotnet/dotnet,not_matched,missing
nuget.org,pkg:nuget/microsoft.aspnetcore.cryptography.keyderivation,https://github.com/dotnet/dotnet,not_matched,missing
nuget.org,pkg:nuget/microsoft.aspnetcore.dataprotection,https://github.com/dotnet/dotnet,not_matched,missing
nuget.org,pkg:nuget/microsoft.aspnetcore.dataprotection.abstractions,https://github.com/dotnet/dotnet,not_matched,missing
nuget.org,pkg:nuget/microsoft.aspnetcore.diagnostics.abstractions,https://github.com/dotnet/aspnetcore,not_matched,missing
nuget.org,pkg:nuget/microsoft.aspnetcore.hosting,https://github.com/dotnet/aspnetcore,not_matched,missing
nuget.org,pkg:nuget/microsoft.aspnetcore.hosting.abstractions,https://github.com/dotnet/aspnetcore,not_matched,missing
nuget.org,pkg:nuget/microsoft.aspnetcore.hosting.server.abstractions,https://github.com/dotnet/aspnetcore,not_matched,missing
nuget.org,pkg:nuget/microsoft.aspnetcore.html.abstractions,https://github.com/dotnet/aspnetcore,not_matched,missing
nuget.org,pkg:nuget/microsoft.aspnetcore.http,https://github.com/dotnet/aspnetcore,not_matched,missing
nuget.org,pkg:nuget/microsoft.aspnetcore.http.abstractions,https://github.com/dotnet/aspnetcore,not_matched,missing
nuget.org,pkg:nuget/microsoft.aspnetcore.http.extensions,https://github.com/dotnet/aspnetcore,not_matched,missing
nuget.org,pkg:nuget/microsoft.aspnetcore.http.features,https://github.com/dotnet/aspnetcore,not_matched,missing
nuget.org,pkg:nuget/microsoft.aspnetcore.jsonpatch,https://github.com/dotnet/dotnet,not_matched,missing
nuget.org,pkg:nuget/microsoft.aspnetcore.mvc.abstractions,https://github.com/dotnet/aspnetcore,not_matched,missing
nuget.org,pkg:nuget/microsoft.aspnetcore.mvc.apiexplorer,https://github.com/dotnet/aspnetcore,not_matched,missing
nuget.org,pkg:nuget/microsoft.aspnetcore.mvc.core,https://github.com/dotnet/aspnetcore,not_matched,missing
nuget.org,pkg:nuget/microsoft.aspnetcore.mvc.dataannotations,https://github.com/dotnet/aspnetcore,not_matched,missing
nuget.org,pkg:nuget/microsoft.aspnetcore.mvc.formatters.json,https://github.com/dotnet/aspnetcore,not_matched,missing
nuget.org,pkg:nuget/microsoft.aspnetcore.mvc.newtonsoftjson,https://github.com/dotnet/dotnet,not_matched,missing
nuget.org,pkg:nuget/microsoft.aspnetcore.mvc.razor,https://github.com/dotnet/aspnetcore,not_matched,missing
nuget.org,pkg:nuget/microsoft.aspnetcore.mvc.razor.extensions,https://github.com/dotnet/aspnetcore,not_matched,missing
nuget.org,pkg:nuget/microsoft.aspnetcore.mvc.taghelpers,https://github.com/dotnet/aspnetcore,not_matched,missing
nuget.org,pkg:nuget/microsoft.aspnetcore.mvc.viewfeatures,https://github.com/dotnet/aspnetcore,not_matched,missing
nuget.org,pkg:nuget/microsoft.aspnetcore.razor,https://github.com/dotnet/aspnetcore,not_matched,missing
nuget.org,pkg:nuget/microsoft.aspnetcore.razor.language,https://github.com/dotnet/aspnetcore,not_matched,missing
nuget.org,pkg:nuget/microsoft.aspnetcore.razor.runtime,https://github.com/dotnet/aspnetcore,not_matched,missing
nuget.org,pkg:nuget/microsoft.aspnetcore.responsecaching.abstractions,https://github.com/dotnet/aspnetcore,not_matched,missing
nuget.org,pkg:nuget/microsoft.aspnetcore.routing,https://github.com/dotnet/aspnetcore,not_matched,missing
nuget.org,pkg:nuget/microsoft.aspnetcore.routing.abstractions,https://github.com/dotnet/aspnetcore,not_matched,missing
nuget.org,pkg:nuget/microsoft.aspnetcore.webutilities,https://github.com/dotnet/dotnet,not_matched,missing
nuget.org,pkg:nuget/microsoft.aspnet.mvc,https://github.com/aspnet/aspnetwebstack,not_matched,missing
nuget.org,pkg:nuget/microsoft.aspnet.razor,https://github.com/aspnet/aspnetwebstack,not_matched,missing
nuget.org,pkg:nuget/microsoft.aspnet.webapi.client,https://github.com/aspnet/aspnetwebstack,not_matched,missing
nuget.org,pkg:nuget/microsoft.aspnet.webapi.core,https://github.com/aspnet/aspnetwebstack,not_matched,missing
nuget.org,pkg:nuget/microsoft.aspnet.webpages,https://github.com/aspnet/aspnetwebstack,not_matched,missing
nuget.org,pkg:nuget/microsoft.azure.amqp,https://github.com/azure/azure-amqp,not_matched,missing
nuget.org,pkg:nuget/microsoft.azure.webjobs,https://github.com/azure/azure-webjobs-sdk,not_matched,present
nuget.org,pkg:nuget/microsoft.azure.webjobs.core,https://github.com/azure/azure-webjobs-sdk,not_matched,present
nuget.org,pkg:nuget/microsoft.bcl.asyncinterfaces,https://github.com/dotnet/dotnet,not_matched,missing
nuget.org,pkg:nuget/microsoft.bcl.hashcode,https://github.com/dotnet/maintenance-packages,not_matched,missing
nuget.org,pkg:nuget/microsoft.codeanalysis.analyzers,https://github.com/dotnet/roslyn,not_matched,missing
nuget.org,pkg:nuget/microsoft.codeanalysis.common,https://github.com/dotnet/roslyn,not_matched,missing
nuget.org,pkg:nuget/microsoft.codeanalysis.csharp,https://github.com/dotnet/roslyn,not_matched,missing
nuget.org,pkg:nuget/microsoft.codeanalysis.csharp.workspaces,https://github.com/dotnet/roslyn,not_matched,missing
nuget.org,pkg:nuget/microsoft.codeanalysis.razor,https://github.com/dotnet/aspnetcore,not_matched,missing
nuget.org,pkg:nuget/microsoft.codeanalysis.workspaces.common,https://github.com/dotnet/roslyn,not_matched,missing
nuget.org,pkg:nuget/microsoft.codecoverage,https://github.com/microsoft/vstest,not_matched,missing
nuget.org,pkg:nuget/microsoft.csharp,https://github.com/dotnet/corefx,not_matched,present
nuget.org,pkg:nuget/microsoft.data.sqlclient,https://github.com/dotnet/sqlclient,not_matched,missing
nuget.org,pkg:nuget/microsoft.data.sqlclient.sni.runtime,,not_matched,no_repository
nuget.org,pkg:nuget/microsoft.dotnet.platformabstractions,https://github.com/dotnet/core-setup,not_matched,present
nuget.org,pkg:nuget/microsoft.entityframeworkcore,https://github.com/dotnet/dotnet,not_matched,missing
nuget.org,pkg:nuget/microsoft.entityframeworkcore.abstractions,https://github.com/dotnet/dotnet,not_matched,missing
nuget.org,pkg:nuget/microsoft.entityframeworkcore.analyzers,https://github.com/dotnet/dotnet,not_matched,missing
nuget.org,pkg:nuget/microsoft.entityframeworkcore.design,https://github.com/dotnet/dotnet,not_matched,missing
nuget.org,pkg:nuget/microsoft.entityframeworkcore.inmemory,https://github.com/dotnet/dotnet,not_matched,missing
nuget.org,pkg:nuget/microsoft.entityframeworkcore.relational,https://github.com/dotnet/dotnet,not_matched,missing
nuget.org,pkg:nuget/microsoft.entityframeworkcore.sqlserver,https://github.com/dotnet/dotnet,not_matched,missing
nuget.org,pkg:nuget/microsoft.entityframeworkcore.tools,https://github.com/dotnet/dotnet,not_matched,missing
nuget.org,pkg:nuget/microsoft.extensions.apidescription.server,https://github.com/dotnet/dotnet,not_matched,missing
nuget.org,pkg:nuget/microsoft.extensions.caching.abstractions,https://github.com/dotnet/dotnet,not_matched,missing
nuget.org,pkg:nuget/microsoft.extensions.caching.memory,https://github.com/dotnet/dotnet,not_matched,missing
nuget.org,pkg:nuget/microsoft.extensions.configuration,https://github.com/dotnet/dotnet,not_matched,missing
nuget.org,pkg:nuget/microsoft.extensions.configuration.abstractions,https://github.com/dotnet/dotnet,not_matched,missing
nuget.org,pkg:nuget/microsoft.extensions.configuration.binder,https://github.com/dotnet/dotnet,not_matched,missing
nuget.org,pkg:nuget/microsoft.extensions.configuration.commandline,https://github.com/dotnet/dotnet,not_matched,missing
nuget.org,pkg:nuget/microsoft.extensions.configuration.environmentvariables,https://github.com/dotnet/dotnet,not_matched,missing
nuget.org,pkg:nuget/microsoft.extensions.configuration.fileextensions,https://github.com/dotnet/dotnet,not_matched,missing
nuget.org,pkg:nuget/microsoft.extensions.configuration.json,https://github.com/dotnet/dotnet,not_matched,missing
nuget.org,pkg:nuget/microsoft.extensions.configuration.usersecrets,https://github.com/dotnet/dotnet,not_matched,missing
nuget.org,pkg:nuget/microsoft.extensions.dependencyinjection,https://github.com/dotnet/dotnet,not_matched,missing
nuget.org,pkg:nuget/microsoft.extensions.dependencyinjection.abstractions,https://github.com/dotnet/dotnet,not_matched,missing
nuget.org,pkg:nuget/microsoft.extensions.dependencymodel,https://github.com/dotnet/dotnet,not_matched,missing
nuget.org,pkg:nuget/microsoft.extensions.diagnostics.healthchecks,https://github.com/dotnet/dotnet,not_matched,missing
nuget.org,pkg:nuget/microsoft.extensions.diagnostics.healthchecks.abstractions,https://github.com/dotnet/dotnet,not_matched,missing
nuget.org,pkg:nuget/microsoft.extensions.fileproviders.abstractions,https://github.com/dotnet/dotnet,not_matched,missing
nuget.org,pkg:nuget/microsoft.extensions.fileproviders.composite,https://github.com/dotnet/dotnet,not_matched,missing
nuget.org,pkg:nuget/microsoft.extensions.fileproviders.embedded,https://github.com/dotnet/dotnet,not_matched,missing
nuget.org,pkg:nuget/microsoft.extensions.fileproviders.physical,https://github.com/dotnet/dotnet,not_matched,missing
nuget.org,pkg:nuget/microsoft.extensions.filesystemglobbing,https://github.com/dotnet/dotnet,not_matched,missing
nuget.org,pkg:nuget/microsoft.extensions.hosting,https://github.com/dotnet/dotnet,not_matched,missing
nuget.org,pkg:nuget/microsoft.extensions.hosting.abstractions,https://github.com/dotnet/dotnet,not_matched,missing
nuget.org,pkg:nuget/microsoft.extensions.http,https://github.com/dotnet/dotnet,not_matched,missing
nuget.org,pkg:nuget/microsoft.extensions.http.polly,https://github.com/dotnet/dotnet,not_matched,missing
nuget.org,pkg:nuget/microsoft.extensions.identity.core,https://github.com/dotnet/dotnet,not_matched,missing
nuget.org,pkg:nuget/microsoft.extensions.localization,https://github.com/dotnet/dotnet,not_matched,missing
nuget.org,pkg:nuget/microsoft.extensions.localization.abstractions,https://github.com/dotnet/dotnet,not_matched,missing
nuget.org,pkg:nuget/microsoft.extensions.logging,https://github.com/dotnet/dotnet,not_matched,missing
nuget.org,pkg:nuget/microsoft.extensions.logging.abstractions,https://github.com/dotnet/dotnet,not_matched,missing
nuget.org,pkg:nuget/microsoft.extensions.logging.applicationinsights,https://github.com/microsoft/applicationinsights-dotnet,not_matched,missing
nuget.org,pkg:nuget/microsoft.extensions.logging.configuration,https://github.com/dotnet/dotnet,not_matched,missing
nuget.org,pkg:nuget/microsoft.extensions.logging.console,https://github.com/dotnet/dotnet,not_matched,missing
nuget.org,pkg:nuget/microsoft.extensions.logging.debug,https://github.com/dotnet/dotnet,not_matched,missing
nuget.org,pkg:nuget/microsoft.extensions.logging.eventlog,https://github.com/dotnet/dotnet,not_matched,missing
nuget.org,pkg:nuget/microsoft.extensions.logging.eventsource,https://github.com/dotnet/dotnet,not_matched,missing
nuget.org,pkg:nuget/microsoft.extensions.objectpool,https://github.com/dotnet/dotnet,not_matched,missing
nuget.org,pkg:nuget/microsoft.extensions.options,https://github.com/dotnet/dotnet,not_matched,missing
nuget.org,pkg:nuget/microsoft.extensions.options.configurationextensions,https://github.com/dotnet/dotnet,not_matched,missing
nuget.org,pkg:nuget/microsoft.extensions.platformabstractions,,not_matched,no_repository
nuget.org,pkg:nuget/microsoft.extensions.primitives,https://github.com/dotnet/dotnet,not_matched,missing
nuget.org,pkg:nuget/microsoft.extensions.webencoders,https://github.com/dotnet/dotnet,not_matched,missing
nuget.org,pkg:nuget/microsoft.identity.client,https://github.com/azuread/microsoft-authentication-library-for-dotnet,not_matched,missing
nuget.org,pkg:nuget/microsoft.identity.client.extensions.msal,https://github.com/azuread/microsoft-authentication-library-for-dotnet,not_matched,missing
nuget.org,pkg:nuget/microsoft.identitymodel.abstractions,https://github.com/azuread/azure-activedirectory-identitymodel-extensions-for-dotnet,not_matched,missing
nuget.org,pkg:nuget/microsoft.identitymodel.clients.activedirectory,https://github.com/azuread/azure-activedirectory-library-for-dotnet,not_matched,present
nuget.org,pkg:nuget/microsoft.identitymodel.jsonwebtokens,https://github.com/azuread/azure-activedirectory-identitymodel-extensions-for-dotnet,not_matched,missing
nuget.org,pkg:nuget/microsoft.identitymodel.logging,https://github.com/azuread/azure-activedirectory-identitymodel-extensions-for-dotnet,not_matched,missing
nuget.org,pkg:nuget/microsoft.identitymodel.protocols,https://github.com/azuread/azure-activedirectory-identitymodel-extensions-for-dotnet,not_matched,missing
nuget.org,pkg:nuget/microsoft.identitymodel.protocols.openidconnect,https://github.com/azuread/azure-activedirectory-identitymodel-extensions-for-dotnet,not_matched,missing
nuget.org,pkg:nuget/microsoft.identitymodel.tokens,https://github.com/azuread/azure-activedirectory-identitymodel-extensions-for-dotnet,not_matched,missing
nuget.org,pkg:nuget/microsoft.netcore.app,https://github.com/dotnet/core-setup,not_matched,present
nuget.org,pkg:nuget/microsoft.netcore.dotnethostpolicy,https://github.com/dotnet/runtime,not_matched,missing
nuget.org,pkg:nuget/microsoft.netcore.dotnethostresolver,https://github.com/dotnet/runtime,not_matched,missing
nuget.org,pkg:nuget/microsoft.netcore.platforms,https://github.com/dotnet/runtime,not_matched,missing
nuget.org,pkg:nuget/microsoft.netcore.targets,https://github.com/dotnet/runtime,not_matched,missing
nuget.org,pkg:nuget/microsoft.net.http.headers,https://github.com/dotnet/dotnet,not_matched,missing
nuget.org,pkg:nuget/microsoft.net.test.sdk,https://github.com/microsoft/vstest,not_matched,missing
nuget.org,pkg:nuget/microsoft.net.workload.emscripten.manifest-6.0.400,https://github.com/dotnet/emsdk,not_matched,missing
nuget.org,pkg:nuget/microsoft.net.workload.mono.toolchain.manifest-6.0.400,https://github.com/dotnet/runtime,not_matched,missing
nuget.org,pkg:nuget/microsoft.openapi,https://github.com/microsoft/openapi.net,not_matched,missing
nuget.org,pkg:nuget/microsoft.rest.clientruntime,https://github.com/azure/autorest,not_matched,present
nuget.org,pkg:nuget/microsoft.rest.clientruntime.azure,https://github.com/azure/autorest,not_matched,present
nuget.org,pkg:nuget/microsoft.testplatform.objectmodel,https://github.com/microsoft/vstest,not_matched,missing
nuget.org,pkg:nuget/microsoft.testplatform.testhost,https://github.com/microsoft/vstest,not_matched,missing
nuget.org,pkg:nuget/microsoft.visualstudio.azure.containers.tools.targets,,not_matched,no_repository
nuget.org,pkg:nuget/microsoft.win32.primitives,,not_matched,no_repository
nuget.org,pkg:nuget/microsoft.win32.registry,https://github.com/dotnet/runtime,not_matched,missing
nuget.org,pkg:nuget/microsoft.win32.systemevents,https://github.com/dotnet/dotnet,not_matched,missing
nuget.org,pkg:nuget/mongodb.bson,https://github.com/mongodb/mongo-csharp-driver,not_matched,missing
nuget.org,pkg:nuget/mongodb.driver.core,https://github.com/mongodb/mongo-csharp-driver,not_matched,missing
nuget.org,pkg:nuget/moq,https://github.com/moq/moq,not_matched,present
nuget.org,pkg:nuget/mstest.testadapter,https://github.com/microsoft/testfx,not_matched,missing
nuget.org,pkg:nuget/mstest.testframework,https://github.com/microsoft/testfx,not_matched,missing
nuget.org,pkg:nuget/netstandard.library,https://github.com/dotnet/standard,not_matched,present
nuget.org,pkg:nuget/newtonsoft.json,https://github.com/jamesnk/newtonsoft.json,not_matched,missing
nuget.org,pkg:nuget/newtonsoft.json.bson,https://github.com/jamesnk/newtonsoft.json.bson,not_matched,present
nuget.org,pkg:nuget/nlog,https://github.com/nlog/nlog,not_matched,missing
nuget.org,pkg:nuget/not,https://github.com/uthmanrahimi/not,not_matched,present
nuget.org,pkg:nuget/npgsql,https://github.com/npgsql/npgsql,not_matched,present
nuget.org,pkg:nuget/nuget.frameworks,https://github.com/nuget/nuget.client,not_matched,missing
nuget.org,pkg:nuget/nunit,https://github.com/nunit/nunit,not_matched,missing
nuget.org,pkg:nuget/nunit3testadapter,https://github.com/nunit/nunit3-vs-adapter,not_matched,missing
nuget.org,pkg:nuget/or,,not_matched,no_repository
nuget.org,pkg:nuget/pipelines.sockets.unofficial,https://github.com/mgravell/pipelines.sockets.unofficial,not_matched,present
nuget.org,pkg:nuget/polly,https://github.com/app-vnext/polly,not_matched,missing
nuget.org,pkg:nuget/polly.extensions.http,https://github.com/app-vnext/polly.extensions.http,not_matched,present
nuget.org,pkg:nuget/portable.bouncycastle,https://github.com/novotnyllc/bc-csharp,not_matched,present
nuget.org,pkg:nuget/rabbitmq.client,https://github.com/rabbitmq/rabbitmq-dotnet-client,not_matched,missing
nuget.org,pkg:nuget/restsharp,https://github.com/restsharp/restsharp,not_matched,present
nuget.org,pkg:nuget/runtime.debian.8-x64.runtime.native.system.security.cryptography.openssl,,not_matched,no_repository
nuget.org,pkg:nuget/runtime.fedora.23-x64.runtime.native.system.security.cryptography.openssl,,not_matched,no_repository
nuget.org,pkg:nuget/runtime.fedora.24-x64.runtime.native.system.security.cryptography.openssl,,not_matched,no_repository
nuget.org,pkg:nuget/runtime.native.system,,not_matched,no_repository
nuget.org,pkg:nuget/runtime.native.system.data.sqlclient.sni,https://github.com/dotnet/corefx,not_matched,present
nuget.org,pkg:nuget/runtime.native.system.io.compression,,not_matched,no_repository
nuget.org,pkg:nuget/runtime.native.system.net.http,,not_matched,no_repository
nuget.org,pkg:nuget/runtime.native.system.net.security,,not_matched,no_repository
nuget.org,pkg:nuget/runtime.native.system.security.cryptography,,not_matched,no_repository
nuget.org,pkg:nuget/runtime.native.system.security.cryptography.apple,,not_matched,no_repository
nuget.org,pkg:nuget/runtime.native.system.security.cryptography.openssl,,not_matched,no_repository
nuget.org,pkg:nuget/runtime.opensuse.13.2-x64.runtime.native.system.security.cryptography.openssl,,not_matched,no_repository
nuget.org,pkg:nuget/runtime.opensuse.42.1-x64.runtime.native.system.security.cryptography.openssl,,not_matched,no_repository
nuget.org,pkg:nuget/runtime.osx.10.10-x64.runtime.native.system.security.cryptography.apple,,not_matched,no_repository
nuget.org,pkg:nuget/runtime.osx.10.10-x64.runtime.native.system.security.cryptography.openssl,,not_matched,no_repository
nuget.org,pkg:nuget/runtime.rhel.7-x64.runtime.native.system.security.cryptography.openssl,,not_matched,no_repository
nuget.org,pkg:nuget/runtime.ubuntu.14.04-x64.runtime.native.system.security.cryptography.openssl,,not_matched,no_repository
nuget.org,pkg:nuget/runtime.ubuntu.16.04-x64.runtime.native.system.security.cryptography.openssl,,not_matched,no_repository
nuget.org,pkg:nuget/runtime.ubuntu.16.10-x64.runtime.native.system.security.cryptography.openssl,,not_matched,no_repository
nuget.org,pkg:nuget/runtime.win-arm64.runtime.native.system.data.sqlclient.sni,,not_matched,no_repository
nuget.org,pkg:nuget/runtime.win-x64.runtime.native.system.data.sqlclient.sni,,not_matched,no_repository
nuget.org,pkg:nuget/runtime.win-x86.runtime.native.system.data.sqlclient.sni,,not_matched,no_repository
nuget.org,pkg:nuget/serilog,https://github.com/serilog/serilog,not_matched,present
nuget.org,pkg:nuget/serilog.aspnetcore,https://github.com/serilog/serilog-aspnetcore,not_matched,present
nuget.org,pkg:nuget/serilog.extensions.hosting,https://github.com/serilog/serilog-extensions-hosting,not_matched,present
nuget.org,pkg:nuget/serilog.extensions.logging,https://github.com/serilog/serilog-extensions-logging,not_matched,present
nuget.org,pkg:nuget/serilog.formatting.compact,https://github.com/serilog/serilog-formatting-compact,not_matched,present
nuget.org,pkg:nuget/serilog.settings.configuration,https://github.com/serilog/serilog-settings-configuration,not_matched,present
nuget.org,pkg:nuget/serilog.sinks.console,https://github.com/serilog/serilog-sinks-console,not_matched,present
nuget.org,pkg:nuget/serilog.sinks.debug,https://github.com/serilog/serilog-sinks-debug,not_matched,present
nuget.org,pkg:nuget/serilog.sinks.file,https://github.com/serilog/serilog-sinks-file,not_matched,present
nuget.org,pkg:nuget/serilog.sinks.periodicbatching,https://github.com/serilog/serilog-sinks-periodicbatching,not_matched,present
nuget.org,pkg:nuget/sqlitepclraw.core,https://github.com/ericsink/sqlitepcl.raw,not_matched,present
nuget.org,pkg:nuget/stackexchange.redis,https://github.com/stackexchange/stackexchange.redis,not_matched,missing
nuget.org,pkg:nuget/swashbuckle.aspnetcore,https://github.com/domaindrivendev/swashbuckle.aspnetcore,not_matched,missing
nuget.org,pkg:nuget/swashbuckle.aspnetcore.swagger,https://github.com/domaindrivendev/swashbuckle.aspnetcore,not_matched,missing
nuget.org,pkg:nuget/swashbuckle.aspnetcore.swaggergen,https://github.com/domaindrivendev/swashbuckle.aspnetcore,not_matched,missing
nuget.org,pkg:nuget/swashbuckle.aspnetcore.swaggerui,https://github.com/domaindrivendev/swashbuckle.aspnetcore,not_matched,missing
nuget.org,pkg:nuget/system.appcontext,,not_matched,no_repository
nuget.org,pkg:nuget/system.buffers,https://github.com/dotnet/maintenance-packages,not_matched,missing
nuget.org,pkg:nuget/system.codedom,https://github.com/dotnet/dotnet,not_matched,missing
nuget.org,pkg:nuget/system.collections,,not_matched,no_repository
nuget.org,pkg:nuget/system.collections.concurrent,,not_matched,no_repository
nuget.org,pkg:nuget/system.collections.immutable,https://github.com/dotnet/dotnet,not_matched,missing
nuget.org,pkg:nuget/system.collections.nongeneric,,not_matched,no_repository
nuget.org,pkg:nuget/system.collections.specialized,,not_matched,no_repository
nuget.org,pkg:nuget/system.componentmodel,,not_matched,no_repository
nuget.org,pkg:nuget/system.componentmodel.annotations,https://github.com/dotnet/runtime,not_matched,missing
nuget.org,pkg:nuget/system.componentmodel.eventbasedasync,,not_matched,no_repository
nuget.org,pkg:nuget/system.componentmodel.primitives,,dependencies,no_repository
nuget.org,pkg:nuget/system.componentmodel.typeconverter,,not_matched,no_repository
nuget.org,pkg:nuget/system.composition,https://github.com/dotnet/dotnet,not_matched,missing
nuget.org,pkg:nuget/system.composition.attributedmodel,https://github.com/dotnet/dotnet,not_matched,missing
nuget.org,pkg:nuget/system.composition.convention,https://github.com/dotnet/dotnet,not_matched,missing
nuget.org,pkg:nuget/system.composition.hosting,https://github.com/dotnet/dotnet,not_matched,missing
nuget.org,pkg:nuget/system.composition.runtime,https://github.com/dotnet/dotnet,not_matched,missing
nuget.org,pkg:nuget/system.composition.typedparts,https://github.com/dotnet/dotnet,not_matched,missing
nuget.org,pkg:nuget/system.configuration.configurationmanager,https://github.com/dotnet/dotnet,not_matched,missing
nuget.org,pkg:nuget/system.console,,not_matched,no_repository
nuget.org,pkg:nuget/system.data.common,,not_matched,no_repository
nuget.org,pkg:nuget/system.data.sqlclient,https://github.com/dotnet/maintenance-packages,not_matched,missing
nuget.org,pkg:nuget/system.diagnostics.contracts,,not_matched,no_repository
nuget.org,pkg:nuget/system.diagnostics.debug,,not_matched,no_repository
nuget.org,pkg:nuget/system.diagnostics.diagnosticsource,https://github.com/dotnet/dotnet,not_matched,missing
nuget.org,pkg:nuget/system.diagnostics.eventlog,https://github.com/dotnet/dotnet,not_matched,missing
nuget.org,pkg:nuget/system.diagnostics.fileversioninfo,,not_matched,no_repository
nuget.org,pkg:nuget/system.diagnostics.performancecounter,https://github.com/dotnet/dotnet,not_matched,missing
nuget.org,pkg:nuget/system.diagnostics.process,,not_matched,no_repository
nuget.org,pkg:nuget/system.diagnostics.stacktrace,,not_matched,no_repository
nuget.org,pkg:nuget/system.diagnostics.textwritertracelistener,,not_matched,no_repository
nuget.org,pkg:nuget/system.diagnostics.tools,,not_matched,no_repository
nuget.org,pkg:nuget/system.diagnostics.tracesource,,not_matched,no_repository
nuget.org,pkg:nuget/system.diagnostics.tracing,,not_matched,no_repository
nuget.org,pkg:nuget/system.drawing.common,https://github.com/dotnet/winforms,not_matched,missing
nuget.org,pkg:nuget/system.dynamic.runtime,,not_matched,no_repository
nuget.org,pkg:nuget/system.formats.asn1,https://github.com/dotnet/dotnet,not_matched,missing
nuget.org,pkg:nuget/system.globalization,,not_matched,no_repository
nuget.org,pkg:nuget/system.globalization.calendars,,not_matched,no_repository
nuget.org,pkg:nuget/system.globalization.extensions,,not_matched,no_repository
nuget.org,pkg:nuget/system.identitymodel.tokens.jwt,https://github.com/azuread/azure-activedirectory-identitymodel-extensions-for-dotnet,not_matched,missing
nuget.org,pkg:nuget/system.io,,not_matched,no_repository
nuget.org,pkg:nuget/system.io.compression,,not_matched,no_repository
nuget.org,pkg:nuget/system.io.compression.zipfile,,not_matched,no_repository
nuget.org,pkg:nuget/system.io.filesystem,,not_matched,no_repository
nuget.org,pkg:nuget/system.io.filesystem.accesscontrol,https://github.com/dotnet/runtime,not_matched,missing
nuget.org,pkg:nuget/system.io.filesystem.primitives,,not_matched,no_repository
nuget.org,pkg:nuget/system.io.filesystem.watcher,,not_matched,no_repository
nuget.org,pkg:nuget/system.io.pipelines,https://github.com/dotnet/dotnet,not_matched,missing
nuget.org,pkg:nuget/system.linq,,not_matched,no_repository
nuget.org,pkg:nuget/system.linq.expressions,,not_matched,no_repository
nuget.org,pkg:nuget/system.linq.queryable,,not_matched,no_repository
nuget.org,pkg:nuget/system.memory,https://github.com/dotnet/maintenance-packages,not_matched,missing
nuget.org,pkg:nuget/system.memory.data,https://github.com/dotnet/dotnet,not_matched,missing
nuget.org,pkg:nuget/system.net.http,,not_matched,no_repository
nuget.org,pkg:nuget/system.net.nameresolution,,not_matched,no_repository
nuget.org,pkg:nuget/system.net.primitives,,not_matched,no_repository
nuget.org,pkg:nuget/system.net.requests,,not_matched,no_repository
nuget.org,pkg:nuget/system.net.security,,not_matched,no_repository
nuget.org,pkg:nuget/system.net.sockets,,not_matched,no_repository
nuget.org,pkg:nuget/system.net.webheadercollection,,not_matched,no_repository
nuget.org,pkg:nuget/system.net.websockets,,not_matched,no_repository
nuget.org,pkg:nuget/system.numerics.vectors,https://github.com/dotnet/maintenance-packages,not_matched,missing
nuget.org,pkg:nuget/system.objectmodel,,not_matched,no_repository
nuget.org,pkg:nuget/system.private.datacontractserialization,,not_matched,no_repository
nuget.org,pkg:nuget/system.private.servicemodel,https://github.com/dotnet/wcf,not_matched,present
nuget.org,pkg:nuget/system.private.uri,,not_matched,no_repository
nuget.org,pkg:nuget/system.reflection,,not_matched,no_repository
nuget.org,pkg:nuget/system.reflection.dispatchproxy,https://github.com/dotnet/runtime,not_matched,missing
nuget.org,pkg:nuget/system.reflection.emit,https://github.com/dotnet/corefx,not_matched,present
nuget.org,pkg:nuget/system.reflection.emit.ilgeneration,https://github.com/dotnet/corefx,not_matched,present
nuget.org,pkg:nuget/system.reflection.emit.lightweight,https://github.com/dotnet/corefx,not_matched,present
nuget.org,pkg:nuget/system.reflection.extensions,,not_matched,no_repository
nuget.org,pkg:nuget/system.reflection.metadata,https://github.com/dotnet/dotnet,not_matched,missing
nuget.org,pkg:nuget/system.reflection.primitives,,not_matched,no_repository
nuget.org,pkg:nuget/system.reflection.typeextensions,https://github.com/dotnet/corefx,not_matched,present
nuget.org,pkg:nuget/system.resources.resourcemanager,,not_matched,no_repository
nuget.org,pkg:nuget/system.runtime,,not_matched,no_repository
nuget.org,pkg:nuget/system.runtime.caching,https://github.com/dotnet/dotnet,not_matched,missing
nuget.org,pkg:nuget/system.runtime.compilerservices.unsafe,https://github.com/dotnet/runtime,not_matched,missing
nuget.org,pkg:nuget/system.runtime.extensions,,not_matched,no_repository
nuget.org,pkg:nuget/system.runtime.handles,,not_matched,no_repository
nuget.org,pkg:nuget/system.runtime.interopservices,,not_matched,no_repository
nuget.org,pkg:nuget/system.runtime.interopservices.runtimeinformation,,not_matched,no_repository
nuget.org,pkg:nuget/system.runtime.loader,,not_matched,no_repository
nuget.org,pkg:nuget/system.runtime.numerics,,not_matched,no_repository
nuget.org,pkg:nuget/system.runtime.serialization.formatters,https://github.com/dotnet/dotnet,not_matched,missing
nuget.org,pkg:nuget/system.runtime.serialization.json,,not_matched,no_repository
nuget.org,pkg:nuget/system.runtime.serialization.primitives,,not_matched,no_repository
nuget.org,pkg:nuget/system.runtime.serialization.xml,,not_matched,no_repository
nuget.org,pkg:nuget/system.security.accesscontrol,https://github.com/dotnet/runtime,not_matched,missing
nuget.org,pkg:nuget/system.security.claims,,not_matched,no_repository
nuget.org,pkg:nuget/system.security.cryptography.algorithms,,not_matched,no_repository
nuget.org,pkg:nuget/system.security.cryptography.cng,https://github.com/dotnet/runtime,not_matched,missing
nuget.org,pkg:nuget/system.security.cryptography.csp,,not_matched,no_repository
nuget.org,pkg:nuget/system.security.cryptography.encoding,,not_matched,no_repository
nuget.org,pkg:nuget/system.security.cryptography.openssl,https://github.com/dotnet/runtime,not_matched,missing
nuget.org,pkg:nuget/system.security.cryptography.pkcs,https://github.com/dotnet/dotnet,not_matched,missing
nuget.org,pkg:nuget/system.security.cryptography.primitives,,not_matched,no_repository
nuget.org,pkg:nuget/system.security.cryptography.protecteddata,https://github.com/dotnet/dotnet,not_matched,missing
nuget.org,pkg:nuget/system.security.cryptography.x509certificates,,not_matched,no_repository
nuget.org,pkg:nuget/system.security.cryptography.xml,https://github.com/dotnet/dotnet,not_matched,missing
nuget.org,pkg:nuget/system.security.permissions,https://github.com/dotnet/dotnet,not_matched,missing
nuget.org,pkg:nuget/system.security.principal,,not_matched,no_repository
nuget.org,pkg:nuget/system.security.principal.windows,https://github.com/dotnet/runtime,not_matched,missing
nuget.org,pkg:nuget/system.security.securestring,,not_matched,no_repository
nuget.org,pkg:nuget/system.servicemodel.primitives,https://github.com/dotnet/wcf,not_matched,present
nuget.org,pkg:nuget/system.text.encoding,,not_matched,no_repository
nuget.org,pkg:nuget/system.text.encoding.codepages,https://github.com/dotnet/dotnet,not_matched,missing
nuget.org,pkg:nuget/system.text.encoding.extensions,,not_matched,no_repository
nuget.org,pkg:nuget/system.text.encodings.web,https://github.com/dotnet/dotnet,not_matched,missing
nuget.org,pkg:nuget/system.text.json,https://github.com/dotnet/dotnet,not_matched,missing
nuget.org,pkg:nuget/system.text.regularexpressions,,not_matched,no_repository
nuget.org,pkg:nuget/system.threading,,not_matched,no_repository
nuget.org,pkg:nuget/system.threading.channels,https://github.com/dotnet/dotnet,not_matched,missing
nuget.org,pkg:nuget/system.threading.overlapped,,not_matched,no_repository
nuget.org,pkg:nuget/system.threading.tasks,,not_matched,no_repository
nuget.org,pkg:nuget/system.threading.tasks.dataflow,https://github.com/dotnet/dotnet,not_matched,missing
nuget.org,pkg:nuget/system.threading.tasks.extensions,https://github.com/dotnet/maintenance-packages,not_matched,missing
nuget.org,pkg:nuget/system.threading.tasks.parallel,,not_matched,no_repository
nuget.org,pkg:nuget/system.threading.thread,,not_matched,no_repository
nuget.org,pkg:nuget/system.threading.threadpool,,not_matched,no_repository
nuget.org,pkg:nuget/system.threading.timer,,not_matched,no_repository
nuget.org,pkg:nuget/system.valuetuple,https://github.com/dotnet/maintenance-packages,not_matched,missing
nuget.org,pkg:nuget/system.windows.extensions,https://github.com/dotnet/dotnet,not_matched,missing
nuget.org,pkg:nuget/system.xml.readerwriter,,not_matched,no_repository
nuget.org,pkg:nuget/system.xml.xdocument,,not_matched,no_repository
nuget.org,pkg:nuget/system.xml.xmldocument,,not_matched,no_repository
nuget.org,pkg:nuget/system.xml.xmlserializer,,not_matched,no_repository
nuget.org,pkg:nuget/system.xml.xpath,,not_matched,no_repository
nuget.org,pkg:nuget/system.xml.xpath.xdocument,,not_matched,no_repository
nuget.org,pkg:nuget/system.xml.xpath.xmldocument,https://github.com/dotnet/maintenance-packages,not_matched,missing
nuget.org,pkg:nuget/windowsazure.storage,https://github.com/azure/azure-storage-net,not_matched,present
nuget.org,pkg:nuget/xunit,https://github.com/xunit/xunit,not_matched,missing
nuget.org,pkg:nuget/xunit.abstractions,https://github.com/xunit/xunit,not_matched,missing
nuget.org,pkg:nuget/xunit.analyzers,https://github.com/xunit/xunit.analyzers,not_matched,missing
nuget.org,pkg:nuget/xunit.assert,https://github.com/xunit/xunit,not_matched,missing
nuget.org,pkg:nuget/xunit.core,https://github.com/xunit/xunit,not_matched,missing
nuget.org,pkg:nuget/xunit.extensibility.core,https://github.com/xunit/xunit,not_matched,missing
nuget.org,pkg:nuget/xunit.extensibility.execution,https://github.com/xunit/xunit,not_matched,missing
nuget.org,pkg:nuget/xunit.runner.visualstudio,https://github.com/xunit/visualstudio.xunit,not_matched,missing
packagist.org,pkg:composer/amphp/amp,https://github.com/amphp/amp,not_matched,present
packagist.org,pkg:composer/amphp/byte-stream,https://github.com/amphp/byte-stream,not_matched,present
packagist.org,pkg:composer/api-platform/core,https://github.com/api-platform/core,not_matched,missing
packagist.org,pkg:composer/asm89/stack-cors,https://github.com/asm89/stack-cors,not_matched,present
packagist.org,pkg:composer/aws/aws-crt-php,https://github.com/awslabs/aws-crt-php,not_matched,present
packagist.org,pkg:composer/aws/aws-sdk-php,https://github.com/aws/aws-sdk-php,not_matched,missing
packagist.org,pkg:composer/bacon/bacon-qr-code,https://github.com/bacon/baconqrcode,dependencies,missing
packagist.org,pkg:composer/barryvdh/laravel-debugbar,https://github.com/fruitcake/laravel-debugbar,not_matched,present
packagist.org,pkg:composer/barryvdh/laravel-dompdf,https://github.com/barryvdh/laravel-dompdf,not_matched,present
packagist.org,pkg:composer/barryvdh/laravel-ide-helper,https://github.com/barryvdh/laravel-ide-helper,not_matched,missing
packagist.org,pkg:composer/barryvdh/reflection-docblock,https://github.com/barryvdh/reflectiondocblock,not_matched,present
packagist.org,pkg:composer/beberlei/assert,https://github.com/beberlei/assert,not_matched,present
packagist.org,pkg:composer/beberlei/doctrineextensions,https://github.com/beberlei/doctrineextensions,not_matched,present
packagist.org,pkg:composer/behat/behat,https://github.com/behat/behat,not_matched,missing
packagist.org,pkg:composer/behat/gherkin,https://github.com/behat/gherkin,not_matched,missing
packagist.org,pkg:composer/behat/mink,https://github.com/minkphp/mink,not_matched,missing
packagist.org,pkg:composer/behat/mink-browserkit-driver,https://github.com/minkphp/minkbrowserkitdriver,not_matched,present
packagist.org,pkg:composer/behat/mink-extension,https://github.com/behat/minkextension,not_matched,present
packagist.org,pkg:composer/behat/mink-goutte-driver,https://github.com/minkphp/minkgouttedriver,not_matched,present
packagist.org,pkg:composer/behat/mink-selenium2-driver,https://github.com/minkphp/minkselenium2driver,not_matched,present
packagist.org,pkg:composer/behat/transliterator,https://github.com/behat/transliterator,not_matched,present
packagist.org,pkg:composer/beyondcode/laravel-dump-server,https://github.com/beyondcode/laravel-dump-server,not_matched,present
packagist.org,pkg:composer/braintree/braintree_php,https://github.com/braintree/braintree_php,not_matched,missing
packagist.org,pkg:composer/brianium/paratest,https://github.com/paratestphp/paratest,not_matched,missing
packagist.org,pkg:composer/brick/math,https://github.com/brick/math,not_matched,present
packagist.org,pkg:composer/bugsnag/bugsnag,https://github.com/bugsnag/bugsnag-php,not_matched,present
packagist.org,pkg:composer/cakephp/chronos,https://github.com/cakephp/chronos,not_matched,missing
packagist.org,pkg:composer/carbonphp/carbon-doctrine-types,https://github.com/carbonphp/carbon-doctrine-types,not_matched,missing
packagist.org,pkg:composer/chi-teck/drupal-code-generator,https://github.com/chi-teck/drupal-code-generator,not_matched,present
packagist.org,pkg:composer/classpreloader/classpreloader,https://github.com/classpreloader/classpreloader,not_matched,present
packagist.org,pkg:composer/clue/stream-filter,https://github.com/clue/stream-filter,not_matched,present
packagist.org,pkg:composer/cocur/slugify,https://github.com/cocur/slugify,not_matched,present
packagist.org,pkg:composer/codeception/codeception,https://github.com/codeception/codeception,not_matched,present
packagist.org,pkg:composer/codeception/lib-asserts,https://github.com/codeception/lib-asserts,not_matched,present
packagist.org,pkg:composer/codeception/module-asserts,https://github.com/codeception/module-asserts,not_matched,present
packagist.org,pkg:composer/codeception/phpunit-wrapper,https://github.com/codeception/phpunit-wrapper,not_matched,present
packagist.org,pkg:composer/codeception/stub,https://github.com/codeception/stub,not_matched,present
packagist.org,pkg:composer/colinmollenhour/credis,https://github.com/colinmollenhour/credis,not_matched,present
packagist.org,pkg:composer/composer/ca-bundle,https://github.com/composer/ca-bundle,not_matched,present
packagist.org,pkg:composer/composer/class-map-generator,https://github.com/composer/class-map-generator,not_matched,present
packagist.org,pkg:composer/composer/composer,https://github.com/composer/composer,not_matched,missing
packagist.org,pkg:composer/composer/installers,https://github.com/composer/installers,not_matched,present
packagist.org,pkg:composer/composer/metadata-minifier,https://github.com/composer/metadata-minifier,not_matched,missing
packagist.org,pkg:composer/composer/package-versions-deprecated,https://github.com/composer/package-versions-deprecated,not_matched,present
packagist.org,pkg:composer/composer/pcre,https://github.com/composer/pcre,not_matched,missing
packagist.org,pkg:composer/composer/semver,https://github.com/composer/semver,not_matched,present
packagist.org,pkg:composer/composer/spdx-licenses,https://github.com/composer/spdx-licenses,not_matched,missing
packagist.org,pkg:composer/composer/xdebug-handler,https://github.com/composer/xdebug-handler,not_matched,present
packagist.org,pkg:composer/consolidation/annotated-command,https://github.com/consolidation/annotated-command,not_matched,present
packagist.org,pkg:composer/consolidation/config,https://github.com/consolidation/config,not_matched,present
packagist.org,pkg:composer/consolidation/filter-via-dot-access-data,https://github.com/consolidation/filter-via-dot-access-data,not_matched,present
packagist.org,pkg:composer/consolidation/log,https://github.com/consolidation/log,not_matched,present
packagist.org,pkg:composer/consolidation/output-formatters,https://github.com/consolidation/output-formatters,not_matched,present
packagist.org,pkg:composer/consolidation/robo,https://github.com/consolidation/robo,not_matched,present
packagist.org,pkg:composer/consolidation/self-update,https://github.com/consolidation/self-update,not_matched,present
packagist.org,pkg:composer/consolidation/site-alias,https://github.com/consolidation/site-alias,not_matched,present
packagist.org,pkg:composer/consolidation/site-process,https://github.com/consolidation/site-process,not_matched,present
packagist.org,pkg:composer/container-interop/container-interop,https://github.com/container-interop/container-interop,not_matched,present
packagist.org,pkg:composer/cweagans/composer-patches,https://github.com/cweagans/composer-patches,not_matched,present
packagist.org,pkg:composer/dasprid/enum,https://github.com/dasprid/enum,not_matched,present
packagist.org,pkg:composer/dealerdirect/phpcodesniffer-composer-installer,https://github.com/phpcsstandards/composer-installer,not_matched,missing
packagist.org,pkg:composer/defuse/php-encryption,https://github.com/defuse/php-encryption,not_matched,present
packagist.org,pkg:composer/dflydev/dot-access-data,https://github.com/dflydev/dflydev-dot-access-data,not_matched,present
packagist.org,pkg:composer/dnoegel/php-xdg-base-dir,https://github.com/dnoegel/php-xdg-base-dir,not_matched,present
packagist.org,pkg:composer/doctrine/annotations,https://github.com/doctrine/annotations,not_matched,present
packagist.org,pkg:composer/doctrine/cache,https://github.com/doctrine/cache,not_matched,present
packagist.org,pkg:composer/doctrine/collections,https://github.com/doctrine/collections,not_matched,present
packagist.org,pkg:composer/doctrine/common,https://github.com/doctrine/common,not_matched,present
packagist.org,pkg:composer/doctrine/data-fixtures,https://github.com/doctrine/data-fixtures,not_matched,present
packagist.org,pkg:composer/doctrine/dbal,https://github.com/doctrine/dbal,not_matched,present
packagist.org,pkg:composer/doctrine/deprecations,https://github.com/doctrine/deprecations,not_matched,present
packagist.org,pkg:composer/doctrine/doctrine-bundle,https://github.com/doctrine/doctrinebundle,not_matched,present
packagist.org,pkg:composer/doctrine/doctrine-cache-bundle,https://github.com/doctrine/doctrinecachebundle,not_matched,present
packagist.org,pkg:composer/doctrine/doctrine-fixtures-bundle,https://github.com/doctrine/doctrinefixturesbundle,not_matched,missing
packagist.org,pkg:composer/doctrine/doctrine-migrations-bundle,https://github.com/doctrine/doctrinemigrationsbundle,not_matched,missing
packagist.org,pkg:composer/doctrine/event-manager,https://github.com/doctrine/event-manager,not_matched,present
packagist.org,pkg:composer/doctrine/inflector,https://github.com/doctrine/inflector,not_matched,present
packagist.org,pkg:composer/doctrine/instantiator,https://github.com/doctrine/instantiator,not_matched,present
packagist.org,pkg:composer/doctrine/lexer,https://github.com/doctrine/lexer,not_matched,present
packagist.org,pkg:composer/doctrine/migrations,https://github.com/doctrine/migrations,not_matched,present
packagist.org,pkg:composer/doctrine/orm,https://github.com/doctrine/orm,not_matched,missing
packagist.org,pkg:composer/doctrine/persistence,https://github.com/doctrine/persistence,not_matched,present
packagist.org,pkg:composer/doctrine/reflection,https://github.com/doctrine/reflection,not_matched,present
packagist.org,pkg:composer/doctrine/sql-formatter,https://github.com/doctrine/sql-formatter,not_matched,present
packagist.org,pkg:composer/dompdf/dompdf,https://github.com/dompdf/dompdf,not_matched,present
packagist.org,pkg:composer/dragonmantank/cron-expression,https://github.com/dragonmantank/cron-expression,not_matched,present
packagist.org,pkg:composer/drupal/coder,https://github.com/pfrenssen/coder,not_matched,present
packagist.org,pkg:composer/drupal/core,https://github.com/drupal/core,not_matched,missing
packagist.org,pkg:composer/drush/drush,https://github.com/drush-ops/drush,not_matched,missing
packagist.org,pkg:composer/egulias/email-validator,https://github.com/egulias/emailvalidator,not_matched,present
packagist.org,pkg:composer/elasticsearch/elasticsearch,https://github.com/elastic/elasticsearch-php,not_matched,present
packagist.org,pkg:composer/endroid/qr-code,https://github.com/endroid/qr-code,not_matched,present
packagist.org,pkg:composer/erusev/parsedown,https://github.com/erusev/parsedown,not_matched,present
packagist.org,pkg:composer/evenement/evenement,https://github.com/igorw/evenement,not_matched,present
packagist.org,pkg:composer/ezimuel/guzzlestreams,https://github.com/ezimuel/guzzlestreams,not_matched,present
packagist.org,pkg:composer/ezimuel/ringphp,https://github.com/ezimuel/ringphp,not_matched,present
packagist.org,pkg:composer/ezyang/htmlpurifier,https://github.com/ezyang/htmlpurifier,not_matched,missing
packagist.org,pkg:composer/fabpot/goutte,https://github.com/friendsofphp/goutte,not_matched,present
packagist.org,pkg:composer/facade/flare-client-php,https://github.com/facade/flare-client-php,not_matched,present
packagist.org,pkg:composer/facade/ignition,https://github.com/facade/ignition,not_matched,present
packagist.org,pkg:composer/facade/ignition-contracts,https://github.com/facade/ignition-contracts,not_matched,present
packagist.org,pkg:composer/facebook/graph-sdk,https://github.com/facebookarchive/php-graph-sdk,not_matched,present
packagist.org,pkg:composer/facebook/webdriver,https://github.com/php-webdriver/php-webdriver-archive,not_matched,present
packagist.org,pkg:composer/fakerphp/faker,https://github.com/fakerphp/faker,not_matched,present
packagist.org,pkg:composer/felixfbecker/advanced-json-rpc,https://github.com/felixfbecker/php-advanced-json-rpc,not_matched,present
packagist.org,pkg:composer/felixfbecker/language-server-protocol,https://github.com/felixfbecker/php-language-server-protocol,not_matched,present
packagist.org,pkg:composer/fideloper/proxy,https://github.com/fideloper/trustedproxy,dependencies,present
packagist.org,pkg:composer/fidry/cpu-core-counter,https://github.com/theofidry/cpu-core-counter,not_matched,present
packagist.org,pkg:composer/fig/http-message-util,https://github.com/php-fig/http-message-util,not_matched,present
packagist.org,pkg:composer/fig/link-util,https://github.com/php-fig/link-util,not_matched,present
packagist.org,pkg:composer/filp/whoops,https://github.com/filp/whoops,not_matched,missing
packagist.org,pkg:composer/firebase/php-jwt,https://github.com/googleapis/php-jwt,not_matched,missing
packagist.org,pkg:composer/friendsofphp/php-cs-fixer,https://github.com/php-cs-fixer/php-cs-fixer,dependencies,missing
packagist.org,pkg:composer/friendsofphp/proxy-manager-lts,https://github.com/friendsofphp/proxy-manager-lts,not_matched,present
packagist.org,pkg:composer/friendsofsymfony/jsrouting-bundle,https://github.com/friendsofsymfony/fosjsroutingbundle,not_matched,present
packagist.org,pkg:composer/friendsofsymfony/rest-bundle,https://github.com/friendsofsymfony/fosrestbundle,not_matched,present
packagist.org,pkg:composer/friendsofsymfony/user-bundle,https://github.com/friendsofsymfony/fosuserbundle,not_matched,present
packagist.org,pkg:composer/fruitcake/laravel-cors,https://github.com/fruitcake/laravel-cors,not_matched,present
packagist.org,pkg:composer/fruitcake/php-cors,https://github.com/fruitcake/php-cors,not_matched,present
packagist.org,pkg:composer/fzaninotto/faker,https://github.com/fzaninotto/faker,not_matched,present
packagist.org,pkg:composer/gedmo/doctrine-extensions,https://github.com/doctrine-extensions/doctrineextensions,not_matched,missing
packagist.org,pkg:composer/geoip2/geoip2,https://github.com/maxmind/geoip2-php,not_matched,missing
packagist.org,pkg:composer/giggsey/libphonenumber-for-php,https://github.com/giggsey/libphonenumber-for-php,not_matched,missing
packagist.org,pkg:composer/giggsey/locale,https://github.com/giggsey/locale,not_matched,present
packagist.org,pkg:composer/google/apiclient,https://github.com/googleapis/google-api-php-client,not_matched,missing
packagist.org,pkg:composer/google/apiclient-services,https://github.com/googleapis/google-api-php-client-services,not_matched,missing
packagist.org,pkg:composer/google/auth,https://github.com/googleapis/google-auth-library-php,not_matched,missing
packagist.org,pkg:composer/google/cloud-core,https://github.com/googleapis/google-cloud-php-core,not_matched,present
packagist.org,pkg:composer/google/cloud-storage,https://github.com/googleapis/google-cloud-php-storage,not_matched,missing
packagist.org,pkg:composer/google/common-protos,https://github.com/googleapis/common-protos-php,not_matched,missing
packagist.org,pkg:composer/google/crc32,https://github.com/google/php-crc32,not_matched,present
packagist.org,pkg:composer/google/gax,https://github.com/googleapis/gax-php,not_matched,missing
packagist.org,pkg:composer/google/grpc-gcp,https://github.com/googlecloudplatform/grpc-gcp-php,not_matched,present
packagist.org,pkg:composer/google/protobuf,https://github.com/protocolbuffers/protobuf-php,not_matched,missing
packagist.org,pkg:composer/google/recaptcha,https://github.com/google/recaptcha,not_matched,missing
packagist.org,pkg:composer/graham-campbell/result-type,https://github.com/grahamcampbell/result-type,not_matched,missing
packagist.org,pkg:composer/grasmash/expander,https://github.com/grasmash/expander,not_matched,present
packagist.org,pkg:composer/grpc/grpc,https://github.com/grpc/grpc-php,not_matched,present
packagist.org,pkg:composer/guzzle/guzzle,https://github.com/guzzle/guzzle3,not_matched,present
packagist.org,pkg:composer/guzzlehttp/guzzle,https://github.com/guzzle/guzzle,not_matched,missing
packagist.org,pkg:composer/guzzlehttp/promises,https://github.com/guzzle/promises,not_matched,present
packagist.org,pkg:composer/guzzlehttp/psr7,https://github.com/guzzle/psr7,not_matched,present
packagist.org,pkg:composer/guzzlehttp/ringphp,https://github.com/guzzle/ringphp,not_matched,present
packagist.org,pkg:composer/guzzlehttp/streams,https://github.com/guzzle/streams,not_matched,present
packagist.org,pkg:composer/guzzlehttp/uri-template,https://github.com/guzzle/uri-template,not_matched,missing
packagist.org,pkg:composer/hamcrest/hamcrest-php,https://github.com/hamcrest/hamcrest-php,not_matched,present
packagist.org,pkg:composer/hashids/hashids,https://github.com/vinkla/hashids,not_matched,present
packagist.org,pkg:composer/http-interop/http-factory-guzzle,https://github.com/http-interop/http-factory-guzzle,not_matched,present
packagist.org,pkg:composer/illuminate/bus,https://github.com/illuminate/bus,not_matched,present
packagist.org,pkg:composer/illuminate/collections,https://github.com/illuminate/collections,not_matched,present
packagist.org,pkg:composer/illuminate/config,https://github.com/illuminate/config,not_matched,present
packagist.org,pkg:composer/illuminate/console,https://github.com/illuminate/console,not_matched,present
packagist.org,pkg:composer/illuminate/container,https://github.com/illuminate/container,not_matched,present
packagist.org,pkg:composer/illuminate/contracts,https://github.com/illuminate/contracts,not_matched,present
packagist.org,pkg:composer/illuminate/database,https://github.com/illuminate/database,not_matched,present
packagist.org,pkg:composer/illuminate/events,https://github.com/illuminate/events,not_matched,present
packagist.org,pkg:composer/illuminate/filesystem,https://github.com/illuminate/filesystem,not_matched,present
packagist.org,pkg:composer/illuminate/macroable,https://github.com/illuminate/macroable,not_matched,present
packagist.org,pkg:composer/illuminate/pipeline,https://github.com/illuminate/pipeline,not_matched,present
packagist.org,pkg:composer/illuminate/support,https://github.com/illuminate/support,not_matched,present
packagist.org,pkg:composer/illuminate/view,https://github.com/illuminate/view,not_matched,present
packagist.org,pkg:composer/imagine/imagine,https://github.com/php-imagine/imagine,not_matched,present
packagist.org,pkg:composer/incenteev/composer-parameter-handler,https://github.com/incenteev/parameterhandler,not_matched,present
packagist.org,pkg:composer/instaclick/php-webdriver,https://github.com/instaclick/php-webdriver,not_matched,present
packagist.org,pkg:composer/intervention/image,https://github.com/intervention/image,not_matched,missing
packagist.org,pkg:composer/ircmaxell/password-compat,https://github.com/ircmaxell/password_compat,not_matched,present
packagist.org,pkg:composer/jakub-onderka/php-console-color,https://github.com/jakubonderka/php-console-color,not_matched,present
packagist.org,pkg:composer/jakub-onderka/php-console-highlighter,https://github.com/jakubonderka/php-console-highlighter,not_matched,present
packagist.org,pkg:composer/jaybizzle/crawler-detect,https://github.com/jaybizzle/crawler-detect,not_matched,present
packagist.org,pkg:composer/jdorn/sql-formatter,https://github.com/jdorn/sql-formatter,not_matched,present
packagist.org,pkg:composer/jean85/pretty-package-versions,https://github.com/jean85/pretty-package-versions,not_matched,present
packagist.org,pkg:composer/jenssegers/agent,https://github.com/jenssegers/agent,not_matched,present
packagist.org,pkg:composer/jeremeamia/superclosure,https://github.com/jeremeamia/super_closure,not_matched,present
packagist.org,pkg:composer/jms/metadata,https://github.com/schmittjoh/metadata,not_matched,present
packagist.org,pkg:composer/jms/parser-lib,https://github.com/schmittjoh/parser-lib,not_matched,present
packagist.org,pkg:composer/jms/serializer,https://github.com/schmittjoh/serializer,not_matched,present
packagist.org,pkg:composer/jms/serializer-bundle,https://github.com/schmittjoh/jmsserializerbundle,not_matched,present
packagist.org,pkg:composer/justinrainbow/json-schema,https://github.com/jsonrainbow/json-schema,not_matched,missing
packagist.org,pkg:composer/knplabs/gaufrette,https://github.com/knplabs/gaufrette,not_matched,present
packagist.org,pkg:composer/knplabs/knp-components,https://github.com/knplabs/knp-components,not_matched,present
packagist.org,pkg:composer/knplabs/knp-menu,https://github.com/knplabs/knpmenu,not_matched,present
packagist.org,pkg:composer/knplabs/knp-menu-bundle,https://github.com/knplabs/knpmenubundle,not_matched,present
packagist.org,pkg:composer/knplabs/knp-paginator-bundle,https://github.com/knplabs/knppaginatorbundle,not_matched,present
packagist.org,pkg:composer/knplabs/knp-snappy,https://github.com/knplabs/snappy,not_matched,present
packagist.org,pkg:composer/kriswallsmith/assetic,https://github.com/kriswallsmith/assetic,not_matched,present
packagist.org,pkg:composer/kylekatarnls/update-helper,https://github.com/kylekatarnls/update-helper,not_matched,present
packagist.org,pkg:composer/laminas/laminas-code,https://github.com/laminas/laminas-code,not_matched,present
packagist.org,pkg:composer/laminas/laminas-diactoros,https://github.com/laminas/laminas-diactoros,not_matched,missing
packagist.org,pkg:composer/laminas/laminas-escaper,https://github.com/laminas/laminas-escaper,not_matched,missing
packagist.org,pkg:composer/laminas/laminas-eventmanager,https://github.com/laminas/laminas-eventmanager,not_matched,missing
packagist.org,pkg:composer/laminas/laminas-feed,https://github.com/laminas/laminas-feed,not_matched,missing
packagist.org,pkg:composer/laminas/laminas-servicemanager,https://github.com/laminas/laminas-servicemanager,not_matched,missing
packagist.org,pkg:composer/laminas/laminas-stdlib,https://github.com/laminas/laminas-stdlib,not_matched,missing
packagist.org,pkg:composer/laminas/laminas-zendframework-bridge,https://github.com/laminas/laminas-zendframework-bridge,not_matched,present
packagist.org,pkg:composer/laravelcollective/html,https://github.com/laravelcollective/html,not_matched,present
packagist.org,pkg:composer/laravel/framework,https://github.com/laravel/framework,not_matched,missing
packagist.org,pkg:composer/laravel/helpers,https://github.com/laravel/helpers,not_matched,present
packagist.org,pkg:composer/laravel/horizon,https://github.com/laravel/horizon,not_matched,missing
packagist.org,pkg:composer/laravel/laravel,https://github.com/laravel/laravel,not_matched,present
packagist.org,pkg:composer/laravel/passport,https://github.com/laravel/passport,not_matched,missing
packagist.org,pkg:composer/laravel/pint,https://github.com/laravel/pint,not_matched,missing
packagist.org,pkg:composer/laravel/prompts,https://github.com/laravel/prompts,not_matched,present
packagist.org,pkg:composer/laravel/sail,https://github.com/laravel/sail,not_matched,missing
packagist.org,pkg:composer/laravel/sanctum,https://github.com/laravel/sanctum,not_matched,missing
packagist.org,pkg:composer/laravel/serializable-closure,https://github.com/laravel/serializable-closure,not_matched,missing
packagist.org,pkg:composer/laravel/slack-notification-channel,https://github.com/laravel/slack-notification-channel,not_matched,present
packagist.org,pkg:composer/laravel/socialite,https://github.com/laravel/socialite,not_matched,missing
packagist.org,pkg:composer/laravel/telescope,https://github.com/laravel/telescope,not_matched,missing
packagist.org,pkg:composer/laravel/tinker,https://github.com/laravel/tinker,not_matched,missing
packagist.org,pkg:composer/laravel/ui,https://github.com/laravel/ui,not_matched,present
packagist.org,pkg:composer/lcobucci/clock,https://github.com/lcobucci/clock,not_matched,present
packagist.org,pkg:composer/lcobucci/jwt,https://github.com/lcobucci/jwt,not_matched,missing
packagist.org,pkg:composer/league/commonmark,https://github.com/thephpleague/commonmark,not_matched,missing
packagist.org,pkg:composer/league/config,https://github.com/thephpleague/config,not_matched,present
packagist.org,pkg:composer/league/container,https://github.com/thephpleague/container,not_matched,missing
packagist.org,pkg:composer/league/csv,https://github.com/thephpleague/csv,not_matched,missing
packagist.org,pkg:composer/league/event,https://github.com/thephpleague/event,not_matched,present
packagist.org,pkg:composer/league/flysystem,https://github.com/thephpleague/flysystem,not_matched,present
packagist.org,pkg:composer/league/flysystem-aws-s3-v3,https://github.com/thephpleague/flysystem-aws-s3-v3,not_matched,missing
packagist.org,pkg:composer/league/flysystem-local,https://github.com/thephpleague/flysystem-local,not_matched,present
packagist.org,pkg:composer/league/fractal,https://github.com/thephpleague/fractal,not_matched,present
packagist.org,pkg:composer/league/glide,https://github.com/thephpleague/glide,not_matched,present
packagist.org,pkg:composer/league/mime-type-detection,https://github.com/thephpleague/mime-type-detection,not_matched,present
packagist.org,pkg:composer/league/oauth1-client,https://github.com/thephpleague/oauth1-client,not_matched,missing
packagist.org,pkg:composer/league/oauth2-client,https://github.com/thephpleague/oauth2-client,not_matched,missing
packagist.org,pkg:composer/league/oauth2-server,https://github.com/thephpleague/oauth2-server,not_matched,present
packagist.org,pkg:composer/league/uri,https://github.com/thephpleague/uri,not_matched,missing
packagist.org,pkg:composer/league/uri-interfaces,https://github.com/thephpleague/uri-interfaces,not_matched,present
packagist.org,pkg:composer/lexik/jwt-authentication-bundle,https://github.com/lexik/lexikjwtauthenticationbundle,not_matched,present
packagist.org,pkg:composer/liip/imagine-bundle,https://github.com/liip/liipimaginebundle,not_matched,missing
packagist.org,pkg:composer/livewire/livewire,https://github.com/livewire/livewire,not_matched,missing
packagist.org,pkg:composer/maatwebsite/excel,https://github.com/spartnernl/laravel-excel,not_matched,missing
packagist.org,pkg:composer/maennchen/zipstream-php,https://github.com/maennchen/zipstream-php,not_matched,missing
packagist.org,pkg:composer/markbaker/complex,https://github.com/markbaker/phpcomplex,not_matched,present
packagist.org,pkg:composer/markbaker/matrix,https://github.com/markbaker/phpmatrix,not_matched,present
packagist.org,pkg:composer/masterminds/html5,https://github.com/masterminds/html5-php,not_matched,present
packagist.org,pkg:composer/maximebf/debugbar,https://github.com/php-debugbar/php-debugbar,not_matched,missing
packagist.org,pkg:composer/maxmind-db/reader,https://github.com/maxmind/maxmind-db-reader-php,not_matched,missing
packagist.org,pkg:composer/maxmind/web-service-common,https://github.com/maxmind/web-service-common-php,not_matched,missing
packagist.org,pkg:composer/michelf/php-markdown,https://github.com/michelf/php-markdown,dependencies,present
packagist.org,pkg:composer/mikey179/vfsstream,https://github.com/bovigo/vfsstream,not_matched,present
packagist.org,pkg:composer/mobiledetect/mobiledetectlib,https://github.com/serbanghita/mobile-detect,not_matched,present
packagist.org,pkg:composer/mockery/mockery,https://github.com/mockery/mockery,not_matched,present
packagist.org,pkg:composer/moneyphp/money,https://github.com/moneyphp/money,not_matched,present
packagist.org,pkg:composer/mongodb/mongodb,https://github.com/mongodb/mongo-php-library,not_matched,present
packagist.org,pkg:composer/monolog/monolog,https://github.com/seldaek/monolog,not_matched,present
packagist.org,pkg:composer/mpdf/mpdf,https://github.com/mpdf/mpdf,not_matched,missing
packagist.org,pkg:composer/mtdowling/cron-expression,https://github.com/mtdowling/cron-expression,not_matched,present
packagist.org,pkg:composer/mtdowling/jmespath.php,https://github.com/jmespath/jmespath.php,not_matched,present
packagist.org,pkg:composer/mustache/mustache,https://github.com/bobthecow/mustache.php,not_matched,present
packagist.org,pkg:composer/myclabs/deep-copy,https://github.com/myclabs/deepcopy,not_matched,present
packagist.org,pkg:composer/myclabs/php-enum,https://github.com/myclabs/php-enum,not_matched,present
packagist.org,pkg:composer/namshi/jose,https://github.com/namshi/jose,not_matched,present
packagist.org,pkg:composer/nelmio/alice,https://github.com/nelmio/alice,not_matched,present
packagist.org,pkg:composer/nelmio/api-doc-bundle,https://github.com/nelmio/nelmioapidocbundle,not_matched,missing
packagist.org,pkg:composer/nelmio/cors-bundle,https://github.com/nelmio/nelmiocorsbundle,not_matched,present
packagist.org,pkg:composer/nesbot/carbon,https://github.com/carbonphp/carbon,not_matched,missing
packagist.org,pkg:composer/netresearch/jsonmapper,https://github.com/cweiske/jsonmapper,not_matched,present
packagist.org,pkg:composer/nette/di,https://github.com/nette/di,not_matched,present
packagist.org,pkg:composer/nette/finder,https://github.com/nette/finder,not_matched,present
packagist.org,pkg:composer/nette/neon,https://github.com/nette/neon,not_matched,present
packagist.org,pkg:composer/nette/php-generator,https://github.com/nette/php-generator,not_matched,present
packagist.org,pkg:composer/nette/robot-loader,https://github.com/nette/robot-loader,not_matched,present
packagist.org,pkg:composer/nette/schema,https://github.com/nette/schema,not_matched,present
packagist.org,pkg:composer/nette/utils,https://github.com/nette/utils,not_matched,present
packagist.org,pkg:composer/nikic/fast-route,https://github.com/nikic/fastroute,not_matched,present
packagist.org,pkg:composer/nikic/php-parser,https://github.com/nikic/php-parser,not_matched,missing
packagist.org,pkg:composer/nunomaduro/collision,https://github.com/nunomaduro/collision,dependencies,present
packagist.org,pkg:composer/nunomaduro/larastan,https://github.com/larastan/larastan,not_matched,present
packagist.org,pkg:composer/nunomaduro/termwind,https://github.com/nunomaduro/termwind,not_matched,missing
packagist.org,pkg:composer/nyholm/psr7,https://github.com/nyholm/psr7,not_matched,present
packagist.org,pkg:composer/ocramius/package-versions,https://github.com/ocramius/packageversions,not_matched,missing
packagist.org,pkg:composer/ocramius/proxy-manager,https://github.com/ocramius/proxymanager,not_matched,present
packagist.org,pkg:composer/openlss/lib-array2xml,https://github.com/nullivex/lib-array2xml,not_matched,present
packagist.org,pkg:composer/opis/closure,https://github.com/opis/closure,not_matched,present
packagist.org,pkg:composer/pagerfanta/pagerfanta,https://github.com/babdev/pagerfanta,not_matched,present
packagist.org,pkg:composer/paragonie/constant_time_encoding,https://github.com/paragonie/constant_time_encoding,not_matched,present
packagist.org,pkg:composer/paragonie/random_compat,https://github.com/paragonie/random_compat,not_matched,present
packagist.org,pkg:composer/paragonie/sodium_compat,https://github.com/paragonie/sodium_compat,not_matched,present
packagist.org,pkg:composer/pdepend/pdepend,https://github.com/pdepend/pdepend,not_matched,missing
packagist.org,pkg:composer/pear/archive_tar,https://github.com/pear/archive_tar,not_matched,present
packagist.org,pkg:composer/pear/console_getopt,https://github.com/pear/console_getopt,not_matched,present
packagist.org,pkg:composer/pear/pear-core-minimal,https://github.com/pear/pear-core-minimal,not_matched,present
packagist.org,pkg:composer/pear/pear_exception,https://github.com/pear/pear_exception,not_matched,present
packagist.org,pkg:composer/pelago/emogrifier,https://github.com/myintervals/emogrifier,not_matched,missing
packagist.org,pkg:composer/phar-io/manifest,https://github.com/phar-io/manifest,not_matched,present
packagist.org,pkg:composer/phar-io/version,https://github.com/phar-io/version,not_matched,present
packagist.org,pkg:composer/phenx/php-font-lib,https://github.com/dompdf/php-font-lib,not_matched,present
packagist.org,pkg:composer/phenx/php-svg-lib,https://github.com/dompdf/php-svg-lib,not_matched,present
packagist.org,pkg:composer/php-amqplib/php-amqplib,https://github.com/php-amqplib/php-amqplib,not_matched,present
packagist.org,pkg:composer/phpcollection/phpcollection,https://github.com/schmittjoh/php-collection,not_matched,present
packagist.org,pkg:composer/phpcompatibility/php-compatibility,https://github.com/phpcompatibility/phpcompatibility,not_matched,missing
packagist.org,pkg:composer/php-cs-fixer/diff,https://github.com/php-cs-fixer/diff,not_matched,present
packagist.org,pkg:composer/php-di/invoker,https://github.com/php-di/invoker,not_matched,present
packagist.org,pkg:composer/phpdocumentor/reflection-common,https://github.com/phpdocumentor/reflectioncommon,not_matched,present
packagist.org,pkg:composer/phpdocumentor/reflection-docblock,https://github.com/phpdocumentor/reflectiondocblock,not_matched,missing
packagist.org,pkg:composer/phpdocumentor/type-resolver,https://github.com/phpdocumentor/typeresolver,not_matched,present
packagist.org,pkg:composer/php-http/client-common,https://github.com/php-http/client-common,not_matched,present
packagist.org,pkg:composer/php-http/curl-client,https://github.com/php-http/curl-client,not_matched,present
packagist.org,pkg:composer/php-http/discovery,https://github.com/php-http/discovery,not_matched,present
packagist.org,pkg:composer/php-http/guzzle6-adapter,https://github.com/php-http/guzzle6-adapter,not_matched,present
packagist.org,pkg:composer/php-http/httplug,https://github.com/php-http/httplug,not_matched,present
packagist.org,pkg:composer/php-http/message,https://github.com/php-http/message,not_matched,present
packagist.org,pkg:composer/php-http/message-factory,https://github.com/php-http/message-factory,not_matched,present
packagist.org,pkg:composer/php-http/multipart-stream-builder,https://github.com/php-http/multipart-stream-builder,not_matched,present
packagist.org,pkg:composer/php-http/promise,https://github.com/php-http/promise,not_matched,present
packagist.org,pkg:composer/phpmailer/phpmailer,https://github.com/phpmailer/phpmailer,not_matched,missing
packagist.org,pkg:composer/phpmd/phpmd,https://github.com/phpmd/phpmd,not_matched,present
packagist.org,pkg:composer/phpoffice/phpexcel,https://github.com/phpoffice/phpexcel,not_matched,present
packagist.org,pkg:composer/phpoffice/phpspreadsheet,https://github.com/phpoffice/phpspreadsheet,not_matched,missing
packagist.org,pkg:composer/phpoption/phpoption,https://github.com/schmittjoh/php-option,not_matched,present
packagist.org,pkg:composer/php-parallel-lint/php-parallel-lint,https://github.com/php-parallel-lint/php-parallel-lint,not_matched,present
packagist.org,pkg:composer/phpseclib/phpseclib,https://github.com/phpseclib/phpseclib,not_matched,missing
packagist.org,pkg:composer/phpspec/php-diff,https://github.com/phpspec/php-diff,not_matched,present
packagist.org,pkg:composer/phpspec/phpspec,https://github.com/phpspec/phpspec,not_matched,present
packagist.org,pkg:composer/phpspec/prophecy,https://github.com/phpspec/prophecy,dependencies,present
packagist.org,pkg:composer/phpspec/prophecy-phpunit,https://github.com/phpspec/prophecy-phpunit,not_matched,present
packagist.org,pkg:composer/phpstan/extension-installer,https://github.com/phpstan/extension-installer,not_matched,present
packagist.org,pkg:composer/phpstan/phpdoc-parser,https://github.com/phpstan/phpdoc-parser,not_matched,missing
packagist.org,pkg:composer/phpstan/phpstan,https://github.com/phpstan/phpstan,dependencies,missing
packagist.org,pkg:composer/phpstan/phpstan-deprecation-rules,https://github.com/phpstan/phpstan-deprecation-rules,not_matched,present
packagist.org,pkg:composer/phpstan/phpstan-doctrine,https://github.com/phpstan/phpstan-doctrine,not_matched,missing
packagist.org,pkg:composer/phpstan/phpstan-phpunit,https://github.com/phpstan/phpstan-phpunit,not_matched,present
packagist.org,pkg:composer/phpstan/phpstan-strict-rules,https://github.com/phpstan/phpstan-strict-rules,not_matched,missing
packagist.org,pkg:composer/phpstan/phpstan-symfony,https://github.com/phpstan/phpstan-symfony,not_matched,missing
packagist.org,pkg:composer/phpunit/php-code-coverage,https://github.com/sebastianbergmann/php-code-coverage,not_matched,missing
packagist.org,pkg:composer/phpunit/php-file-iterator,https://github.com/sebastianbergmann/php-file-iterator,not_matched,missing
packagist.org,pkg:composer/phpunit/php-invoker,https://github.com/sebastianbergmann/php-invoker,not_matched,present
packagist.org,pkg:composer/phpunit/php-text-template,https://github.com/sebastianbergmann/php-text-template,not_matched,missing
packagist.org,pkg:composer/phpunit/php-timer,https://github.com/sebastianbergmann/php-timer,not_matched,missing
packagist.org,pkg:composer/phpunit/php-token-stream,https://github.com/sebastianbergmann/php-token-stream,not_matched,present
packagist.org,pkg:composer/phpunit/phpunit,https://github.com/sebastianbergmann/phpunit,not_matched,missing
packagist.org,pkg:composer/phpunit/phpunit-mock-objects,https://github.com/sebastianbergmann/phpunit-mock-objects,not_matched,present
packagist.org,pkg:composer/php-webdriver/webdriver,https://github.com/php-webdriver/php-webdriver,not_matched,present
packagist.org,pkg:composer/pimple/pimple,https://github.com/silexphp/pimple,not_matched,present
packagist.org,pkg:composer/pragmarx/google2fa,https://github.com/antonioribeiro/google2fa,not_matched,present
packagist.org,pkg:composer/predis/predis,https://github.com/predis/predis,not_matched,present
packagist.org,pkg:composer/psr/cache,https://github.com/php-fig/cache,not_matched,present
packagist.org,pkg:composer/psr/clock,https://github.com/php-fig/clock,not_matched,present
packagist.org,pkg:composer/psr/container,https://github.com/php-fig/container,not_matched,present
packagist.org,pkg:composer/psr/event-dispatcher,https://github.com/php-fig/event-dispatcher,not_matched,present
packagist.org,pkg:composer/psr/http-client,https://github.com/php-fig/http-client,not_matched,present
packagist.org,pkg:composer/psr/http-factory,https://github.com/php-fig/http-factory,not_matched,present
packagist.org,pkg:composer/psr/http-message,https://github.com/php-fig/http-message,not_matched,present
packagist.org,pkg:composer/psr/http-server-handler,https://github.com/php-fig/http-server-handler,not_matched,present
packagist.org,pkg:composer/psr/http-server-middleware,https://github.com/php-fig/http-server-middleware,not_matched,present
packagist.org,pkg:composer/psr/link,https://github.com/php-fig/link,not_matched,present
packagist.org,pkg:composer/psr/log,https://github.com/php-fig/log,not_matched,present
packagist.org,pkg:composer/psr/simple-cache,https://github.com/php-fig/simple-cache,not_matched,present
packagist.org,pkg:composer/psy/psysh,https://github.com/bobthecow/psysh,not_matched,missing
packagist.org,pkg:composer/pusher/pusher-php-server,https://github.com/pusher/pusher-http-php,not_matched,present
packagist.org,pkg:composer/ralouphie/getallheaders,https://github.com/ralouphie/getallheaders,not_matched,present
packagist.org,pkg:composer/ramsey/collection,https://github.com/ramsey/collection,not_matched,present
packagist.org,pkg:composer/ramsey/uuid,https://github.com/ramsey/uuid,not_matched,missing
packagist.org,pkg:composer/react/cache,https://github.com/reactphp/cache,not_matched,present
packagist.org,pkg:composer/react/dns,https://github.com/reactphp/dns,not_matched,present
packagist.org,pkg:composer/react/event-loop,https://github.com/reactphp/event-loop,not_matched,present
packagist.org,pkg:composer/react/promise,https://github.com/reactphp/promise,not_matched,present
packagist.org,pkg:composer/react/socket,https://github.com/reactphp/socket,not_matched,present
packagist.org,pkg:composer/react/stream,https://github.com/reactphp/stream,not_matched,present
packagist.org,pkg:composer/rector/rector,https://github.com/rectorphp/rector,not_matched,missing
packagist.org,pkg:composer/riverline/multipart-parser,https://github.com/riverline/multipart-parser,not_matched,present
packagist.org,pkg:composer/rize/uri-template,https://github.com/rize/uritemplate,not_matched,present
packagist.org,pkg:composer/roave/security-advisories,https://github.com/roave/securityadvisories,not_matched,missing
packagist.org,pkg:composer/robmorgan/phinx,https://github.com/cakephp/phinx,not_matched,present
packagist.org,pkg:composer/robrichards/xmlseclibs,https://github.com/robrichards/xmlseclibs,not_matched,present
packagist.org,pkg:composer/ruflin/elastica,https://github.com/ruflin/elastica,not_matched,present
packagist.org,pkg:composer/sabberworm/php-css-parser,https://github.com/myintervals/php-css-parser,not_matched,missing
packagist.org,pkg:composer/sebastian/cli-parser,https://github.com/sebastianbergmann/cli-parser,not_matched,present
packagist.org,pkg:composer/sebastian/code-unit,https://github.com/sebastianbergmann/code-unit,not_matched,present
packagist.org,pkg:composer/sebastian/code-unit-reverse-lookup,https://github.com/sebastianbergmann/code-unit-reverse-lookup,not_matched,present
packagist.org,pkg:composer/sebastian/comparator,https://github.com/sebastianbergmann/comparator,not_matched,missing
packagist.org,pkg:composer/sebastian/complexity,https://github.com/sebastianbergmann/complexity,not_matched,missing
packagist.org,pkg:composer/sebastian/diff,https://github.com/sebastianbergmann/diff,not_matched,missing
packagist.org,pkg:composer/sebastian/environment,https://github.com/sebastianbergmann/environment,not_matched,missing
packagist.org,pkg:composer/sebastian/exporter,https://github.com/sebastianbergmann/exporter,not_matched,present
packagist.org,pkg:composer/sebastian/finder-facade,https://github.com/sebastianbergmann/finder-facade,not_matched,present
packagist.org,pkg:composer/sebastian/global-state,https://github.com/sebastianbergmann/global-state,not_matched,missing
packagist.org,pkg:composer/sebastian/lines-of-code,https://github.com/sebastianbergmann/lines-of-code,not_matched,present
packagist.org,pkg:composer/sebastian/object-enumerator,https://github.com/sebastianbergmann/object-enumerator,not_matched,missing
packagist.org,pkg:composer/sebastian/object-reflector,https://github.com/sebastianbergmann/object-reflector,not_matched,missing
packagist.org,pkg:composer/sebastian/phpcpd,https://github.com/sebastianbergmann/phpcpd,not_matched,present
packagist.org,pkg:composer/sebastian/recursion-context,https://github.com/sebastianbergmann/recursion-context,not_matched,missing
packagist.org,pkg:composer/sebastian/resource-operations,https://github.com/sebastianbergmann/resource-operations,not_matched,present
packagist.org,pkg:composer/sebastian/type,https://github.com/sebastianbergmann/type,not_matched,missing
packagist.org,pkg:composer/sebastian/version,https://github.com/sebastianbergmann/version,not_matched,missing
packagist.org,pkg:composer/seld/jsonlint,https://github.com/seldaek/jsonlint,not_matched,missing
packagist.org,pkg:composer/seld/phar-utils,https://github.com/seldaek/phar-utils,not_matched,missing
packagist.org,pkg:composer/seld/signal-handler,https://github.com/seldaek/signal-handler,not_matched,present
packagist.org,pkg:composer/sendgrid/sendgrid,https://github.com/sendgrid/sendgrid-php,not_matched,present
packagist.org,pkg:composer/sensio/distribution-bundle,https://github.com/sensiolabs/sensiodistributionbundle,not_matched,present
packagist.org,pkg:composer/sensio/framework-extra-bundle,https://github.com/sensiolabs/sensioframeworkextrabundle,not_matched,present
packagist.org,pkg:composer/sensio/generator-bundle,https://github.com/sensiolabs/sensiogeneratorbundle,not_matched,present
packagist.org,pkg:composer/sensiolabs/security-checker,https://github.com/sensiolabs/security-checker,not_matched,present
packagist.org,pkg:composer/sentry/sdk,https://github.com/getsentry/sentry-php-sdk,not_matched,present
packagist.org,pkg:composer/sentry/sentry,https://github.com/getsentry/sentry-php,not_matched,missing
packagist.org,pkg:composer/sentry/sentry-laravel,https://github.com/getsentry/sentry-laravel,not_matched,missing
packagist.org,pkg:composer/sentry/sentry-symfony,https://github.com/getsentry/sentry-symfony,not_matched,missing
packagist.org,pkg:composer/setasign/fpdf,https://github.com/setasign/fpdf,not_matched,present
packagist.org,pkg:composer/setasign/fpdi,https://github.com/setasign/fpdi,not_matched,present
packagist.org,pkg:composer/sirbrillig/phpcs-variable-analysis,https://github.com/sirbrillig/phpcs-variable-analysis,not_matched,missing
packagist.org,pkg:composer/slevomat/coding-standard,https://github.com/slevomat/coding-standard,not_matched,missing
packagist.org,pkg:composer/slim/slim,https://github.com/slimphp/slim,not_matched,present
packagist.org,pkg:composer/snc/redis-bundle,https://github.com/snc/sncredisbundle,not_matched,present
packagist.org,pkg:composer/spatie/backtrace,https://github.com/spatie/backtrace,not_matched,present
packagist.org,pkg:composer/spatie/flare-client-php,https://github.com/spatie/flare-client-php,not_matched,present
packagist.org,pkg:composer/spatie/ignition,https://github.com/spatie/ignition,not_matched,present
packagist.org,pkg:composer/spatie/image,https://github.com/spatie/image,not_matched,present
packagist.org,pkg:composer/spatie/image-optimizer,https://github.com/spatie/image-optimizer,not_matched,present
packagist.org,pkg:composer/spatie/laravel-ignition,https://github.com/spatie/laravel-ignition,not_matched,missing
packagist.org,pkg:composer/spatie/laravel-package-tools,https://github.com/spatie/laravel-package-tools,not_matched,missing
packagist.org,pkg:composer/spatie/laravel-permission,https://github.com/spatie/laravel-permission,not_matched,missing
packagist.org,pkg:composer/spatie/macroable,https://github.com/spatie/macroable,not_matched,present
packagist.org,pkg:composer/spatie/temporary-directory,https://github.com/spatie/temporary-directory,not_matched,present
packagist.org,pkg:composer/squizlabs/php_codesniffer,https://github.com/phpcsstandards/php_codesniffer,not_matched,missing
packagist.org,pkg:composer/stack/builder,https://github.com/stackphp/builder,not_matched,present
packagist.org,pkg:composer/stella-maris/clock,https://github.com/stella-maris-solutions/clock,not_matched,present
packagist.org,pkg:composer/stof/doctrine-extensions-bundle,https://github.com/stof/stofdoctrineextensionsbundle,not_matched,present
packagist.org,pkg:composer/stripe/stripe-php,https://github.com/stripe/stripe-php,not_matched,missing
packagist.org,pkg:composer/swiftmailer/swiftmailer,https://github.com/swiftmailer/swiftmailer,not_matched,present
packagist.org,pkg:composer/symfony/amqp-messenger,https://github.com/symfony/amqp-messenger,not_matched,missing
packagist.org,pkg:composer/symfony/asset,https://github.com/symfony/asset,not_matched,present
packagist.org,pkg:composer/symfony/assetic-bundle,https://github.com/symfony/assetic-bundle,not_matched,present
packagist.org,pkg:composer/symfony/browser-kit,https://github.com/symfony/browser-kit,not_matched,present
packagist.org,pkg:composer/symfony/cache,https://github.com/symfony/cache,not_matched,missing
packagist.org,pkg:composer/symfony/cache-contracts,https://github.com/symfony/cache-contracts,not_matched,missing
packagist.org,pkg:composer/symfony/class-loader,https://github.com/symfony/class-loader,not_matched,present
packagist.org,pkg:composer/symfony/clock,https://github.com/symfony/clock,not_matched,present
packagist.org,pkg:composer/symfony-cmf/routing,https://github.com/symfony-cmf/routing,not_matched,present
packagist.org,pkg:composer/symfony/config,https://github.com/symfony/config,not_matched,missing
packagist.org,pkg:composer/symfony/console,https://github.com/symfony/console,not_matched,missing
packagist.org,pkg:composer/symfony/contracts,https://github.com/symfony/contracts,not_matched,missing
packagist.org,pkg:composer/symfony/css-selector,https://github.com/symfony/css-selector,not_matched,present
packagist.org,pkg:composer/symfony/debug,https://github.com/symfony/debug,not_matched,present
packagist.org,pkg:composer/symfony/debug-bundle,https://github.com/symfony/debug-bundle,not_matched,present
packagist.org,pkg:composer/symfony/dependency-injection,https://github.com/symfony/dependency-injection,not_matched,missing
packagist.org,pkg:composer/symfony/deprecation-contracts,https://github.com/symfony/deprecation-contracts,not_matched,missing
packagist.org,pkg:composer/symfony/doctrine-bridge,https://github.com/symfony/doctrine-bridge,not_matched,missing
packagist.org,pkg:composer/symfony/doctrine-messenger,https://github.com/symfony/doctrine-messenger,not_matched,missing
packagist.org,pkg:composer/symfony/dom-crawler,https://github.com/symfony/dom-crawler,not_matched,present
packagist.org,pkg:composer/symfony/dotenv,https://github.com/symfony/dotenv,not_matched,present
packagist.org,pkg:composer/symfony/error-handler,https://github.com/symfony/error-handler,not_matched,missing
packagist.org,pkg:composer/symfony/event-dispatcher,https://github.com/symfony/event-dispatcher,not_matched,missing
packagist.org,pkg:composer/symfony/event-dispatcher-contracts,https://github.com/symfony/event-dispatcher-contracts,not_matched,missing
packagist.org,pkg:composer/symfony/expression-language,https://github.com/symfony/expression-language,not_matched,missing
packagist.org,pkg:composer/symfony/filesystem,https://github.com/symfony/filesystem,not_matched,missing
packagist.org,pkg:composer/symfony/finder,https://github.com/symfony/finder,not_matched,missing
packagist.org,pkg:composer/symfony/flex,https://github.com/symfony/flex,not_matched,present
packagist.org,pkg:composer/symfony/form,https://github.com/symfony/form,not_matched,missing
packagist.org,pkg:composer/symfony/framework-bundle,https://github.com/symfony/framework-bundle,not_matched,missing
packagist.org,pkg:composer/symfony/http-client,https://github.com/symfony/http-client,not_matched,missing
packagist.org,pkg:composer/symfony/http-client-contracts,https://github.com/symfony/http-client-contracts,not_matched,missing
packagist.org,pkg:composer/symfony/http-foundation,https://github.com/symfony/http-foundation,not_matched,missing
packagist.org,pkg:composer/symfony/http-kernel,https://github.com/symfony/http-kernel,not_matched,missing
packagist.org,pkg:composer/symfony/inflector,https://github.com/symfony/inflector,not_matched,present
packagist.org,pkg:composer/symfony/intl,https://github.com/symfony/intl,not_matched,present
packagist.org,pkg:composer/symfony/lock,https://github.com/symfony/lock,not_matched,missing
packagist.org,pkg:composer/symfony/mailer,https://github.com/symfony/mailer,not_matched,missing
packagist.org,pkg:composer/symfony/maker-bundle,https://github.com/symfony/maker-bundle,not_matched,missing
packagist.org,pkg:composer/symfony/messenger,https://github.com/symfony/messenger,not_matched,missing
packagist.org,pkg:composer/symfony/mime,https://github.com/symfony/mime,not_matched,present
packagist.org,pkg:composer/symfony/monolog-bridge,https://github.com/symfony/monolog-bridge,not_matched,missing
packagist.org,pkg:composer/symfony/monolog-bundle,https://github.com/symfony/monolog-bundle,not_matched,missing
packagist.org,pkg:composer/symfony/options-resolver,https://github.com/symfony/options-resolver,not_matched,missing
packagist.org,pkg:composer/symfony/orm-pack,https://github.com/symfony/orm-pack,not_matched,present
packagist.org,pkg:composer/symfony/password-hasher,https://github.com/symfony/password-hasher,not_matched,present
packagist.org,pkg:composer/symfony/phpunit-bridge,https://github.com/symfony/phpunit-bridge,not_matched,missing
packagist.org,pkg:composer/symfony/polyfill-apcu,https://github.com/symfony/polyfill-apcu,not_matched,present
packagist.org,pkg:composer/symfony/polyfill-ctype,https://github.com/symfony/polyfill-ctype,not_matched,present
packagist.org,pkg:composer/symfony/polyfill-iconv,https://github.com/symfony/polyfill-iconv,not_matched,missing
packagist.org,pkg:composer/symfony/polyfill-intl-grapheme,https://github.com/symfony/polyfill-intl-grapheme,not_matched,missing
packagist.org,pkg:composer/symfony/polyfill-intl-icu,https://github.com/symfony/polyfill-intl-icu,not_matched,missing
packagist.org,pkg:composer/symfony/polyfill-intl-idn,https://github.com/symfony/polyfill-intl-idn,not_matched,missing
packagist.org,pkg:composer/symfony/polyfill-intl-normalizer,https://github.com/symfony/polyfill-intl-normalizer,not_matched,present
packagist.org,pkg:composer/symfony/polyfill-mbstring,https://github.com/symfony/polyfill-mbstring,not_matched,missing
packagist.org,pkg:composer/symfony/polyfill-php54,https://github.com/symfony/polyfill-php54,not_matched,present
packagist.org,pkg:composer/symfony/polyfill-php55,https://github.com/symfony/polyfill-php55,not_matched,present
packagist.org,pkg:composer/symfony/polyfill-php56,https://github.com/symfony/polyfill-php56,not_matched,present
packagist.org,pkg:composer/symfony/polyfill-php70,https://github.com/symfony/polyfill-php70,not_matched,present
packagist.org,pkg:composer/symfony/polyfill-php72,https://github.com/symfony/polyfill-php72,not_matched,present
packagist.org,pkg:composer/symfony/polyfill-php73,https://github.com/symfony/polyfill-php73,not_matched,present
packagist.org,pkg:composer/symfony/polyfill-php80,https://github.com/symfony/polyfill-php80,not_matched,present
packagist.org,pkg:composer/symfony/polyfill-php81,https://github.com/symfony/polyfill-php81,not_matched,present
packagist.org,pkg:composer/symfony/polyfill-php83,https://github.com/symfony/polyfill-php83,not_matched,missing
packagist.org,pkg:composer/symfony/polyfill-util,https://github.com/symfony/polyfill-util,not_matched,missing
packagist.org,pkg:composer/symfony/polyfill-uuid,https://github.com/symfony/polyfill-uuid,not_matched,missing
packagist.org,pkg:composer/symfony/process,https://github.com/symfony/process,not_matched,missing
packagist.org,pkg:composer/symfony/property-access,https://github.com/symfony/property-access,not_matched,present
packagist.org,pkg:composer/symfony/property-info,https://github.com/symfony/property-info,not_matched,present
packagist.org,pkg:composer/symfony/proxy-manager-bridge,https://github.com/symfony/proxy-manager-bridge,not_matched,present
packagist.org,pkg:composer/symfony/psr-http-message-bridge,https://github.com/symfony/psr-http-message-bridge,not_matched,present
packagist.org,pkg:composer/symfony/redis-messenger,https://github.com/symfony/redis-messenger,not_matched,present
packagist.org,pkg:composer/symfony/routing,https://github.com/symfony/routing,not_matched,missing
packagist.org,pkg:composer/symfony/runtime,https://github.com/symfony/runtime,not_matched,present
packagist.org,pkg:composer/symfony/security-acl,https://github.com/symfony/security-acl,not_matched,present
packagist.org,pkg:composer/symfony/security-bundle,https://github.com/symfony/security-bundle,not_matched,missing
packagist.org,pkg:composer/symfony/security-core,https://github.com/symfony/security-core,not_matched,missing
packagist.org,pkg:composer/symfony/security-csrf,https://github.com/symfony/security-csrf,not_matched,present
packagist.org,pkg:composer/symfony/security-guard,https://github.com/symfony/security-guard,not_matched,present
packagist.org,pkg:composer/symfony/security-http,https://github.com/symfony/security-http,not_matched,missing
packagist.org,pkg:composer/symfony/serializer,https://github.com/symfony/serializer,not_matched,missing
packagist.org,pkg:composer/symfony/service-contracts,https://github.com/symfony/service-contracts,not_matched,missing
packagist.org,pkg:composer/symfony/stopwatch,https://github.com/symfony/stopwatch,not_matched,missing
packagist.org,pkg:composer/symfony/string,https://github.com/symfony/string,not_matched,missing
packagist.org,pkg:composer/symfony/swiftmailer-bundle,https://github.com/symfony/swiftmailer-bundle,not_matched,present
packagist.org,pkg:composer/symfony/symfony,https://github.com/symfony/symfony,not_matched,missing
packagist.org,pkg:composer/symfony/templating,https://github.com/symfony/templating,not_matched,present
packagist.org,pkg:composer/symfony/translation,https://github.com/symfony/translation,not_matched,missing
packagist.org,pkg:composer/symfony/translation-contracts,https://github.com/symfony/translation-contracts,not_matched,missing
packagist.org,pkg:composer/symfony/twig-bridge,https://github.com/symfony/twig-bridge,not_matched,missing
packagist.org,pkg:composer/symfony/twig-bundle,https://github.com/symfony/twig-bundle,not_matched,missing
packagist.org,pkg:composer/symfony/uid,https://github.com/symfony/uid,not_matched,missing
packagist.org,pkg:composer/symfony/validator,https://github.com/symfony/validator,not_matched,missing
packagist.org,pkg:composer/symfony/var-dumper,https://github.com/symfony/var-dumper,not_matched,present
packagist.org,pkg:composer/symfony/var-exporter,https://github.com/symfony/var-exporter,not_matched,missing
packagist.org,pkg:composer/symfony/web-link,https://github.com/symfony/web-link,not_matched,present
packagist.org,pkg:composer/symfony/webpack-encore-bundle,https://github.com/symfony/webpack-encore-bundle,not_matched,missing
packagist.org,pkg:composer/symfony/web-profiler-bundle,https://github.com/symfony/web-profiler-bundle,not_matched,missing
packagist.org,pkg:composer/symfony/yaml,https://github.com/symfony/yaml,not_matched,missing
packagist.org,pkg:composer/tecnickcom/tcpdf,https://github.com/tecnickcom/tcpdf,not_matched,missing
packagist.org,pkg:composer/thecodingmachine/safe,https://github.com/thecodingmachine/safe,not_matched,present
packagist.org,pkg:composer/theseer/fdomdocument,https://github.com/theseer/fdomdocument,not_matched,present
packagist.org,pkg:composer/theseer/tokenizer,https://github.com/theseer/tokenizer,not_matched,present
packagist.org,pkg:composer/tijsverkoyen/css-to-inline-styles,https://github.com/tijsverkoyen/csstoinlinestyles,not_matched,present
packagist.org,pkg:composer/true/punycode,https://github.com/true/php-punycode,not_matched,present
packagist.org,pkg:composer/twig/extensions,https://github.com/twigphp/twig-extensions,not_matched,present
packagist.org,pkg:composer/twig/extra-bundle,https://github.com/twigphp/twig-extra-bundle,not_matched,missing
packagist.org,pkg:composer/twig/intl-extra,https://github.com/twigphp/intl-extra,not_matched,missing
packagist.org,pkg:composer/twig/twig,https://github.com/twigphp/twig,not_matched,missing
packagist.org,pkg:composer/twilio/sdk,https://github.com/twilio/twilio-php,not_matched,missing
packagist.org,pkg:composer/tymon/jwt-auth,https://github.com/tymondesigns/jwt-auth,not_matched,present
packagist.org,pkg:composer/typo3/phar-stream-wrapper,https://github.com/typo3/phar-stream-wrapper,not_matched,present
packagist.org,pkg:composer/vimeo/psalm,https://github.com/vimeo/psalm,not_matched,missing
packagist.org,pkg:composer/vlucas/phpdotenv,https://github.com/vlucas/phpdotenv,not_matched,present
packagist.org,pkg:composer/voku/portable-ascii,https://github.com/voku/portable-ascii,not_matched,present
packagist.org,pkg:composer/webflo/drupal-finder,https://github.com/webflo/drupal-finder,not_matched,present
packagist.org,pkg:composer/webmozart/assert,https://github.com/webmozarts/assert,not_matched,present
packagist.org,pkg:composer/webmozart/path-util,https://github.com/webmozart/path-util,not_matched,present
packagist.org,pkg:composer/webonyx/graphql-php,https://github.com/webonyx/graphql-php,not_matched,missing
packagist.org,pkg:composer/willdurand/jsonp-callback-validator,https://github.com/willdurand/jsonpcallbackvalidator,not_matched,present
packagist.org,pkg:composer/willdurand/negotiation,https://github.com/willdurand/negotiation,not_matched,present
packagist.org,pkg:composer/zendframework/zend-code,https://github.com/zendframework/zend-code,not_matched,present
packagist.org,pkg:composer/zendframework/zend-diactoros,https://github.com/zendframework/zend-diactoros,not_matched,present
packagist.org,pkg:composer/zendframework/zend-escaper,https://github.com/zendframework/zend-escaper,not_matched,present
packagist.org,pkg:composer/zendframework/zend-eventmanager,https://github.com/zendframework/zend-eventmanager,not_matched,present
packagist.org,pkg:composer/zendframework/zend-stdlib,https://github.com/zendframework/zend-stdlib,not_matched,present
packagist.org,pkg:composer/zendframework/zend-validator,https://github.com/zendframework/zend-validator,not_matched,present
packagist.org,pkg:composer/zircote/swagger-php,https://github.com/zircote/swagger-php,not_matched,missing
proxy.golang.org,pkg:golang/bazil.org/fuse,https://github.com/bazil/fuse,not_matched,present
proxy.golang.org,pkg:golang/cloud.google.com/go,https://github.com/googleapis/google-cloud-go,dependencies,missing
proxy.golang.org,pkg:golang/cloud.google.com/go/bigquery,https://github.com/googleapis/google-cloud-go,dependencies,missing
proxy.golang.org,pkg:golang/cloud.google.com/go/compute,https://github.com/googleapis/google-cloud-go,dependencies,missing
proxy.golang.org,pkg:golang/cloud.google.com/go/compute/metadata,https://github.com/googleapis/google-cloud-go,dependencies,missing
proxy.golang.org,pkg:golang/cloud.google.com/go/datastore,https://github.com/googleapis/google-cloud-go,not_matched,missing
proxy.golang.org,pkg:golang/cloud.google.com/go/firestore,https://github.com/googleapis/google-cloud-go,not_matched,missing
proxy.golang.org,pkg:golang/cloud.google.com/go/iam,https://github.com/googleapis/google-cloud-go,dependencies,missing
proxy.golang.org,pkg:golang/cloud.google.com/go/pubsub,https://github.com/googleapis/google-cloud-go,dependencies,missing
proxy.golang.org,pkg:golang/cloud.google.com/go/storage,https://github.com/googleapis/google-cloud-go,dependencies,missing
proxy.golang.org,pkg:golang/dmitri.shuralyov.com/gpu/mtl,https://dmitri.shuralyov.com/gpu/mtl/...,not_matched,unknown
proxy.golang.org,pkg:golang/github.com/afex/hystrix-go,https://github.com/afex/hystrix-go,not_matched,present
proxy.golang.org,pkg:golang/github.com/agnivade/levenshtein,https://github.com/agnivade/levenshtein,not_matched,present
proxy.golang.org,pkg:golang/github.com/ajstarks/svgo,https://github.com/ajstarks/svgo,dependencies,present
proxy.golang.org,pkg:golang/github.com/alecthomas/template,https://github.com/alecthomas/template,not_matched,present
proxy.golang.org,pkg:golang/github.com/alecthomas/units,https://github.com/alecthomas/units,not_matched,present
proxy.golang.org,pkg:golang/github.com/andreyvit/diff,https://github.com/andreyvit/diff,not_matched,present
proxy.golang.org,pkg:golang/github.com/andybalholm/brotli,https://github.com/andybalholm/brotli,not_matched,missing
proxy.golang.org,pkg:golang/github.com/andybalholm/cascadia,https://github.com/andybalholm/cascadia,not_matched,missing
proxy.golang.org,pkg:golang/github.com/anmitsu/go-shlex,https://github.com/anmitsu/go-shlex,not_matched,present
proxy.golang.org,pkg:golang/github.com/antihax/optional,https://github.com/antihax/optional,not_matched,present
proxy.golang.org,pkg:golang/github.com/apache/thrift,https://github.com/apache/thrift,not_matched,present
proxy.golang.org,pkg:golang/github.com/armon/circbuf,https://github.com/armon/circbuf,not_matched,present
proxy.golang.org,pkg:golang/github.com/armon/consul-api,https://github.com/armon/consul-api,not_matched,present
proxy.golang.org,pkg:golang/github.com/armon/go-metrics,https://github.com/armon/go-metrics,not_matched,missing
proxy.golang.org,pkg:golang/github.com/armon/go-radix,https://github.com/armon/go-radix,not_matched,present
proxy.golang.org,pkg:golang/github.com/armon/go-socks5,https://github.com/armon/go-socks5,not_matched,present
proxy.golang.org,pkg:golang/github.com/aryann/difflib,https://github.com/aryann/difflib,not_matched,present
proxy.golang.org,pkg:golang/github.com/asaskevich/govalidator,https://github.com/asaskevich/govalidator,not_matched,present
proxy.golang.org,pkg:golang/github.com/aws/aws-lambda-go,https://github.com/aws/aws-lambda-go,not_matched,missing
proxy.golang.org,pkg:golang/github.com/aws/aws-sdk-go,https://github.com/aws/aws-sdk-go,not_matched,present
proxy.golang.org,pkg:golang/github.com/aws/aws-sdk-go-v2,https://github.com/aws/aws-sdk-go-v2,not_matched,missing
proxy.golang.org,pkg:golang/github.com/aws/aws-sdk-go-v2/config,https://github.com/aws/aws-sdk-go-v2,not_matched,missing
proxy.golang.org,pkg:golang/github.com/aws/aws-sdk-go-v2/credentials,https://github.com/aws/aws-sdk-go-v2,not_matched,missing
proxy.golang.org,pkg:golang/github.com/aws/aws-sdk-go-v2/feature/ec2/imds,https://github.com/aws/aws-sdk-go-v2,not_matched,missing
proxy.golang.org,pkg:golang/github.com/aws/aws-sdk-go-v2/service/internal/presigned-url,https://github.com/aws/aws-sdk-go-v2,not_matched,missing
proxy.golang.org,pkg:golang/github.com/aws/aws-sdk-go-v2/service/sso,https://github.com/aws/aws-sdk-go-v2,not_matched,missing
proxy.golang.org,pkg:golang/github.com/aws/aws-sdk-go-v2/service/sts,https://github.com/aws/aws-sdk-go-v2,not_matched,missing
proxy.golang.org,pkg:golang/github.com/aws/smithy-go,https://github.com/aws/smithy-go,not_matched,present
proxy.golang.org,pkg:golang/github.com/%21azure/azure-pipeline-go,https://github.com/azure/azure-pipeline-go,not_matched,present
proxy.golang.org,pkg:golang/github.com/%21azure/azure-sdk-for-go,https://github.com/azure/azure-sdk-for-go,dependencies,missing
proxy.golang.org,pkg:golang/github.com/%21azure/azure-storage-blob-go,https://github.com/azure/azure-storage-blob-go,not_matched,present
proxy.golang.org,pkg:golang/github.com/%21azure/go-ansiterm,https://github.com/azure/go-ansiterm,not_matched,missing
proxy.golang.org,pkg:golang/github.com/%21azure/go-autorest,https://github.com/azure/go-autorest,not_matched,present
proxy.golang.org,pkg:golang/github.com/%21azure/go-autorest/autorest,https://github.com/azure/go-autorest,not_matched,present
proxy.golang.org,pkg:golang/github.com/%21azure/go-autorest/autorest/adal,https://github.com/azure/go-autorest,not_matched,present
proxy.golang.org,pkg:golang/github.com/%21azure/go-autorest/autorest/azure/auth,https://github.com/azure/go-autorest,not_matched,present
proxy.golang.org,pkg:golang/github.com/%21azure/go-autorest/autorest/azure/cli,https://github.com/azure/go-autorest,not_matched,present
proxy.golang.org,pkg:golang/github.com/%21azure/go-autorest/autorest/date,https://github.com/azure/go-autorest,not_matched,present
proxy.golang.org,pkg:golang/github.com/%21azure/go-autorest/autorest/mocks,https://github.com/azure/go-autorest,not_matched,present
proxy.golang.org,pkg:golang/github.com/%21azure/go-autorest/autorest/to,https://github.com/azure/go-autorest,not_matched,present
proxy.golang.org,pkg:golang/github.com/%21azure/go-autorest/autorest/validation,https://github.com/azure/go-autorest,not_matched,present
proxy.golang.org,pkg:golang/github.com/%21azure/go-autorest/logger,https://github.com/azure/go-autorest,not_matched,present
proxy.golang.org,pkg:golang/github.com/%21azure/go-autorest/tracing,https://github.com/azure/go-autorest,not_matched,present
proxy.golang.org,pkg:golang/github.com/benbjohnson/clock,https://github.com/benbjohnson/clock,not_matched,present
proxy.golang.org,pkg:golang/github.com/beorn7/perks,https://github.com/beorn7/perks,not_matched,present
proxy.golang.org,pkg:golang/github.com/bgentry/speakeasy,https://github.com/bgentry/speakeasy,not_matched,present
proxy.golang.org,pkg:golang/github.com/bitly/go-simplejson,https://github.com/bitly/go-simplejson,not_matched,present
proxy.golang.org,pkg:golang/github.com/bits-and-blooms/bitset,https://github.com/bits-and-blooms/bitset,not_matched,missing
proxy.golang.org,pkg:golang/github.com/bketelsen/crypt,https://github.com/bketelsen/crypt,not_matched,present
proxy.golang.org,pkg:golang/github.com/blang/semver,https://github.com/blang/semver,not_matched,present
proxy.golang.org,pkg:golang/github.com/bmizerany/assert,https://github.com/bmizerany/assert,not_matched,present
proxy.golang.org,pkg:golang/github.com/boltdb/bolt,https://github.com/boltdb/bolt,not_matched,present
proxy.golang.org,pkg:golang/github.com/bshuster-repo/logrus-logstash-hook,https://github.com/bshuster-repo/logrus-logstash-hook,not_matched,present
proxy.golang.org,pkg:golang/github.com/buger/jsonparser,https://github.com/buger/jsonparser,not_matched,present
proxy.golang.org,pkg:golang/github.com/bugsnag/bugsnag-go,https://github.com/bugsnag/bugsnag-go,not_matched,present
proxy.golang.org,pkg:golang/github.com/bugsnag/osext,https://github.com/bugsnag/osext,not_matched,present
proxy.golang.org,pkg:golang/github.com/bugsnag/panicwrap,https://github.com/bugsnag/panicwrap,not_matched,present
proxy.golang.org,pkg:golang/github.com/%21burnt%21sushi/toml,https://github.com/burntsushi/toml,not_matched,present
proxy.golang.org,pkg:golang/github.com/%21burnt%21sushi/xgb,https://github.com/burntsushi/xgb,not_matched,present
proxy.golang.org,pkg:golang/github.com/casbin/casbin/v2,https://github.com/casbin/casbin,not_matched,present
proxy.golang.org,pkg:golang/github.com/cenkalti/backoff,https://github.com/cenkalti/backoff,not_matched,present
proxy.golang.org,pkg:golang/github.com/cenkalti/backoff/v4,https://github.com/cenkalti/backoff,not_matched,present
proxy.golang.org,pkg:golang/github.com/census-instrumentation/opencensus-proto,https://github.com/census-instrumentation/opencensus-proto,not_matched,present
proxy.golang.org,pkg:golang/github.com/certifi/gocertifi,https://github.com/certifi/gocertifi,not_matched,present
proxy.golang.org,pkg:golang/github.com/cespare/xxhash,https://github.com/cespare/xxhash,not_matched,present
proxy.golang.org,pkg:golang/github.com/cespare/xxhash/v2,https://github.com/cespare/xxhash,not_matched,present
proxy.golang.org,pkg:golang/github.com/checkpoint-restore/go-criu/v5,https://github.com/checkpoint-restore/go-criu,dependencies,missing
proxy.golang.org,pkg:golang/github.com/chenzhuoyu/base64x,https://github.com/chenzhuoyu/base64x,not_matched,present
proxy.golang.org,pkg:golang/github.com/chzyer/logex,https://github.com/chzyer/logex,not_matched,present
proxy.golang.org,pkg:golang/github.com/chzyer/readline,https://github.com/chzyer/readline,not_matched,present
proxy.golang.org,pkg:golang/github.com/chzyer/test,https://github.com/chzyer/test,not_matched,present
proxy.golang.org,pkg:golang/github.com/cilium/ebpf,https://github.com/cilium/ebpf,not_matched,missing
proxy.golang.org,pkg:golang/github.com/circonus-labs/circonus-gometrics,https://github.com/circonus-labs/circonus-gometrics,not_matched,present
proxy.golang.org,pkg:golang/github.com/circonus-labs/circonusllhist,https://github.com/circonus-labs/circonusllhist,not_matched,present
proxy.golang.org,pkg:golang/github.com/clbanning/x2j,https://github.com/clbanning/x2j,not_matched,present
proxy.golang.org,pkg:golang/github.com/client9/misspell,https://github.com/client9/misspell,not_matched,present
proxy.golang.org,pkg:golang/github.com/cncf/udpa/go,https://github.com/cncf/udpa,not_matched,present
proxy.golang.org,pkg:golang/github.com/cncf/xds/go,https://github.com/cncf/xds,not_matched,present
proxy.golang.org,pkg:golang/github.com/cockroachdb/apd,https://github.com/cockroachdb/apd,not_matched,present
proxy.golang.org,pkg:golang/github.com/cockroachdb/datadriven,https://github.com/cockroachdb/datadriven,not_matched,present
proxy.golang.org,pkg:golang/github.com/cockroachdb/errors,https://github.com/cockroachdb/errors,not_matched,present
proxy.golang.org,pkg:golang/github.com/cockroachdb/logtags,https://github.com/cockroachdb/logtags,not_matched,present
proxy.golang.org,pkg:golang/github.com/codahale/hdrhistogram,https://github.com/codahale/hdrhistogram,not_matched,present
proxy.golang.org,pkg:golang/github.com/containerd/cgroups,https://github.com/containerd/cgroups,not_matched,present
proxy.golang.org,pkg:golang/github.com/containerd/console,https://github.com/containerd/console,not_matched,missing
proxy.golang.org,pkg:golang/github.com/containerd/containerd,https://github.com/containerd/containerd,not_matched,present
proxy.golang.org,pkg:golang/github.com/containerd/continuity,https://github.com/containerd/continuity,not_matched,missing
proxy.golang.org,pkg:golang/github.com/containerd/fifo,https://github.com/containerd/fifo,not_matched,missing
proxy.golang.org,pkg:golang/github.com/containerd/go-runc,https://github.com/containerd/go-runc,not_matched,present
proxy.golang.org,pkg:golang/github.com/containerd/ttrpc,https://github.com/containerd/ttrpc,not_matched,present
proxy.golang.org,pkg:golang/github.com/containerd/typeurl,https://github.com/containerd/typeurl,not_matched,present
proxy.golang.org,pkg:golang/github.com/containernetworking/cni,https://github.com/containernetworking/cni,not_matched,missing
proxy.golang.org,pkg:golang/github.com/coreos/bbolt,https://github.com/coreos/bbolt,not_matched,present
proxy.golang.org,pkg:golang/github.com/coreos/etcd,https://github.com/coreos/etcd,not_matched,missing
proxy.golang.org,pkg:golang/github.com/coreos/go-etcd,https://github.com/coreos/go-etcd,not_matched,present
proxy.golang.org,pkg:golang/github.com/coreos/go-iptables,https://github.com/coreos/go-iptables,not_matched,present
proxy.golang.org,pkg:golang/github.com/coreos/go-oidc,https://github.com/coreos/go-oidc,dependencies,present
proxy.golang.org,pkg:golang/github.com/coreos/go-semver,https://github.com/coreos/go-semver,not_matched,present
proxy.golang.org,pkg:golang/github.com/coreos/go-systemd,https://github.com/coreos/go-systemd,not_matched,present
proxy.golang.org,pkg:golang/github.com/coreos/go-systemd/v22,https://github.com/coreos/go-systemd,not_matched,present
proxy.golang.org,pkg:golang/github.com/coreos/pkg,https://github.com/coreos/pkg,not_matched,present
proxy.golang.org,pkg:golang/github.com/cpuguy83/go-md2man,https://github.com/cpuguy83/go-md2man,not_matched,present
proxy.golang.org,pkg:golang/github.com/cpuguy83/go-md2man/v2,https://github.com/cpuguy83/go-md2man,not_matched,present
proxy.golang.org,pkg:golang/github.com/creack/pty,https://github.com/creack/pty,not_matched,present
proxy.golang.org,pkg:golang/github.com/cyphar/filepath-securejoin,https://github.com/cyphar/filepath-securejoin,not_matched,present
proxy.golang.org,pkg:golang/github.com/d2g/dhcp4,https://github.com/d2g/dhcp4,not_matched,present
proxy.golang.org,pkg:golang/github.com/%21data%21dog/datadog-go,https://github.com/datadog/datadog-go,not_matched,missing
proxy.golang.org,pkg:golang/github.com/%21d%21a%21t%21a-%21d%21o%21g/go-sqlmock,https://github.com/data-dog/go-sqlmock,not_matched,present
proxy.golang.org,pkg:golang/github.com/davecgh/go-spew,https://github.com/davecgh/go-spew,not_matched,present
proxy.golang.org,pkg:golang/github.com/denisenkom/go-mssqldb,https://github.com/denisenkom/go-mssqldb,not_matched,present
proxy.golang.org,pkg:golang/github.com/denverdino/aliyungo,https://github.com/denverdino/aliyungo,not_matched,present
proxy.golang.org,pkg:golang/github.com/dgrijalva/jwt-go,https://github.com/dgrijalva/jwt-go,not_matched,present
proxy.golang.org,pkg:golang/github.com/dgryski/go-farm,https://github.com/dgryski/go-farm,not_matched,present
proxy.golang.org,pkg:golang/github.com/dgryski/go-sip13,https://github.com/dgryski/go-sip13,not_matched,present
proxy.golang.org,pkg:golang/github.com/dimchansky/utfbom,https://github.com/dimchansky/utfbom,not_matched,present
proxy.golang.org,pkg:golang/github.com/dnaeon/go-vcr,https://github.com/dnaeon/go-vcr,not_matched,missing
proxy.golang.org,pkg:golang/github.com/docker/cli,https://github.com/docker/cli,not_matched,missing
proxy.golang.org,pkg:golang/github.com/docker/distribution,https://github.com/docker/distribution,not_matched,missing
proxy.golang.org,pkg:golang/github.com/docker/docker,https://github.com/docker/docker,dependencies,missing
proxy.golang.org,pkg:golang/github.com/docker/docker-credential-helpers,https://github.com/docker/docker-credential-helpers,not_matched,missing
proxy.golang.org,pkg:golang/github.com/docker/go-connections,https://github.com/docker/go-connections,not_matched,present
proxy.golang.org,pkg:golang/github.com/docker/go-events,https://github.com/docker/go-events,not_matched,missing
proxy.golang.org,pkg:golang/github.com/docker/go-metrics,https://github.com/docker/go-metrics,dependencies,missing
proxy.golang.org,pkg:golang/github.com/docker/go-units,https://github.com/docker/go-units,not_matched,present
proxy.golang.org,pkg:golang/github.com/docker/libtrust,https://github.com/docker/libtrust,not_matched,present
proxy.golang.org,pkg:golang/github.com/docker/spdystream,https://github.com/docker/spdystream,dependencies,present
proxy.golang.org,pkg:golang/github.com/docopt/docopt-go,https://github.com/docopt/docopt-go,not_matched,present
proxy.golang.org,pkg:golang/github.com/dustin/go-humanize,https://github.com/dustin/go-humanize,not_matched,missing
proxy.golang.org,pkg:golang/github.com/eapache/go-resiliency,https://github.com/eapache/go-resiliency,not_matched,present
proxy.golang.org,pkg:golang/github.com/eapache/go-xerial-snappy,https://github.com/eapache/go-xerial-snappy,not_matched,present
proxy.golang.org,pkg:golang/github.com/eapache/queue,https://github.com/eapache/queue,not_matched,present
proxy.golang.org,pkg:golang/github.com/edsrzf/mmap-go,https://github.com/edsrzf/mmap-go,not_matched,present
proxy.golang.org,pkg:golang/github.com/elazarl/goproxy,https://github.com/elazarl/goproxy,not_matched,missing
proxy.golang.org,pkg:golang/github.com/emicklei/go-restful,https://github.com/emicklei/go-restful,dependencies,missing
proxy.golang.org,pkg:golang/github.com/emirpasic/gods,https://github.com/emirpasic/gods,not_matched,present
proxy.golang.org,pkg:golang/github.com/envoyproxy/go-control-plane,https://github.com/envoyproxy/go-control-plane,not_matched,missing
proxy.golang.org,pkg:golang/github.com/envoyproxy/protoc-gen-validate,https://github.com/envoyproxy/protoc-gen-validate,not_matched,present
proxy.golang.org,pkg:golang/github.com/evanphx/json-patch,https://github.com/evanphx/json-patch,not_matched,present
proxy.golang.org,pkg:golang/github.com/fatih/color,https://github.com/fatih/color,not_matched,present
proxy.golang.org,pkg:golang/github.com/fatih/structs,https://github.com/fatih/structs,not_matched,present
proxy.golang.org,pkg:golang/github.com/felixge/httpsnoop,https://github.com/felixge/httpsnoop,not_matched,present
proxy.golang.org,pkg:golang/github.com/flynn/go-shlex,https://github.com/flynn/go-shlex,not_matched,present
proxy.golang.org,pkg:golang/github.com/fogleman/gg,https://github.com/fogleman/gg,dependencies,present
proxy.golang.org,pkg:golang/github.com/form3tech-oss/jwt-go,https://github.com/form3tech-oss/jwt-go,not_matched,present
proxy.golang.org,pkg:golang/github.com/fortytw2/leaktest,https://github.com/fortytw2/leaktest,not_matched,present
proxy.golang.org,pkg:golang/github.com/franela/goblin,https://github.com/franela/goblin,not_matched,present
proxy.golang.org,pkg:golang/github.com/franela/goreq,https://github.com/franela/goreq,not_matched,present
proxy.golang.org,pkg:golang/github.com/frankban/quicktest,https://github.com/frankban/quicktest,not_matched,present
proxy.golang.org,pkg:golang/github.com/fsnotify/fsnotify,https://github.com/fsnotify/fsnotify,not_matched,present
proxy.golang.org,pkg:golang/github.com/garyburd/redigo,https://github.com/garyburd/redigo,not_matched,present
proxy.golang.org,pkg:golang/github.com/getkin/kin-openapi,https://github.com/getkin/kin-openapi,not_matched,missing
proxy.golang.org,pkg:golang/github.com/getsentry/raven-go,https://github.com/getsentry/raven-go,not_matched,present
proxy.golang.org,pkg:golang/github.com/ghodss/yaml,https://github.com/ghodss/yaml,not_matched,present
proxy.golang.org,pkg:golang/github.com/gin-contrib/sse,https://github.com/gin-contrib/sse,not_matched,missing
proxy.golang.org,pkg:golang/github.com/gin-gonic/gin,https://github.com/gin-gonic/gin,not_matched,present
proxy.golang.org,pkg:golang/github.com/gliderlabs/ssh,https://github.com/gliderlabs/ssh,not_matched,present
proxy.golang.org,pkg:golang/github.com/globalsign/mgo,https://github.com/globalsign/mgo,not_matched,present
proxy.golang.org,pkg:golang/github.com/gobuffalo/attrs,https://github.com/gobuffalo/attrs,not_matched,present
proxy.golang.org,pkg:golang/github.com/gobuffalo/depgen,https://github.com/gobuffalo/depgen,not_matched,present
proxy.golang.org,pkg:golang/github.com/gobuffalo/envy,https://github.com/gobuffalo/envy,not_matched,present
proxy.golang.org,pkg:golang/github.com/gobuffalo/flect,https://github.com/gobuffalo/flect,not_matched,present
proxy.golang.org,pkg:golang/github.com/gobuffalo/genny,https://github.com/gobuffalo/genny,not_matched,present
proxy.golang.org,pkg:golang/github.com/gobuffalo/gitgen,https://github.com/gobuffalo/gitgen,not_matched,present
proxy.golang.org,pkg:golang/github.com/gobuffalo/gogen,https://github.com/gobuffalo/gogen,not_matched,present
proxy.golang.org,pkg:golang/github.com/gobuffalo/logger,https://github.com/gobuffalo/logger,not_matched,present
proxy.golang.org,pkg:golang/github.com/gobuffalo/mapi,https://github.com/gobuffalo/mapi,not_matched,present
proxy.golang.org,pkg:golang/github.com/gobuffalo/packd,https://github.com/gobuffalo/packd,not_matched,present
proxy.golang.org,pkg:golang/github.com/gobuffalo/packr/v2,https://github.com/gobuffalo/packr,not_matched,present
proxy.golang.org,pkg:golang/github.com/gobuffalo/syncx,https://github.com/gobuffalo/syncx,not_matched,present
proxy.golang.org,pkg:golang/github.com/gobwas/glob,https://github.com/gobwas/glob,not_matched,present
proxy.golang.org,pkg:golang/github.com/gobwas/httphead,https://github.com/gobwas/httphead,not_matched,present
proxy.golang.org,pkg:golang/github.com/gobwas/pool,https://github.com/gobwas/pool,not_matched,present
proxy.golang.org,pkg:golang/github.com/gobwas/ws,https://github.com/gobwas/ws,not_matched,present
proxy.golang.org,pkg:golang/github.com/goccy/go-json,https://github.com/goccy/go-json,not_matched,missing
proxy.golang.org,pkg:golang/github.com/godbus/dbus,https://github.com/godbus/dbus,not_matched,present
proxy.golang.org,pkg:golang/github.com/godbus/dbus/v5,https://github.com/godbus/dbus,not_matched,present
proxy.golang.org,pkg:golang/github.com/go-errors/errors,https://github.com/go-errors/errors,not_matched,present
proxy.golang.org,pkg:golang/github.com/gofrs/flock,https://github.com/gofrs/flock,not_matched,missing
proxy.golang.org,pkg:golang/github.com/gofrs/uuid,https://github.com/gofrs/uuid,not_matched,present
proxy.golang.org,pkg:golang/github.com/go-git/gcfg,https://github.com/go-git/gcfg,not_matched,missing
proxy.golang.org,pkg:golang/github.com/go-git/go-billy/v5,https://github.com/go-git/go-billy,not_matched,present
proxy.golang.org,pkg:golang/github.com/go-git/go-git-fixtures/v4,https://github.com/go-git/go-git-fixtures,not_matched,missing
proxy.golang.org,pkg:golang/github.com/go-git/go-git/v5,https://github.com/go-git/go-git,dependencies,missing
proxy.golang.org,pkg:golang/github.com/go-gl/glfw,https://github.com/go-gl/glfw,not_matched,present
proxy.golang.org,pkg:golang/github.com/go-gl/glfw/v3.3/glfw,https://github.com/go-gl/glfw,not_matched,present
proxy.golang.org,pkg:golang/github.com/gogo/googleapis,https://github.com/gogo/googleapis,not_matched,present
proxy.golang.org,pkg:golang/github.com/gogo/protobuf,https://github.com/gogo/protobuf,not_matched,present
proxy.golang.org,pkg:golang/github.com/go-ini/ini,https://github.com/go-ini/ini,not_matched,present
proxy.golang.org,pkg:golang/github.com/go-kit/kit,https://github.com/go-kit/kit,dependencies,present
proxy.golang.org,pkg:golang/github.com/go-kit/log,https://github.com/go-kit/log,not_matched,present
proxy.golang.org,pkg:golang/github.com/golangci/lint-1,https://github.com/golangci/lint-1,not_matched,present
proxy.golang.org,pkg:golang/github.com/golang/freetype,https://github.com/golang/freetype,not_matched,present
proxy.golang.org,pkg:golang/github.com/golang/glog,https://github.com/golang/glog,not_matched,present
proxy.golang.org,pkg:golang/github.com/golang/groupcache,https://github.com/golang/groupcache,not_matched,present
proxy.golang.org,pkg:golang/github.com/golang-jwt/jwt,https://github.com/golang-jwt/jwt,not_matched,present
proxy.golang.org,pkg:golang/github.com/golang-jwt/jwt/v4,https://github.com/golang-jwt/jwt,not_matched,present
proxy.golang.org,pkg:golang/github.com/golang/mock,https://github.com/golang/mock,not_matched,present
proxy.golang.org,pkg:golang/github.com/golang/protobuf,https://github.com/golang/protobuf,not_matched,present
proxy.golang.org,pkg:golang/github.com/golang/snappy,https://github.com/golang/snappy,not_matched,present
proxy.golang.org,pkg:golang/github.com/golang-sql/civil,https://github.com/golang-sql/civil,not_matched,present
proxy.golang.org,pkg:golang/github.com/go-logfmt/logfmt,https://github.com/go-logfmt/logfmt,not_matched,present
proxy.golang.org,pkg:golang/github.com/go-logr/logr,https://github.com/go-logr/logr,not_matched,present
proxy.golang.org,pkg:golang/github.com/go-logr/zapr,https://github.com/go-logr/zapr,not_matched,present
proxy.golang.org,pkg:golang/github.com/gomodule/redigo,https://github.com/gomodule/redigo,not_matched,present
proxy.golang.org,pkg:golang/github.com/googleapis/gax-go,https://github.com/googleapis/gax-go,not_matched,missing
proxy.golang.org,pkg:golang/github.com/googleapis/gax-go/v2,https://github.com/googleapis/gax-go,not_matched,missing
proxy.golang.org,pkg:golang/github.com/googleapis/gnostic,https://github.com/googleapis/gnostic,dependencies,present
proxy.golang.org,pkg:golang/github.com/googleapis/google-cloud-go-testing,https://github.com/googleapis/google-cloud-go-testing,not_matched,present
proxy.golang.org,pkg:golang/github.com/google/btree,https://github.com/google/btree,not_matched,present
proxy.golang.org,pkg:golang/github.com/google/flatbuffers,https://github.com/google/flatbuffers,not_matched,present
proxy.golang.org,pkg:golang/github.com/google/go-cmp,https://github.com/google/go-cmp,not_matched,present
proxy.golang.org,pkg:golang/github.com/google/gofuzz,https://github.com/google/gofuzz,not_matched,present
proxy.golang.org,pkg:golang/github.com/google/go-github,https://github.com/google/go-github,not_matched,missing
proxy.golang.org,pkg:golang/github.com/google/go-querystring,https://github.com/google/go-querystring,not_matched,present
proxy.golang.org,pkg:golang/github.com/google/martian,https://github.com/google/martian,not_matched,present
proxy.golang.org,pkg:golang/github.com/google/martian/v3,https://github.com/google/martian,not_matched,present
proxy.golang.org,pkg:golang/github.com/google/pprof,https://github.com/google/pprof,dependencies,present
proxy.golang.org,pkg:golang/github.com/google/renameio,https://github.com/google/renameio,not_matched,present
proxy.golang.org,pkg:golang/github.com/google/shlex,https://github.com/google/shlex,not_matched,present
proxy.golang.org,pkg:golang/github.com/google/uuid,https://github.com/google/uuid,not_matched,present
proxy.golang.org,pkg:golang/github.com/go-ole/go-ole,https://github.com/go-ole/go-ole,not_matched,present
proxy.golang.org,pkg:golang/github.com/go-openapi/analysis,https://github.com/go-openapi/analysis,not_matched,missing
proxy.golang.org,pkg:golang/github.com/go-openapi/errors,https://github.com/go-openapi/errors,not_matched,missing
proxy.golang.org,pkg:golang/github.com/go-openapi/jsonpointer,https://github.com/go-openapi/jsonpointer,not_matched,missing
proxy.golang.org,pkg:golang/github.com/go-openapi/jsonreference,https://github.com/go-openapi/jsonreference,not_matched,missing
proxy.golang.org,pkg:golang/github.com/go-openapi/loads,https://github.com/go-openapi/loads,not_matched,missing
proxy.golang.org,pkg:golang/github.com/go-openapi/runtime,https://github.com/go-openapi/runtime,not_matched,missing
proxy.golang.org,pkg:golang/github.com/go-openapi/spec,https://github.com/go-openapi/spec,not_matched,present
proxy.golang.org,pkg:golang/github.com/go-openapi/strfmt,https://github.com/go-openapi/strfmt,not_matched,missing
proxy.golang.org,pkg:golang/github.com/go-openapi/swag,https://github.com/go-openapi/swag,not_matched,missing
proxy.golang.org,pkg:golang/github.com/go-openapi/validate,https://github.com/go-openapi/validate,not_matched,missing
proxy.golang.org,pkg:golang/github.com/gophercloud/gophercloud,https://github.com/gophercloud/gophercloud,not_matched,missing
proxy.golang.org,pkg:golang/github.com/gopherjs/gopherjs,https://github.com/gopherjs/gopherjs,not_matched,present
proxy.golang.org,pkg:golang/github.com/go-playground/assert/v2,https://github.com/go-playground/assert,not_matched,present
proxy.golang.org,pkg:golang/github.com/go-playground/locales,https://github.com/go-playground/locales,not_matched,present
proxy.golang.org,pkg:golang/github.com/go-playground/universal-translator,https://github.com/go-playground/universal-translator,not_matched,missing
proxy.golang.org,pkg:golang/github.com/go-playground/validator/v10,https://github.com/go-playground/validator,not_matched,missing
proxy.golang.org,pkg:golang/github.com/go-redis/redis,https://github.com/go-redis/redis,dependencies,present
proxy.golang.org,pkg:golang/github.com/gorilla/context,https://github.com/gorilla/context,not_matched,present
proxy.golang.org,pkg:golang/github.com/gorilla/handlers,https://github.com/gorilla/handlers,not_matched,present
proxy.golang.org,pkg:golang/github.com/gorilla/mux,https://github.com/gorilla/mux,not_matched,present
proxy.golang.org,pkg:golang/github.com/gorilla/securecookie,https://github.com/gorilla/securecookie,not_matched,present
proxy.golang.org,pkg:golang/github.com/gorilla/sessions,https://github.com/gorilla/sessions,not_matched,present
proxy.golang.org,pkg:golang/github.com/gorilla/websocket,https://github.com/gorilla/websocket,not_matched,present
proxy.golang.org,pkg:golang/github.com/go-sql-driver/mysql,https://github.com/go-sql-driver/mysql,not_matched,missing
proxy.golang.org,pkg:golang/github.com/go-stack/stack,https://github.com/go-stack/stack,not_matched,present
proxy.golang.org,pkg:golang/github.com/go-task/slim-sprig,https://github.com/go-task/slim-sprig,not_matched,present
proxy.golang.org,pkg:golang/github.com/go-test/deep,https://github.com/go-test/deep,not_matched,present
proxy.golang.org,pkg:golang/github.com/gregjones/httpcache,https://github.com/gregjones/httpcache,not_matched,present
proxy.golang.org,pkg:golang/github.com/grpc-ecosystem/go-grpc-middleware,https://github.com/grpc-ecosystem/go-grpc-middleware,not_matched,present
proxy.golang.org,pkg:golang/github.com/grpc-ecosystem/go-grpc-prometheus,https://github.com/grpc-ecosystem/go-grpc-prometheus,not_matched,present
proxy.golang.org,pkg:golang/github.com/grpc-ecosystem/grpc-gateway,https://github.com/grpc-ecosystem/grpc-gateway,not_matched,missing
proxy.golang.org,pkg:golang/github.com/hashicorp/consul/api,https://github.com/hashicorp/consul,dependencies,present
proxy.golang.org,pkg:golang/github.com/hashicorp/consul/sdk,https://github.com/hashicorp/consul,not_matched,present
proxy.golang.org,pkg:golang/github.com/hashicorp/errwrap,https://github.com/hashicorp/errwrap,dependencies,present
proxy.golang.org,pkg:golang/github.com/hashicorp/go-cleanhttp,https://github.com/hashicorp/go-cleanhttp,not_matched,present
proxy.golang.org,pkg:golang/github.com/hashicorp/go-hclog,https://github.com/hashicorp/go-hclog,dependencies,present
proxy.golang.org,pkg:golang/github.com/hashicorp/go-immutable-radix,https://github.com/hashicorp/go-immutable-radix,not_matched,present
proxy.golang.org,pkg:golang/github.com/hashicorp/golang-lru,https://github.com/hashicorp/golang-lru,not_matched,present
proxy.golang.org,pkg:golang/github.com/hashicorp/go-msgpack,https://github.com/hashicorp/go-msgpack,not_matched,present
proxy.golang.org,pkg:golang/github.com/hashicorp/go-multierror,https://github.com/hashicorp/go-multierror,dependencies,present
proxy.golang.org,pkg:golang/github.com/hashicorp/go.net,https://github.com/hashicorp/go.net,not_matched,present
proxy.golang.org,pkg:golang/github.com/hashicorp/go-plugin,https://github.com/hashicorp/go-plugin,not_matched,present
proxy.golang.org,pkg:golang/github.com/hashicorp/go-retryablehttp,https://github.com/hashicorp/go-retryablehttp,not_matched,present
proxy.golang.org,pkg:golang/github.com/hashicorp/go-rootcerts,https://github.com/hashicorp/go-rootcerts,not_matched,present
proxy.golang.org,pkg:golang/github.com/hashicorp/go-sockaddr,https://github.com/hashicorp/go-sockaddr,not_matched,present
proxy.golang.org,pkg:golang/github.com/hashicorp/go-syslog,https://github.com/hashicorp/go-syslog,not_matched,missing
proxy.golang.org,pkg:golang/github.com/hashicorp/go-uuid,https://github.com/hashicorp/go-uuid,not_matched,missing
proxy.golang.org,pkg:golang/github.com/hashicorp/go-version,https://github.com/hashicorp/go-version,not_matched,present
proxy.golang.org,pkg:golang/github.com/hashicorp/hcl,https://github.com/hashicorp/hcl,not_matched,missing
proxy.golang.org,pkg:golang/github.com/hashicorp/logutils,https://github.com/hashicorp/logutils,not_matched,present
proxy.golang.org,pkg:golang/github.com/hashicorp/mdns,https://github.com/hashicorp/mdns,not_matched,missing
proxy.golang.org,pkg:golang/github.com/hashicorp/memberlist,https://github.com/hashicorp/memberlist,dependencies;projects,missing
proxy.golang.org,pkg:golang/github.com/hashicorp/serf,https://github.com/hashicorp/serf,not_matched,present
proxy.golang.org,pkg:golang/github.com/hashicorp/yamux,https://github.com/hashicorp/yamux,not_matched,missing
proxy.golang.org,pkg:golang/github.com/hpcloud/tail,https://github.com/hpcloud/tail,dependencies,present
proxy.golang.org,pkg:golang/github.com/huandu/xstrings,https://github.com/huandu/xstrings,not_matched,missing
proxy.golang.org,pkg:golang/github.com/hudl/fargo,https://github.com/hudl/fargo,not_matched,present
proxy.golang.org,pkg:golang/github.com/iancoleman/strcase,https://github.com/iancoleman/strcase,not_matched,present
proxy.golang.org,pkg:golang/github.com/ianlancetaylor/demangle,https://github.com/ianlancetaylor/demangle,not_matched,missing
proxy.golang.org,pkg:golang/github.com/imdario/mergo,https://github.com/imdario/mergo,not_matched,present
proxy.golang.org,pkg:golang/github.com/inconshreveable/mousetrap,https://github.com/inconshreveable/mousetrap,not_matched,present
proxy.golang.org,pkg:golang/github.com/influxdata/influxdb1-client,https://github.com/influxdata/influxdb1-client,not_matched,present
proxy.golang.org,pkg:golang/github.com/jackc/chunkreader,https://github.com/jackc/chunkreader,not_matched,present
proxy.golang.org,pkg:golang/github.com/jackc/chunkreader/v2,https://github.com/jackc/chunkreader,not_matched,present
proxy.golang.org,pkg:golang/github.com/jackc/pgconn,https://github.com/jackc/pgconn,not_matched,present
proxy.golang.org,pkg:golang/github.com/jackc/pgio,https://github.com/jackc/pgio,not_matched,present
proxy.golang.org,pkg:golang/github.com/jackc/pgmock,https://github.com/jackc/pgmock,not_matched,present
proxy.golang.org,pkg:golang/github.com/jackc/pgpassfile,https://github.com/jackc/pgpassfile,not_matched,present
proxy.golang.org,pkg:golang/github.com/jackc/pgproto3,https://github.com/jackc/pgproto3,not_matched,present
proxy.golang.org,pkg:golang/github.com/jackc/pgproto3/v2,https://github.com/jackc/pgproto3,not_matched,present
proxy.golang.org,pkg:golang/github.com/jackc/pgservicefile,https://github.com/jackc/pgservicefile,not_matched,present
proxy.golang.org,pkg:golang/github.com/jackc/pgtype,https://github.com/jackc/pgtype,not_matched,present
proxy.golang.org,pkg:golang/github.com/jackc/pgx/v4,https://github.com/jackc/pgx,not_matched,missing
proxy.golang.org,pkg:golang/github.com/jackc/puddle,https://github.com/jackc/puddle,not_matched,present
proxy.golang.org,pkg:golang/github.com/jbenet/go-context,https://github.com/jbenet/go-context,not_matched,present
proxy.golang.org,pkg:golang/github.com/jessevdk/go-flags,https://github.com/jessevdk/go-flags,not_matched,present
proxy.golang.org,pkg:golang/github.com/jhump/protoreflect,https://github.com/jhump/protoreflect,not_matched,present
proxy.golang.org,pkg:golang/github.com/jinzhu/gorm,https://github.com/jinzhu/gorm,not_matched,present
proxy.golang.org,pkg:golang/github.com/jinzhu/inflection,https://github.com/jinzhu/inflection,not_matched,present
proxy.golang.org,pkg:golang/github.com/jinzhu/now,https://github.com/jinzhu/now,not_matched,present
proxy.golang.org,pkg:golang/github.com/jmespath/go-jmespath,https://github.com/jmespath/go-jmespath,not_matched,present
proxy.golang.org,pkg:golang/github.com/jmespath/go-jmespath/internal/testify,https://github.com/jmespath/go-jmespath,not_matched,present
proxy.golang.org,pkg:golang/github.com/jmoiron/sqlx,https://github.com/jmoiron/sqlx,not_matched,present
proxy.golang.org,pkg:golang/github.com/joho/godotenv,https://github.com/joho/godotenv,not_matched,present
proxy.golang.org,pkg:golang/github.com/jonboulle/clockwork,https://github.com/jonboulle/clockwork,not_matched,present
proxy.golang.org,pkg:golang/github.com/josharian/intern,https://github.com/josharian/intern,not_matched,present
proxy.golang.org,pkg:golang/github.com/jpillora/backoff,https://github.com/jpillora/backoff,not_matched,present
proxy.golang.org,pkg:golang/github.com/json-iterator/go,https://github.com/json-iterator/go,not_matched,present
proxy.golang.org,pkg:golang/github.com/jstemmer/go-junit-report,https://github.com/jstemmer/go-junit-report,not_matched,present
proxy.golang.org,pkg:golang/github.com/jtolds/gls,https://github.com/jtolds/gls,dependencies,present
proxy.golang.org,pkg:golang/github.com/julienschmidt/httprouter,https://github.com/julienschmidt/httprouter,not_matched,present
proxy.golang.org,pkg:golang/github.com/jung-kurt/gofpdf,https://github.com/jung-kurt/gofpdf,not_matched,present
proxy.golang.org,pkg:golang/github.com/k0kubun/colorstring,https://github.com/k0kubun/colorstring,not_matched,present
proxy.golang.org,pkg:golang/github.com/karrick/godirwalk,https://github.com/karrick/godirwalk,not_matched,present
proxy.golang.org,pkg:golang/github.com/kballard/go-shellquote,https://github.com/kballard/go-shellquote,not_matched,present
proxy.golang.org,pkg:golang/github.com/kevinburke/ssh_config,https://github.com/kevinburke/ssh_config,not_matched,present
proxy.golang.org,pkg:golang/github.com/kisielk/errcheck,https://github.com/kisielk/errcheck,not_matched,present
proxy.golang.org,pkg:golang/github.com/kisielk/gotool,https://github.com/kisielk/gotool,not_matched,present
proxy.golang.org,pkg:golang/github.com/klauspost/compress,https://github.com/klauspost/compress,not_matched,present
proxy.golang.org,pkg:golang/github.com/klauspost/cpuid,https://github.com/klauspost/cpuid,not_matched,present
proxy.golang.org,pkg:golang/github.com/klauspost/cpuid/v2,https://github.com/klauspost/cpuid,not_matched,present
proxy.golang.org,pkg:golang/github.com/%21knetic/govaluate,https://github.com/knetic/govaluate,not_matched,present
proxy.golang.org,pkg:golang/github.com/konsorten/go-windows-terminal-sequences,https://github.com/konsorten/go-windows-terminal-sequences,not_matched,present
proxy.golang.org,pkg:golang/github.com/kr/fs,https://github.com/kr/fs,not_matched,present
proxy.golang.org,pkg:golang/github.com/kr/logfmt,https://github.com/kr/logfmt,not_matched,present
proxy.golang.org,pkg:golang/github.com/kr/pretty,https://github.com/kr/pretty,not_matched,present
proxy.golang.org,pkg:golang/github.com/kr/pty,https://github.com/kr/pty,not_matched,present
proxy.golang.org,pkg:golang/github.com/kr/text,https://github.com/kr/text,not_matched,present
proxy.golang.org,pkg:golang/github.com/kylelemons/godebug,https://github.com/kylelemons/godebug,not_matched,present
proxy.golang.org,pkg:golang/github.com/labstack/echo/v4,https://github.com/labstack/echo,not_matched,present
proxy.golang.org,pkg:golang/github.com/labstack/gommon,https://github.com/labstack/gommon,not_matched,present
proxy.golang.org,pkg:golang/github.com/leodido/go-urn,https://github.com/leodido/go-urn,not_matched,present
proxy.golang.org,pkg:golang/github.com/lib/pq,https://github.com/lib/pq,not_matched,present
proxy.golang.org,pkg:golang/github.com/lightstep/lightstep-tracer-common/golang/gogo,https://github.com/lightstep/lightstep-tracer-common,not_matched,present
proxy.golang.org,pkg:golang/github.com/lightstep/lightstep-tracer-go,https://github.com/lightstep/lightstep-tracer-go,not_matched,present
proxy.golang.org,pkg:golang/github.com/logrusorgru/aurora,https://github.com/logrusorgru/aurora,not_matched,present
proxy.golang.org,pkg:golang/github.com/lyft/protoc-gen-star,https://github.com/lyft/protoc-gen-star,not_matched,present
proxy.golang.org,pkg:golang/github.com/lyft/protoc-gen-validate,https://github.com/lyft/protoc-gen-validate,not_matched,unknown
proxy.golang.org,pkg:golang/github.com/magiconair/properties,https://github.com/magiconair/properties,not_matched,missing
proxy.golang.org,pkg:golang/github.com/mailru/easyjson,https://github.com/mailru/easyjson,not_matched,present
proxy.golang.org,pkg:golang/github.com/markbates/oncer,https://github.com/markbates/oncer,not_matched,present
proxy.golang.org,pkg:golang/github.com/markbates/safe,https://github.com/markbates/safe,not_matched,present
proxy.golang.org,pkg:golang/github.com/marstr/guid,https://github.com/marstr/guid,not_matched,present
proxy.golang.org,pkg:golang/github.com/%21masterminds/goutils,https://github.com/masterminds/goutils,not_matched,present
proxy.golang.org,pkg:golang/github.com/%21masterminds/semver,https://github.com/masterminds/semver,not_matched,present
proxy.golang.org,pkg:golang/github.com/%21masterminds/semver/v3,https://github.com/masterminds/semver,not_matched,present
proxy.golang.org,pkg:golang/github.com/%21masterminds/sprig,https://github.com/masterminds/sprig,not_matched,present
proxy.golang.org,pkg:golang/github.com/matryer/is,https://github.com/matryer/is,not_matched,present
proxy.golang.org,pkg:golang/github.com/mattn/go-colorable,https://github.com/mattn/go-colorable,not_matched,present
proxy.golang.org,pkg:golang/github.com/mattn/go-ieproxy,https://github.com/mattn/go-ieproxy,not_matched,present
proxy.golang.org,pkg:golang/github.com/mattn/go-isatty,https://github.com/mattn/go-isatty,not_matched,present
proxy.golang.org,pkg:golang/github.com/mattn/go-runewidth,https://github.com/mattn/go-runewidth,not_matched,present
proxy.golang.org,pkg:golang/github.com/mattn/go-shellwords,https://github.com/mattn/go-shellwords,not_matched,missing
proxy.golang.org,pkg:golang/github.com/mattn/go-sqlite3,https://github.com/mattn/go-sqlite3,not_matched,missing
proxy.golang.org,pkg:golang/github.com/mattn/goveralls,https://github.com/mattn/goveralls,not_matched,present
proxy.golang.org,pkg:golang/github.com/matttproud/golang_protobuf_extensions,https://github.com/matttproud/golang_protobuf_extensions,not_matched,present
proxy.golang.org,pkg:golang/github.com/mgutz/ansi,https://github.com/mgutz/ansi,not_matched,present
proxy.golang.org,pkg:golang/github.com/microcosm-cc/bluemonday,https://github.com/microcosm-cc/bluemonday,not_matched,present
proxy.golang.org,pkg:golang/github.com/%21microsoft/go-winio,https://github.com/microsoft/go-winio,not_matched,present
proxy.golang.org,pkg:golang/github.com/%21microsoft/hcsshim,https://github.com/microsoft/hcsshim,not_matched,missing
proxy.golang.org,pkg:golang/github.com/miekg/dns,https://github.com/miekg/dns,not_matched,present
proxy.golang.org,pkg:golang/github.com/miekg/pkcs11,https://github.com/miekg/pkcs11,not_matched,present
proxy.golang.org,pkg:golang/github.com/mistifyio/go-zfs,https://github.com/mistifyio/go-zfs,not_matched,present
proxy.golang.org,pkg:golang/github.com/mitchellh/cli,https://github.com/mitchellh/cli,not_matched,present
proxy.golang.org,pkg:golang/github.com/mitchellh/copystructure,https://github.com/mitchellh/copystructure,not_matched,present
proxy.golang.org,pkg:golang/github.com/mitchellh/go-homedir,https://github.com/mitchellh/go-homedir,not_matched,present
proxy.golang.org,pkg:golang/github.com/mitchellh/go-testing-interface,https://github.com/mitchellh/go-testing-interface,not_matched,present
proxy.golang.org,pkg:golang/github.com/mitchellh/go-wordwrap,https://github.com/mitchellh/go-wordwrap,not_matched,present
proxy.golang.org,pkg:golang/github.com/mitchellh/gox,https://github.com/mitchellh/gox,not_matched,present
proxy.golang.org,pkg:golang/github.com/mitchellh/iochan,https://github.com/mitchellh/iochan,not_matched,present
proxy.golang.org,pkg:golang/github.com/mitchellh/mapstructure,https://github.com/mitchellh/mapstructure,not_matched,present
proxy.golang.org,pkg:golang/github.com/mitchellh/osext,https://github.com/mitchellh/osext,not_matched,unknown
proxy.golang.org,pkg:golang/github.com/mitchellh/reflectwalk,https://github.com/mitchellh/reflectwalk,not_matched,present
proxy.golang.org,pkg:golang/github.com/moby/spdystream,https://github.com/moby/spdystream,not_matched,present
proxy.golang.org,pkg:golang/github.com/moby/sys/mountinfo,https://github.com/moby/sys,not_matched,missing
proxy.golang.org,pkg:golang/github.com/moby/term,https://github.com/moby/term,not_matched,present
proxy.golang.org,pkg:golang/github.com/modern-go/concurrent,https://github.com/modern-go/concurrent,not_matched,present
proxy.golang.org,pkg:golang/github.com/modern-go/reflect2,https://github.com/modern-go/reflect2,not_matched,present
proxy.golang.org,pkg:golang/github.com/mohae/deepcopy,https://github.com/mohae/deepcopy,not_matched,present
proxy.golang.org,pkg:golang/github.com/montanaflynn/stats,https://github.com/montanaflynn/stats,not_matched,missing
proxy.golang.org,pkg:golang/github.com/morikuni/aec,https://github.com/morikuni/aec,not_matched,present
proxy.golang.org,pkg:golang/github.com/mrunalp/fileutils,https://github.com/mrunalp/fileutils,not_matched,present
proxy.golang.org,pkg:golang/github.com/munnerz/goautoneg,https://github.com/munnerz/goautoneg,not_matched,present
proxy.golang.org,pkg:golang/github.com/mwitkow/go-conntrack,https://github.com/mwitkow/go-conntrack,not_matched,present
proxy.golang.org,pkg:golang/github.com/mxk/go-flowrate,https://github.com/mxk/go-flowrate,not_matched,present
proxy.golang.org,pkg:golang/github.com/nats-io/jwt,https://github.com/nats-io/jwt,not_matched,present
proxy.golang.org,pkg:golang/github.com/nats-io/nats.go,https://github.com/nats-io/nats.go,not_matched,missing
proxy.golang.org,pkg:golang/github.com/nats-io/nats-server/v2,https://github.com/nats-io/nats-server,not_matched,missing
proxy.golang.org,pkg:golang/github.com/nats-io/nkeys,https://github.com/nats-io/nkeys,dependencies,present
proxy.golang.org,pkg:golang/github.com/nats-io/nuid,https://github.com/nats-io/nuid,not_matched,present
proxy.golang.org,pkg:golang/github.com/ncw/swift,https://github.com/ncw/swift,not_matched,present
proxy.golang.org,pkg:golang/github.com/niemeyer/pretty,https://github.com/niemeyer/pretty,not_matched,present
proxy.golang.org,pkg:golang/github.com/nxadm/tail,https://github.com/nxadm/tail,dependencies,present
proxy.golang.org,pkg:golang/github.com/%21n%21y%21times/gziphandler,https://github.com/nytimes/gziphandler,not_matched,present
proxy.golang.org,pkg:golang/github.com/oklog/oklog,https://github.com/oklog/oklog,not_matched,present
proxy.golang.org,pkg:golang/github.com/oklog/run,https://github.com/oklog/run,not_matched,present
proxy.golang.org,pkg:golang/github.com/oklog/ulid,https://github.com/oklog/ulid,not_matched,missing
proxy.golang.org,pkg:golang/github.com/olekukonko/tablewriter,https://github.com/olekukonko/tablewriter,dependencies,missing
proxy.golang.org,pkg:golang/github.com/%21one%21of%21one/xxhash,https://github.com/oneofone/xxhash,not_matched,present
proxy.golang.org,pkg:golang/github.com/onsi/ginkgo,https://github.com/onsi/ginkgo,not_matched,missing
proxy.golang.org,pkg:golang/github.com/onsi/ginkgo/v2,https://github.com/onsi/ginkgo,not_matched,missing
proxy.golang.org,pkg:golang/github.com/onsi/gomega,https://github.com/onsi/gomega,not_matched,missing
proxy.golang.org,pkg:golang/github.com/opencontainers/go-digest,https://github.com/opencontainers/go-digest,not_matched,missing
proxy.golang.org,pkg:golang/github.com/opencontainers/image-spec,https://github.com/opencontainers/image-spec,not_matched,missing
proxy.golang.org,pkg:golang/github.com/opencontainers/runc,https://github.com/opencontainers/runc,dependencies,missing
proxy.golang.org,pkg:golang/github.com/opencontainers/runtime-spec,https://github.com/opencontainers/runtime-spec,not_matched,present
proxy.golang.org,pkg:golang/github.com/opencontainers/runtime-tools,https://github.com/opencontainers/runtime-tools,not_matched,present
proxy.golang.org,pkg:golang/github.com/opencontainers/selinux,https://github.com/opencontainers/selinux,not_matched,present
proxy.golang.org,pkg:golang/github.com/opentracing/basictracer-go,https://github.com/opentracing/basictracer-go,not_matched,present
proxy.golang.org,pkg:golang/github.com/opentracing-contrib/go-observer,https://github.com/opentracing-contrib/go-observer,dependencies,present
proxy.golang.org,pkg:golang/github.com/opentracing/opentracing-go,https://github.com/opentracing/opentracing-go,not_matched,present
proxy.golang.org,pkg:golang/github.com/openzipkin-contrib/zipkin-go-opentracing,https://github.com/openzipkin-contrib/zipkin-go-opentracing,dependencies,present
proxy.golang.org,pkg:golang/github.com/openzipkin/zipkin-go,https://github.com/openzipkin/zipkin-go,not_matched,present
proxy.golang.org,pkg:golang/github.com/op/go-logging,https://github.com/op/go-logging,not_matched,present
proxy.golang.org,pkg:golang/github.com/otiai10/copy,https://github.com/otiai10/copy,not_matched,present
proxy.golang.org,pkg:golang/github.com/otiai10/curr,https://github.com/otiai10/curr,not_matched,present
proxy.golang.org,pkg:golang/github.com/otiai10/mint,https://github.com/otiai10/mint,not_matched,present
proxy.golang.org,pkg:golang/github.com/pact-foundation/pact-go,https://github.com/pact-foundation/pact-go,not_matched,missing
proxy.golang.org,pkg:golang/github.com/pascaldekloe/goe,https://github.com/pascaldekloe/goe,not_matched,present
proxy.golang.org,pkg:golang/github.com/pborman/uuid,https://github.com/pborman/uuid,not_matched,present
proxy.golang.org,pkg:golang/github.com/pelletier/go-toml,https://github.com/pelletier/go-toml,not_matched,present
proxy.golang.org,pkg:golang/github.com/pelletier/go-toml/v2,https://github.com/pelletier/go-toml,not_matched,present
proxy.golang.org,pkg:golang/github.com/performancecopilot/speed,https://github.com/performancecopilot/speed,not_matched,present
proxy.golang.org,pkg:golang/github.com/peterbourgon/diskv,https://github.com/peterbourgon/diskv,not_matched,present
proxy.golang.org,pkg:golang/github.com/pierrec/lz4,https://github.com/pierrec/lz4,not_matched,missing
proxy.golang.org,pkg:golang/github.com/pkg/diff,https://github.com/pkg/diff,not_matched,present
proxy.golang.org,pkg:golang/github.com/pkg/errors,https://github.com/pkg/errors,not_matched,present
proxy.golang.org,pkg:golang/github.com/pkg/profile,https://github.com/pkg/profile,not_matched,present
proxy.golang.org,pkg:golang/github.com/pkg/sftp,https://github.com/pkg/sftp,not_matched,present
proxy.golang.org,pkg:golang/github.com/pmezard/go-difflib,https://github.com/pmezard/go-difflib,not_matched,present
proxy.golang.org,pkg:golang/github.com/posener/complete,https://github.com/posener/complete,not_matched,present
proxy.golang.org,pkg:golang/github.com/pquerna/cachecontrol,https://github.com/pquerna/cachecontrol,not_matched,present
proxy.golang.org,pkg:golang/github.com/prometheus/client_golang,https://github.com/prometheus/client_golang,not_matched,missing
proxy.golang.org,pkg:golang/github.com/prometheus/client_model,https://github.com/prometheus/client_model,not_matched,present
proxy.golang.org,pkg:golang/github.com/prometheus/common,https://github.com/prometheus/common,not_matched,missing
proxy.golang.org,pkg:golang/github.com/prometheus/procfs,https://github.com/prometheus/procfs,not_matched,present
proxy.golang.org,pkg:golang/github.com/prometheus/tsdb,https://github.com/prometheus/tsdb,not_matched,present
proxy.golang.org,pkg:golang/github.com/%21puerkito%21bio/goquery,https://github.com/puerkitobio/goquery,not_matched,missing
proxy.golang.org,pkg:golang/github.com/%21puerkito%21bio/purell,https://github.com/puerkitobio/purell,not_matched,present
proxy.golang.org,pkg:golang/github.com/%21puerkito%21bio/urlesc,https://github.com/puerkitobio/urlesc,not_matched,present
proxy.golang.org,pkg:golang/github.com/rcrowley/go-metrics,https://github.com/rcrowley/go-metrics,not_matched,present
proxy.golang.org,pkg:golang/github.com/remyoudompheng/bigfft,https://github.com/remyoudompheng/bigfft,dependencies,present
proxy.golang.org,pkg:golang/github.com/rivo/uniseg,https://github.com/rivo/uniseg,dependencies,present
proxy.golang.org,pkg:golang/github.com/rogpeppe/fastuuid,https://github.com/rogpeppe/fastuuid,not_matched,present
proxy.golang.org,pkg:golang/github.com/rogpeppe/go-internal,https://github.com/rogpeppe/go-internal,not_matched,present
proxy.golang.org,pkg:golang/github.com/rs/cors,https://github.com/rs/cors,not_matched,present
proxy.golang.org,pkg:golang/github.com/rs/xid,https://github.com/rs/xid,not_matched,missing
proxy.golang.org,pkg:golang/github.com/rs/zerolog,https://github.com/rs/zerolog,not_matched,present
proxy.golang.org,pkg:golang/github.com/russross/blackfriday,https://github.com/russross/blackfriday,not_matched,present
proxy.golang.org,pkg:golang/github.com/russross/blackfriday/v2,https://github.com/russross/blackfriday,not_matched,present
proxy.golang.org,pkg:golang/github.com/ryanuber/columnize,https://github.com/ryanuber/columnize,not_matched,present
proxy.golang.org,pkg:golang/github.com/sagikazarmark/crypt,https://github.com/sagikazarmark/crypt,not_matched,present
proxy.golang.org,pkg:golang/github.com/samuel/go-zookeeper,https://github.com/samuel/go-zookeeper,not_matched,present
proxy.golang.org,pkg:golang/github.com/satori/go.uuid,https://github.com/satori/go.uuid,not_matched,present
proxy.golang.org,pkg:golang/github.com/sean-/seed,https://github.com/sean-/seed,not_matched,present
proxy.golang.org,pkg:golang/github.com/seccomp/libseccomp-golang,https://github.com/seccomp/libseccomp-golang,not_matched,missing
proxy.golang.org,pkg:golang/github.com/sergi/go-diff,https://github.com/sergi/go-diff,not_matched,present
proxy.golang.org,pkg:golang/github.com/shirou/gopsutil,https://github.com/shirou/gopsutil,not_matched,missing
proxy.golang.org,pkg:golang/github.com/%21shopify/logrus-bugsnag,https://github.com/shopify/logrus-bugsnag,not_matched,present
proxy.golang.org,pkg:golang/github.com/%21shopify/sarama,https://github.com/shopify/sarama,dependencies,present
proxy.golang.org,pkg:golang/github.com/%21shopify/toxiproxy,https://github.com/shopify/toxiproxy,not_matched,present
proxy.golang.org,pkg:golang/github.com/shopspring/decimal,https://github.com/shopspring/decimal,not_matched,present
proxy.golang.org,pkg:golang/github.com/shurcoo%21l/go,https://github.com/shurcool/go,not_matched,present
proxy.golang.org,pkg:golang/github.com/shurcoo%21l/go-goon,https://github.com/shurcool/go-goon,not_matched,present
proxy.golang.org,pkg:golang/github.com/shurcoo%21l/httpfs,https://github.com/shurcool/httpfs,not_matched,present
proxy.golang.org,pkg:golang/github.com/shurcoo%21l/sanitized_anchor_name,https://github.com/shurcool/sanitized_anchor_name,not_matched,present
proxy.golang.org,pkg:golang/github.com/sirupsen/logrus,https://github.com/sirupsen/logrus,not_matched,present
proxy.golang.org,pkg:golang/github.com/smartystreets/assertions,https://github.com/smartystreets/assertions,not_matched,present
proxy.golang.org,pkg:golang/github.com/smartystreets/goconvey,https://github.com/smartystreets/goconvey,not_matched,present
proxy.golang.org,pkg:golang/github.com/soheilhy/cmux,https://github.com/soheilhy/cmux,not_matched,present
proxy.golang.org,pkg:golang/github.com/sony/gobreaker,https://github.com/sony/gobreaker,not_matched,present
proxy.golang.org,pkg:golang/github.com/spaolacci/murmur3,https://github.com/spaolacci/murmur3,not_matched,present
proxy.golang.org,pkg:golang/github.com/spf13/afero,https://github.com/spf13/afero,not_matched,present
proxy.golang.org,pkg:golang/github.com/spf13/cast,https://github.com/spf13/cast,not_matched,present
proxy.golang.org,pkg:golang/github.com/spf13/cobra,https://github.com/spf13/cobra,not_matched,present
proxy.golang.org,pkg:golang/github.com/spf13/jwalterweatherman,https://github.com/spf13/jwalterweatherman,not_matched,present
proxy.golang.org,pkg:golang/github.com/spf13/pflag,https://github.com/spf13/pflag,not_matched,missing
proxy.golang.org,pkg:golang/github.com/spf13/viper,https://github.com/spf13/viper,not_matched,present
proxy.golang.org,pkg:golang/github.com/%21stack%21exchange/wmi,https://github.com/stackexchange/wmi,not_matched,present
proxy.golang.org,pkg:golang/github.com/stoewer/go-strcase,https://github.com/stoewer/go-strcase,dependencies,present
proxy.golang.org,pkg:golang/github.com/streadway/amqp,https://github.com/streadway/amqp,not_matched,present
proxy.golang.org,pkg:golang/github.com/streadway/handy,https://github.com/streadway/handy,not_matched,present
proxy.golang.org,pkg:golang/github.com/stretchr/objx,https://github.com/stretchr/objx,dependencies,missing
proxy.golang.org,pkg:golang/github.com/stretchr/testify,https://github.com/stretchr/testify,not_matched,present
proxy.golang.org,pkg:golang/github.com/subosito/gotenv,https://github.com/subosito/gotenv,not_matched,present
proxy.golang.org,pkg:golang/github.com/syndtr/gocapability,https://github.com/syndtr/gocapability,not_matched,present
proxy.golang.org,pkg:golang/github.com/syndtr/goleveldb,https://github.com/syndtr/goleveldb,not_matched,present
proxy.golang.org,pkg:golang/github.com/tidwall/gjson,https://github.com/tidwall/gjson,not_matched,present
proxy.golang.org,pkg:golang/github.com/tidwall/match,https://github.com/tidwall/match,not_matched,present
proxy.golang.org,pkg:golang/github.com/tidwall/pretty,https://github.com/tidwall/pretty,not_matched,present
proxy.golang.org,pkg:golang/github.com/tklauser/go-sysconf,https://github.com/tklauser/go-sysconf,not_matched,missing
proxy.golang.org,pkg:golang/github.com/tklauser/numcpus,https://github.com/tklauser/numcpus,not_matched,missing
proxy.golang.org,pkg:golang/github.com/tmc/grpc-websocket-proxy,https://github.com/tmc/grpc-websocket-proxy,not_matched,present
proxy.golang.org,pkg:golang/github.com/tv42/httpunix,https://github.com/tv42/httpunix,not_matched,present
proxy.golang.org,pkg:golang/github.com/twitchyliquid64/golang-asm,https://github.com/twitchyliquid64/golang-asm,not_matched,present
proxy.golang.org,pkg:golang/github.com/ugorji/go,https://github.com/ugorji/go,not_matched,present
proxy.golang.org,pkg:golang/github.com/ugorji/go/codec,https://github.com/ugorji/go,not_matched,present
proxy.golang.org,pkg:golang/github.com/ulikunitz/xz,https://github.com/ulikunitz/xz,dependencies,missing
proxy.golang.org,pkg:golang/github.com/urfave/cli,https://github.com/urfave/cli,dependencies,missing
proxy.golang.org,pkg:golang/github.com/urfave/cli/v2,https://github.com/urfave/cli,dependencies,missing
proxy.golang.org,pkg:golang/github.com/valyala/bytebufferpool,https://github.com/valyala/bytebufferpool,not_matched,present
proxy.golang.org,pkg:golang/github.com/valyala/fasthttp,https://github.com/valyala/fasthttp,dependencies,missing
proxy.golang.org,pkg:golang/github.com/valyala/fasttemplate,https://github.com/valyala/fasttemplate,not_matched,present
proxy.golang.org,pkg:golang/github.com/valyala/tcplisten,https://github.com/valyala/tcplisten,not_matched,present
proxy.golang.org,pkg:golang/github.com/vektah/gqlparser,https://github.com/vektah/gqlparser,not_matched,missing
proxy.golang.org,pkg:golang/github.com/vishvananda/netlink,https://github.com/vishvananda/netlink,not_matched,missing
proxy.golang.org,pkg:golang/github.com/vishvananda/netns,https://github.com/vishvananda/netns,not_matched,present
proxy.golang.org,pkg:golang/github.com/%21vivid%21cortex/gohistogram,https://github.com/vividcortex/gohistogram,not_matched,present
proxy.golang.org,pkg:golang/github.com/willf/bitset,https://github.com/willf/bitset,dependencies,missing
proxy.golang.org,pkg:golang/github.com/xanzy/ssh-agent,https://github.com/xanzy/ssh-agent,not_matched,present
proxy.golang.org,pkg:golang/github.com/xdg-go/pbkdf2,https://github.com/xdg-go/pbkdf2,not_matched,present
proxy.golang.org,pkg:golang/github.com/xdg-go/scram,https://github.com/xdg-go/scram,not_matched,present
proxy.golang.org,pkg:golang/github.com/xdg-go/stringprep,https://github.com/xdg-go/stringprep,not_matched,present
proxy.golang.org,pkg:golang/github.com/xdg/scram,https://github.com/xdg/scram,not_matched,present
proxy.golang.org,pkg:golang/github.com/xdg/stringprep,https://github.com/xdg/stringprep,not_matched,present
proxy.golang.org,pkg:golang/github.com/xeipuuv/gojsonpointer,https://github.com/xeipuuv/gojsonpointer,not_matched,present
proxy.golang.org,pkg:golang/github.com/xeipuuv/gojsonreference,https://github.com/xeipuuv/gojsonreference,not_matched,present
proxy.golang.org,pkg:golang/github.com/xeipuuv/gojsonschema,https://github.com/xeipuuv/gojsonschema,not_matched,present
proxy.golang.org,pkg:golang/github.com/xiang90/probing,https://github.com/xiang90/probing,not_matched,present
proxy.golang.org,pkg:golang/github.com/xlab/treeprint,https://github.com/xlab/treeprint,not_matched,present
proxy.golang.org,pkg:golang/github.com/xordataexchange/crypt,https://github.com/xordataexchange/crypt,not_matched,present
proxy.golang.org,pkg:golang/github.com/youmark/pkcs8,https://github.com/youmark/pkcs8,not_matched,present
proxy.golang.org,pkg:golang/github.com/yuin/goldmark,https://github.com/yuin/goldmark,not_matched,missing
proxy.golang.org,pkg:golang/github.com/yvasiyarov/go-metrics,https://github.com/yvasiyarov/go-metrics,not_matched,present
proxy.golang.org,pkg:golang/github.com/yvasiyarov/gorelic,https://github.com/yvasiyarov/gorelic,not_matched,present
proxy.golang.org,pkg:golang/github.com/yvasiyarov/newrelic_platform_go,https://github.com/yvasiyarov/newrelic_platform_go,not_matched,present
proxy.golang.org,pkg:golang/github.com/zenazn/goji,https://github.com/zenazn/goji,not_matched,present
proxy.golang.org,pkg:golang/go.etcd.io/bbolt,https://github.com/etcd-io/bbolt,not_matched,present
proxy.golang.org,pkg:golang/go.etcd.io/etcd,https://github.com/etcd-io/etcd,not_matched,missing
proxy.golang.org,pkg:golang/go.etcd.io/etcd/api/v3,https://github.com/etcd-io/etcd,not_matched,missing
proxy.golang.org,pkg:golang/go.etcd.io/etcd/client/pkg/v3,https://github.com/etcd-io/etcd,not_matched,missing
proxy.golang.org,pkg:golang/go.etcd.io/etcd/client/v2,https://github.com/etcd-io/etcd,not_matched,missing
proxy.golang.org,pkg:golang/go.etcd.io/etcd/client/v3,https://github.com/etcd-io/etcd,not_matched,missing
proxy.golang.org,pkg:golang/go.etcd.io/etcd/pkg/v3,https://github.com/etcd-io/etcd,not_matched,missing
proxy.golang.org,pkg:golang/go.etcd.io/etcd/raft/v3,https://github.com/etcd-io/etcd,not_matched,missing
proxy.golang.org,pkg:golang/go.etcd.io/etcd/server/v3,https://github.com/etcd-io/etcd,not_matched,missing
proxy.golang.org,pkg:golang/golang.org/x/crypto,https://cs.opensource.google/go/x/crypto,not_matched,unknown
proxy.golang.org,pkg:golang/golang.org/x/exp,https://cs.opensource.google/go/x/exp,not_matched,unknown
proxy.golang.org,pkg:golang/golang.org/x/image,https://cs.opensource.google/go/x/image,not_matched,unknown
proxy.golang.org,pkg:golang/golang.org/x/lint,https://go.googlesource.com/lint,dependencies,missing
proxy.golang.org,pkg:golang/golang.org/x/mobile,https://cs.opensource.google/go/x/mobile,not_matched,unknown
proxy.golang.org,pkg:golang/golang.org/x/mod,https://cs.opensource.google/go/x/mod,not_matched,unknown
proxy.golang.org,pkg:golang/golang.org/x/net,https://cs.opensource.google/go/x/net,not_matched,unknown
proxy.golang.org,pkg:golang/golang.org/x/oauth2,https://cs.opensource.google/go/x/oauth2,not_matched,unknown
proxy.golang.org,pkg:golang/golang.org/x/sync,https://cs.opensource.google/go/x/sync,not_matched,unknown
proxy.golang.org,pkg:golang/golang.org/x/sys,https://cs.opensource.google/go/x/sys,not_matched,unknown
proxy.golang.org,pkg:golang/golang.org/x/term,https://cs.opensource.google/go/x/term,not_matched,unknown
proxy.golang.org,pkg:golang/golang.org/x/text,https://cs.opensource.google/go/x/text,not_matched,unknown
proxy.golang.org,pkg:golang/golang.org/x/time,https://cs.opensource.google/go/x/time,not_matched,unknown
proxy.golang.org,pkg:golang/golang.org/x/tools,https://cs.opensource.google/go/x/tools,not_matched,unknown
proxy.golang.org,pkg:golang/golang.org/x/xerrors,https://cs.opensource.google/go/x/xerrors,not_matched,unknown
proxy.golang.org,pkg:golang/gomodules.xyz/jsonpatch/v2,https://github.com/gomodules/jsonpatch,dependencies,present
proxy.golang.org,pkg:golang/go.mongodb.org/mongo-driver,https://github.com/mongodb/mongo-go-driver,not_matched,present
proxy.golang.org,pkg:golang/gonum.org/v1/gonum,https://github.com/gonum/gonum,dependencies,present
proxy.golang.org,pkg:golang/gonum.org/v1/netlib,https://github.com/gonum/netlib,not_matched,present
proxy.golang.org,pkg:golang/gonum.org/v1/plot,https://github.com/gonum/plot,dependencies,present
proxy.golang.org,pkg:golang/google.golang.org/api,https://github.com/googleapis/google-api-go-client,not_matched,missing
proxy.golang.org,pkg:golang/google.golang.org/appengine,https://github.com/golang/appengine,not_matched,present
proxy.golang.org,pkg:golang/google.golang.org/cloud,https://github.com/googleapis/google-cloud-go,not_matched,missing
proxy.golang.org,pkg:golang/google.golang.org/genproto,https://github.com/googleapis/go-genproto,not_matched,missing
proxy.golang.org,pkg:golang/google.golang.org/grpc,https://github.com/grpc/grpc-go,not_matched,missing
proxy.golang.org,pkg:golang/google.golang.org/grpc/cmd/protoc-gen-go-grpc,https://github.com/grpc/grpc-go,not_matched,missing
proxy.golang.org,pkg:golang/google.golang.org/protobuf,https://github.com/protocolbuffers/protobuf-go,not_matched,present
proxy.golang.org,pkg:golang/go.opencensus.io,https://github.com/census-instrumentation/opencensus-go,not_matched,present
proxy.golang.org,pkg:golang/go.opentelemetry.io/contrib,https://github.com/open-telemetry/opentelemetry-go-contrib,not_matched,missing
proxy.golang.org,pkg:golang/go.opentelemetry.io/contrib/instrumentation/google.golang.org/grpc/otelgrpc,https://github.com/open-telemetry/opentelemetry-go-contrib,not_matched,missing
proxy.golang.org,pkg:golang/go.opentelemetry.io/contrib/instrumentation/net/http/otelhttp,https://github.com/open-telemetry/opentelemetry-go-contrib,not_matched,missing
proxy.golang.org,pkg:golang/go.opentelemetry.io/otel,https://github.com/open-telemetry/opentelemetry-go,not_matched,missing
proxy.golang.org,pkg:golang/go.opentelemetry.io/otel/exporters/otlp,https://github.com/open-telemetry/opentelemetry-go,not_matched,missing
proxy.golang.org,pkg:golang/go.opentelemetry.io/otel/metric,https://github.com/open-telemetry/opentelemetry-go,not_matched,missing
proxy.golang.org,pkg:golang/go.opentelemetry.io/otel/oteltest,https://github.com/open-telemetry/opentelemetry-go,not_matched,missing
proxy.golang.org,pkg:golang/go.opentelemetry.io/otel/sdk,https://github.com/open-telemetry/opentelemetry-go,not_matched,missing
proxy.golang.org,pkg:golang/go.opentelemetry.io/otel/sdk/export/metric,https://github.com/open-telemetry/opentelemetry-go,not_matched,missing
proxy.golang.org,pkg:golang/go.opentelemetry.io/otel/sdk/metric,https://github.com/open-telemetry/opentelemetry-go,not_matched,missing
proxy.golang.org,pkg:golang/go.opentelemetry.io/otel/trace,https://github.com/open-telemetry/opentelemetry-go,not_matched,missing
proxy.golang.org,pkg:golang/go.opentelemetry.io/proto/otlp,https://github.com/open-telemetry/opentelemetry-proto-go,not_matched,missing
proxy.golang.org,pkg:golang/gopkg.in/airbrake/gobrake.v2,https://github.com/airbrake/gobrake,dependencies,present
proxy.golang.org,pkg:golang/gopkg.in/alecthomas/kingpin.v2,https://github.com/alecthomas/kingpin,not_matched,present
proxy.golang.org,pkg:golang/gopkg.in/check.v1,https://github.com/go-check/check,not_matched,present
proxy.golang.org,pkg:golang/gopkg.in/cheggaaa/pb.v1,https://github.com/cheggaaa/pb,not_matched,missing
proxy.golang.org,pkg:golang/gopkg.in/errgo.v2,https://github.com/go-errgo/errgo,not_matched,present
proxy.golang.org,pkg:golang/gopkg.in/fsnotify.v1,https://github.com/fsnotify/fsnotify,not_matched,present
proxy.golang.org,pkg:golang/gopkg.in/gcfg.v1,https://github.com/go-gcfg/gcfg,not_matched,present
proxy.golang.org,pkg:golang/gopkg.in/gemnasium/logrus-airbrake-hook.v2,https://github.com/gemnasium/logrus-airbrake-hook,not_matched,present
proxy.golang.org,pkg:golang/gopkg.in/go-playground/assert.v1,https://github.com/go-playground/assert,not_matched,present
proxy.golang.org,pkg:golang/gopkg.in/go-playground/validator.v9,https://github.com/go-playground/validator,not_matched,missing
proxy.golang.org,pkg:golang/gopkg.in/inconshreveable/log15.v2,https://github.com/inconshreveable/log15,not_matched,present
proxy.golang.org,pkg:golang/gopkg.in/inf.v0,https://github.com/go-inf/inf,not_matched,present
proxy.golang.org,pkg:golang/gopkg.in/ini.v1,https://github.com/go-ini/ini,not_matched,present
proxy.golang.org,pkg:golang/gopkg.in/mgo.v2,https://github.com/go-mgo/mgo,not_matched,present
proxy.golang.org,pkg:golang/gopkg.in/natefinch/lumberjack.v2,https://github.com/natefinch/lumberjack,not_matched,present
proxy.golang.org,pkg:golang/gopkg.in/resty.v1,https://github.com/go-resty/resty,not_matched,missing
proxy.golang.org,pkg:golang/gopkg.in/square/go-jose.v2,https://github.com/square/go-jose,not_matched,present
proxy.golang.org,pkg:golang/gopkg.in/tomb.v1,https://github.com/go-tomb/tomb,not_matched,present
proxy.golang.org,pkg:golang/gopkg.in/warnings.v0,https://github.com/go-warnings/warnings,dependencies,present
proxy.golang.org,pkg:golang/gopkg.in/yaml.v2,https://github.com/go-yaml/yaml,not_matched,present
proxy.golang.org,pkg:golang/gopkg.in/yaml.v3,https://github.com/go-yaml/yaml,not_matched,present
proxy.golang.org,pkg:golang/gorm.io/gorm,https://github.com/go-gorm/gorm,not_matched,missing
proxy.golang.org,pkg:golang/gotest.tools,https://github.com/gotestyourself/gotest.tools,not_matched,present
proxy.golang.org,pkg:golang/gotest.tools/v3,https://github.com/gotestyourself/gotest.tools,not_matched,present
proxy.golang.org,pkg:golang/go.uber.org/atomic,https://github.com/uber-go/atomic,not_matched,missing
proxy.golang.org,pkg:golang/go.uber.org/goleak,https://github.com/uber-go/goleak,not_matched,missing
proxy.golang.org,pkg:golang/go.uber.org/multierr,https://github.com/uber-go/multierr,not_matched,present
proxy.golang.org,pkg:golang/go.uber.org/tools,https://github.com/uber-go/tools,not_matched,present
proxy.golang.org,pkg:golang/go.uber.org/zap,https://github.com/uber-go/zap,dependencies,present
proxy.golang.org,pkg:golang/honnef.co/go/tools,https://github.com/dominikh/go-tools,not_matched,present
proxy.golang.org,pkg:golang/k8s.io/api,https://github.com/kubernetes/api,not_matched,missing
proxy.golang.org,pkg:golang/k8s.io/apiextensions-apiserver,https://github.com/kubernetes/apiextensions-apiserver,not_matched,present
proxy.golang.org,pkg:golang/k8s.io/apimachinery,https://github.com/kubernetes/apimachinery,not_matched,missing
proxy.golang.org,pkg:golang/k8s.io/apiserver,https://github.com/kubernetes/apiserver,not_matched,missing
proxy.golang.org,pkg:golang/k8s.io/client-go,https://github.com/kubernetes/client-go,not_matched,missing
proxy.golang.org,pkg:golang/k8s.io/code-generator,https://github.com/kubernetes/code-generator,not_matched,missing
proxy.golang.org,pkg:golang/k8s.io/component-base,https://github.com/kubernetes/component-base,not_matched,missing
proxy.golang.org,pkg:golang/k8s.io/cri-api,https://github.com/kubernetes/cri-api,not_matched,missing
proxy.golang.org,pkg:golang/k8s.io/gengo,https://github.com/kubernetes/gengo,dependencies,present
proxy.golang.org,pkg:golang/k8s.io/klog,https://github.com/kubernetes/klog,not_matched,present
proxy.golang.org,pkg:golang/k8s.io/klog/v2,https://github.com/kubernetes/klog,not_matched,present
proxy.golang.org,pkg:golang/k8s.io/kube-openapi,https://github.com/kubernetes/kube-openapi,not_matched,present
proxy.golang.org,pkg:golang/k8s.io/kubernetes,https://github.com/kubernetes/kubernetes,dependencies;projects,missing
proxy.golang.org,pkg:golang/k8s.io/utils,https://github.com/kubernetes/utils,not_matched,present
proxy.golang.org,pkg:golang/modernc.org/golex,https://gitlab.com/cznic/golex,not_matched,present
proxy.golang.org,pkg:golang/modernc.org/mathutil,https://gitlab.com/cznic/mathutil,not_matched,present
proxy.golang.org,pkg:golang/modernc.org/strutil,https://gitlab.com/cznic/strutil,not_matched,present
proxy.golang.org,pkg:golang/rsc.io/binaryregexp,https://github.com/rsc/binaryregexp,not_matched,present
proxy.golang.org,pkg:golang/rsc.io/pdf,https://github.com/rsc/pdf,not_matched,present
proxy.golang.org,pkg:golang/rsc.io/quote/v3,https://github.com/rsc/quote,not_matched,present
proxy.golang.org,pkg:golang/rsc.io/sampler,https://github.com/rsc/sampler,not_matched,present
proxy.golang.org,pkg:golang/sigs.k8s.io/apiserver-network-proxy/konnectivity-client,https://github.com/kubernetes-sigs/apiserver-network-proxy,not_matched,missing
proxy.golang.org,pkg:golang/sigs.k8s.io/controller-runtime,https://github.com/kubernetes-sigs/controller-runtime,not_matched,missing
proxy.golang.org,pkg:golang/sigs.k8s.io/json,https://github.com/kubernetes-sigs/json,not_matched,present
proxy.golang.org,pkg:golang/sigs.k8s.io/structured-merge-diff/v4,https://github.com/kubernetes-sigs/structured-merge-diff,not_matched,present
proxy.golang.org,pkg:golang/sigs.k8s.io/yaml,https://github.com/kubernetes-sigs/yaml,not_matched,present
proxy.golang.org,pkg:golang/sourcegraph.com/sourcegraph/appdash,https://github.com/sourcegraph/appdash,not_matched,present
pypi.org,pkg:pypi/absl-py,https://github.com/abseil/abseil-py,not_matched,missing
pypi.org,pkg:pypi/adal,https://github.com/azuread/azure-activedirectory-library-for-python,dependencies,present
pypi.org,pkg:pypi/aenum,https://github.com/ethanfurman/aenum,not_matched,present
pypi.org,pkg:pypi/aiobotocore,https://github.com/aio-libs/aiobotocore,not_matched,missing
pypi.org,pkg:pypi/aiofiles,https://github.com/tinche/aiofiles,not_matched,present
pypi.org,pkg:pypi/aiohappyeyeballs,https://github.com/aio-libs/aiohappyeyeballs,not_matched,present
pypi.org,pkg:pypi/aiohttp,https://github.com/aio-libs/aiohttp,not_matched,missing
pypi.org,pkg:pypi/aioitertools,https://github.com/omnilib/aioitertools,not_matched,present
pypi.org,pkg:pypi/aiosignal,https://github.com/aio-libs/aiosignal,not_matched,present
pypi.org,pkg:pypi/alabaster,https://github.com/sphinx-doc/alabaster,not_matched,present
pypi.org,pkg:pypi/alembic,https://github.com/sqlalchemy/alembic,not_matched,missing
pypi.org,pkg:pypi/altair,https://github.com/vega/altair,dependencies;projects,missing
pypi.org,pkg:pypi/analytics-python,https://github.com/segmentio/analytics-python,not_matched,present
pypi.org,pkg:pypi/annotated-types,https://github.com/annotated-types/annotated-types,not_matched,present
pypi.org,pkg:pypi/antlr4-python3-runtime,,dependencies,no_repository
pypi.org,pkg:pypi/anyio,https://github.com/agronholm/anyio,not_matched,missing
pypi.org,pkg:pypi/apache-airflow,https://github.com/apache/airflow,not_matched,missing
pypi.org,pkg:pypi/apache-airflow-providers-common-sql,https://github.com/apache/airflow,not_matched,missing
pypi.org,pkg:pypi/apispec,https://github.com/marshmallow-code/apispec,not_matched,present
pypi.org,pkg:pypi/appdirs,https://github.com/activestate/appdirs,not_matched,present
pypi.org,pkg:pypi/applicationinsights,https://github.com/microsoft/applicationinsights-python,not_matched,present
pypi.org,pkg:pypi/argcomplete,https://github.com/kislyuk/argcomplete,not_matched,present
pypi.org,pkg:pypi/argon2-cffi,https://github.com/hynek/argon2-cffi,not_matched,missing
pypi.org,pkg:pypi/argon2-cffi-bindings,https://github.com/hynek/argon2-cffi-bindings,not_matched,present
pypi.org,pkg:pypi/argparse,https://github.com/thomaswaldmann/argparse,not_matched,present
pypi.org,pkg:pypi/arrow,https://github.com/arrow-py/arrow,dependencies;projects,present
pypi.org,pkg:pypi/asgiref,https://github.com/django/asgiref,not_matched,missing
pypi.org,pkg:pypi/asn1crypto,https://github.com/wbond/asn1crypto,dependencies,present
pypi.org,pkg:pypi/astroid,https://github.com/pylint-dev/astroid,not_matched,missing
pypi.org,pkg:pypi/asttokens,https://github.com/gristlabs/asttokens,not_matched,present
pypi.org,pkg:pypi/async-lru,https://github.com/aio-libs/async-lru,not_matched,missing
pypi.org,pkg:pypi/asynctest,https://github.com/martiusweb/asynctest,not_matched,present
pypi.org,pkg:pypi/async-timeout,https://github.com/aio-libs/async-timeout,dependencies,present
pypi.org,pkg:pypi/attrs,https://github.com/python-attrs/attrs,dependencies,present
pypi.org,pkg:pypi/awscli,https://github.com/aws/aws-cli,not_matched,missing
pypi.org,pkg:pypi/aws-requests-auth,https://github.com/davidmuller/aws-requests-auth,not_matched,present
pypi.org,pkg:pypi/awswrangler,https://github.com/aws/aws-sdk-pandas,dependencies;projects,missing
pypi.org,pkg:pypi/azure-cli,https://github.com/azure/azure-cli,not_matched,missing
pypi.org,pkg:pypi/azure-common,https://github.com/azure/azure-sdk-for-python,dependencies;projects,missing
pypi.org,pkg:pypi/azure-core,https://github.com/azure/azure-sdk-for-python,dependencies;projects,missing
pypi.org,pkg:pypi/azure-cosmos,https://github.com/azure/azure-sdk-for-python,dependencies;projects,missing
pypi.org,pkg:pypi/azure-datalake-store,https://github.com/azure/azure-data-lake-store-python,not_matched,present
pypi.org,pkg:pypi/azure-identity,https://github.com/azure/azure-sdk-for-python,dependencies;projects,missing
pypi.org,pkg:pypi/azure-keyvault-secrets,https://github.com/azure/azure-sdk-for-python,dependencies;projects,missing
pypi.org,pkg:pypi/azure-mgmt-containerregistry,https://github.com/azure/azure-sdk-for-python,dependencies;projects,missing
pypi.org,pkg:pypi/azure-mgmt-core,https://github.com/azure/azure-sdk-for-python,dependencies;projects,missing
pypi.org,pkg:pypi/azure-mgmt-cosmosdb,https://github.com/azure/azure-sdk-for-python,dependencies;projects,missing
pypi.org,pkg:pypi/azure-mgmt-resource,https://github.com/azure/azure-sdk-for-python,dependencies;projects,missing
pypi.org,pkg:pypi/azure-mgmt-storage,https://github.com/azure/azure-sdk-for-python,dependencies;projects,missing
pypi.org,pkg:pypi/azure-storage-blob,https://github.com/azure/azure-sdk-for-python,dependencies;projects,missing
pypi.org,pkg:pypi/azure-storage-file-datalake,https://github.com/azure/azure-sdk-for-python,dependencies;projects,missing
pypi.org,pkg:pypi/babel,https://github.com/python-babel/babel,not_matched,missing
pypi.org,pkg:pypi/backcall,https://github.com/takluyver/backcall,not_matched,present
pypi.org,pkg:pypi/backoff,https://github.com/litl/backoff,not_matched,present
pypi.org,pkg:pypi/backports.tarfile,https://github.com/jaraco/backports.tarfile,not_matched,present
pypi.org,pkg:pypi/bcrypt,https://github.com/pyca/bcrypt,not_matched,missing
pypi.org,pkg:pypi/beautifulsoup4,,dependencies,no_repository
pypi.org,pkg:pypi/black,https://github.com/psf/black,dependencies,missing
pypi.org,pkg:pypi/bleach,https://github.com/mozilla/bleach,not_matched,present
pypi.org,pkg:pypi/blinker,https://github.com/pallets-eco/blinker,not_matched,present
pypi.org,pkg:pypi/boto3,https://github.com/boto/boto3,dependencies;projects,missing
pypi.org,pkg:pypi/botocore,https://github.com/boto/botocore,not_matched,missing
pypi.org,pkg:pypi/bs4,,dependencies,no_repository
pypi.org,pkg:pypi/build,https://github.com/pypa/build,not_matched,missing
pypi.org,pkg:pypi/cachecontrol,https://github.com/psf/cachecontrol,not_matched,missing
pypi.org,pkg:pypi/cached-property,https://github.com/pydanny/cached-property,not_matched,present
pypi.org,pkg:pypi/cachelib,https://github.com/pallets-eco/cachelib,not_matched,missing
pypi.org,pkg:pypi/cachetools,https://github.com/tkem/cachetools,not_matched,missing
pypi.org,pkg:pypi/cattrs,https://github.com/python-attrs/cattrs,not_matched,missing
pypi.org,pkg:pypi/certifi,https://github.com/certifi/python-certifi,not_matched,present
pypi.org,pkg:pypi/cffi,https://github.com/python-cffi/cffi,not_matched,missing
pypi.org,pkg:pypi/cfgv,https://github.com/asottile/cfgv,not_matched,present
pypi.org,pkg:pypi/chardet,https://github.com/chardet/chardet,not_matched,present
pypi.org,pkg:pypi/charset-normalizer,https://github.com/jawah/charset_normalizer,not_matched,present
pypi.org,pkg:pypi/cleo,https://github.com/python-poetry/cleo,not_matched,present
pypi.org,pkg:pypi/click,https://github.com/pallets/click,not_matched,missing
pypi.org,pkg:pypi/click-man,https://github.com/click-contrib/click-man,not_matched,present
pypi.org,pkg:pypi/click-plugins,https://github.com/click-contrib/click-plugins,not_matched,present
pypi.org,pkg:pypi/cloudpickle,https://github.com/cloudpipe/cloudpickle,not_matched,missing
pypi.org,pkg:pypi/colorama,https://github.com/tartley/colorama,not_matched,present
pypi.org,pkg:pypi/coloredlogs,https://github.com/xolox/python-coloredlogs,not_matched,present
pypi.org,pkg:pypi/colorlog,https://github.com/borntyping/python-colorlog,not_matched,present
pypi.org,pkg:pypi/comm,https://github.com/ipython/comm,not_matched,present
pypi.org,pkg:pypi/commonmark,https://github.com/rtfd/commonmark.py,dependencies,present
pypi.org,pkg:pypi/confluent-kafka,https://github.com/confluentinc/confluent-kafka-python,dependencies;projects,present
pypi.org,pkg:pypi/connexion,https://github.com/spec-first/connexion,not_matched,present
pypi.org,pkg:pypi/contourpy,https://github.com/contourpy/contourpy,dependencies;projects,missing
pypi.org,pkg:pypi/coverage,https://github.com/coveragepy/coveragepy,dependencies,missing
pypi.org,pkg:pypi/crashtest,https://github.com/sdispater/crashtest,not_matched,present
pypi.org,pkg:pypi/croniter,https://github.com/pallets-eco/croniter,not_matched,missing
pypi.org,pkg:pypi/cryptography,https://github.com/pyca/cryptography,dependencies;projects,missing
pypi.org,pkg:pypi/cycler,https://github.com/matplotlib/cycler,dependencies;projects,present
pypi.org,pkg:pypi/cython,https://github.com/cython/cython,dependencies;projects,missing
pypi.org,pkg:pypi/databricks-sdk,https://github.com/databricks/databricks-sdk-py,not_matched,missing
pypi.org,pkg:pypi/databricks-sql-connector,https://github.com/databricks/databricks-sql-python,not_matched,present
pypi.org,pkg:pypi/dataclasses,https://github.com/ericvsmith/dataclasses,not_matched,present
pypi.org,pkg:pypi/dataclasses-json,https://github.com/lidatong/dataclasses-json,not_matched,present
pypi.org,pkg:pypi/datadog,https://github.com/datadog/datadogpy,not_matched,missing
pypi.org,pkg:pypi/db-contrib-tool,https://github.com/10gen/db-contrib-tool,not_matched,unknown
pypi.org,pkg:pypi/db-dtypes,https://github.com/googleapis/google-cloud-python,not_matched,missing
pypi.org,pkg:pypi/debugpy,https://github.com/microsoft/debugpy,not_matched,missing
pypi.org,pkg:pypi/decorator,https://github.com/micheles/decorator,not_matched,present
pypi.org,pkg:pypi/deepdiff,https://github.com/qlustered/deepdiff,dependencies,present
pypi.org,pkg:pypi/defusedxml,https://github.com/tiran/defusedxml,not_matched,present
pypi.org,pkg:pypi/deprecated,https://github.com/laurent-laporte-pro/deprecated,not_matched,present
pypi.org,pkg:pypi/deprecation,https://github.com/briancurtin/deprecation,not_matched,present
pypi.org,pkg:pypi/dill,https://github.com/uqfoundation/dill,dependencies;projects,present
pypi.org,pkg:pypi/distlib,https://github.com/pypa/distlib,dependencies;projects,present
pypi.org,pkg:pypi/distro,https://github.com/python-distro/distro,dependencies;projects,present
pypi.org,pkg:pypi/django,https://github.com/django/django,dependencies,missing
pypi.org,pkg:pypi/dnspython,https://github.com/rthalley/dnspython,not_matched,missing
pypi.org,pkg:pypi/docker,https://github.com/docker/docker-py,not_matched,missing
pypi.org,pkg:pypi/docker-pycreds,https://github.com/shin-/dockerpy-creds,not_matched,present
pypi.org,pkg:pypi/docutils,,dependencies,no_repository
pypi.org,pkg:pypi/dulwich,https://github.com/dulwich/dulwich,not_matched,missing
pypi.org,pkg:pypi/elasticsearch,https://github.com/elastic/elasticsearch-py,not_matched,missing
pypi.org,pkg:pypi/email-validator,https://github.com/joshdata/python-email-validator,not_matched,missing
pypi.org,pkg:pypi/entrypoints,https://github.com/takluyver/entrypoints,not_matched,present
pypi.org,pkg:pypi/et-xmlfile,,dependencies,no_repository
pypi.org,pkg:pypi/exceptiongroup,https://github.com/agronholm/exceptiongroup,not_matched,present
pypi.org,pkg:pypi/execnet,https://github.com/pytest-dev/execnet,not_matched,present
pypi.org,pkg:pypi/executing,https://github.com/alexmojaki/executing,not_matched,present
pypi.org,pkg:pypi/faker,https://github.com/joke2k/faker,dependencies;projects,present
pypi.org,pkg:pypi/fastapi,https://github.com/fastapi/fastapi,dependencies;projects,present
pypi.org,pkg:pypi/fastavro,https://github.com/fastavro/fastavro,not_matched,present
pypi.org,pkg:pypi/fastjsonschema,https://github.com/horejsek/python-fastjsonschema,not_matched,present
pypi.org,pkg:pypi/filelock,https://github.com/tox-dev/py-filelock,not_matched,missing
pypi.org,pkg:pypi/flake8,https://github.com/pycqa/flake8,dependencies;projects,missing
pypi.org,pkg:pypi/flask,https://github.com/pallets/flask,not_matched,present
pypi.org,pkg:pypi/flask-appbuilder,https://github.com/dpgaspar/flask-appbuilder,not_matched,missing
pypi.org,pkg:pypi/flask-caching,https://github.com/pallets-eco/flask-caching,not_matched,missing
pypi.org,pkg:pypi/flask-jwt-extended,https://github.com/vimalloc/flask-jwt-extended,not_matched,present
pypi.org,pkg:pypi/flask-limiter,https://github.com/alisaifee/flask-limiter,not_matched,present
pypi.org,pkg:pypi/flask-login,https://github.com/maxcountryman/flask-login,not_matched,present
pypi.org,pkg:pypi/flask-session,https://github.com/pallets-eco/flask-session,not_matched,present
pypi.org,pkg:pypi/flask-sqlalchemy,https://github.com/pallets-eco/flask-sqlalchemy,not_matched,present
pypi.org,pkg:pypi/flask-wtf,https://github.com/pallets-eco/flask-wtf,not_matched,present
pypi.org,pkg:pypi/flatbuffers,https://github.com/google/flatbuffers,not_matched,present
pypi.org,pkg:pypi/fonttools,https://github.com/fonttools/fonttools,dependencies;projects,missing
pypi.org,pkg:pypi/fqdn,https://github.com/ypcrts/fqdn,not_matched,present
pypi.org,pkg:pypi/freezegun,https://github.com/spulec/freezegun,not_matched,present
pypi.org,pkg:pypi/frozenlist,https://github.com/aio-libs/frozenlist,not_matched,missing
pypi.org,pkg:pypi/fsspec,https://github.com/fsspec/filesystem_spec,dependencies;projects,missing
pypi.org,pkg:pypi/funcsigs,https://github.com/testing-cabal/funcsigs,dependencies,present
pypi.org,pkg:pypi/future,https://github.com/pythoncharmers/python-future,not_matched,present
pypi.org,pkg:pypi/gast,https://github.com/serge-sans-paille/gast,not_matched,present
pypi.org,pkg:pypi/gcsfs,https://github.com/fsspec/gcsfs,dependencies;projects,missing
pypi.org,pkg:pypi/gevent,https://github.com/gevent/gevent,not_matched,missing
pypi.org,pkg:pypi/gitdb,https://github.com/gitpython-developers/gitdb,not_matched,present
pypi.org,pkg:pypi/gitpython,https://github.com/gitpython-developers/gitpython,dependencies;projects,present
pypi.org,pkg:pypi/google-api-core,https://github.com/googleapis/google-cloud-python,not_matched,missing
pypi.org,pkg:pypi/google-api-python-client,https://github.com/googleapis/google-api-python-client,not_matched,present
pypi.org,pkg:pypi/googleapis-common-protos,https://github.com/googleapis/google-cloud-python,not_matched,missing
pypi.org,pkg:pypi/google-auth,https://github.com/googleapis/google-cloud-python,not_matched,missing
pypi.org,pkg:pypi/google-auth-httplib2,https://github.com/googleapis/google-cloud-python,not_matched,missing
pypi.org,pkg:pypi/google-auth-oauthlib,https://github.com/googleapis/google-cloud-python,not_matched,missing
pypi.org,pkg:pypi/google-cloud-aiplatform,https://github.com/googleapis/python-aiplatform,not_matched,missing
pypi.org,pkg:pypi/google-cloud-appengine-logging,https://github.com/googleapis/google-cloud-python,not_matched,missing
pypi.org,pkg:pypi/google-cloud-bigquery,https://github.com/googleapis/python-bigquery,dependencies,present
pypi.org,pkg:pypi/google-cloud-bigquery-storage,https://github.com/googleapis/google-cloud-python,not_matched,missing
pypi.org,pkg:pypi/google-cloud-core,https://github.com/googleapis/google-cloud-python,not_matched,missing
pypi.org,pkg:pypi/google-cloud-kms,https://github.com/googleapis/google-cloud-python,not_matched,missing
pypi.org,pkg:pypi/google-cloud-logging,https://github.com/googleapis/google-cloud-python,not_matched,missing
pypi.org,pkg:pypi/google-cloud-pubsub,https://github.com/googleapis/google-cloud-python,not_matched,missing
pypi.org,pkg:pypi/google-cloud-resource-manager,https://github.com/googleapis/google-cloud-python,not_matched,missing
pypi.org,pkg:pypi/google-cloud-secret-manager,https://github.com/googleapis/google-cloud-python,not_matched,missing
pypi.org,pkg:pypi/google-cloud-storage,https://github.com/googleapis/google-cloud-python,not_matched,missing
pypi.org,pkg:pypi/google-crc32c,https://github.com/googleapis/python-crc32c,not_matched,present
pypi.org,pkg:pypi/google-pasta,https://github.com/google/pasta,dependencies,present
pypi.org,pkg:pypi/google-re2,https://github.com/google/re2,dependencies,present
pypi.org,pkg:pypi/google-resumable-media,https://github.com/googleapis/google-cloud-python,not_matched,missing
pypi.org,pkg:pypi/graphql-core,https://github.com/graphql-python/graphql-core,not_matched,present
pypi.org,pkg:pypi/great-expectations,https://github.com/fivetran/great_expectations,dependencies;projects,missing
pypi.org,pkg:pypi/greenlet,https://github.com/python-greenlet/greenlet,dependencies;projects,present
pypi.org,pkg:pypi/gremlinpython,,dependencies,no_repository
pypi.org,pkg:pypi/grpc-google-iam-v1,https://github.com/googleapis/google-cloud-python,not_matched,missing
pypi.org,pkg:pypi/grpcio,https://github.com/grpc/grpc,dependencies;projects,missing
pypi.org,pkg:pypi/grpcio-health-checking,https://github.com/grpc/grpc,dependencies;projects,missing
pypi.org,pkg:pypi/grpcio-status,https://github.com/grpc/grpc,dependencies;projects,missing
pypi.org,pkg:pypi/grpcio-tools,https://github.com/grpc/grpc,dependencies;projects,missing
pypi.org,pkg:pypi/gunicorn,https://github.com/benoitc/gunicorn,not_matched,present
pypi.org,pkg:pypi/h11,https://github.com/python-hyper/h11,dependencies,present
pypi.org,pkg:pypi/h5py,https://github.com/h5py/h5py,dependencies;projects,missing
pypi.org,pkg:pypi/hatchling,https://github.com/pypa/hatch,not_matched,present
pypi.org,pkg:pypi/html5lib,https://github.com/html5lib/html5lib-python,dependencies;projects,present
pypi.org,pkg:pypi/httpcore,https://github.com/encode/httpcore,not_matched,present
pypi.org,pkg:pypi/httplib2,https://github.com/httplib2/httplib2,not_matched,present
pypi.org,pkg:pypi/httptools,https://github.com/magicstack/httptools,not_matched,present
pypi.org,pkg:pypi/httpx,https://github.com/encode/httpx,not_matched,present
pypi.org,pkg:pypi/huggingface-hub,https://github.com/huggingface/huggingface_hub,not_matched,missing
pypi.org,pkg:pypi/humanfriendly,https://github.com/xolox/python-humanfriendly,dependencies,present
pypi.org,pkg:pypi/hvac,https://github.com/hvac/hvac,not_matched,present
pypi.org,pkg:pypi/identify,https://github.com/pre-commit/identify,not_matched,present
pypi.org,pkg:pypi/idna,https://github.com/kjd/idna,dependencies;projects,present
pypi.org,pkg:pypi/imageio,https://github.com/imageio/imageio,dependencies;projects,present
pypi.org,pkg:pypi/imagesize,https://github.com/shibukawa/imagesize_py,not_matched,present
pypi.org,pkg:pypi/importlib-metadata,https://github.com/python/importlib_metadata,dependencies,present
pypi.org,pkg:pypi/importlib-resources,https://github.com/python/importlib_resources,not_matched,present
pypi.org,pkg:pypi/inflection,https://github.com/jpvanhal/inflection,not_matched,present
pypi.org,pkg:pypi/iniconfig,https://github.com/pytest-dev/iniconfig,not_matched,present
pypi.org,pkg:pypi/installer,https://github.com/pypa/installer,not_matched,missing
pypi.org,pkg:pypi/ipykernel,https://github.com/ipython/ipykernel,not_matched,missing
pypi.org,pkg:pypi/ipython,https://github.com/ipython/ipython,not_matched,missing
pypi.org,pkg:pypi/ipywidgets,https://github.com/jupyter-widgets/ipywidgets,dependencies,present
pypi.org,pkg:pypi/isodate,https://github.com/gweis/isodate,not_matched,present
pypi.org,pkg:pypi/isoduration,https://github.com/bolsote/isoduration,not_matched,present
pypi.org,pkg:pypi/isort,https://github.com/pycqa/isort,not_matched,missing
pypi.org,pkg:pypi/itsdangerous,https://github.com/pallets/itsdangerous,not_matched,present
pypi.org,pkg:pypi/jaraco.classes,https://github.com/jaraco/jaraco.classes,not_matched,present
pypi.org,pkg:pypi/jaraco.context,https://github.com/jaraco/jaraco.context,dependencies;projects,present
pypi.org,pkg:pypi/jaraco.functools,https://github.com/jaraco/jaraco.functools,not_matched,present
pypi.org,pkg:pypi/jedi,https://github.com/davidhalter/jedi,not_matched,missing
pypi.org,pkg:pypi/jeepney,https://gitlab.com/takluyver/jeepney,not_matched,present
pypi.org,pkg:pypi/jinja2,https://github.com/pallets/jinja,not_matched,present
pypi.org,pkg:pypi/jmespath,https://github.com/jmespath/jmespath.py,not_matched,present
pypi.org,pkg:pypi/joblib,https://github.com/joblib/joblib,dependencies;projects,missing
pypi.org,pkg:pypi/json5,https://github.com/dpranke/pyjson5,dependencies,present
pypi.org,pkg:pypi/jsonpatch,https://github.com/stefankoegl/python-json-patch,not_matched,present
pypi.org,pkg:pypi/jsonpath-ng,https://github.com/h2non/jsonpath-ng,not_matched,present
pypi.org,pkg:pypi/jsonpointer,https://github.com/stefankoegl/python-json-pointer,not_matched,present
pypi.org,pkg:pypi/jsonschema,https://github.com/python-jsonschema/jsonschema,dependencies;projects,present
pypi.org,pkg:pypi/jsonschema-specifications,https://github.com/python-jsonschema/jsonschema-specifications,not_matched,present
pypi.org,pkg:pypi/jupyter-client,https://github.com/jupyter/jupyter_client,not_matched,present
pypi.org,pkg:pypi/jupyter-core,https://github.com/jupyter/jupyter_core,not_matched,missing
pypi.org,pkg:pypi/jupyter-events,https://github.com/jupyter/jupyter_events,not_matched,missing
pypi.org,pkg:pypi/jupyterlab,https://github.com/jupyterlab/jupyterlab,dependencies;projects,missing
pypi.org,pkg:pypi/jupyterlab-pygments,https://github.com/jupyterlab/jupyterlab_pygments,not_matched,present
pypi.org,pkg:pypi/jupyterlab-server,https://github.com/jupyterlab/jupyterlab_server,not_matched,missing
pypi.org,pkg:pypi/jupyterlab-widgets,https://github.com/jupyter-widgets/ipywidgets,dependencies,present
pypi.org,pkg:pypi/jupyter-server,https://github.com/jupyter-server/jupyter_server,not_matched,present
pypi.org,pkg:pypi/jupyter-server-terminals,https://github.com/jupyter-server/jupyter_server_terminals,not_matched,present
pypi.org,pkg:pypi/keyring,https://github.com/jaraco/keyring,not_matched,present
pypi.org,pkg:pypi/kiwisolver,https://github.com/nucleic/kiwi,dependencies;projects,present
pypi.org,pkg:pypi/kubernetes,https://github.com/kubernetes-client/python,not_matched,missing
pypi.org,pkg:pypi/langchain-core,https://github.com/langchain-ai/langchain,dependencies;projects,missing
pypi.org,pkg:pypi/lazy-object-proxy,https://github.com/ionelmc/python-lazy-object-proxy,not_matched,present
pypi.org,pkg:pypi/linkify-it-py,https://github.com/tsutsu3/linkify-it-py,not_matched,present
pypi.org,pkg:pypi/llvmlite,https://github.com/numba/llvmlite,dependencies;projects,missing
pypi.org,pkg:pypi/lockfile,,dependencies,no_repository
pypi.org,pkg:pypi/loguru,https://github.com/delgan/loguru,not_matched,present
pypi.org,pkg:pypi/lxml,https://github.com/lxml/lxml,dependencies,present
pypi.org,pkg:pypi/lz4,https://github.com/python-lz4/python-lz4,not_matched,present
pypi.org,pkg:pypi/mako,https://github.com/sqlalchemy/mako,not_matched,missing
pypi.org,pkg:pypi/markdown,https://github.com/python-markdown/markdown,not_matched,present
pypi.org,pkg:pypi/markdown-it-py,https://github.com/executablebooks/markdown-it-py,not_matched,missing
pypi.org,pkg:pypi/markupsafe,https://github.com/pallets/markupsafe,not_matched,present
pypi.org,pkg:pypi/marshmallow,https://github.com/marshmallow-code/marshmallow,not_matched,present
pypi.org,pkg:pypi/marshmallow-oneofschema,https://github.com/marshmallow-code/marshmallow-oneofschema,not_matched,present
pypi.org,pkg:pypi/marshmallow-sqlalchemy,https://github.com/marshmallow-code/marshmallow-sqlalchemy,not_matched,present
pypi.org,pkg:pypi/matplotlib,https://github.com/matplotlib/matplotlib,dependencies;projects,missing
pypi.org,pkg:pypi/matplotlib-inline,https://github.com/ipython/matplotlib-inline,not_matched,present
pypi.org,pkg:pypi/mccabe,https://github.com/pycqa/mccabe,not_matched,present
pypi.org,pkg:pypi/mdit-py-plugins,https://github.com/executablebooks/mdit-py-plugins,not_matched,present
pypi.org,pkg:pypi/mdurl,https://github.com/executablebooks/mdurl,not_matched,present
pypi.org,pkg:pypi/mistune,https://github.com/lepture/mistune,not_matched,present
pypi.org,pkg:pypi/mock,https://github.com/testing-cabal/mock,not_matched,present
pypi.org,pkg:pypi/monotonic,https://github.com/atdt/monotonic,not_matched,present
pypi.org,pkg:pypi/more-itertools,https://github.com/more-itertools/more-itertools,not_matched,missing
pypi.org,pkg:pypi/mpmath,https://github.com/mpmath/mpmath,dependencies;projects,missing
pypi.org,pkg:pypi/msal,https://github.com/azuread/microsoft-authentication-library-for-python,not_matched,present
pypi.org,pkg:pypi/msal-extensions,https://github.com/azuread/microsoft-authentication-extensions-for-python,not_matched,present
pypi.org,pkg:pypi/msgpack,https://github.com/msgpack/msgpack-python,not_matched,missing
pypi.org,pkg:pypi/msrest,https://github.com/azure/msrest-for-python,not_matched,present
pypi.org,pkg:pypi/msrestazure,https://github.com/azure/msrestazure-for-python,not_matched,present
pypi.org,pkg:pypi/multidict,https://github.com/aio-libs/multidict,not_matched,missing
pypi.org,pkg:pypi/multiprocess,https://github.com/uqfoundation/multiprocess,dependencies;projects,present
pypi.org,pkg:pypi/mypy,https://github.com/python/mypy,not_matched,missing
pypi.org,pkg:pypi/mypy-extensions,https://github.com/python/mypy_extensions,not_matched,present
pypi.org,pkg:pypi/mysql-connector-python,https://github.com/mysql/mysql-connector-python,not_matched,present
pypi.org,pkg:pypi/nbclient,https://github.com/jupyter/nbclient,not_matched,present
pypi.org,pkg:pypi/nbconvert,https://github.com/jupyter/nbconvert,not_matched,missing
pypi.org,pkg:pypi/nbformat,https://github.com/jupyter/nbformat,not_matched,present
pypi.org,pkg:pypi/nest-asyncio,https://github.com/erdewit/nest_asyncio,not_matched,present
pypi.org,pkg:pypi/networkx,https://github.com/networkx/networkx,dependencies;projects,missing
pypi.org,pkg:pypi/nltk,https://github.com/nltk/nltk,dependencies;projects,missing
pypi.org,pkg:pypi/nodeenv,https://github.com/ekalinin/nodeenv,not_matched,missing
pypi.org,pkg:pypi/notebook,https://github.com/jupyter/notebook,not_matched,missing
pypi.org,pkg:pypi/notebook-shim,,dependencies,no_repository
pypi.org,pkg:pypi/numba,,dependencies,no_repository
pypi.org,pkg:pypi/numpy,https://github.com/numpy/numpy,dependencies;projects,missing
pypi.org,pkg:pypi/oauth2client,https://github.com/google/oauth2client,not_matched,present
pypi.org,pkg:pypi/oauthlib,https://github.com/oauthlib/oauthlib,not_matched,present
pypi.org,pkg:pypi/openai,https://github.com/openai/openai-python,not_matched,missing
pypi.org,pkg:pypi/opencv-python,https://github.com/opencv/opencv-python,not_matched,present
pypi.org,pkg:pypi/openpyxl,,dependencies,no_repository
pypi.org,pkg:pypi/opensearch-py,https://github.com/opensearch-project/opensearch-py,not_matched,missing
pypi.org,pkg:pypi/opentelemetry-api,https://github.com/open-telemetry/opentelemetry-python,not_matched,missing
pypi.org,pkg:pypi/opentelemetry-exporter-otlp,https://github.com/open-telemetry/opentelemetry-python,not_matched,missing
pypi.org,pkg:pypi/opentelemetry-exporter-otlp-proto-common,https://github.com/open-telemetry/opentelemetry-python,not_matched,missing
pypi.org,pkg:pypi/opentelemetry-exporter-otlp-proto-grpc,https://github.com/open-telemetry/opentelemetry-python,not_matched,missing
pypi.org,pkg:pypi/opentelemetry-exporter-otlp-proto-http,https://github.com/open-telemetry/opentelemetry-python,not_matched,missing
pypi.org,pkg:pypi/opentelemetry-proto,https://github.com/open-telemetry/opentelemetry-python,not_matched,missing
pypi.org,pkg:pypi/opentelemetry-sdk,https://github.com/open-telemetry/opentelemetry-python,not_matched,missing
pypi.org,pkg:pypi/opentelemetry-semantic-conventions,https://github.com/open-telemetry/opentelemetry-python,not_matched,missing
pypi.org,pkg:pypi/ordered-set,https://github.com/rspeer/ordered-set,dependencies;projects,present
pypi.org,pkg:pypi/orjson,https://github.com/ijl/orjson,dependencies;projects,present
pypi.org,pkg:pypi/oscrypto,https://github.com/wbond/oscrypto,not_matched,present
pypi.org,pkg:pypi/overrides,https://github.com/mkorpela/overrides,not_matched,present
pypi.org,pkg:pypi/packaging,https://github.com/pypa/packaging,dependencies,present
pypi.org,pkg:pypi/pandas,https://github.com/pandas-dev/pandas,dependencies;projects,missing
pypi.org,pkg:pypi/pandas-gbq,https://github.com/googleapis/google-cloud-python,not_matched,missing
pypi.org,pkg:pypi/pandocfilters,https://github.com/jgm/pandocfilters,dependencies,present
pypi.org,pkg:pypi/paramiko,https://github.com/paramiko/paramiko,not_matched,present
pypi.org,pkg:pypi/parso,https://github.com/davidhalter/parso,not_matched,missing
pypi.org,pkg:pypi/pathos,https://github.com/uqfoundation/pathos,dependencies;projects,missing
pypi.org,pkg:pypi/pathspec,https://github.com/cpburnz/python-pathspec,not_matched,missing
pypi.org,pkg:pypi/patsy,https://github.com/pydata/patsy,dependencies,present
pypi.org,pkg:pypi/pbr,https://opendev.org/openstack/pbr,dependencies,unchecked
pypi.org,pkg:pypi/pendulum,https://github.com/sdispater/pendulum,dependencies,present
pypi.org,pkg:pypi/pexpect,https://github.com/pexpect/pexpect,dependencies;projects,present
pypi.org,pkg:pypi/pg8000,https://codeberg.org/tlocke/pg8000,not_matched,missing
pypi.org,pkg:pypi/pickleshare,https://github.com/pickleshare/pickleshare,dependencies,present
pypi.org,pkg:pypi/pillow,https://github.com/python-pillow/pillow,dependencies,missing
pypi.org,pkg:pypi/pip,https://github.com/pypa/pip,dependencies;projects,missing
pypi.org,pkg:pypi/pkginfo,,dependencies,no_repository
pypi.org,pkg:pypi/pkgutil-resolve-name,https://github.com/graingert/pkgutil-resolve-name,not_matched,present
pypi.org,pkg:pypi/platformdirs,https://github.com/tox-dev/platformdirs,not_matched,missing
pypi.org,pkg:pypi/plotly,https://github.com/plotly/plotly.py,dependencies;projects,missing
pypi.org,pkg:pypi/pluggy,https://github.com/pytest-dev/pluggy,dependencies;projects,missing
pypi.org,pkg:pypi/ply,,dependencies,no_repository
pypi.org,pkg:pypi/poetry,https://github.com/python-poetry/poetry,dependencies,present
pypi.org,pkg:pypi/poetry-core,https://github.com/python-poetry/poetry-core,not_matched,present
pypi.org,pkg:pypi/poetry-plugin-export,https://github.com/python-poetry/poetry-plugin-export,not_matched,missing
pypi.org,pkg:pypi/portalocker,https://github.com/wolph/portalocker,not_matched,missing
pypi.org,pkg:pypi/pox,https://github.com/uqfoundation/pox,dependencies;projects,missing
pypi.org,pkg:pypi/ppft,https://github.com/uqfoundation/ppft,dependencies;projects,present
pypi.org,pkg:pypi/pre-commit,https://github.com/pre-commit/pre-commit,not_matched,present
pypi.org,pkg:pypi/prettytable,https://github.com/prettytable/prettytable,not_matched,present
pypi.org,pkg:pypi/progressbar2,https://github.com/wolph/python-progressbar,not_matched,missing
pypi.org,pkg:pypi/prometheus-client,https://github.com/prometheus/client_python,not_matched,present
pypi.org,pkg:pypi/protobuf,,dependencies,no_repository
pypi.org,pkg:pypi/proto-plus,https://github.com/googleapis/google-cloud-python,not_matched,missing
pypi.org,pkg:pypi/psutil,https://github.com/giampaolo/psutil,not_matched,present
pypi.org,pkg:pypi/psycopg2,https://github.com/psycopg/psycopg2,not_matched,missing
pypi.org,pkg:pypi/psycopg2-binary,https://github.com/psycopg/psycopg2,not_matched,missing
pypi.org,pkg:pypi/ptyprocess,https://github.com/pexpect/ptyprocess,not_matched,present
pypi.org,pkg:pypi/pure-eval,https://github.com/alexmojaki/pure_eval,dependencies,present
pypi.org,pkg:pypi/py,https://github.com/pytest-dev/py,not_matched,present
pypi.org,pkg:pypi/py4j,,dependencies,no_repository
pypi.org,pkg:pypi/pyarrow,https://github.com/apache/arrow,dependencies;projects,missing
pypi.org,pkg:pypi/pyasn1,https://github.com/pyasn1/pyasn1,dependencies,present
pypi.org,pkg:pypi/pyasn1-modules,https://github.com/pyasn1/pyasn1-modules,not_matched,present
pypi.org,pkg:pypi/pycodestyle,https://github.com/pycqa/pycodestyle,not_matched,missing
pypi.org,pkg:pypi/pycparser,https://github.com/eliben/pycparser,not_matched,present
pypi.org,pkg:pypi/pycryptodome,https://github.com/legrandin/pycryptodome,dependencies,present
pypi.org,pkg:pypi/pycryptodomex,https://github.com/legrandin/pycryptodome,dependencies,present
pypi.org,pkg:pypi/pydantic,https://github.com/pydantic/pydantic,dependencies,missing
pypi.org,pkg:pypi/pydata-google-auth,https://github.com/pydata/pydata-google-auth,not_matched,present
pypi.org,pkg:pypi/pyflakes,https://github.com/pycqa/pyflakes,not_matched,missing
pypi.org,pkg:pypi/pygithub,https://github.com/pygithub/pygithub,not_matched,missing
pypi.org,pkg:pypi/pygments,https://github.com/pygments/pygments,dependencies;projects,present
pypi.org,pkg:pypi/pyjwt,https://github.com/jpadilla/pyjwt,not_matched,missing
pypi.org,pkg:pypi/pylint,https://github.com/pylint-dev/pylint,dependencies,missing
pypi.org,pkg:pypi/pymongo,https://github.com/mongodb/mongo-python-driver,dependencies;projects,missing
pypi.org,pkg:pypi/pymssql,https://github.com/pymssql/pymssql,not_matched,missing
pypi.org,pkg:pypi/pymysql,https://github.com/pymysql/pymysql,not_matched,missing
pypi.org,pkg:pypi/pynacl,https://github.com/pyca/pynacl,not_matched,present
pypi.org,pkg:pypi/pyodbc,https://github.com/mkleehammer/pyodbc,dependencies,present
pypi.org,pkg:pypi/pyopenssl,https://github.com/pyca/pyopenssl,not_matched,present
pypi.org,pkg:pypi/pyparsing,https://github.com/pyparsing/pyparsing,dependencies;projects,present
pypi.org,pkg:pypi/pyproject-hooks,https://github.com/pypa/pyproject-hooks,not_matched,missing
pypi.org,pkg:pypi/pyrsistent,https://github.com/tobgu/pyrsistent,not_matched,present
pypi.org,pkg:pypi/pysocks,https://github.com/anorov/pysocks,not_matched,present
pypi.org,pkg:pypi/pyspark,https://github.com/apache/spark,dependencies,missing
pypi.org,pkg:pypi/pytest,https://github.com/pytest-dev/pytest,dependencies,missing
pypi.org,pkg:pypi/pytest-asyncio,https://github.com/pytest-dev/pytest-asyncio,dependencies;projects,missing
pypi.org,pkg:pypi/pytest-cov,https://github.com/pytest-dev/pytest-cov,dependencies;projects,present
pypi.org,pkg:pypi/pytest-mock,https://github.com/pytest-dev/pytest-mock,dependencies;projects,missing
pypi.org,pkg:pypi/pytest-runner,https://github.com/pytest-dev/pytest-runner,not_matched,present
pypi.org,pkg:pypi/pytest-xdist,https://github.com/pytest-dev/pytest-xdist,not_matched,missing
pypi.org,pkg:pypi/python-dateutil,https://github.com/dateutil/dateutil,not_matched,present
pypi.org,pkg:pypi/python-dotenv,https://github.com/theskumar/python-dotenv,not_matched,present
pypi.org,pkg:pypi/python-json-logger,https://github.com/nhairs/python-json-logger,not_matched,present
pypi.org,pkg:pypi/python-multipart,https://github.com/kludex/python-multipart,not_matched,present
pypi.org,pkg:pypi/python-slugify,https://github.com/un33k/python-slugify,not_matched,missing
pypi.org,pkg:pypi/python-utils,https://github.com/wolph/python-utils,not_matched,missing
pypi.org,pkg:pypi/pytz,https://github.com/stub42/pytz,dependencies,present
pypi.org,pkg:pypi/pytzdata,https://github.com/sdispater/pytzdata,not_matched,present
pypi.org,pkg:pypi/pywavelets,https://github.com/pywavelets/pywt,dependencies;projects,present
pypi.org,pkg:pypi/pyyaml,https://github.com/yaml/pyyaml,not_matched,present
pypi.org,pkg:pypi/pyzmq,https://github.com/zeromq/pyzmq,not_matched,present
pypi.org,pkg:pypi/rapidfuzz,https://github.com/rapidfuzz/rapidfuzz,dependencies,missing
pypi.org,pkg:pypi/redis,https://github.com/redis/redis-py,not_matched,missing
pypi.org,pkg:pypi/redshift-connector,https://github.com/aws/amazon-redshift-python-driver,dependencies;projects,missing
pypi.org,pkg:pypi/referencing,https://github.com/python-jsonschema/referencing,not_matched,missing
pypi.org,pkg:pypi/regex,https://github.com/mrabarnett/mrab-regex,not_matched,missing
pypi.org,pkg:pypi/requests,https://github.com/psf/requests,not_matched,present
pypi.org,pkg:pypi/requests-aws4auth,https://github.com/tedder/requests-aws4auth,dependencies,present
pypi.org,pkg:pypi/requests-file,https://codeberg.org/dashea/requests-file,not_matched,present
pypi.org,pkg:pypi/requests-oauthlib,https://github.com/requests/requests-oauthlib,not_matched,present
pypi.org,pkg:pypi/requests-toolbelt,https://github.com/requests/toolbelt,not_matched,present
pypi.org,pkg:pypi/responses,https://github.com/getsentry/responses,not_matched,missing
pypi.org,pkg:pypi/retry,https://github.com/invl/retry,not_matched,present
pypi.org,pkg:pypi/retrying,https://github.com/groodt/retrying,not_matched,present
pypi.org,pkg:pypi/rfc3339-validator,https://github.com/naimetti/rfc3339-validator,not_matched,present
pypi.org,pkg:pypi/rfc3986,https://github.com/python-hyper/rfc3986,not_matched,missing
pypi.org,pkg:pypi/rfc3986-validator,https://github.com/naimetti/rfc3986-validator,not_matched,present
pypi.org,pkg:pypi/rich,https://github.com/textualize/rich,dependencies,present
pypi.org,pkg:pypi/rich-argparse,https://github.com/hamdanal/rich-argparse,not_matched,present
pypi.org,pkg:pypi/rpds-py,https://github.com/crate-py/rpds,not_matched,missing
pypi.org,pkg:pypi/rsa,https://github.com/sybrenstuvel/python-rsa,not_matched,present
pypi.org,pkg:pypi/ruamel.yaml,,dependencies,no_repository
pypi.org,pkg:pypi/ruamel.yaml.clib,,dependencies,no_repository
pypi.org,pkg:pypi/ruff,https://github.com/astral-sh/ruff,dependencies,missing
pypi.org,pkg:pypi/s3fs,https://github.com/fsspec/s3fs,not_matched,missing
pypi.org,pkg:pypi/s3transfer,https://github.com/boto/s3transfer,not_matched,present
pypi.org,pkg:pypi/safetensors,https://github.com/huggingface/safetensors,not_matched,missing
pypi.org,pkg:pypi/sagemaker,https://github.com/aws/sagemaker-python-sdk,dependencies;projects,missing
pypi.org,pkg:pypi/schema,https://github.com/keleshev/schema,not_matched,present
pypi.org,pkg:pypi/scikit-image,https://github.com/scikit-image/scikit-image,dependencies;projects,missing
pypi.org,pkg:pypi/scikit-learn,https://github.com/scikit-learn/scikit-learn,dependencies;projects,missing
pypi.org,pkg:pypi/scipy,https://github.com/scipy/scipy,dependencies;projects,missing
pypi.org,pkg:pypi/scramp,https://codeberg.org/tlocke/scramp,not_matched,missing
pypi.org,pkg:pypi/seaborn,https://github.com/mwaskom/seaborn,dependencies;projects,present
pypi.org,pkg:pypi/secretstorage,https://github.com/mitya57/secretstorage,not_matched,missing
pypi.org,pkg:pypi/selenium,https://github.com/seleniumhq/selenium,not_matched,missing
pypi.org,pkg:pypi/semantic-version,https://github.com/rbarrois/python-semanticversion,dependencies;projects,present
pypi.org,pkg:pypi/semver,https://github.com/python-semver/python-semver,dependencies;projects,present
pypi.org,pkg:pypi/send2trash,https://github.com/arsenetar/send2trash,dependencies,present
pypi.org,pkg:pypi/sentencepiece,https://github.com/google/sentencepiece,dependencies,missing
pypi.org,pkg:pypi/sentry-sdk,https://github.com/getsentry/sentry-python,not_matched,missing
pypi.org,pkg:pypi/setproctitle,https://github.com/dvarrazzo/py-setproctitle,not_matched,present
pypi.org,pkg:pypi/setuptools,https://github.com/pypa/setuptools,dependencies;projects,present
pypi.org,pkg:pypi/setuptools-scm,https://github.com/pypa/setuptools-scm,not_matched,present
pypi.org,pkg:pypi/shapely,https://github.com/shapely/shapely,dependencies;projects,missing
pypi.org,pkg:pypi/shellingham,https://github.com/sarugaku/shellingham,not_matched,present
pypi.org,pkg:pypi/simplejson,https://github.com/simplejson/simplejson,not_matched,present
pypi.org,pkg:pypi/six,https://github.com/benjaminp/six,not_matched,present
pypi.org,pkg:pypi/slack-sdk,https://github.com/slackapi/python-slack-sdk,dependencies;projects,present
pypi.org,pkg:pypi/smart-open,https://github.com/piskvorky/smart_open,not_matched,missing
pypi.org,pkg:pypi/smdebug-rulesconfig,https://github.com/awslabs/sagemaker-debugger-rulesconfig,not_matched,present
pypi.org,pkg:pypi/smmap,https://github.com/gitpython-developers/smmap,not_matched,present
pypi.org,pkg:pypi/sniffio,https://github.com/python-trio/sniffio,not_matched,present
pypi.org,pkg:pypi/snowballstemmer,https://github.com/snowballstem/snowball,not_matched,present
pypi.org,pkg:pypi/snowflake-connector-python,https://github.com/snowflakedb/snowflake-connector-python,dependencies;projects,missing
pypi.org,pkg:pypi/snowflake-sqlalchemy,https://github.com/snowflakedb/snowflake-sqlalchemy,not_matched,missing
pypi.org,pkg:pypi/sortedcontainers,https://github.com/grantjenks/python-sortedcontainers,dependencies;projects,present
pypi.org,pkg:pypi/soupsieve,https://github.com/facelessuser/soupsieve,not_matched,missing
pypi.org,pkg:pypi/sphinx,https://github.com/sphinx-doc/sphinx,not_matched,present
pypi.org,pkg:pypi/sphinxcontrib-applehelp,https://github.com/sphinx-doc/sphinxcontrib-applehelp,not_matched,present
pypi.org,pkg:pypi/sphinxcontrib-devhelp,https://github.com/sphinx-doc/sphinxcontrib-devhelp,not_matched,present
pypi.org,pkg:pypi/sphinxcontrib-htmlhelp,https://github.com/sphinx-doc/sphinxcontrib-htmlhelp,not_matched,present
pypi.org,pkg:pypi/sphinxcontrib-qthelp,https://github.com/sphinx-doc/sphinxcontrib-qthelp,not_matched,present
pypi.org,pkg:pypi/sphinxcontrib-serializinghtml,https://github.com/sphinx-doc/sphinxcontrib-serializinghtml,not_matched,present
pypi.org,pkg:pypi/sqlalchemy,https://github.com/sqlalchemy/sqlalchemy,dependencies;projects,present
pypi.org,pkg:pypi/sqlalchemy-jsonfield,https://github.com/penguinolog/sqlalchemy_jsonfield,not_matched,present
pypi.org,pkg:pypi/sqlalchemy-utils,https://github.com/kvesteri/sqlalchemy-utils,not_matched,present
pypi.org,pkg:pypi/sqlparse,https://github.com/andialbrecht/sqlparse,not_matched,missing
pypi.org,pkg:pypi/sshtunnel,https://github.com/pahaz/sshtunnel,not_matched,present
pypi.org,pkg:pypi/stack-data,https://github.com/alexmojaki/stack_data,not_matched,present
pypi.org,pkg:pypi/starlette,https://github.com/kludex/starlette,dependencies,missing
pypi.org,pkg:pypi/statsmodels,https://github.com/statsmodels/statsmodels,dependencies;projects,missing
pypi.org,pkg:pypi/structlog,https://github.com/hynek/structlog,not_matched,present
pypi.org,pkg:pypi/sympy,https://github.com/sympy/sympy,dependencies;projects,missing
pypi.org,pkg:pypi/tabulate,https://github.com/astanin/python-tabulate,dependencies,present
pypi.org,pkg:pypi/tblib,https://github.com/ionelmc/python-tblib,not_matched,present
pypi.org,pkg:pypi/tb-nightly,https://github.com/tensorflow/tensorboard,not_matched,present
pypi.org,pkg:pypi/tenacity,https://github.com/jd/tenacity,not_matched,present
pypi.org,pkg:pypi/tensorboard,https://github.com/tensorflow/tensorboard,not_matched,present
pypi.org,pkg:pypi/tensorflow,https://github.com/tensorflow/tensorflow,dependencies;projects,present
pypi.org,pkg:pypi/termcolor,https://github.com/termcolor/termcolor,not_matched,present
pypi.org,pkg:pypi/terminado,https://github.com/jupyter/terminado,not_matched,present
pypi.org,pkg:pypi/text-unidecode,https://github.com/kmike/text-unidecode,not_matched,present
pypi.org,pkg:pypi/threadpoolctl,https://github.com/joblib/threadpoolctl,dependencies;projects,missing
pypi.org,pkg:pypi/thrift,,dependencies,no_repository
pypi.org,pkg:pypi/tiktoken,https://github.com/openai/tiktoken,not_matched,missing
pypi.org,pkg:pypi/time-machine,https://github.com/adamchainz/time-machine,not_matched,missing
pypi.org,pkg:pypi/tinycss2,https://github.com/kozea/tinycss2,not_matched,missing
pypi.org,pkg:pypi/tokenizers,https://github.com/huggingface/tokenizers,dependencies;projects,missing
pypi.org,pkg:pypi/toml,https://github.com/uiri/toml,dependencies,present
pypi.org,pkg:pypi/tomli,https://github.com/hukkin/tomli,dependencies;projects,present
pypi.org,pkg:pypi/tomlkit,https://github.com/python-poetry/tomlkit,dependencies;projects,missing
pypi.org,pkg:pypi/toolz,https://github.com/pytoolz/toolz,not_matched,missing
pypi.org,pkg:pypi/torch,https://github.com/pytorch/pytorch,dependencies;projects,missing
pypi.org,pkg:pypi/tornado,https://github.com/tornadoweb/tornado,not_matched,missing
pypi.org,pkg:pypi/tox,https://github.com/tox-dev/tox,dependencies;projects,missing
pypi.org,pkg:pypi/tqdm,https://github.com/tqdm/tqdm,dependencies;projects,present
pypi.org,pkg:pypi/traitlets,https://github.com/ipython/traitlets,dependencies;projects,present
pypi.org,pkg:pypi/transformers,https://github.com/huggingface/transformers,dependencies;projects,missing
pypi.org,pkg:pypi/trio,https://github.com/python-trio/trio,dependencies;projects,present
pypi.org,pkg:pypi/trove-classifiers,https://github.com/pypa/trove-classifiers,not_matched,missing
pypi.org,pkg:pypi/typedload,,dependencies,no_repository
pypi.org,pkg:pypi/typeguard,https://github.com/agronholm/typeguard,not_matched,missing
pypi.org,pkg:pypi/typer,https://github.com/fastapi/typer,dependencies;projects,present
pypi.org,pkg:pypi/types-python-dateutil,https://github.com/python/typeshed,not_matched,missing
pypi.org,pkg:pypi/types-pyyaml,https://github.com/python/typeshed,not_matched,missing
pypi.org,pkg:pypi/types-requests,https://github.com/python/typeshed,not_matched,missing
pypi.org,pkg:pypi/typing-extensions,https://github.com/python/typing_extensions,not_matched,present
pypi.org,pkg:pypi/typing-inspect,https://github.com/ilevkivskyi/typing_inspect,not_matched,present
pypi.org,pkg:pypi/tzdata,https://github.com/python/tzdata,not_matched,missing
pypi.org,pkg:pypi/tzlocal,https://github.com/regebro/tzlocal,not_matched,present
pypi.org,pkg:pypi/ujson,https://github.com/ultrajson/ultrajson,dependencies,missing
pypi.org,pkg:pypi/universal-pathlib,https://github.com/fsspec/universal_pathlib,dependencies;projects,present
pypi.org,pkg:pypi/uri-template,,dependencies,no_repository
pypi.org,pkg:pypi/uritemplate,https://github.com/python-hyper/uritemplate,not_matched,present
pypi.org,pkg:pypi/urllib3,https://github.com/urllib3/urllib3,not_matched,missing
pypi.org,pkg:pypi/uvicorn,https://github.com/kludex/uvicorn,dependencies,missing
pypi.org,pkg:pypi/uvloop,https://github.com/magicstack/uvloop,not_matched,present
pypi.org,pkg:pypi/virtualenv,https://github.com/pypa/virtualenv,not_matched,missing
pypi.org,pkg:pypi/watchdog,https://github.com/gorakhargosh/watchdog,not_matched,missing
pypi.org,pkg:pypi/watchfiles,https://github.com/samuelcolvin/watchfiles,not_matched,missing
pypi.org,pkg:pypi/watchtower,https://github.com/kislyuk/watchtower,not_matched,present
pypi.org,pkg:pypi/wcwidth,https://github.com/jquast/wcwidth,not_matched,missing
pypi.org,pkg:pypi/webcolors,https://github.com/ubernostrum/webcolors,not_matched,missing
pypi.org,pkg:pypi/webencodings,https://github.com/simonsapin/python-webencodings,dependencies,present
pypi.org,pkg:pypi/websocket-client,https://github.com/websocket-client/websocket-client,not_matched,missing
pypi.org,pkg:pypi/websockets,https://github.com/python-websockets/websockets,not_matched,missing
pypi.org,pkg:pypi/werkzeug,https://github.com/pallets/werkzeug,not_matched,missing
pypi.org,pkg:pypi/wheel,https://github.com/pypa/wheel,not_matched,present
pypi.org,pkg:pypi/widgetsnbextension,,dependencies,no_repository
pypi.org,pkg:pypi/wrapt,https://github.com/grahamdumpleton/wrapt,not_matched,missing
pypi.org,pkg:pypi/wsproto,https://github.com/python-hyper/wsproto,not_matched,present
pypi.org,pkg:pypi/wtforms,https://github.com/pallets-eco/wtforms,not_matched,present
pypi.org,pkg:pypi/xgboost,https://github.com/dmlc/xgboost,dependencies;projects,missing
pypi.org,pkg:pypi/xlrd,,dependencies,no_repository
pypi.org,pkg:pypi/xlsxwriter,https://github.com/jmcnamara/xlsxwriter,not_matched,present
pypi.org,pkg:pypi/xmltodict,https://github.com/martinblech/xmltodict,not_matched,present
pypi.org,pkg:pypi/xxhash,https://github.com/ifduyue/python-xxhash,not_matched,missing
pypi.org,pkg:pypi/yarl,https://github.com/aio-libs/yarl,not_matched,missing
pypi.org,pkg:pypi/zeep,https://github.com/mvantellingen/python-zeep,not_matched,present
pypi.org,pkg:pypi/zipp,https://github.com/jaraco/zipp,not_matched,present
pypi.org,pkg:pypi/zope.interface,https://github.com/zopefoundation/zope.interface,not_matched,missing
repo1.maven.org,pkg:maven/antlr/antlr,,dependencies,no_repository
repo1.maven.org,pkg:maven/aopalliance/aopalliance,,dependencies,no_repository
repo1.maven.org,pkg:maven/args4j/args4j,,dependencies,no_repository
repo1.maven.org,pkg:maven/asm/asm,https://svn.forge.objectweb.org/cgi-bin/viewcvs.cgi/asm/trunk,not_matched,unchecked
repo1.maven.org,pkg:maven/c3p0/c3p0,,dependencies,no_repository
repo1.maven.org,pkg:maven/cglib/cglib,https://github.com/cglib/cglib,not_matched,present
repo1.maven.org,pkg:maven/cglib/cglib-nodep,https://github.com/cglib/cglib,not_matched,present
repo1.maven.org,pkg:maven/ch.qos.logback/logback-access,https://github.com/qos-ch/logback,not_matched,missing
repo1.maven.org,pkg:maven/ch.qos.logback/logback-classic,https://github.com/qos-ch/logback,not_matched,missing
repo1.maven.org,pkg:maven/ch.qos.logback/logback-core,https://github.com/qos-ch/logback,not_matched,missing
repo1.maven.org,pkg:maven/cn.hutool/hutool-all,https://github.com/looly/hutool,not_matched,present
repo1.maven.org,pkg:maven/com.101tec/zkclient,https://github.com/sgroschupf/zkclient,not_matched,present
repo1.maven.org,pkg:maven/com.airbnb.android/lottie,https://github.com/airbnb/lottie-android,not_matched,present
repo1.maven.org,pkg:maven/com.alibaba.cloud/spring-cloud-alibaba-dependencies,https://github.com/spring-cloud/spring-cloud-build,not_matched,missing
repo1.maven.org,pkg:maven/com.alibaba.cloud/spring-cloud-starter-alibaba-nacos-discovery,https://github.com/alibaba/spring-cloud-alibaba,not_matched,present
repo1.maven.org,pkg:maven/com.alibaba/druid,https://github.com/alibaba/druid,not_matched,present
repo1.maven.org,pkg:maven/com.alibaba/druid-spring-boot-starter,https://github.com/alibaba/druid,not_matched,present
repo1.maven.org,pkg:maven/com.alibaba/dubbo,https://github.com/apache/incubator-dubbo,not_matched,missing
repo1.maven.org,pkg:maven/com.alibaba/fastjson,https://github.com/alibaba/fastjson2,not_matched,present
repo1.maven.org,pkg:maven/com.aliyun/aliyun-java-sdk-core,https://github.com/aliyun/aliyun-openapi-java-sdk,not_matched,missing
repo1.maven.org,pkg:maven/com.aliyun.oss/aliyun-sdk-oss,https://github.com/aliyun/aliyun-oss-java-sdk,not_matched,present
repo1.maven.org,pkg:maven/com.amazonaws/aws-java-sdk,https://github.com/aws/aws-sdk-java,not_matched,present
repo1.maven.org,pkg:maven/com.amazonaws/aws-java-sdk-core,https://github.com/aws/aws-sdk-java,not_matched,present
repo1.maven.org,pkg:maven/com.amazonaws/aws-java-sdk-s3,https://github.com/aws/aws-sdk-java,not_matched,present
repo1.maven.org,pkg:maven/com.android.volley/volley,https://github.com/google/volley,not_matched,present
repo1.maven.org,pkg:maven/com.auth0/java-jwt,https://github.com/auth0/java-jwt,not_matched,missing
repo1.maven.org,pkg:maven/com.aventstack/extentreports,https://github.com/extent-framework/extentreports-java,not_matched,present
repo1.maven.org,pkg:maven/com.badlogicgames.gdx/gdx,https://github.com/libgdx/libgdx,not_matched,present
repo1.maven.org,pkg:maven/com.badlogicgames.gdx/gdx-backend-android,https://github.com/libgdx/libgdx,not_matched,present
repo1.maven.org,pkg:maven/com.badlogicgames.gdx/gdx-backend-lwjgl,https://github.com/libgdx/libgdx,not_matched,present
repo1.maven.org,pkg:maven/com.baomidou/mybatis-plus,https://github.com/baomidou/mybatis-plus,not_matched,present
repo1.maven.org,pkg:maven/com.baomidou/mybatis-plus-boot-starter,https://github.com/baomidou/mybatis-plus,not_matched,present
repo1.maven.org,pkg:maven/com.baomidou/mybatis-plus-generator,https://github.com/baomidou/mybatis-plus,not_matched,present
repo1.maven.org,pkg:maven/com.beust/jcommander,https://github.com/cbeust/jcommander,not_matched,present
repo1.maven.org,pkg:maven/com.caucho/hessian,,not_matched,no_repository
repo1.maven.org,pkg:maven/com.datastax.cassandra/cassandra-driver-core,https://github.com/datastax/java-driver,not_matched,missing
repo1.maven.org,pkg:maven/com.facebook.android/facebook-android-sdk,https://github.com/facebook/facebook-android-sdk,not_matched,missing
repo1.maven.org,pkg:maven/com.facebook.fresco/animated-gif,https://github.com/facebook/fresco,not_matched,missing
repo1.maven.org,pkg:maven/com.facebook.fresco/fresco,https://github.com/facebook/fresco,not_matched,missing
repo1.maven.org,pkg:maven/com.facebook.fresco/imagepipeline-okhttp3,https://github.com/facebook/fresco,not_matched,missing
repo1.maven.org,pkg:maven/com.facebook.react/hermes-android,https://github.com/facebook/react-native,dependencies,missing
repo1.maven.org,pkg:maven/com.facebook.react/react-android,https://github.com/facebook/react-native,dependencies,missing
repo1.maven.org,pkg:maven/com.fasterxml.jackson.core/jackson-annotations,https://github.com/fasterxml/jackson-annotations,not_matched,missing
repo1.maven.org,pkg:maven/com.fasterxml.jackson.core/jackson-core,https://github.com/fasterxml/jackson-core,not_matched,missing
repo1.maven.org,pkg:maven/com.fasterxml.jackson.core/jackson-databind,https://github.com/fasterxml/jackson-databind,dependencies;projects,missing
repo1.maven.org,pkg:maven/com.fasterxml.jackson.dataformat/jackson-dataformat-xml,https://github.com/fasterxml/jackson-dataformat-xml,not_matched,missing
repo1.maven.org,pkg:maven/com.fasterxml.jackson.dataformat/jackson-dataformat-yaml,https://github.com/fasterxml/jackson-dataformats-text,not_matched,missing
repo1.maven.org,pkg:maven/com.fasterxml.jackson.datatype/jackson-datatype-hibernate5,https://github.com/fasterxml/jackson-datatype-hibernate,not_matched,missing
repo1.maven.org,pkg:maven/com.fasterxml.jackson.datatype/jackson-datatype-hppc,https://github.com/fasterxml/jackson-datatypes-collections,not_matched,missing
repo1.maven.org,pkg:maven/com.fasterxml.jackson.datatype/jackson-datatype-jdk8,https://github.com/fasterxml/jackson-modules-java8,not_matched,missing
repo1.maven.org,pkg:maven/com.fasterxml.jackson.datatype/jackson-datatype-joda,https://github.com/fasterxml/jackson-datatype-joda,not_matched,missing
repo1.maven.org,pkg:maven/com.fasterxml.jackson.datatype/jackson-datatype-json-org,https://github.com/fasterxml/jackson-datatypes-misc,not_matched,missing
repo1.maven.org,pkg:maven/com.fasterxml.jackson.datatype/jackson-datatype-jsr310,https://github.com/fasterxml/jackson-modules-java8,not_matched,missing
repo1.maven.org,pkg:maven/com.fasterxml.jackson.jaxrs/jackson-jaxrs-json-provider,https://github.com/fasterxml/jackson-jaxrs-providers,not_matched,missing
repo1.maven.org,pkg:maven/com.fasterxml.jackson.module/jackson-module-afterburner,https://github.com/fasterxml/jackson-modules-base,not_matched,missing
repo1.maven.org,pkg:maven/com.fasterxml.jackson.module/jackson-module-jaxb-annotations,https://github.com/fasterxml/jackson-modules-base,not_matched,missing
repo1.maven.org,pkg:maven/com.fasterxml.jackson.module/jackson-module-kotlin,https://github.com/fasterxml/jackson-module-kotlin,not_matched,missing
repo1.maven.org,pkg:maven/com.fasterxml.jackson.module/jackson-module-parameter-names,https://github.com/fasterxml/jackson-modules-java8,not_matched,missing
repo1.maven.org,pkg:maven/com.github.ben-manes.caffeine/caffeine,https://github.com/ben-manes/caffeine,dependencies;projects,missing
repo1.maven.org,pkg:maven/com.github.bumptech.glide/glide,https://github.com/bumptech/glide,not_matched,missing
repo1.maven.org,pkg:maven/com.github.javafaker/javafaker,https://github.com/dius/java-faker,not_matched,present
repo1.maven.org,pkg:maven/com.github.pagehelper/pagehelper,https://github.com/pagehelper/mybatis-pagehelper,not_matched,missing
repo1.maven.org,pkg:maven/com.github.pagehelper/pagehelper-spring-boot-starter,https://github.com/pagehelper/pagehelper-spring-boot,not_matched,present
repo1.maven.org,pkg:maven/com.github.penggle/kaptcha,https://github.com/penggle/kaptcha,not_matched,present
repo1.maven.org,pkg:maven/com.github.stefanbirkner/system-rules,https://github.com/stefanbirkner/system-rules,not_matched,present
repo1.maven.org,pkg:maven/com.github.tomakehurst/wiremock,https://github.com/wiremock/wiremock,dependencies,missing
repo1.maven.org,pkg:maven/com.google.android/android,,dependencies,no_repository
repo1.maven.org,pkg:maven/com.google.api-client/google-api-client,https://github.com/googleapis/google-api-java-client,not_matched,missing
repo1.maven.org,pkg:maven/com.google.appengine/appengine-api-1.0-sdk,https://github.com/googlecloudplatform/appengine-java-standard,not_matched,missing
repo1.maven.org,pkg:maven/com.google.appengine/appengine-api-stubs,https://github.com/googlecloudplatform/appengine-java-standard,not_matched,missing
repo1.maven.org,pkg:maven/com.google.appengine/appengine-testing,https://github.com/googlecloudplatform/appengine-java-standard,not_matched,missing
repo1.maven.org,pkg:maven/com.google.code.findbugs/annotations,https://github.com/findbugsproject/findbugs,not_matched,present
repo1.maven.org,pkg:maven/com.google.code.findbugs/jsr305,https://code.google.com/p/jsr-305,not_matched,unknown
repo1.maven.org,pkg:maven/com.google.code.gson/gson,https://github.com/google/gson,not_matched,present
repo1.maven.org,pkg:maven/com.googlecode.json-simple/json-simple,https://json-simple.googlecode.com/svn/trunk,not_matched,unchecked
repo1.maven.org,pkg:maven/com.google.dagger/dagger,https://github.com/google/dagger,not_matched,missing
repo1.maven.org,pkg:maven/com.google.dagger/hilt-android,https://github.com/google/dagger,not_matched,missing
repo1.maven.org,pkg:maven/com.google.guava/guava,https://github.com/google/guava,not_matched,missing
repo1.maven.org,pkg:maven/com.google.gwt/gwt-dev,https://svn.sonatype.org/spice/tags/oss-parent-4,not_matched,unchecked
repo1.maven.org,pkg:maven/com.google.gwt/gwt-servlet,https://svn.sonatype.org/spice/tags/oss-parent-4,not_matched,unchecked
repo1.maven.org,pkg:maven/com.google.gwt/gwt-user,https://svn.sonatype.org/spice/tags/oss-parent-4,not_matched,unchecked
repo1.maven.org,pkg:maven/com.google.http-client/google-http-client,https://github.com/googleapis/google-http-java-client,not_matched,present
repo1.maven.org,pkg:maven/com.google.http-client/google-http-client-jackson2,https://github.com/googleapis/google-http-java-client,not_matched,present
repo1.maven.org,pkg:maven/com.google.inject.extensions/guice-servlet,https://github.com/google/guice,not_matched,present
repo1.maven.org,pkg:maven/com.google.inject/guice,https://github.com/google/guice,not_matched,present
repo1.maven.org,pkg:maven/com.google.protobuf/protobuf-java,https://github.com/protocolbuffers/protobuf,not_matched,missing
repo1.maven.org,pkg:maven/com.google.protobuf/protobuf-java-util,https://github.com/protocolbuffers/protobuf,not_matched,missing
repo1.maven.org,pkg:maven/com.google.truth/truth,https://github.com/google/truth,not_matched,missing
repo1.maven.org,pkg:maven/com.google.zxing/core,https://github.com/zxing/zxing,not_matched,present
repo1.maven.org,pkg:maven/com.google.zxing/javase,https://github.com/zxing/zxing,not_matched,present
repo1.maven.org,pkg:maven/com.h2database/h2,https://github.com/h2database/h2database,not_matched,missing
repo1.maven.org,pkg:maven/com.hazelcast/hazelcast,https://github.com/hazelcast/hazelcast,not_matched,missing
repo1.maven.org,pkg:maven/com.hazelcast/hazelcast-spring,https://github.com/hazelcast/hazelcast,not_matched,missing
repo1.maven.org,pkg:maven/com.ibm.icu/icu4j,https://github.com/unicode-org/icu,not_matched,missing
repo1.maven.org,pkg:maven/com.itextpdf/itextpdf,https://github.com/itext/itextpdf,not_matched,missing
repo1.maven.org,pkg:maven/com.jakewharton/butterknife,https://github.com/jakewharton/butterknife,not_matched,present
repo1.maven.org,pkg:maven/com.jakewharton.timber/timber,https://github.com/jakewharton/timber,not_matched,missing
repo1.maven.org,pkg:maven/com.jayway.jsonpath/json-path,https://github.com/jayway/jsonpath,not_matched,present
repo1.maven.org,pkg:maven/com.jayway.jsonpath/json-path-assert,https://github.com/jayway/jsonpath,dependencies,present
repo1.maven.org,pkg:maven/com.jayway.restassured/rest-assured,https://github.com/jayway/rest-assured,dependencies,present
repo1.maven.org,pkg:maven/com.jcraft/jsch,https://git.jcraft.com/jsch,dependencies,unknown
repo1.maven.org,pkg:maven/com.jolbox/bonecp,https://github.com/wwadge/bonecp,not_matched,present
repo1.maven.org,pkg:maven/com.lmax/disruptor,https://github.com/lmax-exchange/disruptor,not_matched,present
repo1.maven.org,pkg:maven/com.lowagie/itext,https://github.com/itext/itextpdf,not_matched,missing
repo1.maven.org,pkg:maven/com.mashape.unirest/unirest-java,https://github.com/mashape/unirest-java,not_matched,present
repo1.maven.org,pkg:maven/com.mchange/c3p0,https://github.com/swaldman/c3p0,not_matched,present
repo1.maven.org,pkg:maven/com.microsoft.sqlserver/mssql-jdbc,https://github.com/microsoft/mssql-jdbc,not_matched,missing
repo1.maven.org,pkg:maven/commons-beanutils/commons-beanutils,https://gitbox.apache.org/repos/asf/commons-beanutils,not_matched,missing
repo1.maven.org,pkg:maven/commons-cli/commons-cli,https://gitbox.apache.org/repos/asf/commons-cli,not_matched,missing
repo1.maven.org,pkg:maven/commons-codec/commons-codec,https://github.com/apache/commons-codec,not_matched,missing
repo1.maven.org,pkg:maven/commons-collections/commons-collections,,dependencies,no_repository
repo1.maven.org,pkg:maven/commons-configuration/commons-configuration,https://svn.apache.org/viewvc/commons/proper/configuration/tags/CONFIGURATION_1_10RC2,not_matched,unchecked
repo1.maven.org,pkg:maven/commons-dbcp/commons-dbcp,https://svn.apache.org/viewvc/commons/proper/dbcp/trunk,not_matched,unchecked
repo1.maven.org,pkg:maven/commons-dbutils/commons-dbutils,https://gitbox.apache.org/repos/asf/commons-dbutils,not_matched,missing
repo1.maven.org,pkg:maven/commons-digester/commons-digester,https://svn.apache.org/viewvc/commons/proper/digester/tags/DIGESTER_2_1_RC2,not_matched,unchecked
repo1.maven.org,pkg:maven/commons-fileupload/commons-fileupload,https://gitbox.apache.org/repos/asf/commons-fileupload,not_matched,missing
repo1.maven.org,pkg:maven/commons-httpclient/commons-httpclient,https://svn.apache.org/repos/asf/jakarta/httpcomponents/oac.hc3x/trunk,not_matched,unchecked
repo1.maven.org,pkg:maven/commons-io/commons-io,,not_matched,no_repository
repo1.maven.org,pkg:maven/commons-lang/commons-lang,https://svn.apache.org/viewvc/commons/proper/lang/branches/LANG_2_X,not_matched,unchecked
repo1.maven.org,pkg:maven/commons-logging/commons-logging,https://gitbox.apache.org/repos/asf/commons-logging,not_matched,missing
repo1.maven.org,pkg:maven/commons-logging/commons-logging-api,https://svn.apache.org/repos/asf/jakarta/commons/proper/logging/trunk,not_matched,unchecked
repo1.maven.org,pkg:maven/commons-net/commons-net,https://gitbox.apache.org/repos/asf/commons-net,not_matched,missing
repo1.maven.org,pkg:maven/commons-pool/commons-pool,https://svn.apache.org/viewvc/commons/proper/pool/trunk,not_matched,unchecked
repo1.maven.org,pkg:maven/commons-validator/commons-validator,,not_matched,no_repository
repo1.maven.org,pkg:maven/com.mysql/mysql-connector-j,https://github.com/mysql/mysql-connector-j,not_matched,present
repo1.maven.org,pkg:maven/com.nimbusds/nimbus-jose-jwt,https://bitbucket.org/connect2id/nimbus-jose-jwt,not_matched,missing
repo1.maven.org,pkg:maven/com.nineoldandroids/library,https://github.com/jakewharton/nineoldandroids,not_matched,present
repo1.maven.org,pkg:maven/com.opencsv/opencsv,https://sourceforge.net/p/opencsv/source/ci/master/tree,not_matched,unchecked
repo1.maven.org,pkg:maven/com.oracle.database.jdbc/ojdbc8,,dependencies,no_repository
repo1.maven.org,pkg:maven/com.qiniu/qiniu-java-sdk,https://github.com/qiniu/java-sdk,not_matched,present
repo1.maven.org,pkg:maven/com.querydsl/querydsl-apt,https://github.com/querydsl/querydsl,not_matched,present
repo1.maven.org,pkg:maven/com.querydsl/querydsl-jpa,https://github.com/querydsl/querydsl,not_matched,present
repo1.maven.org,pkg:maven/com.rabbitmq/amqp-client,https://github.com/rabbitmq/rabbitmq-java-client,not_matched,missing
repo1.maven.org,pkg:maven/com.relevantcodes/extentreports,https://github.com/anshooarora/extentreports,not_matched,present
repo1.maven.org,pkg:maven/com.sparkjava/spark-core,https://github.com/perwendel/spark,not_matched,present
repo1.maven.org,pkg:maven/com.squareup.okhttp3/logging-interceptor,https://github.com/lysine-dev/okhttp,not_matched,missing
repo1.maven.org,pkg:maven/com.squareup.okhttp3/mockwebserver,https://github.com/lysine-dev/okhttp,not_matched,missing
repo1.maven.org,pkg:maven/com.squareup.okhttp3/okhttp,https://github.com/lysine-dev/okhttp,not_matched,missing
repo1.maven.org,pkg:maven/com.squareup.okhttp3/okhttp-urlconnection,https://github.com/lysine-dev/okhttp,not_matched,missing
repo1.maven.org,pkg:maven/com.squareup.okhttp/okhttp,https://github.com/square/okhttp,dependencies,missing
repo1.maven.org,pkg:maven/com.squareup.okio/okio,https://github.com/lysine-dev/okio,not_matched,missing
repo1.maven.org,pkg:maven/com.squareup.picasso/picasso,https://github.com/square/picasso,not_matched,present
repo1.maven.org,pkg:maven/com.squareup.retrofit2/adapter-rxjava2,https://github.com/square/retrofit,dependencies,missing
repo1.maven.org,pkg:maven/com.squareup.retrofit2/converter-gson,https://github.com/square/retrofit,dependencies,missing
repo1.maven.org,pkg:maven/com.squareup.retrofit2/converter-moshi,https://github.com/square/retrofit,not_matched,missing
repo1.maven.org,pkg:maven/com.squareup.retrofit2/converter-scalars,https://github.com/square/retrofit,dependencies,missing
repo1.maven.org,pkg:maven/com.squareup.retrofit2/retrofit,https://github.com/square/retrofit,not_matched,missing
repo1.maven.org,pkg:maven/com.squareup.retrofit/retrofit,https://github.com/square/retrofit,not_matched,missing
repo1.maven.org,pkg:maven/com.sun.faces/jsf-api,https://java.net/projects/mojarra/sources,not_matched,unknown
repo1.maven.org,pkg:maven/com.sun.faces/jsf-impl,https://java.net/projects/mojarra/sources,not_matched,unknown
repo1.maven.org,pkg:maven/com.sun.jersey.contribs/jersey-multipart,,dependencies,no_repository
repo1.maven.org,pkg:maven/com.sun.jersey/jersey-bundle,,dependencies,no_repository
repo1.maven.org,pkg:maven/com.sun.jersey/jersey-client,,dependencies,no_repository
repo1.maven.org,pkg:maven/com.sun.jersey/jersey-core,,dependencies,no_repository
repo1.maven.org,pkg:maven/com.sun.jersey/jersey-json,,not_matched,no_repository
repo1.maven.org,pkg:maven/com.sun.jersey/jersey-server,,dependencies,no_repository
repo1.maven.org,pkg:maven/com.sun.jersey/jersey-servlet,,dependencies,no_repository
repo1.maven.org,pkg:maven/com.sun.mail/javax.mail,https://github.com/javaee/javamail,not_matched,present
repo1.maven.org,pkg:maven/com.sun.xml.bind/jaxb-core,https://github.com/eclipse-ee4j/jaxb-ri,not_matched,present
repo1.maven.org,pkg:maven/com.sun.xml.bind/jaxb-impl,https://github.com/eclipse-ee4j/jaxb-ri,not_matched,present
repo1.maven.org,pkg:maven/com.thoughtworks.paranamer/paranamer,https://github.com/paul-hammant/paranamer,not_matched,present
repo1.maven.org,pkg:maven/com.thoughtworks.xstream/xstream,https://github.com/x-stream/xstream,not_matched,present
repo1.maven.org,pkg:maven/com.tngtech.archunit/archunit-junit5-api,https://github.com/tng/archunit,not_matched,missing
repo1.maven.org,pkg:maven/com.tngtech.archunit/archunit-junit5-engine,https://github.com/tng/archunit,not_matched,missing
repo1.maven.org,pkg:maven/com.typesafe/config,https://github.com/lightbend/config,not_matched,missing
repo1.maven.org,pkg:maven/com.zaxxer/HikariCP,https://github.com/brettwooldridge/hikaricp,not_matched,present
repo1.maven.org,pkg:maven/de.codecentric/spring-boot-admin-starter-server,https://github.com/codecentric/spring-boot-admin,not_matched,missing
repo1.maven.org,pkg:maven/de.flapdoodle.embed/de.flapdoodle.embed.mongo,https://github.com/flapdoodle-oss/de.flapdoodle.embed.mongo,not_matched,present
repo1.maven.org,pkg:maven/de.hdodenhof/circleimageview,https://github.com/hdodenhof/circleimageview,not_matched,present
repo1.maven.org,pkg:maven/dom4j/dom4j,https://cvs.sourceforge.net/cgi-bin/viewcvs.cgi/dom4j/dom4j,not_matched,unknown
repo1.maven.org,pkg:maven/hsqldb/hsqldb,,dependencies,no_repository
repo1.maven.org,pkg:maven/info.cukes/cucumber-java,https://github.com/cucumber/cucumber-parent,not_matched,present
repo1.maven.org,pkg:maven/info.cukes/cucumber-junit,https://github.com/cucumber/cucumber-parent,not_matched,present
repo1.maven.org,pkg:maven/io.appium/java-client,https://github.com/appium/java-client,not_matched,present
repo1.maven.org,pkg:maven/io.cucumber/cucumber-java,https://github.com/cucumber/cucumber-jvm,not_matched,missing
repo1.maven.org,pkg:maven/io.cucumber/cucumber-junit,https://github.com/cucumber/cucumber-jvm,not_matched,missing
repo1.maven.org,pkg:maven/io.dropwizard.metrics/metrics-annotation,https://github.com/dropwizard/metrics,not_matched,missing
repo1.maven.org,pkg:maven/io.dropwizard.metrics/metrics-core,https://github.com/dropwizard/metrics,not_matched,missing
repo1.maven.org,pkg:maven/io.dropwizard.metrics/metrics-graphite,https://github.com/dropwizard/metrics,not_matched,missing
repo1.maven.org,pkg:maven/io.dropwizard.metrics/metrics-json,https://github.com/dropwizard/metrics,not_matched,missing
repo1.maven.org,pkg:maven/io.dropwizard.metrics/metrics-jvm,https://github.com/dropwizard/metrics,not_matched,missing
repo1.maven.org,pkg:maven/io.dropwizard.metrics/metrics-servlet,https://github.com/dropwizard/metrics,not_matched,missing
repo1.maven.org,pkg:maven/io.dropwizard.metrics/metrics-servlets,https://github.com/dropwizard/metrics,not_matched,missing
repo1.maven.org,pkg:maven/io.github.bonigarcia/webdrivermanager,https://github.com/bonigarcia/webdrivermanager,not_matched,missing
repo1.maven.org,pkg:maven/io.github.jhipster/jhipster-dependencies,https://github.com/jhipster/jhipster,not_matched,present
repo1.maven.org,pkg:maven/io.github.jhipster/jhipster-framework,https://github.com/jhipster/jhipster,not_matched,present
repo1.maven.org,pkg:maven/io.grpc/grpc-protobuf,https://github.com/grpc/grpc-java,not_matched,missing
repo1.maven.org,pkg:maven/io.grpc/grpc-stub,https://github.com/grpc/grpc-java,not_matched,missing
repo1.maven.org,pkg:maven/io.jsonwebtoken/jjwt,https://github.com/jwtk/jjwt,not_matched,missing
repo1.maven.org,pkg:maven/io.jsonwebtoken/jjwt-api,https://github.com/jwtk/jjwt,not_matched,missing
repo1.maven.org,pkg:maven/io.jsonwebtoken/jjwt-impl,https://github.com/jwtk/jjwt,not_matched,missing
repo1.maven.org,pkg:maven/io.jsonwebtoken/jjwt-jackson,https://github.com/jwtk/jjwt,not_matched,missing
repo1.maven.org,pkg:maven/io.micrometer/micrometer-registry-prometheus,https://github.com/micrometer-metrics/micrometer-commercial,not_matched,unknown
repo1.maven.org,pkg:maven/io.mockk/mockk,https://github.com/mockk/mockk,not_matched,missing
repo1.maven.org,pkg:maven/io.netty/netty,https://github.com/netty/netty,not_matched,missing
repo1.maven.org,pkg:maven/io.netty/netty-all,https://github.com/netty/netty,not_matched,missing
repo1.maven.org,pkg:maven/io.netty/netty-buffer,https://github.com/netty/netty,not_matched,missing
repo1.maven.org,pkg:maven/io.netty/netty-codec,https://github.com/netty/netty,not_matched,missing
repo1.maven.org,pkg:maven/io.netty/netty-codec-http,https://github.com/netty/netty,not_matched,missing
repo1.maven.org,pkg:maven/io.netty/netty-common,https://github.com/netty/netty,not_matched,missing
repo1.maven.org,pkg:maven/io.netty/netty-handler,https://github.com/netty/netty,not_matched,missing
repo1.maven.org,pkg:maven/io.netty/netty-transport,https://github.com/netty/netty,not_matched,missing
repo1.maven.org,pkg:maven/io.projectreactor/reactor-core,https://github.com/reactor/reactor-core,not_matched,missing
repo1.maven.org,pkg:maven/io.projectreactor/reactor-test,https://github.com/reactor/reactor-core,not_matched,missing
repo1.maven.org,pkg:maven/io.quarkus/quarkus-arc,https://github.com/quarkusio/quarkus,dependencies,missing
repo1.maven.org,pkg:maven/io.quarkus/quarkus-junit5,https://github.com/quarkusio/quarkus,dependencies,missing
repo1.maven.org,pkg:maven/io.reactivex/rxjava,https://github.com/reactivex/rxjava,not_matched,missing
repo1.maven.org,pkg:maven/io.reactivex.rxjava2/rxandroid,https://github.com/reactivex/rxandroid,not_matched,present
repo1.maven.org,pkg:maven/io.reactivex.rxjava2/rxjava,https://github.com/reactivex/rxjava,not_matched,missing
repo1.maven.org,pkg:maven/io.rest-assured/json-path,https://github.com/rest-assured/rest-assured,not_matched,present
repo1.maven.org,pkg:maven/io.rest-assured/json-schema-validator,https://github.com/rest-assured/rest-assured,not_matched,present
repo1.maven.org,pkg:maven/io.rest-assured/rest-assured,https://github.com/rest-assured/rest-assured,not_matched,present
repo1.maven.org,pkg:maven/io.springfox/springfox-bean-validators,https://github.com/springfox/springfox,not_matched,present
repo1.maven.org,pkg:maven/io.springfox/springfox-boot-starter,https://github.com/springfox/springfox,not_matched,present
repo1.maven.org,pkg:maven/io.springfox/springfox-swagger2,https://github.com/springfox/springfox,not_matched,present
repo1.maven.org,pkg:maven/io.springfox/springfox-swagger-ui,https://github.com/springfox/springfox,not_matched,present
repo1.maven.org,pkg:maven/io.swagger/swagger-annotations,https://github.com/swagger-api/swagger-core,dependencies,missing
repo1.maven.org,pkg:maven/io.undertow/undertow-core,https://github.com/undertow-io/undertow,not_matched,present
repo1.maven.org,pkg:maven/io.vertx/vertx-core,https://github.com/eclipse/vert.x,not_matched,present
repo1.maven.org,pkg:maven/io.vertx/vertx-web,https://github.com/vert-x3/vertx-web,not_matched,missing
repo1.maven.org,pkg:maven/it.unimi.dsi/fastutil,https://github.com/vigna/fastutil,not_matched,missing
repo1.maven.org,pkg:maven/jakarta.servlet/jakarta.servlet-api,https://github.com/eclipse-ee4j/servlet-api,not_matched,missing
repo1.maven.org,pkg:maven/jakarta.validation/jakarta.validation-api,https://github.com/jakartaee/validation,not_matched,missing
repo1.maven.org,pkg:maven/jakarta.xml.bind/jakarta.xml.bind-api,https://github.com/jakartaee/jaxb-api,not_matched,missing
repo1.maven.org,pkg:maven/javassist/javassist,https://fisheye.jboss.org/browse/javassist/tags/rel_3_12_1_ga,not_matched,unknown
repo1.maven.org,pkg:maven/javax.activation/activation,,dependencies,no_repository
repo1.maven.org,pkg:maven/javax.annotation/javax.annotation-api,https://github.com/javaee/javax.annotation,not_matched,present
repo1.maven.org,pkg:maven/javax.annotation/jsr250-api,,dependencies,no_repository
repo1.maven.org,pkg:maven/javax.cache/cache-api,https://github.com/juven/git-demo,not_matched,present
repo1.maven.org,pkg:maven/javax.el/el-api,,not_matched,no_repository
repo1.maven.org,pkg:maven/javax.el/javax.el-api,https://github.com/javaee/uel-ri,not_matched,present
repo1.maven.org,pkg:maven/javax.enterprise/cdi-api,https://github.com/cdi-spec/cdi,dependencies,present
repo1.maven.org,pkg:maven/javax.inject/javax.inject,https://code.google.com/p/atinject/source/checkout,not_matched,unknown
repo1.maven.org,pkg:maven/javax/javaee-api,https://github.com/javaee/glassfish,not_matched,present
repo1.maven.org,pkg:maven/javax/javaee-web-api,https://github.com/javaee/glassfish,not_matched,present
repo1.maven.org,pkg:maven/javax.json/javax.json-api,https://github.com/javaee/jsonp,not_matched,present
repo1.maven.org,pkg:maven/javax.mail/javax.mail-api,https://github.com/javaee/javamail,not_matched,present
repo1.maven.org,pkg:maven/javax.mail/mail,https://kenai.com/hg/javamail~mercurial,not_matched,unchecked
repo1.maven.org,pkg:maven/javax.persistence/javax.persistence-api,https://github.com/javaee/jpa-spec,not_matched,present
repo1.maven.org,pkg:maven/javax.persistence/persistence-api,,not_matched,no_repository
repo1.maven.org,pkg:maven/javax.servlet/javax.servlet-api,https://github.com/javaee/servlet-spec,not_matched,present
repo1.maven.org,pkg:maven/javax.servlet/jsp-api,,dependencies,no_repository
repo1.maven.org,pkg:maven/javax.servlet.jsp/javax.servlet.jsp-api,https://github.com/javaee/javaee-jsp-api,not_matched,present
repo1.maven.org,pkg:maven/javax.servlet.jsp/jsp-api,https://java.net/projects/uel/sources/svn/show/tags/jsp-api-2.2.1-b03,not_matched,unknown
repo1.maven.org,pkg:maven/javax.servlet.jsp.jstl/javax.servlet.jsp.jstl-api,https://github.com/javaee/jstl-api,not_matched,present
repo1.maven.org,pkg:maven/javax.servlet.jsp.jstl/jstl-api,https://java.net/projects/jstl/sources/svn/show/tags/jstl-1.2,not_matched,unknown
repo1.maven.org,pkg:maven/javax.servlet/jstl,,dependencies,no_repository
repo1.maven.org,pkg:maven/javax.servlet/servlet-api,,dependencies,no_repository
repo1.maven.org,pkg:maven/javax.transaction/javax.transaction-api,https://github.com/javaee/javax.transaction,not_matched,present
repo1.maven.org,pkg:maven/javax.transaction/jta,,dependencies,no_repository
repo1.maven.org,pkg:maven/javax.validation/validation-api,https://github.com/beanvalidation/beanvalidation-api,not_matched,missing
repo1.maven.org,pkg:maven/javax.websocket/javax.websocket-api,https://java.net/projects/websocket-spec/sources/code/show,not_matched,unchecked
repo1.maven.org,pkg:maven/javax.ws.rs/javax.ws.rs-api,https://github.com/eclipse-ee4j/jaxrs-api,dependencies,present
repo1.maven.org,pkg:maven/javax.ws.rs/jsr311-api,,dependencies,no_repository
repo1.maven.org,pkg:maven/javax.xml.bind/jaxb-api,https://github.com/javaee/jaxb-spec,not_matched,present
repo1.maven.org,pkg:maven/jaxen/jaxen,https://github.com/jaxen-xpath/jaxen,not_matched,missing
repo1.maven.org,pkg:maven/jline/jline,https://github.com/jline/jline3,not_matched,missing
repo1.maven.org,pkg:maven/joda-time/joda-time,https://github.com/jodaorg/joda-time,not_matched,missing
repo1.maven.org,pkg:maven/jstl/jstl,,dependencies,no_repository
repo1.maven.org,pkg:maven/junit/junit,https://github.com/junit-team/junit4,not_matched,present
repo1.maven.org,pkg:maven/junit/junit-dep,https://github.com/kentbeck/junit,not_matched,unknown
repo1.maven.org,pkg:maven/log4j/log4j,https://svn.apache.org/viewvc/logging/log4j/tags/v1_2_17_rc3,not_matched,unchecked
repo1.maven.org,pkg:maven/mysql/mysql-connector-java,,dependencies,no_repository
repo1.maven.org,pkg:maven/net.bytebuddy/byte-buddy,https://github.com/raphw/byte-buddy,not_matched,present
repo1.maven.org,pkg:maven/net.coobird/thumbnailator,https://github.com/coobird/thumbnailator,not_matched,present
repo1.maven.org,pkg:maven/net.dv8tion/JDA,https://github.com/discord-jda/jda,not_matched,missing
repo1.maven.org,pkg:maven/net.java.dev.jets3t/jets3t,https://bitbucket.org/jmurty/jets3t,not_matched,unknown
repo1.maven.org,pkg:maven/net.java.dev.jna/jna,https://github.com/java-native-access/jna,dependencies,present
repo1.maven.org,pkg:maven/net.java.dev.jna/jna-platform,https://github.com/java-native-access/jna,dependencies,present
repo1.maven.org,pkg:maven/net.logstash.logback/logstash-logback-encoder,https://github.com/logfellow/logstash-logback-encoder,not_matched,present
repo1.maven.org,pkg:maven/net.minidev/json-smart,https://github.com/netplex/json-smart-v2,not_matched,missing
repo1.maven.org,pkg:maven/net.sf.dozer/dozer,https://github.com/dozermapper/dozer,not_matched,present
repo1.maven.org,pkg:maven/net.sf.ehcache/ehcache,,dependencies,no_repository
repo1.maven.org,pkg:maven/net.sf.ehcache/ehcache-core,https://svn.terracotta.org/svn/ehcache/trunk,not_matched,unchecked
repo1.maven.org,pkg:maven/net.sf.jasperreports/jasperreports,https://github.com/jaspersoft/jasperreports,not_matched,missing
repo1.maven.org,pkg:maven/net.sf.jopt-simple/jopt-simple,https://github.com/jopt-simple/jopt-simple,not_matched,present
repo1.maven.org,pkg:maven/net.sf.json-lib/json-lib,https://json-lib.cvs.sourceforge.net/json-lib,dependencies,unchecked
repo1.maven.org,pkg:maven/net.sf.opencsv/opencsv,https://opencsv.svn.sourceforge.net/viewvc/opencsv,not_matched,unchecked
repo1.maven.org,pkg:maven/net.sourceforge.htmlunit/htmlunit,https://github.com/htmlunit/htmlunit,not_matched,missing
repo1.maven.org,pkg:maven/net.sourceforge.jtds/jtds,https://svn.code.sf.net/p/jtds/code,not_matched,unchecked
repo1.maven.org,pkg:maven/net.sourceforge.nekohtml/nekohtml,https://nekohtml.svn.sourceforge.net/viewvc/nekohtml,not_matched,unchecked
repo1.maven.org,pkg:maven/nz.net.ultraq.thymeleaf/thymeleaf-layout-dialect,https://github.com/ultraq/thymeleaf-layout-dialect,not_matched,present
repo1.maven.org,pkg:maven/ognl/ognl,https://github.com/orphan-oss/ognl,not_matched,missing
repo1.maven.org,pkg:maven/opensymphony/sitemesh,https://github.com/sitemesh/sitemesh2,not_matched,present
repo1.maven.org,pkg:maven/org.antlr/antlr4-runtime,https://github.com/antlr/antlr4,not_matched,present
repo1.maven.org,pkg:maven/org.apache.activemq/activemq-all,https://github.com/apache/activemq,not_matched,missing
repo1.maven.org,pkg:maven/org.apache.activemq/activemq-broker,https://github.com/apache/activemq,not_matched,missing
repo1.maven.org,pkg:maven/org.apache.activemq/activemq-client,https://github.com/apache/activemq,not_matched,missing
repo1.maven.org,pkg:maven/org.apache.activemq/activemq-core,https://svn.apache.org/viewvc/activemq/tags/activemq-5.7.0,not_matched,unchecked
repo1.maven.org,pkg:maven/org.apache.activemq/activemq-pool,https://github.com/apache/activemq,not_matched,missing
repo1.maven.org,pkg:maven/org.apache.ant/ant,https://gitbox.apache.org/repos/asf/ant,dependencies,missing
repo1.maven.org,pkg:maven/org.apache.avro/avro,https://github.com/apache/avro,not_matched,missing
repo1.maven.org,pkg:maven/org.apache.camel/camel-core,https://github.com/apache/maven-apache-parent,not_matched,missing
repo1.maven.org,pkg:maven/org.apache.cassandra/cassandra-all,,not_matched,no_repository
repo1.maven.org,pkg:maven/org.apache.commons/commons-collections4,https://gitbox.apache.org/repos/asf/commons-collections,not_matched,missing
repo1.maven.org,pkg:maven/org.apache.commons/commons-compress,https://gitbox.apache.org/repos/asf/commons-compress,not_matched,missing
repo1.maven.org,pkg:maven/org.apache.commons/commons-csv,https://gitbox.apache.org/repos/asf/commons-csv,not_matched,missing
repo1.maven.org,pkg:maven/org.apache.commons/commons-dbcp2,https://gitbox.apache.org/repos/asf/commons-dbcp,not_matched,missing
repo1.maven.org,pkg:maven/org.apache.commons/commons-email,https://gitbox.apache.org/repos/asf/commons-email,not_matched,missing
repo1.maven.org,pkg:maven/org.apache.commons/commons-exec,https://gitbox.apache.org/repos/asf/commons-exec,not_matched,missing
repo1.maven.org,pkg:maven/org.apache.commons/commons-io,,dependencies,no_repository
repo1.maven.org,pkg:maven/org.apache.commons/commons-lang3,https://gitbox.apache.org/repos/asf/commons-lang,not_matched,missing
repo1.maven.org,pkg:maven/org.apache.commons/commons-math3,https://gitbox.apache.org/repos/asf/commons-math,not_matched,present
repo1.maven.org,pkg:maven/org.apache.commons/commons-pool2,https://gitbox.apache.org/repos/asf/commons-pool,not_matched,missing
repo1.maven.org,pkg:maven/org.apache.commons/commons-text,https://gitbox.apache.org/repos/asf/commons-text,not_matched,missing
repo1.maven.org,pkg:maven/org.apache.curator/curator-framework,https://github.com/apache/curator,not_matched,present
repo1.maven.org,pkg:maven/org.apache.curator/curator-recipes,https://github.com/apache/curator,not_matched,present
repo1.maven.org,pkg:maven/org.apache.curator/curator-test,https://github.com/apache/curator,not_matched,present
repo1.maven.org,pkg:maven/org.apache.cxf/cxf-rt-frontend-jaxrs,,not_matched,no_repository
repo1.maven.org,pkg:maven/org.apache.cxf/cxf-rt-frontend-jaxws,,not_matched,no_repository
repo1.maven.org,pkg:maven/org.apache.cxf/cxf-rt-transports-http,,not_matched,no_repository
repo1.maven.org,pkg:maven/org.apache.cxf/cxf-rt-transports-http-jetty,,not_matched,no_repository
repo1.maven.org,pkg:maven/org.apache.derby/derby,,not_matched,no_repository
repo1.maven.org,pkg:maven/org.apache.derby/derbyclient,,not_matched,no_repository
repo1.maven.org,pkg:maven/org.apache.hadoop/hadoop-auth,,dependencies,no_repository
repo1.maven.org,pkg:maven/org.apache.hadoop/hadoop-client,,dependencies,no_repository
repo1.maven.org,pkg:maven/org.apache.hadoop/hadoop-common,,dependencies,no_repository
repo1.maven.org,pkg:maven/org.apache.hadoop/hadoop-core,,dependencies,no_repository
repo1.maven.org,pkg:maven/org.apache.hadoop/hadoop-hdfs,,dependencies,no_repository
repo1.maven.org,pkg:maven/org.apache.hadoop/hadoop-mapreduce-client-core,,dependencies,no_repository
repo1.maven.org,pkg:maven/org.apache.hadoop/hadoop-minicluster,,dependencies,no_repository
repo1.maven.org,pkg:maven/org.apache.hadoop/hadoop-yarn-api,,dependencies,no_repository
repo1.maven.org,pkg:maven/org.apache.hadoop/hadoop-yarn-client,,dependencies,no_repository
repo1.maven.org,pkg:maven/org.apache.hadoop/hadoop-yarn-common,,dependencies,no_repository
repo1.maven.org,pkg:maven/org.apache.hbase/hbase,https://gitbox.apache.org/repos/asf/hbase,not_matched,missing
repo1.maven.org,pkg:maven/org.apache.hbase/hbase-client,https://gitbox.apache.org/repos/asf/hbase,not_matched,missing
repo1.maven.org,pkg:maven/org.apache.hbase/hbase-server,https://gitbox.apache.org/repos/asf/hbase,not_matched,missing
repo1.maven.org,pkg:maven/org.apache.httpcomponents/fluent-hc,https://github.com/apache/httpcomponents-client,not_matched,missing
repo1.maven.org,pkg:maven/org.apache.httpcomponents/httpasyncclient,https://svn.apache.org/repos/asf/httpcomponents/httpasyncclient/branches/4.1.x,not_matched,unchecked
repo1.maven.org,pkg:maven/org.apache.httpcomponents/httpclient,https://github.com/apache/httpcomponents-client,not_matched,missing
repo1.maven.org,pkg:maven/org.apache.httpcomponents/httpclient-cache,https://github.com/apache/httpcomponents-client,not_matched,missing
repo1.maven.org,pkg:maven/org.apache.httpcomponents/httpcore,https://github.com/apache/httpcomponents-core,not_matched,missing
repo1.maven.org,pkg:maven/org.apache.httpcomponents/httpcore-nio,https://github.com/apache/httpcomponents-core,not_matched,missing
repo1.maven.org,pkg:maven/org.apache.httpcomponents/httpmime,https://github.com/apache/httpcomponents-client,not_matched,missing
repo1.maven.org,pkg:maven/org.apache.ivy/ivy,https://gitbox.apache.org/repos/asf/ant-ivy,not_matched,present
repo1.maven.org,pkg:maven/org.apache.kafka/kafka-clients,,dependencies,no_repository
repo1.maven.org,pkg:maven/org.apache.kafka/kafka-streams,,dependencies,no_repository
repo1.maven.org,pkg:maven/org.apache.logging.log4j/log4j-1.2-api,https://github.com/apache/logging-log4j2,not_matched,missing
repo1.maven.org,pkg:maven/org.apache.logging.log4j/log4j-api,https://github.com/apache/logging-log4j2,not_matched,missing
repo1.maven.org,pkg:maven/org.apache.logging.log4j/log4j-core,https://github.com/apache/logging-log4j2,not_matched,missing
repo1.maven.org,pkg:maven/org.apache.logging.log4j/log4j-slf4j-impl,https://github.com/apache/logging-log4j2,not_matched,missing
repo1.maven.org,pkg:maven/org.apache.lucene/lucene-analyzers-common,,not_matched,no_repository
repo1.maven.org,pkg:maven/org.apache.lucene/lucene-core,https://gitbox.apache.org/repos/asf/lucene,not_matched,missing
repo1.maven.org,pkg:maven/org.apache.lucene/lucene-highlighter,https://gitbox.apache.org/repos/asf/lucene,not_matched,missing
repo1.maven.org,pkg:maven/org.apache.lucene/lucene-queryparser,https://gitbox.apache.org/repos/asf/lucene,not_matched,missing
repo1.maven.org,pkg:maven/org.apache.maven/maven-artifact,https://github.com/apache/maven,not_matched,missing
repo1.maven.org,pkg:maven/org.apache.maven/maven-core,https://github.com/apache/maven,not_matched,missing
repo1.maven.org,pkg:maven/org.apache.maven/maven-model,https://github.com/apache/maven,not_matched,missing
repo1.maven.org,pkg:maven/org.apache.maven/maven-plugin-api,https://github.com/apache/maven,not_matched,missing
repo1.maven.org,pkg:maven/org.apache.maven/maven-project,https://svn.apache.org/viewcvs.cgi/maven/components/tags/maven-3.0-alpha-2,not_matched,unchecked
repo1.maven.org,pkg:maven/org.apache.maven.plugin-tools/maven-plugin-annotations,https://github.com/apache/maven-plugin-tools,not_matched,missing
repo1.maven.org,pkg:maven/org.apache.mina/mina-core,https://svn.apache.org/viewvc/directory/mina/tags/build-3.0.0-M1-SNAPSHOT,not_matched,unchecked
repo1.maven.org,pkg:maven/org.apache.pdfbox/pdfbox,https://svn.apache.org/viewvc/pdfbox/tags/3.0.8/pdfbox,not_matched,unchecked
repo1.maven.org,pkg:maven/org.apache.poi/ooxml-schemas,,dependencies,no_repository
repo1.maven.org,pkg:maven/org.apache.poi/poi,,dependencies,no_repository
repo1.maven.org,pkg:maven/org.apache.poi/poi-ooxml,,dependencies,no_repository
repo1.maven.org,pkg:maven/org.apache.poi/poi-ooxml-schemas,,dependencies,no_repository
repo1.maven.org,pkg:maven/org.apache.poi/poi-scratchpad,,dependencies,no_repository
repo1.maven.org,pkg:maven/org.apache.shiro/shiro-core,https://github.com/apache/shiro,dependencies,missing
repo1.maven.org,pkg:maven/org.apache.shiro/shiro-ehcache,https://github.com/apache/shiro,dependencies,missing
repo1.maven.org,pkg:maven/org.apache.shiro/shiro-spring,https://github.com/apache/shiro,dependencies,missing
repo1.maven.org,pkg:maven/org.apache.shiro/shiro-web,https://github.com/apache/shiro,dependencies,missing
repo1.maven.org,pkg:maven/org.apache.solr/solr-core,https://gitbox.apache.org/repos/asf/solr,not_matched,missing
repo1.maven.org,pkg:maven/org.apache.solr/solr-solrj,https://gitbox.apache.org/repos/asf/solr,not_matched,missing
repo1.maven.org,pkg:maven/org.apache.spark/spark-core_2.10,https://github.com/apache/spark,dependencies,missing
repo1.maven.org,pkg:maven/org.apache.spark/spark-core_2.11,https://github.com/apache/spark,dependencies,missing
repo1.maven.org,pkg:maven/org.apache.spark/spark-sql_2.11,https://github.com/apache/spark,dependencies,missing
repo1.maven.org,pkg:maven/org.apache.struts/struts2-core,https://github.com/apache/struts,not_matched,present
repo1.maven.org,pkg:maven/org.apache.taglibs/taglibs-standard-impl,https://svn.apache.org/viewvc/tomcat/taglibs/standard/tags/taglibs-standard-1.2.5/impl,not_matched,unchecked
repo1.maven.org,pkg:maven/org.apache.thrift/libthrift,https://github.com/apache/thrift,not_matched,present
repo1.maven.org,pkg:maven/org.apache.tika/tika-core,https://github.com/apache/tika,not_matched,missing
repo1.maven.org,pkg:maven/org.apache.tiles/tiles-core,https://svn.apache.org/viewvc/tiles/framework/tags/tiles-parent-3.0.8,not_matched,unchecked
repo1.maven.org,pkg:maven/org.apache.tiles/tiles-jsp,https://svn.apache.org/viewvc/tiles/framework/tags/tiles-parent-3.0.8,not_matched,unchecked
repo1.maven.org,pkg:maven/org.apache.tomcat.embed/tomcat-embed-core,,dependencies,no_repository
repo1.maven.org,pkg:maven/org.apache.tomcat.embed/tomcat-embed-jasper,,dependencies,no_repository
repo1.maven.org,pkg:maven/org.apache.tomcat.embed/tomcat-embed-logging-juli,,not_matched,no_repository
repo1.maven.org,pkg:maven/org.apache.tomcat/tomcat-catalina,,not_matched,no_repository
repo1.maven.org,pkg:maven/org.apache.tomcat/tomcat-jasper,,not_matched,no_repository
repo1.maven.org,pkg:maven/org.apache.tomcat/tomcat-jdbc,,dependencies,no_repository
repo1.maven.org,pkg:maven/org.apache.tomcat/tomcat-jsp-api,,dependencies,no_repository
repo1.maven.org,pkg:maven/org.apache.tomcat/tomcat-servlet-api,,dependencies,no_repository
repo1.maven.org,pkg:maven/org.apache.velocity/velocity,https://svn.apache.org/viewvc/velocity/engine/trunk,not_matched,unchecked
repo1.maven.org,pkg:maven/org.apache.velocity/velocity-engine-core,,not_matched,no_repository
repo1.maven.org,pkg:maven/org.apache.velocity/velocity-tools,https://svn.apache.org/repos/asf/velocity/tools/trunk,not_matched,unchecked
repo1.maven.org,pkg:maven/org.apache.xmlbeans/xmlbeans,https://svn.apache.org/repos/asf/xmlbeans,not_matched,unchecked
repo1.maven.org,pkg:maven/org.apache.zookeeper/zookeeper,https://gitbox.apache.org/repos/asf/zookeeper,not_matched,missing
repo1.maven.org,pkg:maven/org.aspectj/aspectjrt,https://github.com/eclipse/org.aspectj,not_matched,present
repo1.maven.org,pkg:maven/org.aspectj/aspectjtools,https://github.com/eclipse/org.aspectj,not_matched,present
repo1.maven.org,pkg:maven/org.aspectj/aspectjweaver,https://github.com/eclipse/org.aspectj,not_matched,present
repo1.maven.org,pkg:maven/org.assertj/assertj-core,https://github.com/assertj/assertj,not_matched,missing
repo1.maven.org,pkg:maven/org.awaitility/awaitility,https://github.com/awaitility/awaitility,not_matched,present
repo1.maven.org,pkg:maven/org.bouncycastle/bcpkix-jdk15on,https://github.com/bcgit/bc-java,not_matched,missing
repo1.maven.org,pkg:maven/org.bouncycastle/bcprov-jdk15on,https://github.com/bcgit/bc-java,not_matched,missing
repo1.maven.org,pkg:maven/org.bouncycastle/bcprov-jdk16,https://www.bouncycastle.org/viewcvs/viewcvs.cgi/java,not_matched,unchecked
repo1.maven.org,pkg:maven/org.clojure/clojure,https://github.com/clojure/clojure,not_matched,present
repo1.maven.org,pkg:maven/org.codehaus.groovy/groovy,https://github.com/apache/groovy,not_matched,missing
repo1.maven.org,pkg:maven/org.codehaus.groovy/groovy-all,https://github.com/apache/groovy,not_matched,missing
repo1.maven.org,pkg:maven/org.codehaus.jackson/jackson-core-asl,,dependencies,no_repository
repo1.maven.org,pkg:maven/org.codehaus.jackson/jackson-jaxrs,,dependencies,no_repository
repo1.maven.org,pkg:maven/org.codehaus.jackson/jackson-mapper-asl,https://xircles.codehaus.org/projects/jackson/repos/primary/repo,not_matched,unchecked
repo1.maven.org,pkg:maven/org.codehaus.jackson/jackson-xc,,dependencies,no_repository
repo1.maven.org,pkg:maven/org.codehaus.janino/janino,https://github.com/janino-compiler/janino,not_matched,present
repo1.maven.org,pkg:maven/org.codehaus.jettison/jettison,https://github.com/jettison-json/jettison,not_matched,present
repo1.maven.org,pkg:maven/org.codehaus.plexus/plexus-utils,https://github.com/codehaus-plexus/plexus-utils,not_matched,present
repo1.maven.org,pkg:maven/org.dbunit/dbunit,https://github.com/dbunit/dbunit-extension,not_matched,missing
repo1.maven.org,pkg:maven/org.easymock/easymock,https://github.com/easymock/easymock,not_matched,missing
repo1.maven.org,pkg:maven/org.easymock/easymockclassextension,https://github.com/easymock/easymock,not_matched,missing
repo1.maven.org,pkg:maven/org.easytesting/fest-assert,https://github.com/alexruiz/fest-assert-1.x,not_matched,present
repo1.maven.org,pkg:maven/org.easytesting/fest-assert-core,https://github.com/alexruiz/fest-assert-2.x,not_matched,present
repo1.maven.org,pkg:maven/org.eclipse.jetty/jetty-annotations,https://github.com/jetty/jetty.project,not_matched,missing
repo1.maven.org,pkg:maven/org.eclipse.jetty/jetty-client,https://github.com/jetty/jetty.project,not_matched,missing
repo1.maven.org,pkg:maven/org.eclipse.jetty/jetty-http,https://github.com/jetty/jetty.project,not_matched,missing
repo1.maven.org,pkg:maven/org.eclipse.jetty/jetty-io,https://github.com/jetty/jetty.project,not_matched,missing
repo1.maven.org,pkg:maven/org.eclipse.jetty/jetty-plus,https://github.com/jetty/jetty.project,not_matched,missing
repo1.maven.org,pkg:maven/org.eclipse.jetty/jetty-security,https://github.com/jetty/jetty.project,not_matched,missing
repo1.maven.org,pkg:maven/org.eclipse.jetty/jetty-server,https://github.com/jetty/jetty.project,not_matched,missing
repo1.maven.org,pkg:maven/org.eclipse.jetty/jetty-servlet,https://github.com/jetty/jetty.project,not_matched,missing
repo1.maven.org,pkg:maven/org.eclipse.jetty/jetty-servlets,https://github.com/jetty/jetty.project,not_matched,missing
repo1.maven.org,pkg:maven/org.eclipse.jetty/jetty-util,https://github.com/jetty/jetty.project,not_matched,missing
repo1.maven.org,pkg:maven/org.eclipse.jetty/jetty-webapp,https://github.com/jetty/jetty.project,not_matched,missing
repo1.maven.org,pkg:maven/org.eclipse.jetty.websocket/websocket-server,https://github.com/jetty/jetty.project,not_matched,missing
repo1.maven.org,pkg:maven/org.eclipse.jgit/org.eclipse.jgit,https://eclipse.gerrithub.io/admin/repos/eclipse-jgit/jgit,not_matched,unknown
repo1.maven.org,pkg:maven/org.eclipse.paho/org.eclipse.paho.client.mqttv3,https://github.com/eclipse/paho.mqtt.java,not_matched,present
repo1.maven.org,pkg:maven/org.eclipse.persistence/eclipselink,,dependencies,no_repository
repo1.maven.org,pkg:maven/org.eclipse.persistence/javax.persistence,https://git.eclipse.org/c/eclipselink/javax.persistence,not_matched,unknown
repo1.maven.org,pkg:maven/org.ehcache/ehcache,https://github.com/ehcache/ehcache3,not_matched,present
repo1.maven.org,pkg:maven/org.elasticsearch.client/elasticsearch-rest-high-level-client,https://github.com/elastic/elasticsearch,not_matched,missing
repo1.maven.org,pkg:maven/org.elasticsearch.client/transport,https://github.com/elastic/elasticsearch,not_matched,missing
repo1.maven.org,pkg:maven/org.elasticsearch/elasticsearch,https://github.com/elastic/elasticsearch,not_matched,missing
repo1.maven.org,pkg:maven/org.flywaydb/flyway-core,https://github.com/flyway/flyway,not_matched,missing
repo1.maven.org,pkg:maven/org.freemarker/freemarker,https://gitbox.apache.org/repos/asf/freemarker,not_matched,present
repo1.maven.org,pkg:maven/org.fusesource.jansi/jansi,https://github.com/fusesource/jansi,not_matched,present
repo1.maven.org,pkg:maven/org.glassfish/javax.el,https://github.com/javaee/uel-ri,not_matched,present
repo1.maven.org,pkg:maven/org.glassfish/javax.json,https://github.com/javaee/jsonp,not_matched,present
repo1.maven.org,pkg:maven/org.glassfish.jaxb/jaxb-runtime,https://github.com/eclipse-ee4j/jaxb-ri,not_matched,present
repo1.maven.org,pkg:maven/org.glassfish.jersey.containers/jersey-container-servlet,https://github.com/eclipse-ee4j/jersey,not_matched,missing
repo1.maven.org,pkg:maven/org.glassfish.jersey.containers/jersey-container-servlet-core,https://github.com/eclipse-ee4j/jersey,not_matched,missing
repo1.maven.org,pkg:maven/org.glassfish.jersey.core/jersey-client,https://github.com/eclipse-ee4j/jersey,not_matched,missing
repo1.maven.org,pkg:maven/org.glassfish.jersey.core/jersey-common,https://github.com/eclipse-ee4j/jersey,not_matched,missing
repo1.maven.org,pkg:maven/org.glassfish.jersey.core/jersey-server,https://github.com/eclipse-ee4j/jersey,not_matched,missing
repo1.maven.org,pkg:maven/org.glassfish.jersey.inject/jersey-hk2,https://github.com/eclipse-ee4j/jersey,not_matched,missing
repo1.maven.org,pkg:maven/org.glassfish.jersey/jersey-bom,https://github.com/eclipse-ee4j/ee4j,not_matched,missing
repo1.maven.org,pkg:maven/org.glassfish.jersey.media/jersey-media-json-jackson,https://github.com/eclipse-ee4j/jersey,not_matched,missing
repo1.maven.org,pkg:maven/org.hamcrest/hamcrest,https://github.com/hamcrest/javahamcrest,not_matched,present
repo1.maven.org,pkg:maven/org.hamcrest/hamcrest-all,https://github.com/hamcrest/javahamcrest,not_matched,present
repo1.maven.org,pkg:maven/org.hamcrest/hamcrest-core,https://github.com/hamcrest/javahamcrest,not_matched,present
repo1.maven.org,pkg:maven/org.hamcrest/hamcrest-library,https://github.com/hamcrest/javahamcrest,not_matched,present
repo1.maven.org,pkg:maven/org.hibernate.common/hibernate-commons-annotations,https://github.com/hibernate/hibernate-commons-annotations,not_matched,present
repo1.maven.org,pkg:maven/org.hibernate/hibernate-annotations,https://svn.jboss.org/repos/hibernate/core/branches/Branch_3_5,not_matched,unchecked
repo1.maven.org,pkg:maven/org.hibernate/hibernate-c3p0,https://github.com/hibernate/hibernate-orm,not_matched,missing
repo1.maven.org,pkg:maven/org.hibernate/hibernate-core,https://github.com/hibernate/hibernate-orm,not_matched,missing
repo1.maven.org,pkg:maven/org.hibernate/hibernate-ehcache,https://github.com/hibernate/hibernate-orm,not_matched,missing
repo1.maven.org,pkg:maven/org.hibernate/hibernate-entitymanager,https://github.com/hibernate/hibernate-orm,not_matched,missing
repo1.maven.org,pkg:maven/org.hibernate/hibernate-envers,https://github.com/hibernate/hibernate-orm,not_matched,missing
repo1.maven.org,pkg:maven/org.hibernate/hibernate-jcache,https://github.com/hibernate/hibernate-orm,not_matched,missing
repo1.maven.org,pkg:maven/org.hibernate/hibernate-jpamodelgen,https://github.com/hibernate/hibernate-orm,not_matched,missing
repo1.maven.org,pkg:maven/org.hibernate/hibernate-validator,https://github.com/hibernate/hibernate-validator,not_matched,present
repo1.maven.org,pkg:maven/org.hibernate.javax.persistence/hibernate-jpa-2.0-api,https://fisheye.jboss.org/browse/Hibernate/jpa-api/tags/hibernate-jpa-2.0-api-1.0.1.Final,not_matched,unknown
repo1.maven.org,pkg:maven/org.hibernate.javax.persistence/hibernate-jpa-2.1-api,https://github.com/hibernate/hibernate-jpa-api,not_matched,present
repo1.maven.org,pkg:maven/org.hibernate.validator/hibernate-validator,https://github.com/hibernate/hibernate-validator,not_matched,present
repo1.maven.org,pkg:maven/org.hsqldb/hsqldb,https://sourceforge.net/p/hsqldb/svn/HEAD/tree/base/tags/2.7.4,not_matched,unchecked
repo1.maven.org,pkg:maven/org.jasypt/jasypt,https://github.com/jasypt/jasypt,not_matched,present
repo1.maven.org,pkg:maven/org.javassist/javassist,https://github.com/jboss-javassist/javassist,not_matched,missing
repo1.maven.org,pkg:maven/org.jboss.arquillian.junit/arquillian-junit-container,https://github.com/arquillian/arquillian-core,not_matched,missing
repo1.maven.org,pkg:maven/org.jboss.arquillian.protocol/arquillian-protocol-servlet,https://github.com/arquillian/arquillian-core,not_matched,missing
repo1.maven.org,pkg:maven/org.jboss.logging/jboss-logging,https://github.com/jboss-logging/jboss-logging,not_matched,present
repo1.maven.org,pkg:maven/org.jboss.resteasy/resteasy-client,https://github.com/resteasy/resteasy,not_matched,missing
repo1.maven.org,pkg:maven/org.jboss.resteasy/resteasy-jaxrs,https://github.com/resteasy/resteasy,not_matched,missing
repo1.maven.org,pkg:maven/org.jboss.spec/jboss-javaee-6.0,https://github.com/jboss/jboss-javaee-specs,not_matched,present
repo1.maven.org,pkg:maven/org.jdom/jdom,https://github.com/hunterhacker/jdom,not_matched,present
repo1.maven.org,pkg:maven/org.jdom/jdom2,https://github.com/hunterhacker/jdom,not_matched,present
repo1.maven.org,pkg:maven/org.jetbrains/annotations,https://github.com/jetbrains/java-annotations,not_matched,missing
repo1.maven.org,pkg:maven/org.jetbrains.kotlin/kotlin-reflect,https://github.com/jetbrains/kotlin,not_matched,missing
repo1.maven.org,pkg:maven/org.jetbrains.kotlin/kotlin-stdlib,https://github.com/jetbrains/kotlin,not_matched,missing
repo1.maven.org,pkg:maven/org.jetbrains.kotlin/kotlin-stdlib-jdk7,https://github.com/jetbrains/kotlin,not_matched,missing
repo1.maven.org,pkg:maven/org.jetbrains.kotlin/kotlin-stdlib-jdk8,https://github.com/jetbrains/kotlin,not_matched,missing
repo1.maven.org,pkg:maven/org.jetbrains.kotlin/kotlin-stdlib-jre7,https://github.com/jetbrains/kotlin,not_matched,missing
repo1.maven.org,pkg:maven/org.jetbrains.kotlin/kotlin-test,https://github.com/jetbrains/kotlin,not_matched,missing
repo1.maven.org,pkg:maven/org.jetbrains.kotlin/kotlin-test-junit,https://github.com/jetbrains/kotlin,not_matched,missing
repo1.maven.org,pkg:maven/org.jetbrains.kotlinx/kotlinx-coroutines-android,https://github.com/kotlin/kotlinx.coroutines,not_matched,missing
repo1.maven.org,pkg:maven/org.jetbrains.kotlinx/kotlinx-coroutines-core,https://github.com/kotlin/kotlinx.coroutines,not_matched,missing
repo1.maven.org,pkg:maven/org.jetbrains.kotlinx/kotlinx-coroutines-test,https://github.com/kotlin/kotlinx.coroutines,not_matched,missing
repo1.maven.org,pkg:maven/org.jetbrains.kotlinx/kotlinx-serialization-json,https://github.com/kotlin/kotlinx.serialization,not_matched,present
repo1.maven.org,pkg:maven/org.jmockit/jmockit,https://github.com/jmockit/jmockit1,not_matched,present
repo1.maven.org,pkg:maven/org.joda/joda-convert,https://github.com/jodaorg/joda-convert,not_matched,present
repo1.maven.org,pkg:maven/org.jolokia/jolokia-core,https://github.com/jolokia/jolokia,not_matched,missing
repo1.maven.org,pkg:maven/org.jooq/jooq,https://github.com/jooq/jooq,not_matched,missing
repo1.maven.org,pkg:maven/org.json/json,https://github.com/douglascrockford/json-java,not_matched,missing
repo1.maven.org,pkg:maven/org.jsoup/jsoup,https://github.com/jhy/jsoup,not_matched,present
repo1.maven.org,pkg:maven/org.junit/junit-bom,https://github.com/junit-team/junit-framework,not_matched,missing
repo1.maven.org,pkg:maven/org.junit.jupiter/junit-jupiter,https://github.com/junit-team/junit-framework,not_matched,missing
repo1.maven.org,pkg:maven/org.junit.jupiter/junit-jupiter-api,https://github.com/junit-team/junit-framework,not_matched,missing
repo1.maven.org,pkg:maven/org.junit.jupiter/junit-jupiter-engine,https://github.com/junit-team/junit-framework,not_matched,missing
repo1.maven.org,pkg:maven/org.junit.jupiter/junit-jupiter-params,https://github.com/junit-team/junit-framework,not_matched,missing
repo1.maven.org,pkg:maven/org.junit.platform/junit-platform-launcher,https://github.com/junit-team/junit-framework,not_matched,missing
repo1.maven.org,pkg:maven/org.junit.platform/junit-platform-runner,https://github.com/junit-team/junit-framework,not_matched,missing
repo1.maven.org,pkg:maven/org.junit.vintage/junit-vintage-engine,https://github.com/junit-team/junit-framework,not_matched,missing
repo1.maven.org,pkg:maven/org.liquibase/liquibase-core,https://github.com/liquibase/liquibase,not_matched,missing
repo1.maven.org,pkg:maven/org.mapstruct/mapstruct,https://github.com/mapstruct/mapstruct,not_matched,present
repo1.maven.org,pkg:maven/org.mapstruct/mapstruct-jdk8,https://github.com/mapstruct/mapstruct,not_matched,present
repo1.maven.org,pkg:maven/org.mapstruct/mapstruct-processor,https://github.com/mapstruct/mapstruct,not_matched,present
repo1.maven.org,pkg:maven/org.mariadb.jdbc/mariadb-java-client,https://github.com/mariadb-corporation/mariadb-connector-j,not_matched,present
repo1.maven.org,pkg:maven/org.mindrot/jbcrypt,https://github.com/djmdjm/jbcrypt,dependencies,present
repo1.maven.org,pkg:maven/org.mockito/mockito-all,https://github.com/mockito/mockito,not_matched,missing
repo1.maven.org,pkg:maven/org.mockito/mockito-core,https://github.com/mockito/mockito,not_matched,missing
repo1.maven.org,pkg:maven/org.mockito/mockito-inline,https://github.com/mockito/mockito,not_matched,missing
repo1.maven.org,pkg:maven/org.mockito/mockito-junit-jupiter,https://github.com/mockito/mockito,not_matched,missing
repo1.maven.org,pkg:maven/org.modelmapper/modelmapper,https://github.com/modelmapper/modelmapper,not_matched,present
repo1.maven.org,pkg:maven/org.mongodb/mongodb-driver,https://github.com/mongodb/mongo-java-driver,not_matched,missing
repo1.maven.org,pkg:maven/org.mongodb/mongo-java-driver,https://github.com/mongodb/mongo-java-driver,not_matched,missing
repo1.maven.org,pkg:maven/org.mortbay.jetty/jetty,https://fisheye.codehaus.org/viewrep/jetty,not_matched,unknown
repo1.maven.org,pkg:maven/org.mortbay.jetty/jetty-util,https://fisheye.codehaus.org/viewrep/jetty,not_matched,unknown
repo1.maven.org,pkg:maven/org.mozilla/rhino,https://github.com/mozilla/rhino,not_matched,missing
repo1.maven.org,pkg:maven/org.mybatis.generator/mybatis-generator-core,https://github.com/mybatis/generator,not_matched,present
repo1.maven.org,pkg:maven/org.mybatis/mybatis,https://github.com/mybatis/mybatis-3,not_matched,present
repo1.maven.org,pkg:maven/org.mybatis/mybatis-spring,https://github.com/mybatis/spring,not_matched,missing
repo1.maven.org,pkg:maven/org.mybatis.spring.boot/mybatis-spring-boot-starter,https://github.com/mybatis/spring-boot-starter,not_matched,missing
repo1.maven.org,pkg:maven/org.objenesis/objenesis,https://github.com/easymock/objenesis,not_matched,missing
repo1.maven.org,pkg:maven/org.openjdk.jmh/jmh-core,https://github.com/openjdk/jmh,not_matched,present
repo1.maven.org,pkg:maven/org.openjdk.jmh/jmh-generator-annprocess,https://github.com/openjdk/jmh,not_matched,present
repo1.maven.org,pkg:maven/org.openjfx/javafx-controls,https://github.com/openjdk/jfx,not_matched,missing
repo1.maven.org,pkg:maven/org.openjfx/javafx-fxml,https://github.com/openjdk/jfx,not_matched,missing
repo1.maven.org,pkg:maven/org.osgi/org.osgi.compendium,,not_matched,no_repository
repo1.maven.org,pkg:maven/org.osgi/org.osgi.core,,dependencies,no_repository
repo1.maven.org,pkg:maven/org.ow2.asm/asm,https://gitlab.ow2.org/asm/asm,dependencies,missing
repo1.maven.org,pkg:maven/org.ow2.asm/asm-commons,https://gitlab.ow2.org/asm/asm,dependencies,missing
repo1.maven.org,pkg:maven/org.postgresql/postgresql,https://github.com/pgjdbc/pgjdbc,not_matched,present
repo1.maven.org,pkg:maven/org.powermock/powermock-api-mockito,https://github.com/powermock/powermock,not_matched,present
repo1.maven.org,pkg:maven/org.powermock/powermock-api-mockito2,https://github.com/powermock/powermock,not_matched,present
repo1.maven.org,pkg:maven/org.powermock/powermock-module-junit4,https://github.com/powermock/powermock,not_matched,present
repo1.maven.org,pkg:maven/org.primefaces/primefaces,https://github.com/primefaces/primefaces,not_matched,missing
repo1.maven.org,pkg:maven/org.projectlombok/lombok,https://github.com/projectlombok/lombok,not_matched,present
repo1.maven.org,pkg:maven/org.quartz-scheduler/quartz,https://github.com/quartz-scheduler/quartz,not_matched,present
repo1.maven.org,pkg:maven/org.quartz-scheduler/quartz-jobs,https://github.com/quartz-scheduler/quartz,not_matched,present
repo1.maven.org,pkg:maven/org.redisson/redisson,https://github.com/redisson/redisson,not_matched,missing
repo1.maven.org,pkg:maven/org.reflections/reflections,https://github.com/ronmamo/reflections,not_matched,present
repo1.maven.org,pkg:maven/org.robolectric/robolectric,https://github.com/robolectric/robolectric,not_matched,missing
repo1.maven.org,pkg:maven/org.scala-lang/scala-compiler,https://github.com/scala/scala,not_matched,present
repo1.maven.org,pkg:maven/org.scala-lang/scala-library,https://github.com/scala/scala3,not_matched,missing
repo1.maven.org,pkg:maven/org.scala-lang/scala-reflect,https://github.com/scala/scala,not_matched,present
repo1.maven.org,pkg:maven/org.scalatest/scalatest_2.11,https://github.com/scalatest/scalatest,not_matched,missing
repo1.maven.org,pkg:maven/org.seleniumhq.selenium/selenium-api,https://github.com/seleniumhq/selenium,not_matched,missing
repo1.maven.org,pkg:maven/org.seleniumhq.selenium/selenium-chrome-driver,https://github.com/seleniumhq/selenium,not_matched,missing
repo1.maven.org,pkg:maven/org.seleniumhq.selenium/selenium-firefox-driver,https://github.com/seleniumhq/selenium,not_matched,missing
repo1.maven.org,pkg:maven/org.seleniumhq.selenium/selenium-java,https://github.com/seleniumhq/selenium,not_matched,missing
repo1.maven.org,pkg:maven/org.seleniumhq.selenium/selenium-remote-driver,https://github.com/seleniumhq/selenium,not_matched,missing
repo1.maven.org,pkg:maven/org.seleniumhq.selenium/selenium-server,https://github.com/seleniumhq/selenium,not_matched,missing
repo1.maven.org,pkg:maven/org.seleniumhq.selenium/selenium-support,https://github.com/seleniumhq/selenium,not_matched,missing
repo1.maven.org,pkg:maven/org.skyscreamer/jsonassert,https://github.com/skyscreamer/jsonassert,not_matched,present
repo1.maven.org,pkg:maven/org.slf4j/jcl-over-slf4j,https://github.com/qos-ch/slf4j,not_matched,missing
repo1.maven.org,pkg:maven/org.slf4j/jul-to-slf4j,https://github.com/qos-ch/slf4j,not_matched,missing
repo1.maven.org,pkg:maven/org.slf4j/log4j-over-slf4j,https://github.com/qos-ch/slf4j,not_matched,missing
repo1.maven.org,pkg:maven/org.slf4j/slf4j-api,https://github.com/qos-ch/slf4j,not_matched,missing
repo1.maven.org,pkg:maven/org.slf4j/slf4j-jdk14,https://github.com/qos-ch/slf4j,not_matched,missing
repo1.maven.org,pkg:maven/org.slf4j/slf4j-log4j12,https://github.com/qos-ch/slf4j,not_matched,missing
repo1.maven.org,pkg:maven/org.slf4j/slf4j-nop,https://github.com/qos-ch/slf4j,not_matched,missing
repo1.maven.org,pkg:maven/org.slf4j/slf4j-simple,https://github.com/qos-ch/slf4j,not_matched,missing
repo1.maven.org,pkg:maven/org.spockframework/spock-core,https://github.com/spockframework/spock,not_matched,present
repo1.maven.org,pkg:maven/org.spockframework/spock-spring,https://github.com/spockframework/spock,not_matched,present
repo1.maven.org,pkg:maven/org.springdoc/springdoc-openapi-starter-webmvc-ui,https://github.com/springdoc/springdoc-openapi,not_matched,missing
repo1.maven.org,pkg:maven/org.springdoc/springdoc-openapi-ui,https://github.com/springdoc/springdoc-openapi,not_matched,missing
repo1.maven.org,pkg:maven/org.springframework.amqp/spring-rabbit,https://github.com/spring-projects/spring-amqp,not_matched,missing
repo1.maven.org,pkg:maven/org.springframework.amqp/spring-rabbit-test,https://github.com/spring-projects/spring-amqp,not_matched,missing
repo1.maven.org,pkg:maven/org.springframework.batch/spring-batch-core,https://github.com/spring-projects/spring-batch,not_matched,missing
repo1.maven.org,pkg:maven/org.springframework.batch/spring-batch-test,https://github.com/spring-projects/spring-batch,not_matched,missing
repo1.maven.org,pkg:maven/org.springframework.boot/spring-boot,https://github.com/spring-projects/spring-boot,not_matched,present
repo1.maven.org,pkg:maven/org.springframework.boot/spring-boot-actuator,https://github.com/spring-projects/spring-boot,not_matched,present
repo1.maven.org,pkg:maven/org.springframework.boot/spring-boot-autoconfigure,https://github.com/spring-projects/spring-boot,not_matched,present
repo1.maven.org,pkg:maven/org.springframework.boot/spring-boot-configuration-processor,https://github.com/spring-projects/spring-boot,not_matched,present
repo1.maven.org,pkg:maven/org.springframework.boot/spring-boot-dependencies,https://github.com/spring-projects/spring-boot,not_matched,present
repo1.maven.org,pkg:maven/org.springframework.boot/spring-boot-devtools,https://github.com/spring-projects/spring-boot,not_matched,present
repo1.maven.org,pkg:maven/org.springframework.boot/spring-boot-loader-tools,https://github.com/spring-projects/spring-boot,not_matched,present
repo1.maven.org,pkg:maven/org.springframework.boot/spring-boot-starter,https://github.com/spring-projects/spring-boot,not_matched,present
repo1.maven.org,pkg:maven/org.springframework.boot/spring-boot-starter-activemq,https://github.com/spring-projects/spring-boot,not_matched,present
repo1.maven.org,pkg:maven/org.springframework.boot/spring-boot-starter-actuator,https://github.com/spring-projects/spring-boot,not_matched,present
repo1.maven.org,pkg:maven/org.springframework.boot/spring-boot-starter-amqp,https://github.com/spring-projects/spring-boot,not_matched,present
repo1.maven.org,pkg:maven/org.springframework.boot/spring-boot-starter-aop,https://github.com/spring-projects/spring-boot,not_matched,present
repo1.maven.org,pkg:maven/org.springframework.boot/spring-boot-starter-batch,https://github.com/spring-projects/spring-boot,not_matched,present
repo1.maven.org,pkg:maven/org.springframework.boot/spring-boot-starter-cache,https://github.com/spring-projects/spring-boot,not_matched,present
repo1.maven.org,pkg:maven/org.springframework.boot/spring-boot-starter-cloud-connectors,https://github.com/spring-projects/spring-boot,not_matched,present
repo1.maven.org,pkg:maven/org.springframework.boot/spring-boot-starter-data-elasticsearch,https://github.com/spring-projects/spring-boot,not_matched,present
repo1.maven.org,pkg:maven/org.springframework.boot/spring-boot-starter-data-jdbc,https://github.com/spring-projects/spring-boot,not_matched,present
repo1.maven.org,pkg:maven/org.springframework.boot/spring-boot-starter-data-jpa,https://github.com/spring-projects/spring-boot,not_matched,present
repo1.maven.org,pkg:maven/org.springframework.boot/spring-boot-starter-data-mongodb,https://github.com/spring-projects/spring-boot,not_matched,present
repo1.maven.org,pkg:maven/org.springframework.boot/spring-boot-starter-data-mongodb-reactive,https://github.com/spring-projects/spring-boot,not_matched,present
repo1.maven.org,pkg:maven/org.springframework.boot/spring-boot-starter-data-redis,https://github.com/spring-projects/spring-boot,not_matched,present
repo1.maven.org,pkg:maven/org.springframework.boot/spring-boot-starter-data-rest,https://github.com/spring-projects/spring-boot,not_matched,present
repo1.maven.org,pkg:maven/org.springframework.boot/spring-boot-starter-freemarker,https://github.com/spring-projects/spring-boot,not_matched,present
repo1.maven.org,pkg:maven/org.springframework.boot/spring-boot-starter-hateoas,https://github.com/spring-projects/spring-boot,not_matched,present
repo1.maven.org,pkg:maven/org.springframework.boot/spring-boot-starter-integration,https://github.com/spring-projects/spring-boot,not_matched,present
repo1.maven.org,pkg:maven/org.springframework.boot/spring-boot-starter-jdbc,https://github.com/spring-projects/spring-boot,not_matched,present
repo1.maven.org,pkg:maven/org.springframework.boot/spring-boot-starter-jersey,https://github.com/spring-projects/spring-boot,not_matched,present
repo1.maven.org,pkg:maven/org.springframework.boot/spring-boot-starter-jetty,https://github.com/spring-projects/spring-boot,not_matched,present
repo1.maven.org,pkg:maven/org.springframework.boot/spring-boot-starter-log4j2,https://github.com/spring-projects/spring-boot,not_matched,present
repo1.maven.org,pkg:maven/org.springframework.boot/spring-boot-starter-logging,https://github.com/spring-projects/spring-boot,not_matched,present
repo1.maven.org,pkg:maven/org.springframework.boot/spring-boot-starter-mail,https://github.com/spring-projects/spring-boot,not_matched,present
repo1.maven.org,pkg:maven/org.springframework.boot/spring-boot-starter-mustache,https://github.com/spring-projects/spring-boot,not_matched,present
repo1.maven.org,pkg:maven/org.springframework.boot/spring-boot-starter-oauth2-client,https://github.com/spring-projects/spring-boot,not_matched,present
repo1.maven.org,pkg:maven/org.springframework.boot/spring-boot-starter-oauth2-resource-server,https://github.com/spring-projects/spring-boot,not_matched,present
repo1.maven.org,pkg:maven/org.springframework.boot/spring-boot-starter-quartz,https://github.com/spring-projects/spring-boot,not_matched,present
repo1.maven.org,pkg:maven/org.springframework.boot/spring-boot-starter-security,https://github.com/spring-projects/spring-boot,not_matched,present
repo1.maven.org,pkg:maven/org.springframework.boot/spring-boot-starter-test,https://github.com/spring-projects/spring-boot,not_matched,present
repo1.maven.org,pkg:maven/org.springframework.boot/spring-boot-starter-thymeleaf,https://github.com/spring-projects/spring-boot,not_matched,present
repo1.maven.org,pkg:maven/org.springframework.boot/spring-boot-starter-tomcat,https://github.com/spring-projects/spring-boot,not_matched,present
repo1.maven.org,pkg:maven/org.springframework.boot/spring-boot-starter-undertow,https://github.com/spring-projects/spring-boot,not_matched,present
repo1.maven.org,pkg:maven/org.springframework.boot/spring-boot-starter-validation,https://github.com/spring-projects/spring-boot,not_matched,present
repo1.maven.org,pkg:maven/org.springframework.boot/spring-boot-starter-web,https://github.com/spring-projects/spring-boot,not_matched,present
repo1.maven.org,pkg:maven/org.springframework.boot/spring-boot-starter-webflux,https://github.com/spring-projects/spring-boot,not_matched,present
repo1.maven.org,pkg:maven/org.springframework.boot/spring-boot-starter-web-services,https://github.com/spring-projects/spring-boot,not_matched,present
repo1.maven.org,pkg:maven/org.springframework.boot/spring-boot-starter-websocket,https://github.com/spring-projects/spring-boot,not_matched,present
repo1.maven.org,pkg:maven/org.springframework.boot/spring-boot-test,https://github.com/spring-projects/spring-boot,not_matched,present
repo1.maven.org,pkg:maven/org.springframework.cloud/spring-cloud-config-server,https://github.com/spring-cloud/spring-cloud-config,not_matched,missing
repo1.maven.org,pkg:maven/org.springframework.cloud/spring-cloud-dependencies,https://github.com/spring-cloud/spring-cloud-release,not_matched,missing
repo1.maven.org,pkg:maven/org.springframework.cloud/spring-cloud-spring-service-connector,https://github.com/spring-projects/spring-cloud,not_matched,present
repo1.maven.org,pkg:maven/org.springframework.cloud/spring-cloud-starter,https://github.com/spring-cloud/spring-cloud-commons,not_matched,missing
repo1.maven.org,pkg:maven/org.springframework.cloud/spring-cloud-starter-bootstrap,https://github.com/spring-cloud/spring-cloud-commons,not_matched,missing
repo1.maven.org,pkg:maven/org.springframework.cloud/spring-cloud-starter-config,https://github.com/spring-cloud/spring-cloud-config,not_matched,missing
repo1.maven.org,pkg:maven/org.springframework.cloud/spring-cloud-starter-eureka,https://github.com/spring-cloud/spring-cloud-netflix,not_matched,present
repo1.maven.org,pkg:maven/org.springframework.cloud/spring-cloud-starter-feign,https://github.com/spring-cloud/spring-cloud-netflix,not_matched,present
repo1.maven.org,pkg:maven/org.springframework.cloud/spring-cloud-starter-gateway,https://github.com/spring-cloud/spring-cloud-gateway,not_matched,missing
repo1.maven.org,pkg:maven/org.springframework.cloud/spring-cloud-starter-netflix-eureka-client,https://github.com/spring-cloud/spring-cloud-netflix,not_matched,present
repo1.maven.org,pkg:maven/org.springframework.cloud/spring-cloud-starter-netflix-eureka-server,https://github.com/spring-cloud/spring-cloud-netflix,not_matched,present
repo1.maven.org,pkg:maven/org.springframework.cloud/spring-cloud-starter-netflix-hystrix,https://github.com/spring-cloud/spring-cloud-netflix,not_matched,present
repo1.maven.org,pkg:maven/org.springframework.cloud/spring-cloud-starter-netflix-hystrix-dashboard,https://github.com/spring-cloud/spring-cloud-netflix,not_matched,present
repo1.maven.org,pkg:maven/org.springframework.cloud/spring-cloud-starter-netflix-ribbon,https://github.com/spring-cloud/spring-cloud-netflix,not_matched,present
repo1.maven.org,pkg:maven/org.springframework.cloud/spring-cloud-starter-netflix-zuul,https://github.com/spring-cloud/spring-cloud-netflix,not_matched,present
repo1.maven.org,pkg:maven/org.springframework.cloud/spring-cloud-starter-oauth2,https://github.com/spring-cloud/spring-cloud-config,not_matched,missing
repo1.maven.org,pkg:maven/org.springframework.cloud/spring-cloud-starter-openfeign,https://github.com/spring-cloud/spring-cloud-openfeign,not_matched,present
repo1.maven.org,pkg:maven/org.springframework.cloud/spring-cloud-starter-sleuth,https://github.com/spring-cloud/spring-cloud-sleuth,not_matched,present
repo1.maven.org,pkg:maven/org.springframework.cloud/spring-cloud-starter-zipkin,https://github.com/spring-cloud/spring-cloud-sleuth,not_matched,present
repo1.maven.org,pkg:maven/org.springframework.cloud/spring-cloud-starter-zuul,https://github.com/spring-cloud/spring-cloud-netflix,not_matched,present
repo1.maven.org,pkg:maven/org.springframework.data/spring-data-commons,https://github.com/spring-projects/spring-data-commons,not_matched,missing
repo1.maven.org,pkg:maven/org.springframework.data/spring-data-jpa,https://github.com/spring-projects/spring-data-jpa,not_matched,present
repo1.maven.org,pkg:maven/org.springframework.data/spring-data-mongodb,https://github.com/spring-projects/spring-data-mongodb,not_matched,missing
repo1.maven.org,pkg:maven/org.springframework.data/spring-data-redis,https://github.com/spring-projects/spring-data-redis,not_matched,present
repo1.maven.org,pkg:maven/org.springframework.hateoas/spring-hateoas,https://github.com/spring-projects/spring-hateoas,not_matched,missing
repo1.maven.org,pkg:maven/org.springframework.integration/spring-integration-core,https://github.com/spring-projects/spring-integration,not_matched,missing
repo1.maven.org,pkg:maven/org.springframework.kafka/spring-kafka,https://github.com/spring-projects/spring-kafka,not_matched,present
repo1.maven.org,pkg:maven/org.springframework.kafka/spring-kafka-test,https://github.com/spring-projects/spring-kafka,not_matched,present
repo1.maven.org,pkg:maven/org.springframework.restdocs/spring-restdocs-mockmvc,https://github.com/spring-projects/spring-restdocs,not_matched,present
repo1.maven.org,pkg:maven/org.springframework.retry/spring-retry,https://github.com/spring-projects/spring-retry,not_matched,present
repo1.maven.org,pkg:maven/org.springframework.security.oauth.boot/spring-security-oauth2-autoconfigure,https://github.com/spring-projects/spring-security,not_matched,missing
repo1.maven.org,pkg:maven/org.springframework.security.oauth/spring-security-oauth2,https://github.com/springsource/spring-security-oauth,not_matched,present
repo1.maven.org,pkg:maven/org.springframework.security/spring-security-acl,https://github.com/spring-projects/spring-security,not_matched,missing
repo1.maven.org,pkg:maven/org.springframework.security/spring-security-config,https://github.com/spring-projects/spring-security,not_matched,missing
repo1.maven.org,pkg:maven/org.springframework.security/spring-security-core,https://github.com/spring-projects/spring-security,not_matched,missing
repo1.maven.org,pkg:maven/org.springframework.security/spring-security-crypto,https://github.com/spring-projects/spring-security,not_matched,missing
repo1.maven.org,pkg:maven/org.springframework.security/spring-security-data,https://github.com/spring-projects/spring-security,not_matched,missing
repo1.maven.org,pkg:maven/org.springframework.security/spring-security-jwt,https://github.com/spring-projects/spring-security-oauth,not_matched,present
repo1.maven.org,pkg:maven/org.springframework.security/spring-security-taglibs,https://github.com/spring-projects/spring-security,not_matched,missing
repo1.maven.org,pkg:maven/org.springframework.security/spring-security-test,https://github.com/spring-projects/spring-security,not_matched,missing
repo1.maven.org,pkg:maven/org.springframework.security/spring-security-web,https://github.com/spring-projects/spring-security,not_matched,missing
repo1.maven.org,pkg:maven/org.springframework.session/spring-session-core,https://github.com/spring-projects/spring-session,not_matched,missing
repo1.maven.org,pkg:maven/org.springframework.session/spring-session-data-redis,https://github.com/spring-projects/spring-session,not_matched,missing
repo1.maven.org,pkg:maven/org.springframework/spring,https://github.com/spring-projects/spring-framework,not_matched,missing
repo1.maven.org,pkg:maven/org.springframework/spring-aop,https://github.com/spring-projects/spring-framework,not_matched,missing
repo1.maven.org,pkg:maven/org.springframework/spring-asm,https://fisheye.springframework.org/browse/spring-framework,not_matched,unknown
repo1.maven.org,pkg:maven/org.springframework/spring-aspects,https://github.com/spring-projects/spring-framework,not_matched,missing
repo1.maven.org,pkg:maven/org.springframework/spring-beans,https://github.com/spring-projects/spring-framework,not_matched,missing
repo1.maven.org,pkg:maven/org.springframework/spring-context,https://github.com/spring-projects/spring-framework,not_matched,missing
repo1.maven.org,pkg:maven/org.springframework/spring-context-support,https://github.com/spring-projects/spring-framework,not_matched,missing
repo1.maven.org,pkg:maven/org.springframework/spring-core,https://github.com/spring-projects/spring-framework,not_matched,missing
repo1.maven.org,pkg:maven/org.springframework/spring-expression,https://github.com/spring-projects/spring-framework,not_matched,missing
repo1.maven.org,pkg:maven/org.springframework/spring-framework-bom,https://github.com/spring-projects/spring-framework,not_matched,missing
repo1.maven.org,pkg:maven/org.springframework/spring-jdbc,https://github.com/spring-projects/spring-framework,not_matched,missing
repo1.maven.org,pkg:maven/org.springframework/spring-jms,https://github.com/spring-projects/spring-framework,not_matched,missing
repo1.maven.org,pkg:maven/org.springframework/spring-messaging,https://github.com/spring-projects/spring-framework,not_matched,missing
repo1.maven.org,pkg:maven/org.springframework/spring-orm,https://github.com/spring-projects/spring-framework,not_matched,missing
repo1.maven.org,pkg:maven/org.springframework/spring-oxm,https://github.com/spring-projects/spring-framework,not_matched,missing
repo1.maven.org,pkg:maven/org.springframework/spring-test,https://github.com/spring-projects/spring-framework,not_matched,missing
repo1.maven.org,pkg:maven/org.springframework/spring-tx,https://github.com/spring-projects/spring-framework,not_matched,missing
repo1.maven.org,pkg:maven/org.springframework/spring-web,https://github.com/spring-projects/spring-framework,not_matched,missing
repo1.maven.org,pkg:maven/org.springframework/spring-webmvc,https://github.com/spring-projects/spring-framework,not_matched,missing
repo1.maven.org,pkg:maven/org.springframework/spring-websocket,https://github.com/spring-projects/spring-framework,not_matched,missing
repo1.maven.org,pkg:maven/org.springframework.ws/spring-ws-core,https://github.com/spring-projects/spring-ws,not_matched,missing
repo1.maven.org,pkg:maven/org.testcontainers/junit-jupiter,https://github.com/testcontainers/testcontainers-java,not_matched,present
repo1.maven.org,pkg:maven/org.testcontainers/postgresql,https://github.com/testcontainers/testcontainers-java,not_matched,present
repo1.maven.org,pkg:maven/org.testcontainers/testcontainers,https://github.com/testcontainers/testcontainers-java,not_matched,present
repo1.maven.org,pkg:maven/org.testng/testng,https://github.com/testng-team/testng,not_matched,missing
repo1.maven.org,pkg:maven/org.thymeleaf.extras/thymeleaf-extras-springsecurity5,https://github.com/thymeleaf/thymeleaf,not_matched,present
repo1.maven.org,pkg:maven/org.thymeleaf/thymeleaf,https://github.com/thymeleaf/thymeleaf,not_matched,present
repo1.maven.org,pkg:maven/org.thymeleaf/thymeleaf-spring5,https://github.com/thymeleaf/thymeleaf,not_matched,present
repo1.maven.org,pkg:maven/org.tukaani/xz,https://github.com/tukaani-project/xz-java,not_matched,present
repo1.maven.org,pkg:maven/org.twitter4j/twitter4j-core,https://github.com/twitter4j/twitter4j,not_matched,present
repo1.maven.org,pkg:maven/org.twitter4j/twitter4j-stream,https://github.com/yusuke/twitter4j,not_matched,present
repo1.maven.org,pkg:maven/org.webjars/bootstrap,https://github.com/webjars/bootstrap,not_matched,present
repo1.maven.org,pkg:maven/org.webjars/jquery,https://github.com/jquery/jquery,not_matched,missing
repo1.maven.org,pkg:maven/org.webjars/jquery-ui,https://github.com/jquery/jquery-ui,not_matched,present
repo1.maven.org,pkg:maven/org.webjars/webjars-locator,https://github.com/webjars/webjars-locator,not_matched,missing
repo1.maven.org,pkg:maven/org.webjars/webjars-locator-core,https://github.com/webjars/webjars-locator-core,not_matched,present
repo1.maven.org,pkg:maven/org.xerial.snappy/snappy-java,https://github.com/xerial/snappy-java,not_matched,present
repo1.maven.org,pkg:maven/org.xerial/sqlite-jdbc,https://github.com/xerial/sqlite-jdbc,not_matched,missing
repo1.maven.org,pkg:maven/org.yaml/snakeyaml,https://codeberg.org/snakeyaml/snakeyaml,not_matched,present
repo1.maven.org,pkg:maven/org.zalando/problem-spring-web,https://github.com/zalando/problem-spring-web,not_matched,present
repo1.maven.org,pkg:maven/oro/oro,,dependencies,no_repository
repo1.maven.org,pkg:maven/postgresql/postgresql,https://cvs.pgfoundry.org/cgi-bin/cvsweb.cgi/jdbc/pgjdbc,not_matched,unknown
repo1.maven.org,pkg:maven/redis.clients/jedis,https://github.com/redis/jedis,not_matched,missing
repo1.maven.org,pkg:maven/taglibs/standard,,dependencies,no_repository
repo1.maven.org,pkg:maven/tk.mybatis/mapper-spring-boot-starter,https://github.com/abel533/mapper-boot-starter,not_matched,present
repo1.maven.org,pkg:maven/wsdl4j/wsdl4j,https://wsdl4j.cvs.sourceforge.net/wsdl4j,dependencies,unchecked
repo1.maven.org,pkg:maven/xalan/xalan,,dependencies,no_repository
repo1.maven.org,pkg:maven/xerces/xercesImpl,https://svn.apache.org/repos/asf/xerces/java,not_matched,unchecked
repo1.maven.org,pkg:maven/xml-apis/xml-apis,,dependencies,no_repository
repo1.maven.org,pkg:maven/xmlunit/xmlunit,https://sourceforge.net/p/xmlunit/code/HEAD/tree/trunk,not_matched,unchecked
swiftpackageindex.com,pkg:swift/github.com/airbnb/lottie-ios,https://github.com/airbnb/lottie-ios,not_matched,missing
swiftpackageindex.com,pkg:swift/github.com/Alamofire/Alamofire,https://github.com/alamofire/alamofire,not_matched,present
swiftpackageindex.com,pkg:swift/github.com/Alamofire/AlamofireImage,https://github.com/alamofire/alamofireimage,not_matched,present
swiftpackageindex.com,pkg:swift/github.com/apple/swift-algorithms,https://github.com/apple/swift-algorithms,not_matched,present
swiftpackageindex.com,pkg:swift/github.com/apple/swift-argument-parser,https://github.com/apple/swift-argument-parser,not_matched,missing
swiftpackageindex.com,pkg:swift/github.com/apple/swift-async-algorithms,https://github.com/apple/swift-async-algorithms,dependencies,present
swiftpackageindex.com,pkg:swift/github.com/apple/swift-atomics,https://github.com/apple/swift-atomics,not_matched,present
swiftpackageindex.com,pkg:swift/github.com/apple/swift-collections,https://github.com/apple/swift-collections,not_matched,missing
swiftpackageindex.com,pkg:swift/github.com/apple/swift-crypto,https://github.com/apple/swift-crypto,not_matched,missing
swiftpackageindex.com,pkg:swift/github.com/apple/swift-log,https://github.com/apple/swift-log,not_matched,missing
swiftpackageindex.com,pkg:swift/github.com/apple/swift-metrics,https://github.com/apple/swift-metrics,not_matched,missing
swiftpackageindex.com,pkg:swift/github.com/apple/swift-nio,https://github.com/apple/swift-nio,not_matched,missing
swiftpackageindex.com,pkg:swift/github.com/apple/swift-nio-extras,https://github.com/apple/swift-nio-extras,not_matched,missing
swiftpackageindex.com,pkg:swift/github.com/apple/swift-nio-http2,https://github.com/apple/swift-nio-http2,not_matched,missing
swiftpackageindex.com,pkg:swift/github.com/apple/swift-nio-ssl,https://github.com/apple/swift-nio-ssl,not_matched,present
swiftpackageindex.com,pkg:swift/github.com/apple/swift-nio-transport-services,https://github.com/apple/swift-nio-transport-services,not_matched,missing
swiftpackageindex.com,pkg:swift/github.com/apple/swift-numerics,https://github.com/apple/swift-numerics,not_matched,present
swiftpackageindex.com,pkg:swift/github.com/apple/swift-protobuf,https://github.com/apple/swift-protobuf,not_matched,missing
swiftpackageindex.com,pkg:swift/github.com/apple/swift-system,https://github.com/apple/swift-system,not_matched,present
swiftpackageindex.com,pkg:swift/github.com/attaswift/BigInt,https://github.com/attaswift/bigint,not_matched,present
swiftpackageindex.com,pkg:swift/github.com/daltoniam/Starscream,https://github.com/daltoniam/starscream,not_matched,present
swiftpackageindex.com,pkg:swift/github.com/devxoul/Then,https://github.com/devxoul/then,not_matched,present
swiftpackageindex.com,pkg:swift/github.com/drmohundro/SWXMLHash,https://github.com/drmohundro/swxmlhash,not_matched,present
swiftpackageindex.com,pkg:swift/github.com/firebase/firebase-ios-sdk,https://github.com/firebase/firebase-ios-sdk,not_matched,missing
swiftpackageindex.com,pkg:swift/github.com/getsentry/sentry-cocoa,https://github.com/getsentry/sentry-cocoa,not_matched,missing
swiftpackageindex.com,pkg:swift/github.com/google/abseil-cpp-binary,https://github.com/google/abseil-cpp-binary,not_matched,present
swiftpackageindex.com,pkg:swift/github.com/google/GoogleAppMeasurement,https://github.com/google/googleappmeasurement,not_matched,missing
swiftpackageindex.com,pkg:swift/github.com/google/GoogleDataTransport,https://github.com/google/googledatatransport,not_matched,present
swiftpackageindex.com,pkg:swift/github.com/google/GoogleSignIn-iOS,https://github.com/google/googlesignin-ios,not_matched,missing
swiftpackageindex.com,pkg:swift/github.com/google/GoogleUtilities,https://github.com/google/googleutilities,not_matched,missing
swiftpackageindex.com,pkg:swift/github.com/google/grpc-binary,https://github.com/google/grpc-binary,not_matched,missing
swiftpackageindex.com,pkg:swift/github.com/google/GTMAppAuth,https://github.com/google/gtmappauth,not_matched,present
swiftpackageindex.com,pkg:swift/github.com/google/gtm-session-fetcher,https://github.com/google/gtm-session-fetcher,not_matched,missing
swiftpackageindex.com,pkg:swift/github.com/google/promises,https://github.com/google/promises,not_matched,present
swiftpackageindex.com,pkg:swift/github.com/grpc/grpc-ios,https://github.com/grpc/grpc-ios,not_matched,present
swiftpackageindex.com,pkg:swift/github.com/hackiftekhar/IQKeyboardManager,https://github.com/hackiftekhar/iqkeyboardmanager,not_matched,present
swiftpackageindex.com,pkg:swift/github.com/JohnSundell/CollectionConcurrencyKit,https://github.com/johnsundell/collectionconcurrencykit,not_matched,present
swiftpackageindex.com,pkg:swift/github.com/JohnSundell/ShellOut,https://github.com/johnsundell/shellout,not_matched,present
swiftpackageindex.com,pkg:swift/github.com/jpsim/SourceKitten,https://github.com/jpsim/sourcekitten,not_matched,present
swiftpackageindex.com,pkg:swift/github.com/jpsim/Yams,https://github.com/jpsim/yams,not_matched,present
swiftpackageindex.com,pkg:swift/github.com/kean/Nuke,https://github.com/kean/nuke,not_matched,missing
swiftpackageindex.com,pkg:swift/github.com/kishikawakatsumi/KeychainAccess,https://github.com/kishikawakatsumi/keychainaccess,not_matched,present
swiftpackageindex.com,pkg:swift/github.com/krzyzanowskim/CryptoSwift,https://github.com/krzyzanowskim/cryptoswift,not_matched,present
swiftpackageindex.com,pkg:swift/github.com/kylef/PathKit,https://github.com/kylef/pathkit,not_matched,present
swiftpackageindex.com,pkg:swift/github.com/Moya/Moya,https://github.com/moya/moya,not_matched,present
swiftpackageindex.com,pkg:swift/github.com/mxcl/PromiseKit,https://github.com/mxcl/promisekit,not_matched,present
swiftpackageindex.com,pkg:swift/github.com/onevcat/Kingfisher,https://github.com/onevcat/kingfisher,not_matched,missing
swiftpackageindex.com,pkg:swift/github.com/onevcat/Rainbow,https://github.com/onevcat/rainbow,not_matched,missing
swiftpackageindex.com,pkg:swift/github.com/openid/AppAuth-iOS,https://github.com/openid/appauth-ios,not_matched,missing
swiftpackageindex.com,pkg:swift/github.com/pointfreeco/combine-schedulers,https://github.com/pointfreeco/combine-schedulers,not_matched,missing
swiftpackageindex.com,pkg:swift/github.com/pointfreeco/swift-case-paths,https://github.com/pointfreeco/swift-case-paths,not_matched,missing
swiftpackageindex.com,pkg:swift/github.com/pointfreeco/swift-clocks,https://github.com/pointfreeco/swift-clocks,not_matched,missing
swiftpackageindex.com,pkg:swift/github.com/pointfreeco/swift-composable-architecture,https://github.com/pointfreeco/swift-composable-architecture,not_matched,present
swiftpackageindex.com,pkg:swift/github.com/pointfreeco/swift-custom-dump,https://github.com/pointfreeco/swift-custom-dump,not_matched,missing
swiftpackageindex.com,pkg:swift/github.com/pointfreeco/swift-dependencies,https://github.com/pointfreeco/swift-dependencies,not_matched,missing
swiftpackageindex.com,pkg:swift/github.com/pointfreeco/swift-identified-collections,https://github.com/pointfreeco/swift-identified-collections,not_matched,missing
swiftpackageindex.com,pkg:swift/github.com/pointfreeco/swift-snapshot-testing,https://github.com/pointfreeco/swift-snapshot-testing,dependencies,missing
swiftpackageindex.com,pkg:swift/github.com/pointfreeco/swiftui-navigation,https://github.com/pointfreeco/swiftui-navigation,not_matched,present
swiftpackageindex.com,pkg:swift/github.com/Quick/Nimble,https://github.com/quick/nimble,not_matched,present
swiftpackageindex.com,pkg:swift/github.com/Quick/Quick,https://github.com/quick/quick,not_matched,present
swiftpackageindex.com,pkg:swift/github.com/ReactiveCocoa/ReactiveSwift,https://github.com/reactivecocoa/reactiveswift,not_matched,present
swiftpackageindex.com,pkg:swift/github.com/ReactiveX/RxSwift,https://github.com/reactivex/rxswift,not_matched,present
swiftpackageindex.com,pkg:swift/github.com/realm/realm-core,https://github.com/realm/realm-core,not_matched,present
swiftpackageindex.com,pkg:swift/github.com/realm/realm-swift,https://github.com/realm/realm-swift,not_matched,present
swiftpackageindex.com,pkg:swift/github.com/realm/SwiftLint,https://github.com/realm/swiftlint,not_matched,missing
swiftpackageindex.com,pkg:swift/github.com/scinfu/SwiftSoup,https://github.com/scinfu/swiftsoup,not_matched,missing
swiftpackageindex.com,pkg:swift/github.com/scottrhoyt/SwiftyTextTable,https://github.com/scottrhoyt/swiftytexttable,not_matched,present
swiftpackageindex.com,pkg:swift/github.com/SDWebImage/SDWebImage,https://github.com/sdwebimage/sdwebimage,not_matched,present
swiftpackageindex.com,pkg:swift/github.com/SDWebImage/SDWebImageSwiftUI,https://github.com/sdwebimage/sdwebimageswiftui,not_matched,present
swiftpackageindex.com,pkg:swift/github.com/siteline/SwiftUI-Introspect,https://github.com/siteline/swiftui-introspect,not_matched,missing
swiftpackageindex.com,pkg:swift/github.com/SnapKit/SnapKit,https://github.com/snapkit/snapkit,not_matched,present
swiftpackageindex.com,pkg:swift/github.com/sparkle-project/Sparkle,https://github.com/sparkle-project/sparkle,not_matched,missing
swiftpackageindex.com,pkg:swift/github.com/stephencelis/SQLite.swift,https://github.com/stephencelis/sqlite.swift,not_matched,missing
swiftpackageindex.com,pkg:swift/github.com/swift-server/async-http-client,https://github.com/swift-server/async-http-client,not_matched,missing
swiftpackageindex.com,pkg:swift/github.com/swift-server/swift-backtrace,https://github.com/swift-server/swift-backtrace,not_matched,present
swiftpackageindex.com,pkg:swift/github.com/SwiftyJSON/SwiftyJSON,https://github.com/swiftyjson/swiftyjson,not_matched,present
swiftpackageindex.com,pkg:swift/github.com/tadija/AEXML,https://github.com/tadija/aexml,not_matched,present
swiftpackageindex.com,pkg:swift/github.com/twostraws/CodeScanner,https://github.com/twostraws/codescanner,not_matched,present
swiftpackageindex.com,pkg:swift/github.com/vapor/async-kit,https://github.com/vapor/async-kit,not_matched,present
swiftpackageindex.com,pkg:swift/github.com/vapor/console-kit,https://github.com/vapor/console-kit,not_matched,present
swiftpackageindex.com,pkg:swift/github.com/vapor/core,https://github.com/vapor/core,not_matched,present
swiftpackageindex.com,pkg:swift/github.com/vapor/database-kit,https://github.com/vapor/database-kit,not_matched,present
swiftpackageindex.com,pkg:swift/github.com/vapor/fluent,https://github.com/vapor/fluent,not_matched,present
swiftpackageindex.com,pkg:swift/github.com/vapor/fluent-kit,https://github.com/vapor/fluent-kit,not_matched,present
swiftpackageindex.com,pkg:swift/github.com/vapor/http,https://github.com/vapor/http,not_matched,present
swiftpackageindex.com,pkg:swift/github.com/vapor/leaf,https://github.com/vapor/leaf,not_matched,present
swiftpackageindex.com,pkg:swift/github.com/vapor/multipart-kit,https://github.com/vapor/multipart-kit,not_matched,missing
swiftpackageindex.com,pkg:swift/github.com/vapor/postgres-kit,https://github.com/vapor/postgres-kit,not_matched,missing
swiftpackageindex.com,pkg:swift/github.com/vapor/postgres-nio,https://github.com/vapor/postgres-nio,not_matched,missing
swiftpackageindex.com,pkg:swift/github.com/vapor/routing-kit,https://github.com/vapor/routing-kit,not_matched,present
swiftpackageindex.com,pkg:swift/github.com/vapor/service,https://github.com/vapor/service,not_matched,present
swiftpackageindex.com,pkg:swift/github.com/vapor/sql-kit,https://github.com/vapor/sql-kit,not_matched,present
swiftpackageindex.com,pkg:swift/github.com/vapor/template-kit,https://github.com/vapor/template-kit,not_matched,present
swiftpackageindex.com,pkg:swift/github.com/vapor/validation,https://github.com/vapor/validation,not_matched,present
swiftpackageindex.com,pkg:swift/github.com/vapor/vapor,https://github.com/vapor/vapor,not_matched,missing
swiftpackageindex.com,pkg:swift/github.com/vapor/websocket-kit,https://github.com/vapor/websocket-kit,not_matched,present
swiftpackageindex.com,pkg:swift/github.com/weichsel/ZIPFoundation,https://github.com/weichsel/zipfoundation,not_matched,missing
npmjs.org,pkg:npm/%40aws-sdk/credential-provider-node,https://github.com/aws/aws-sdk-js-v3,dependencies,missing
npmjs.org,pkg:npm/%40aws-sdk/credential-provider-process,https://github.com/aws/aws-sdk-js-v3,not_matched,missing
npmjs.org,pkg:npm/%40aws-sdk/credential-provider-sso,https://github.com/aws/aws-sdk-js-v3,not_matched,missing
npmjs.org,pkg:npm/%40aws-sdk/credential-provider-web-identity,https://github.com/aws/aws-sdk-js-v3,dependencies,missing
npmjs.org,pkg:npm/%40aws-sdk/middleware-bucket-endpoint,https://github.com/aws/aws-sdk-js-v3,not_matched,missing
npmjs.org,pkg:npm/%40aws-sdk/middleware-expect-continue,https://github.com/aws/aws-sdk-js-v3,not_matched,missing
npmjs.org,pkg:npm/%40aws-sdk/middleware-flexible-checksums,https://github.com/aws/aws-sdk-js-v3,not_matched,missing
npmjs.org,pkg:npm/%40aws-sdk/middleware-host-header,https://github.com/aws/aws-sdk-js-v3,not_matched,missing
npmjs.org,pkg:npm/%40aws-sdk/middleware-location-constraint,https://github.com/aws/aws-sdk-js-v3,not_matched,missing
npmjs.org,pkg:npm/%40aws-sdk/middleware-logger,https://github.com/aws/aws-sdk-js-v3,not_matched,missing
npmjs.org,pkg:npm/%40aws-sdk/middleware-recursion-detection,https://github.com/aws/aws-sdk-js-v3,not_matched,missing
npmjs.org,pkg:npm/%40aws-sdk/middleware-sdk-s3,https://github.com/aws/aws-sdk-js-v3,not_matched,missing
npmjs.org,pkg:npm/%40aws-sdk/middleware-signing,https://github.com/aws/aws-sdk-js-v3,not_matched,missing
npmjs.org,pkg:npm/%40aws-sdk/middleware-ssec,https://github.com/aws/aws-sdk-js-v3,not_matched,missing
npmjs.org,pkg:npm/%40aws-sdk/middleware-user-agent,https://github.com/aws/aws-sdk-js-v3,not_matched,missing
npmjs.org,pkg:npm/%40aws-sdk/region-config-resolver,https://github.com/aws/aws-sdk-js-v3,not_matched,missing
npmjs.org,pkg:npm/%40aws-sdk/signature-v4-multi-region,https://github.com/aws/aws-sdk-js-v3,not_matched,missing
npmjs.org,pkg:npm/%40aws-sdk/token-providers,https://github.com/aws/aws-sdk-js-v3,not_matched,missing
npmjs.org,pkg:npm/%40aws-sdk/types,https://github.com/aws/aws-sdk-js-v3,dependencies,missing
npmjs.org,pkg:npm/%40aws-sdk/util-arn-parser,https://github.com/aws/aws-sdk-js-v3,not_matched,missing
npmjs.org,pkg:npm/%40aws-sdk/util-endpoints,https://github.com/aws/aws-sdk-js-v3,not_matched,missing
npmjs.org,pkg:npm/%40aws-sdk/util-locate-window,https://github.com/aws/aws-sdk-js-v3,not_matched,missing
npmjs.org,pkg:npm/%40aws-sdk/util-user-agent-browser,https://github.com/aws/aws-sdk-js-v3,not_matched,missing
npmjs.org,pkg:npm/%40aws-sdk/util-user-agent-node,https://github.com/aws/aws-sdk-js-v3,not_matched,missing
npmjs.org,pkg:npm/%40aws-sdk/util-utf8-browser,https://github.com/aws/aws-sdk-js-v3,not_matched,missing
npmjs.org,pkg:npm/%40aws-sdk/xml-builder,https://github.com/aws/aws-sdk-js-v3,not_matched,missing
npmjs.org,pkg:npm/aws-sign2,https://github.com/mikeal/aws-sign,not_matched,present
npmjs.org,pkg:npm/axe-core,https://github.com/dequelabs/axe-core,not_matched,missing
npmjs.org,pkg:npm/axios,https://github.com/axios/axios,not_matched,missing
npmjs.org,pkg:npm/axobject-query,https://github.com/a11yance/axobject-query,not_matched,present
npmjs.org,pkg:npm/%40azure/abort-controller,https://github.com/azure/azure-sdk-for-js,not_matched,missing
npmjs.org,pkg:npm/%40azure/core-tracing,https://github.com/azure/azure-sdk-for-js,not_matched,missing
npmjs.org,pkg:npm/b4a,https://github.com/holepunchto/b4a,not_matched,present
npmjs.org,pkg:npm/%40babel/code-frame,https://github.com/babel/babel,not_matched,present
npmjs.org,pkg:npm/%40babel/compat-data,https://github.com/babel/babel,not_matched,present
npmjs.org,pkg:npm/%40babel/core,https://github.com/babel/babel,not_matched,present
npmjs.org,pkg:npm/babel-core,https://github.com/babel/babel,not_matched,present
npmjs.org,pkg:npm/%40babel/eslint-parser,https://github.com/babel/babel,not_matched,present
npmjs.org,pkg:npm/%40babel/generator,https://github.com/babel/babel,not_matched,present
npmjs.org,pkg:npm/%40babel/helper-annotate-as-pure,https://github.com/babel/babel,not_matched,present
npmjs.org,pkg:npm/%40babel/helper-builder-binary-assignment-operator-visitor,https://github.com/babel/babel,not_matched,present
npmjs.org,pkg:npm/%40babel/helper-compilation-targets,https://github.com/babel/babel,not_matched,present
npmjs.org,pkg:npm/%40babel/helper-create-class-features-plugin,https://github.com/babel/babel,not_matched,present
npmjs.org,pkg:npm/%40babel/helper-create-regexp-features-plugin,https://github.com/babel/babel,not_matched,present
npmjs.org,pkg:npm/%40babel/helper-define-polyfill-provider,https://github.com/babel/babel-polyfills,not_matched,present
npmjs.org,pkg:npm/%40babel/helper-environment-visitor,https://github.com/babel/babel,not_matched,present
npmjs.org,pkg:npm/%40babel/helper-explode-assignable-expression,https://github.com/babel/babel,not_matched,present
npmjs.org,pkg:npm/%40babel/helper-function-name,https://github.com/babel/babel,not_matched,present
npmjs.org,pkg:npm/%40babel/helper-hoist-variables,https://github.com/babel/babel,not_matched,present
npmjs.org,pkg:npm/%40babel/helper-member-expression-to-functions,https://github.com/babel/babel,not_matched,present
npmjs.org,pkg:npm/%40babel/helper-module-imports,https://github.com/babel/babel,not_matched,present
npmjs.org,pkg:npm/%40babel/helper-module-transforms,https://github.com/babel/babel,not_matched,present
npmjs.org,pkg:npm/%40babel/helper-optimise-call-expression,https://github.com/babel/babel,not_matched,present
npmjs.org,pkg:npm/%40babel/helper-plugin-utils,https://github.com/babel/babel,not_matched,present
npmjs.org,pkg:npm/%40babel/helper-remap-async-to-generator,https://github.com/babel/babel,not_matched,present
npmjs.org,pkg:npm/%40babel/helper-replace-supers,https://github.com/babel/babel,not_matched,present
npmjs.org,pkg:npm/%40babel/helpers,https://github.com/babel/babel,not_matched,present
npmjs.org,pkg:npm/%40babel/helper-simple-access,https://github.com/babel/babel,not_matched,present
npmjs.org,pkg:npm/%40babel/helper-skip-transparent-expression-wrappers,https://github.com/babel/babel,not_matched,present
npmjs.org,pkg:npm/%40babel/helper-split-export-declaration,https://github.com/babel/babel,not_matched,present
npmjs.org,pkg:npm/%40babel/helper-string-parser,https://github.com/babel/babel,not_matched,present
npmjs.org,pkg:npm/%40babel/helper-validator-identifier,https://github.com/babel/babel,not_matched,present
npmjs.org,pkg:npm/%40babel/helper-validator-option,https://github.com/babel/babel,not_matched,present
npmjs.org,pkg:npm/%40babel/helper-wrap-function,https://github.com/babel/babel,not_matched,present
npmjs.org,pkg:npm/%40babel/highlight,https://github.com/babel/babel,not_matched,present
npmjs.org,pkg:npm/babel-jest,https://github.com/jestjs/jest,not_matched,missing
npmjs.org,pkg:npm/babel-loader,https://github.com/babel/babel-loader,not_matched,present
npmjs.org,pkg:npm/%40babel/parser,https://github.com/babel/babel,not_matched,present
npmjs.org,pkg:npm/%40babel/plugin-bugfix-firefox-class-in-computed-class-key,https://github.com/babel/babel,not_matched,present
npmjs.org,pkg:npm/%40babel/plugin-bugfix-safari-class-field-initializer-scope,https://github.com/babel/babel,dependencies,present
npmjs.org,pkg:npm/%40babel/plugin-bugfix-safari-id-destructuring-collision-in-function-expression,https://github.com/babel/babel,not_matched,present
npmjs.org,pkg:npm/%40babel/plugin-bugfix-v8-spread-parameters-in-optional-chaining,https://github.com/babel/babel,not_matched,present
npmjs.org,pkg:npm/%40babel/plugin-bugfix-v8-static-class-fields-redefine-readonly,https://github.com/babel/babel,not_matched,present
npmjs.org,pkg:npm/babel-plugin-dynamic-import-node,https://github.com/airbnb/babel-plugin-dynamic-import-node,not_matched,present
npmjs.org,pkg:npm/babel-plugin-istanbul,https://github.com/istanbuljs/babel-plugin-istanbul,not_matched,present
npmjs.org,pkg:npm/babel-plugin-jest-hoist,https://github.com/jestjs/jest,not_matched,missing
npmjs.org,pkg:npm/babel-plugin-macros,https://github.com/kentcdodds/babel-plugin-macros,not_matched,present
npmjs.org,pkg:npm/babel-plugin-polyfill-corejs2,https://github.com/babel/babel-polyfills,not_matched,present
npmjs.org,pkg:npm/babel-plugin-polyfill-corejs3,https://github.com/babel/babel-polyfills,not_matched,present
npmjs.org,pkg:npm/babel-plugin-polyfill-regenerator,https://github.com/babel/babel-polyfills,not_matched,present
npmjs.org,pkg:npm/%40babel/plugin-proposal-decorators,https://github.com/babel/babel,not_matched,present
npmjs.org,pkg:npm/%40babel/plugin-syntax-async-generators,https://github.com/babel/babel,not_matched,present
npmjs.org,pkg:npm/%40babel/plugin-syntax-bigint,https://github.com/babel/babel,not_matched,present
npmjs.org,pkg:npm/%40babel/plugin-syntax-class-properties,https://github.com/babel/babel,not_matched,present
npmjs.org,pkg:npm/%40babel/plugin-syntax-class-static-block,https://github.com/babel/babel,not_matched,present
npmjs.org,pkg:npm/%40babel/plugin-syntax-decorators,https://github.com/babel/babel,not_matched,present
npmjs.org,pkg:npm/%40babel/plugin-syntax-dynamic-import,https://github.com/babel/babel,not_matched,present
npmjs.org,pkg:npm/%40babel/plugin-syntax-export-namespace-from,https://github.com/babel/babel,not_matched,present
npmjs.org,pkg:npm/%40babel/plugin-syntax-flow,https://github.com/babel/babel,not_matched,present
npmjs.org,pkg:npm/%40babel/plugin-syntax-import-assertions,https://github.com/babel/babel,not_matched,present
npmjs.org,pkg:npm/%40babel/plugin-syntax-import-attributes,https://github.com/babel/babel,not_matched,present
npmjs.org,pkg:npm/%40babel/plugin-syntax-import-meta,https://github.com/babel/babel,not_matched,present
npmjs.org,pkg:npm/%40babel/plugin-syntax-json-strings,https://github.com/babel/babel,not_matched,present
npmjs.org,pkg:npm/%40babel/plugin-syntax-jsx,https://github.com/babel/babel,not_matched,present
npmjs.org,pkg:npm/%40babel/plugin-syntax-logical-assignment-operators,https://github.com/babel/babel,not_matched,present
npmjs.org,pkg:npm/%40babel/plugin-syntax-nullish-coalescing-operator,https://github.com/babel/babel,not_matched,present
npmjs.org,pkg:npm/%40babel/plugin-syntax-numeric-separator,https://github.com/babel/babel,not_matched,present
npmjs.org,pkg:npm/%40babel/plugin-syntax-object-rest-spread,https://github.com/babel/babel,not_matched,present
npmjs.org,pkg:npm/%40babel/plugin-syntax-optional-catch-binding,https://github.com/babel/babel,not_matched,present
npmjs.org,pkg:npm/%40babel/plugin-syntax-optional-chaining,https://github.com/babel/babel,not_matched,present
npmjs.org,pkg:npm/%40babel/plugin-syntax-private-property-in-object,https://github.com/babel/babel,not_matched,present
npmjs.org,pkg:npm/%40babel/plugin-syntax-top-level-await,https://github.com/babel/babel,not_matched,present
npmjs.org,pkg:npm/%40babel/plugin-syntax-typescript,https://github.com/babel/babel,not_matched,present
npmjs.org,pkg:npm/%40babel/plugin-syntax-unicode-sets-regex,https://github.com/babel/babel,dependencies,present
npmjs.org,pkg:npm/%40babel/plugin-transform-arrow-functions,https://github.com/babel/babel,not_matched,present
npmjs.org,pkg:npm/%40babel/plugin-transform-async-generator-functions,https://github.com/babel/babel,not_matched,present
npmjs.org,pkg:npm/%40babel/plugin-transform-async-to-generator,https://github.com/babel/babel,not_matched,present
npmjs.org,pkg:npm/%40babel/plugin-transform-block-scoped-functions,https://github.com/babel/babel,not_matched,present
npmjs.org,pkg:npm/%40babel/plugin-transform-block-scoping,https://github.com/babel/babel,not_matched,present
npmjs.org,pkg:npm/%40babel/plugin-transform-classes,https://github.com/babel/babel,not_matched,present
npmjs.org,pkg:npm/%40babel/plugin-transform-class-properties,https://github.com/babel/babel,not_matched,present
npmjs.org,pkg:npm/%40babel/plugin-transform-class-static-block,https://github.com/babel/babel,not_matched,present
npmjs.org,pkg:npm/%40babel/plugin-transform-computed-properties,https://github.com/babel/babel,not_matched,present
npmjs.org,pkg:npm/%40babel/plugin-transform-destructuring,https://github.com/babel/babel,not_matched,present
npmjs.org,pkg:npm/%40babel/plugin-transform-dotall-regex,https://github.com/babel/babel,not_matched,present
npmjs.org,pkg:npm/%40babel/plugin-transform-duplicate-keys,https://github.com/babel/babel,not_matched,present
npmjs.org,pkg:npm/%40babel/plugin-transform-duplicate-named-capturing-groups-regex,https://github.com/babel/babel,dependencies,present
npmjs.org,pkg:npm/%40babel/plugin-transform-dynamic-import,https://github.com/babel/babel,not_matched,present
npmjs.org,pkg:npm/%40babel/plugin-transform-exponentiation-operator,https://github.com/babel/babel,not_matched,present
npmjs.org,pkg:npm/%40babel/plugin-transform-export-namespace-from,https://github.com/babel/babel,not_matched,present
npmjs.org,pkg:npm/%40babel/plugin-transform-flow-strip-types,https://github.com/babel/babel,not_matched,present
npmjs.org,pkg:npm/%40babel/plugin-transform-for-of,https://github.com/babel/babel,not_matched,present
npmjs.org,pkg:npm/%40babel/plugin-transform-function-name,https://github.com/babel/babel,not_matched,present
npmjs.org,pkg:npm/%40babel/plugin-transform-json-strings,https://github.com/babel/babel,not_matched,present
npmjs.org,pkg:npm/%40babel/plugin-transform-literals,https://github.com/babel/babel,not_matched,present
npmjs.org,pkg:npm/%40babel/plugin-transform-logical-assignment-operators,https://github.com/babel/babel,not_matched,present
npmjs.org,pkg:npm/%40babel/plugin-transform-member-expression-literals,https://github.com/babel/babel,not_matched,present
npmjs.org,pkg:npm/%40babel/plugin-transform-modules-amd,https://github.com/babel/babel,not_matched,present
npmjs.org,pkg:npm/%40babel/plugin-transform-modules-commonjs,https://github.com/babel/babel,not_matched,present
npmjs.org,pkg:npm/%40babel/plugin-transform-modules-systemjs,https://github.com/babel/babel,not_matched,present
npmjs.org,pkg:npm/%40babel/plugin-transform-modules-umd,https://github.com/babel/babel,not_matched,present
npmjs.org,pkg:npm/%40babel/plugin-transform-named-capturing-groups-regex,https://github.com/babel/babel,not_matched,present
npmjs.org,pkg:npm/%40babel/plugin-transform-new-target,https://github.com/babel/babel,not_matched,present
npmjs.org,pkg:npm/%40babel/plugin-transform-nullish-coalescing-operator,https://github.com/babel/babel,not_matched,present
npmjs.org,pkg:npm/%40babel/plugin-transform-numeric-separator,https://github.com/babel/babel,not_matched,present
npmjs.org,pkg:npm/%40babel/plugin-transform-object-rest-spread,https://github.com/babel/babel,not_matched,present
npmjs.org,pkg:npm/%40babel/plugin-transform-object-super,https://github.com/babel/babel,not_matched,present
npmjs.org,pkg:npm/%40babel/plugin-transform-optional-catch-binding,https://github.com/babel/babel,not_matched,present
npmjs.org,pkg:npm/%40babel/plugin-transform-optional-chaining,https://github.com/babel/babel,not_matched,present
npmjs.org,pkg:npm/%40babel/plugin-transform-parameters,https://github.com/babel/babel,not_matched,present
npmjs.org,pkg:npm/%40babel/plugin-transform-private-methods,https://github.com/babel/babel,not_matched,present
npmjs.org,pkg:npm/%40babel/plugin-transform-private-property-in-object,https://github.com/babel/babel,not_matched,present
npmjs.org,pkg:npm/%40babel/plugin-transform-property-literals,https://github.com/babel/babel,not_matched,present
npmjs.org,pkg:npm/%40babel/plugin-transform-react-constant-elements,https://github.com/babel/babel,not_matched,present
npmjs.org,pkg:npm/%40babel/plugin-transform-react-display-name,https://github.com/babel/babel,not_matched,present
npmjs.org,pkg:npm/%40babel/plugin-transform-react-jsx,https://github.com/babel/babel,not_matched,present
npmjs.org,pkg:npm/%40babel/plugin-transform-react-jsx-development,https://github.com/babel/babel,not_matched,present
npmjs.org,pkg:npm/%40babel/plugin-transform-react-jsx-self,https://github.com/babel/babel,not_matched,present
npmjs.org,pkg:npm/%40babel/plugin-transform-react-jsx-source,https://github.com/babel/babel,not_matched,present
npmjs.org,pkg:npm/%40babel/plugin-transform-react-pure-annotations,https://github.com/babel/babel,not_matched,present
npmjs.org,pkg:npm/%40babel/plugin-transform-regenerator,https://github.com/babel/babel,not_matched,present
npmjs.org,pkg:npm/%40babel/plugin-transform-reserved-words,https://github.com/babel/babel,not_matched,present
npmjs.org,pkg:npm/%40babel/plugin-transform-runtime,https://github.com/babel/babel,not_matched,present
npmjs.org,pkg:npm/%40babel/plugin-transform-shorthand-properties,https://github.com/babel/babel,not_matched,present
npmjs.org,pkg:npm/%40babel/plugin-transform-spread,https://github.com/babel/babel,not_matched,present
npmjs.org,pkg:npm/%40babel/plugin-transform-sticky-regex,https://github.com/babel/babel,not_matched,present
npmjs.org,pkg:npm/%40babel/plugin-transform-template-literals,https://github.com/babel/babel,not_matched,present
npmjs.org,pkg:npm/%40babel/plugin-transform-typeof-symbol,https://github.com/babel/babel,not_matched,present
npmjs.org,pkg:npm/%40babel/plugin-transform-typescript,https://github.com/babel/babel,not_matched,present
npmjs.org,pkg:npm/%40babel/plugin-transform-unicode-escapes,https://github.com/babel/babel,not_matched,present
npmjs.org,pkg:npm/%40babel/plugin-transform-unicode-property-regex,https://github.com/babel/babel,not_matched,present
npmjs.org,pkg:npm/%40babel/plugin-transform-unicode-regex,https://github.com/babel/babel,not_matched,present
npmjs.org,pkg:npm/%40babel/plugin-transform-unicode-sets-regex,https://github.com/babel/babel,dependencies,present
npmjs.org,pkg:npm/babel-preset-current-node-syntax,https://github.com/nicolo-ribaudo/babel-preset-current-node-syntax,not_matched,present
npmjs.org,pkg:npm/%40babel/preset-env,https://github.com/babel/babel,not_matched,present
npmjs.org,pkg:npm/%40babel/preset-flow,https://github.com/babel/babel,not_matched,present
npmjs.org,pkg:npm/babel-preset-jest,https://github.com/jestjs/jest,not_matched,missing
npmjs.org,pkg:npm/%40babel/preset-modules,https://github.com/babel/preset-modules,not_matched,present
npmjs.org,pkg:npm/%40babel/preset-react,https://github.com/babel/babel,not_matched,present
npmjs.org,pkg:npm/%40babel/preset-typescript,https://github.com/babel/babel,not_matched,present
npmjs.org,pkg:npm/%40babel/register,https://github.com/babel/babel,not_matched,present
npmjs.org,pkg:npm/%40babel/regjsgen,https://github.com/bnjmnt4n/regjsgen,not_matched,missing
npmjs.org,pkg:npm/%40babel/runtime,https://github.com/babel/babel,not_matched,present
npmjs.org,pkg:npm/babel-runtime,https://github.com/babel/babel,not_matched,present
npmjs.org,pkg:npm/%40babel/runtime-corejs3,https://github.com/babel/babel,not_matched,present
npmjs.org,pkg:npm/%40babel/template,https://github.com/babel/babel,not_matched,present
npmjs.org,pkg:npm/%40babel/traverse,https://github.com/babel/babel,not_matched,present
npmjs.org,pkg:npm/%40babel/types,https://github.com/babel/babel,not_matched,present
npmjs.org,pkg:npm/bail,https://github.com/wooorm/bail,not_matched,present
npmjs.org,pkg:npm/balanced-match,https://github.com/juliangruber/balanced-match,not_matched,present
npmjs.org,pkg:npm/bare-events,https://github.com/holepunchto/bare-events,not_matched,missing
npmjs.org,pkg:npm/base,https://github.com/node-base/base,not_matched,present
npmjs.org,pkg:npm/base64id,https://github.com/faeldt/base64id,not_matched,present
npmjs.org,pkg:npm/base64-js,https://github.com/beatgammit/base64-js,not_matched,present
npmjs.org,pkg:npm/basic-auth,https://github.com/jshttp/basic-auth,not_matched,present
npmjs.org,pkg:npm/basic-ftp,https://github.com/patrickjuchli/basic-ftp,not_matched,missing
npmjs.org,pkg:npm/batch,https://github.com/visionmedia/batch,not_matched,present
npmjs.org,pkg:npm/%40bcoe/v8-coverage,https://github.com/bcoe/v8-coverage,not_matched,present
npmjs.org,pkg:npm/bcrypt-pbkdf,https://github.com/joyent/node-bcrypt-pbkdf,not_matched,present
npmjs.org,pkg:npm/before-after-hook,https://github.com/gr2m/before-after-hook,not_matched,present
npmjs.org,pkg:npm/better-opn,https://github.com/exiasr/better-opn,not_matched,present
npmjs.org,pkg:npm/big-integer,https://github.com/peterolson/biginteger.js,not_matched,present
npmjs.org,pkg:npm/big.js,https://github.com/mikemcl/big.js,not_matched,present
npmjs.org,pkg:npm/bignumber.js,https://github.com/mikemcl/bignumber.js,not_matched,present
npmjs.org,pkg:npm/binary-extensions,https://github.com/sindresorhus/binary-extensions,not_matched,missing
npmjs.org,pkg:npm/bindings,https://github.com/tootallnate/node-bindings,not_matched,present
npmjs.org,pkg:npm/bl,https://github.com/rvagg/bl,not_matched,present
npmjs.org,pkg:npm/bluebird,https://github.com/petkaantonov/bluebird,not_matched,present
npmjs.org,pkg:npm/bn.js,https://github.com/indutny/bn.js,not_matched,present
npmjs.org,pkg:npm/body-parser,https://github.com/expressjs/body-parser,not_matched,missing
npmjs.org,pkg:npm/bonjour-service,https://github.com/onlxltd/bonjour-service,not_matched,present
npmjs.org,pkg:npm/boolbase,https://github.com/fb55/boolbase,not_matched,present
npmjs.org,pkg:npm/bowser,https://github.com/bowser-js/bowser,not_matched,missing
npmjs.org,pkg:npm/boxen,https://github.com/sindresorhus/boxen,not_matched,missing
npmjs.org,pkg:npm/bplist-parser,https://github.com/joeferner/node-bplist-parser,not_matched,present
npmjs.org,pkg:npm/brace-expansion,https://github.com/juliangruber/brace-expansion,not_matched,missing
npmjs.org,pkg:npm/braces,https://github.com/micromatch/braces,not_matched,present
npmjs.org,pkg:npm/brorand,https://github.com/indutny/brorand,not_matched,present
npmjs.org,pkg:npm/browserify-aes,https://github.com/crypto-browserify/browserify-aes,not_matched,present
npmjs.org,pkg:npm/browserify-cipher,https://github.com/crypto-browserify/browserify-cipher,not_matched,present
npmjs.org,pkg:npm/browserify-des,https://github.com/crypto-browserify/browserify-des,not_matched,present
npmjs.org,pkg:npm/browserify-rsa,https://github.com/crypto-browserify/browserify-rsa,not_matched,present
npmjs.org,pkg:npm/browserify-sign,https://github.com/crypto-browserify/browserify-sign,not_matched,present
npmjs.org,pkg:npm/browserify-zlib,https://github.com/devongovett/browserify-zlib,not_matched,present
npmjs.org,pkg:npm/browser-process-hrtime,https://github.com/kumavis/browser-process-hrtime,not_matched,present
npmjs.org,pkg:npm/browserslist,https://github.com/browserslist/browserslist,not_matched,missing
npmjs.org,pkg:npm/browser-stdout,https://github.com/kumavis/browser-stdout,not_matched,present
npmjs.org,pkg:npm/bser,https://github.com/facebook/watchman,not_matched,missing
npmjs.org,pkg:npm/bs-logger,https://github.com/huafu/bs-logger,not_matched,present
npmjs.org,pkg:npm/bson,https://github.com/mongodb/js-bson,dependencies,missing
npmjs.org,pkg:npm/buffer,https://github.com/feross/buffer,not_matched,present
npmjs.org,pkg:npm/buffer-crc32,https://github.com/brianloveswords/buffer-crc32,not_matched,present
npmjs.org,pkg:npm/buffer-equal-constant-time,https://github.com/goinstant/buffer-equal-constant-time,not_matched,present
npmjs.org,pkg:npm/buffer-from,https://github.com/linusu/buffer-from,not_matched,present
npmjs.org,pkg:npm/buffer-xor,https://github.com/crypto-browserify/buffer-xor,not_matched,present
npmjs.org,pkg:npm/builtin-modules,https://github.com/sindresorhus/builtin-modules,not_matched,present
npmjs.org,pkg:npm/builtins,https://github.com/juliangruber/builtins,not_matched,present
npmjs.org,pkg:npm/builtin-status-codes,https://github.com/bendrucker/builtin-status-codes,not_matched,present
npmjs.org,pkg:npm/busboy,https://github.com/mscdex/busboy,not_matched,present
npmjs.org,pkg:npm/bytes,https://github.com/visionmedia/bytes.js,not_matched,present
npmjs.org,pkg:npm/cac,https://github.com/cacjs/cac,not_matched,missing
npmjs.org,pkg:npm/cacache,https://github.com/npm/cacache,not_matched,present
npmjs.org,pkg:npm/cacheable-lookup,https://github.com/szmarczak/cacheable-lookup,not_matched,present
npmjs.org,pkg:npm/cacheable-request,https://github.com/jaredwray/cacheable,not_matched,present
npmjs.org,pkg:npm/cache-base,https://github.com/jonschlinkert/cache-base,not_matched,present
npmjs.org,pkg:npm/cachedir,https://github.com/linusu/node-cachedir,not_matched,present
npmjs.org,pkg:npm/call-bind,https://github.com/ljharb/call-bind,not_matched,present
npmjs.org,pkg:npm/caller-callsite,https://github.com/sindresorhus/caller-callsite,not_matched,missing
npmjs.org,pkg:npm/caller-path,https://github.com/sindresorhus/caller-path,not_matched,missing
npmjs.org,pkg:npm/call-me-maybe,https://github.com/limulus/call-me-maybe,not_matched,present
npmjs.org,pkg:npm/callsites,https://github.com/sindresorhus/callsites,not_matched,missing
npmjs.org,pkg:npm/camel-case,https://github.com/blakeembrey/change-case,not_matched,present
npmjs.org,pkg:npm/camelcase,https://github.com/sindresorhus/camelcase,not_matched,present
npmjs.org,pkg:npm/camelcase-css,https://github.com/stevenvachon/camelcase-css,not_matched,present
npmjs.org,pkg:npm/camelcase-keys,https://github.com/sindresorhus/camelcase-keys,not_matched,missing
npmjs.org,pkg:npm/camelize,https://github.com/ljharb/camelize,not_matched,present
npmjs.org,pkg:npm/caniuse-api,https://github.com/moox/caniuse-api,not_matched,missing
npmjs.org,pkg:npm/caniuse-lite,https://github.com/browserslist/caniuse-lite,not_matched,missing
npmjs.org,pkg:npm/capital-case,https://github.com/blakeembrey/change-case,not_matched,present
npmjs.org,pkg:npm/caseless,https://github.com/mikeal/caseless,not_matched,present
npmjs.org,pkg:npm/case-sensitive-paths-webpack-plugin,https://github.com/urthen/case-sensitive-paths-webpack-plugin,not_matched,present
npmjs.org,pkg:npm/ccount,https://github.com/wooorm/ccount,not_matched,present
npmjs.org,pkg:npm/chai,https://github.com/chaijs/chai,not_matched,missing
npmjs.org,pkg:npm/chalk,https://github.com/chalk/chalk,not_matched,present
npmjs.org,pkg:npm/change-case,https://github.com/blakeembrey/change-case,not_matched,present
npmjs.org,pkg:npm/change-case-all,https://github.com/btxtiger/change-case-all,not_matched,present
npmjs.org,pkg:npm/character-entities,https://github.com/wooorm/character-entities,not_matched,present
npmjs.org,pkg:npm/character-entities-legacy,https://github.com/wooorm/character-entities-legacy,not_matched,present
npmjs.org,pkg:npm/character-reference-invalid,https://github.com/wooorm/character-reference-invalid,not_matched,present
npmjs.org,pkg:npm/chardet,https://github.com/runk/node-chardet,not_matched,present
npmjs.org,pkg:npm/charenc,https://github.com/pvorb/node-charenc,not_matched,present
npmjs.org,pkg:npm/char-regex,https://github.com/richienb/char-regex,not_matched,present
npmjs.org,pkg:npm/check-error,https://github.com/chaijs/check-error,not_matched,present
npmjs.org,pkg:npm/check-more-types,https://github.com/kensho/check-more-types,not_matched,present
npmjs.org,pkg:npm/cheerio,https://github.com/cheeriojs/cheerio,not_matched,missing
npmjs.org,pkg:npm/cheerio-select,https://github.com/cheeriojs/cheerio-select,not_matched,missing
npmjs.org,pkg:npm/chokidar,https://github.com/paulmillr/chokidar,not_matched,present
npmjs.org,pkg:npm/chownr,https://github.com/isaacs/chownr,not_matched,present
npmjs.org,pkg:npm/chrome-trace-event,https://github.com/samccone/chrome-trace-event,not_matched,present
npmjs.org,pkg:npm/ci-info,https://github.com/watson/ci-info,not_matched,present
npmjs.org,pkg:npm/cipher-base,https://github.com/crypto-browserify/cipher-base,not_matched,present
npmjs.org,pkg:npm/cjs-module-lexer,https://github.com/nodejs/cjs-module-lexer,not_matched,present
npmjs.org,pkg:npm/classnames,https://github.com/jedwatson/classnames,not_matched,present
npmjs.org,pkg:npm/class-utils,https://github.com/jonschlinkert/class-utils,not_matched,present
npmjs.org,pkg:npm/clean-css,https://github.com/clean-css/clean-css,not_matched,present
npmjs.org,pkg:npm/clean-stack,https://github.com/sindresorhus/clean-stack,not_matched,missing
npmjs.org,pkg:npm/cli-boxes,https://github.com/sindresorhus/cli-boxes,not_matched,missing
npmjs.org,pkg:npm/cli-cursor,https://github.com/sindresorhus/cli-cursor,not_matched,missing
npmjs.org,pkg:npm/client-only,,not_matched,no_repository
npmjs.org,pkg:npm/cli-spinners,https://github.com/sindresorhus/cli-spinners,not_matched,missing
npmjs.org,pkg:npm/cli-table3,https://github.com/cli-table/cli-table3,not_matched,present
npmjs.org,pkg:npm/cli-truncate,https://github.com/sindresorhus/cli-truncate,not_matched,missing
npmjs.org,pkg:npm/cliui,https://github.com/yargs/cliui,not_matched,missing
npmjs.org,pkg:npm/cli-width,https://github.com/knownasilya/cli-width,not_matched,present
npmjs.org,pkg:npm/clone,https://github.com/pvorb/node-clone,not_matched,present
npmjs.org,pkg:npm/clone-deep,https://github.com/jonschlinkert/clone-deep,not_matched,present
npmjs.org,pkg:npm/clone-response,https://github.com/sindresorhus/clone-response,not_matched,missing
npmjs.org,pkg:npm/clsx,https://github.com/lukeed/clsx,not_matched,present
npmjs.org,pkg:npm/cluster-key-slot,https://github.com/salakar/cluster-key-slot,not_matched,present
npmjs.org,pkg:npm/co,https://github.com/tj/co,not_matched,present
npmjs.org,pkg:npm/coa,https://github.com/veged/coa,not_matched,present
npmjs.org,pkg:npm/code-point-at,https://github.com/sindresorhus/code-point-at,not_matched,present
npmjs.org,pkg:npm/collection-visit,https://github.com/jonschlinkert/collection-visit,not_matched,present
npmjs.org,pkg:npm/collect-v8-coverage,https://github.com/simenb/collect-v8-coverage,not_matched,missing
npmjs.org,pkg:npm/color,https://github.com/qix-/color,not_matched,present
npmjs.org,pkg:npm/color-convert,https://github.com/qix-/color-convert,not_matched,present
npmjs.org,pkg:npm/colord,https://github.com/omgovich/colord,not_matched,present
npmjs.org,pkg:npm/colorette,https://github.com/jorgebucaran/colorette,not_matched,present
npmjs.org,pkg:npm/color-name,https://github.com/colorjs/color-name,not_matched,present
npmjs.org,pkg:npm/colors,https://github.com/marak/colors.js,not_matched,present
npmjs.org,pkg:npm/%40colors/colors,https://github.com/dabh/colors.js,not_matched,missing
npmjs.org,pkg:npm/colorspace,https://github.com/3rd-eden/colorspace,not_matched,present
npmjs.org,pkg:npm/color-string,https://github.com/qix-/color-string,not_matched,present
npmjs.org,pkg:npm/color-support,https://github.com/isaacs/color-support,not_matched,present
npmjs.org,pkg:npm/combined-stream,https://github.com/felixge/node-combined-stream,not_matched,present
npmjs.org,pkg:npm/commander,https://github.com/tj/commander.js,not_matched,present
npmjs.org,pkg:npm/comma-separated-tokens,https://github.com/wooorm/comma-separated-tokens,not_matched,present
npmjs.org,pkg:npm/commondir,https://github.com/substack/node-commondir,not_matched,unknown
npmjs.org,pkg:npm/common-path-prefix,https://github.com/novemberborn/common-path-prefix,not_matched,present
npmjs.org,pkg:npm/common-tags,https://github.com/zspecza/common-tags,not_matched,present
npmjs.org,pkg:npm/compare-func,https://github.com/stevemao/compare-func,not_matched,present
npmjs.org,pkg:npm/component-emitter,https://github.com/sindresorhus/component-emitter,not_matched,missing
npmjs.org,pkg:npm/compress-commons,https://github.com/archiverjs/node-compress-commons,not_matched,present
npmjs.org,pkg:npm/compressible,https://github.com/jshttp/compressible,not_matched,present
npmjs.org,pkg:npm/compression,https://github.com/expressjs/compression,not_matched,missing
npmjs.org,pkg:npm/concat-map,https://github.com/ljharb/concat-map,not_matched,present
npmjs.org,pkg:npm/concat-stream,https://github.com/maxogden/concat-stream,not_matched,present
npmjs.org,pkg:npm/config-chain,https://github.com/dominictarr/config-chain,not_matched,missing
npmjs.org,pkg:npm/configstore,https://github.com/sindresorhus/configstore,not_matched,present
npmjs.org,pkg:npm/confusing-browser-globals,https://github.com/facebook/create-react-app,not_matched,present
npmjs.org,pkg:npm/connect,https://github.com/senchalabs/connect,not_matched,present
npmjs.org,pkg:npm/connect-history-api-fallback,https://github.com/bripkens/connect-history-api-fallback,not_matched,present
npmjs.org,pkg:npm/consola,https://github.com/unjs/consola,not_matched,present
npmjs.org,pkg:npm/console-browserify,https://github.com/browserify/console-browserify,not_matched,present
npmjs.org,pkg:npm/console-control-strings,https://github.com/iarna/console-control-strings,not_matched,present
npmjs.org,pkg:npm/constant-case,https://github.com/blakeembrey/change-case,not_matched,present
npmjs.org,pkg:npm/constants-browserify,https://github.com/juliangruber/constants-browserify,not_matched,present
npmjs.org,pkg:npm/content-disposition,https://github.com/jshttp/content-disposition,not_matched,present
npmjs.org,pkg:npm/content-type,https://github.com/jshttp/content-type,not_matched,present
npmjs.org,pkg:npm/conventional-changelog-angular,https://github.com/conventional-changelog/conventional-changelog,not_matched,missing
npmjs.org,pkg:npm/conventional-commits-parser,https://github.com/conventional-changelog/conventional-changelog,not_matched,missing
npmjs.org,pkg:npm/convert-source-map,https://github.com/thlorenz/convert-source-map,not_matched,present
npmjs.org,pkg:npm/cookie,https://github.com/jshttp/cookie,not_matched,present
npmjs.org,pkg:npm/cookiejar,https://github.com/bmeck/node-cookiejar,not_matched,present
npmjs.org,pkg:npm/cookie-signature,https://github.com/visionmedia/node-cookie-signature,not_matched,present
npmjs.org,pkg:npm/copy-anything,https://github.com/mesqueeb/copy-anything,not_matched,missing
npmjs.org,pkg:npm/copy-descriptor,https://github.com/jonschlinkert/copy-descriptor,not_matched,present
npmjs.org,pkg:npm/copy-to-clipboard,https://github.com/sudodoki/copy-to-clipboard,not_matched,present
npmjs.org,pkg:npm/copy-webpack-plugin,https://github.com/webpack/copy-webpack-plugin,not_matched,present
npmjs.org,pkg:npm/core-js,https://github.com/zloirock/core-js,not_matched,missing
npmjs.org,pkg:npm/core-js-compat,https://github.com/zloirock/core-js,not_matched,missing
npmjs.org,pkg:npm/core-js-pure,https://github.com/zloirock/core-js,not_matched,missing
npmjs.org,pkg:npm/core-util-is,https://github.com/isaacs/core-util-is,not_matched,present
npmjs.org,pkg:npm/cors,https://github.com/expressjs/cors,not_matched,present
npmjs.org,pkg:npm/cosmiconfig,https://github.com/cosmiconfig/cosmiconfig,not_matched,present
npmjs.org,pkg:npm/crc-32,https://github.com/sheetjs/js-crc32,not_matched,present
npmjs.org,pkg:npm/crc32-stream,https://github.com/archiverjs/node-crc32-stream,not_matched,present
npmjs.org,pkg:npm/create-ecdh,https://github.com/crypto-browserify/createecdh,not_matched,present
npmjs.org,pkg:npm/create-hash,https://github.com/crypto-browserify/createhash,not_matched,present
npmjs.org,pkg:npm/create-hmac,https://github.com/crypto-browserify/createhmac,not_matched,present
npmjs.org,pkg:npm/create-jest,https://github.com/jestjs/jest,not_matched,missing
npmjs.org,pkg:npm/create-require,https://github.com/nuxt-contrib/create-require,not_matched,present
npmjs.org,pkg:npm/cross-env,https://github.com/kentcdodds/cross-env,not_matched,present
npmjs.org,pkg:npm/cross-fetch,https://github.com/lquixada/cross-fetch,not_matched,present
npmjs.org,pkg:npm/cross-spawn,https://github.com/moxystudio/node-cross-spawn,not_matched,present
npmjs.org,pkg:npm/crypt,https://github.com/pvorb/node-crypt,not_matched,present
npmjs.org,pkg:npm/crypto-browserify,https://github.com/browserify/crypto-browserify,not_matched,present
npmjs.org,pkg:npm/crypto-js,https://github.com/brix/crypto-js,not_matched,present
npmjs.org,pkg:npm/crypto-random-string,https://github.com/sindresorhus/crypto-random-string,not_matched,missing
npmjs.org,pkg:npm/%40cspotcode/source-map-support,https://github.com/cspotcode/node-source-map-support,not_matched,present
npmjs.org,pkg:npm/css-blank-pseudo,https://github.com/csstools/postcss-plugins,not_matched,missing
npmjs.org,pkg:npm/css-color-keywords,https://github.com/sonicdoe/css-color-keywords,not_matched,present
npmjs.org,pkg:npm/cssdb,https://github.com/csstools/cssdb,not_matched,missing
npmjs.org,pkg:npm/css-declaration-sorter,https://github.com/siilwyn/css-declaration-sorter,not_matched,present
npmjs.org,pkg:npm/cssesc,https://github.com/mathiasbynens/cssesc,not_matched,present
npmjs.org,pkg:npm/css.escape,https://github.com/mathiasbynens/css.escape,not_matched,present
npmjs.org,pkg:npm/css-has-pseudo,https://github.com/csstools/postcss-plugins,not_matched,missing
npmjs.org,pkg:npm/css-loader,https://github.com/webpack/css-loader,not_matched,present
npmjs.org,pkg:npm/css-minimizer-webpack-plugin,https://github.com/webpack/css-minimizer-webpack-plugin,not_matched,missing
npmjs.org,pkg:npm/cssnano,https://github.com/cssnano/cssnano,not_matched,missing
npmjs.org,pkg:npm/cssnano-preset-default,https://github.com/cssnano/cssnano,not_matched,missing
npmjs.org,pkg:npm/cssnano-utils,https://github.com/cssnano/cssnano,not_matched,missing
npmjs.org,pkg:npm/csso,https://github.com/css/csso,not_matched,present
npmjs.org,pkg:npm/cssom,https://github.com/nv/cssom,not_matched,present
npmjs.org,pkg:npm/css-prefers-color-scheme,https://github.com/csstools/postcss-plugins,not_matched,missing
npmjs.org,pkg:npm/css-select,https://github.com/fb55/css-select,not_matched,missing
npmjs.org,pkg:npm/css-select-base-adapter,https://github.com/nrkn/css-select-base-adapter,not_matched,present
npmjs.org,pkg:npm/cssstyle,https://github.com/jsdom/cssstyle,not_matched,missing
npmjs.org,pkg:npm/%40csstools/selector-specificity,https://github.com/csstools/postcss-plugins,not_matched,missing
npmjs.org,pkg:npm/css-to-react-native,https://github.com/styled-components/css-to-react-native,not_matched,present
npmjs.org,pkg:npm/css-tree,https://github.com/csstree/csstree,not_matched,present
npmjs.org,pkg:npm/csstype,https://github.com/frenic/csstype,not_matched,present
npmjs.org,pkg:npm/css-what,https://github.com/fb55/css-what,not_matched,missing
npmjs.org,pkg:npm/cyclist,https://github.com/mafintosh/cyclist,not_matched,present
npmjs.org,pkg:npm/cypress,https://github.com/cypress-io/cypress,not_matched,missing
npmjs.org,pkg:npm/%40cypress/request,https://github.com/cypress-io/request,not_matched,present
npmjs.org,pkg:npm/d,https://github.com/medikoo/d,not_matched,present
npmjs.org,pkg:npm/d3-array,https://github.com/d3/d3-array,not_matched,present
npmjs.org,pkg:npm/d3-color,https://github.com/d3/d3-color,not_matched,present
npmjs.org,pkg:npm/d3-ease,https://github.com/d3/d3-ease,not_matched,present
npmjs.org,pkg:npm/d3-format,https://github.com/d3/d3-format,not_matched,present
npmjs.org,pkg:npm/d3-interpolate,https://github.com/d3/d3-interpolate,not_matched,present
npmjs.org,pkg:npm/d3-path,https://github.com/d3/d3-path,not_matched,present
npmjs.org,pkg:npm/d3-scale,https://github.com/d3/d3-scale,not_matched,present
npmjs.org,pkg:npm/d3-shape,https://github.com/d3/d3-shape,not_matched,present
npmjs.org,pkg:npm/d3-time,https://github.com/d3/d3-time,not_matched,present
npmjs.org,pkg:npm/d3-time-format,https://github.com/d3/d3-time-format,not_matched,present
npmjs.org,pkg:npm/d3-timer,https://github.com/d3/d3-timer,not_matched,present
npmjs.org,pkg:npm/%40dabh/diagnostics,https://github.com/dabh/diagnostics,not_matched,missing
npmjs.org,pkg:npm/damerau-levenshtein,https://github.com/tad-lispy/node-damerau-levenshtein,not_matched,present
npmjs.org,pkg:npm/dargs,https://github.com/sindresorhus/dargs,not_matched,missing
npmjs.org,pkg:npm/dashdash,https://github.com/trentm/node-dashdash,not_matched,present
npmjs.org,pkg:npm/data-uri-to-buffer,https://github.com/tootallnate/proxy-agents,not_matched,present
npmjs.org,pkg:npm/data-urls,https://github.com/jsdom/data-urls,not_matched,present
npmjs.org,pkg:npm/data-view-buffer,https://github.com/inspect-js/data-view-buffer,not_matched,missing
npmjs.org,pkg:npm/data-view-byte-length,https://github.com/inspect-js/data-view-byte-length,not_matched,missing
npmjs.org,pkg:npm/data-view-byte-offset,https://github.com/inspect-js/data-view-byte-offset,not_matched,missing
npmjs.org,pkg:npm/date-fns,https://github.com/date-fns/date-fns,dependencies,missing
npmjs.org,pkg:npm/dateformat,https://github.com/felixge/node-dateformat,not_matched,present
npmjs.org,pkg:npm/dayjs,https://github.com/iamkun/dayjs,not_matched,present
npmjs.org,pkg:npm/debounce,https://github.com/sindresorhus/debounce,not_matched,missing
npmjs.org,pkg:npm/debug,https://github.com/debug-js/debug,not_matched,present
npmjs.org,pkg:npm/decamelize,https://github.com/sindresorhus/decamelize,not_matched,present
npmjs.org,pkg:npm/decamelize-keys,https://github.com/sindresorhus/decamelize-keys,not_matched,missing
npmjs.org,pkg:npm/decimal.js,https://github.com/mikemcl/decimal.js,dependencies,present
npmjs.org,pkg:npm/decode-uri-component,https://github.com/samverschueren/decode-uri-component,not_matched,present
npmjs.org,pkg:npm/decompress-response,https://github.com/sindresorhus/decompress-response,not_matched,present
npmjs.org,pkg:npm/dedent,https://github.com/dmnd/dedent,not_matched,present
npmjs.org,pkg:npm/deep-eql,https://github.com/chaijs/deep-eql,not_matched,missing
npmjs.org,pkg:npm/deep-equal,https://github.com/inspect-js/node-deep-equal,not_matched,present
npmjs.org,pkg:npm/deep-extend,https://github.com/unclechu/node-deep-extend,not_matched,present
npmjs.org,pkg:npm/deep-is,https://github.com/thlorenz/deep-is,not_matched,present
npmjs.org,pkg:npm/deepmerge,https://github.com/tehshrike/deepmerge,not_matched,present
npmjs.org,pkg:npm/default-browser-id,https://github.com/sindresorhus/default-browser-id,not_matched,missing
npmjs.org,pkg:npm/default-gateway,https://github.com/silverwind/default-gateway,not_matched,present
npmjs.org,pkg:npm/defaults,https://github.com/sindresorhus/node-defaults,not_matched,present
npmjs.org,pkg:npm/defer-to-connect,https://github.com/szmarczak/defer-to-connect,not_matched,present
npmjs.org,pkg:npm/define-data-property,https://github.com/ljharb/define-data-property,not_matched,present
npmjs.org,pkg:npm/define-lazy-prop,https://github.com/sindresorhus/define-lazy-prop,not_matched,missing
npmjs.org,pkg:npm/define-properties,https://github.com/ljharb/define-properties,not_matched,present
npmjs.org,pkg:npm/define-property,https://github.com/jonschlinkert/define-property,not_matched,present
npmjs.org,pkg:npm/defu,https://github.com/unjs/defu,not_matched,present
npmjs.org,pkg:npm/degenerator,https://github.com/tootallnate/proxy-agents,not_matched,present
npmjs.org,pkg:npm/del,https://github.com/sindresorhus/del,not_matched,present
npmjs.org,pkg:npm/delayed-stream,https://github.com/felixge/node-delayed-stream,not_matched,present
npmjs.org,pkg:npm/delegates,https://github.com/visionmedia/node-delegates,not_matched,present
npmjs.org,pkg:npm/denque,https://github.com/invertase/denque,not_matched,present
npmjs.org,pkg:npm/depd,https://github.com/dougwilson/nodejs-depd,not_matched,present
npmjs.org,pkg:npm/dependency-graph,https://github.com/jriecken/dependency-graph,not_matched,present
npmjs.org,pkg:npm/deprecation,https://github.com/gr2m/deprecation,not_matched,present
npmjs.org,pkg:npm/dequal,https://github.com/lukeed/dequal,not_matched,present
npmjs.org,pkg:npm/des.js,https://github.com/indutny/des.js,not_matched,present
npmjs.org,pkg:npm/destroy,https://github.com/stream-utils/destroy,not_matched,present
npmjs.org,pkg:npm/detect-file,https://github.com/doowb/detect-file,not_matched,present
npmjs.org,pkg:npm/detect-indent,https://github.com/sindresorhus/detect-indent,not_matched,missing
npmjs.org,pkg:npm/detect-libc,https://github.com/lovell/detect-libc,not_matched,present
npmjs.org,pkg:npm/detect-newline,https://github.com/sindresorhus/detect-newline,not_matched,missing
npmjs.org,pkg:npm/detect-node,https://github.com/iliakan/detect-node,not_matched,present
npmjs.org,pkg:npm/detect-node-es,https://github.com/thekashey/detect-node,not_matched,present
npmjs.org,pkg:npm/detect-port,https://github.com/node-modules/detect-port,not_matched,present
npmjs.org,pkg:npm/devtools-protocol,https://github.com/chromedevtools/devtools-protocol,not_matched,missing
npmjs.org,pkg:npm/dezalgo,https://github.com/npm/dezalgo,not_matched,present
npmjs.org,pkg:npm/didyoumean,https://github.com/dcporter/didyoumean.js,not_matched,present
npmjs.org,pkg:npm/diff,https://github.com/kpdecker/jsdiff,not_matched,missing
npmjs.org,pkg:npm/diffie-hellman,https://github.com/crypto-browserify/diffie-hellman,not_matched,present
npmjs.org,pkg:npm/diff-sequences,https://github.com/jestjs/jest,not_matched,missing
npmjs.org,pkg:npm/dir-glob,https://github.com/kevva/dir-glob,not_matched,present
npmjs.org,pkg:npm/%40discoveryjs/json-ext,https://github.com/discoveryjs/json-ext,not_matched,present
npmjs.org,pkg:npm/dlv,https://github.com/developit/dlv,not_matched,present
npmjs.org,pkg:npm/dns-equal,https://github.com/watson/dns-equal,not_matched,present
npmjs.org,pkg:npm/dns-packet,https://github.com/mafintosh/dns-packet,not_matched,missing
npmjs.org,pkg:npm/doctrine,https://github.com/eslint/doctrine,not_matched,present
npmjs.org,pkg:npm/dom-accessibility-api,https://github.com/eps1lon/dom-accessibility-api,not_matched,present
npmjs.org,pkg:npm/domain-browser,https://github.com/bevry/domain-browser,not_matched,missing
npmjs.org,pkg:npm/dom-converter,https://github.com/ariaminaei/dom-converter,not_matched,present
npmjs.org,pkg:npm/domelementtype,https://github.com/fb55/domelementtype,not_matched,present
npmjs.org,pkg:npm/domhandler,https://github.com/fb55/domhandler,not_matched,present
npmjs.org,pkg:npm/dom-helpers,https://github.com/react-bootstrap/dom-helpers,not_matched,present
npmjs.org,pkg:npm/dompurify,https://github.com/cure53/dompurify,not_matched,missing
npmjs.org,pkg:npm/dom-serializer,https://github.com/cheeriojs/dom-serializer,not_matched,missing
npmjs.org,pkg:npm/domutils,https://github.com/fb55/domutils,not_matched,missing
npmjs.org,pkg:npm/dom-walk,https://github.com/raynos/dom-walk,not_matched,present
npmjs.org,pkg:npm/dot-case,https://github.com/blakeembrey/change-case,not_matched,present
npmjs.org,pkg:npm/dotenv,https://github.com/motdotla/dotenv,not_matched,missing
npmjs.org,pkg:npm/dotenv-expand,https://github.com/dotenvx/dotenv-expand,not_matched,missing
npmjs.org,pkg:npm/dot-prop,https://github.com/sindresorhus/dot-prop,not_matched,present
npmjs.org,pkg:npm/duplexer,https://github.com/raynos/duplexer,not_matched,present
npmjs.org,pkg:npm/duplexer2,https://github.com/deoxxa/duplexer2,not_matched,present
npmjs.org,pkg:npm/duplexer3,https://github.com/sindresorhus/duplexer3,not_matched,missing
npmjs.org,pkg:npm/duplexify,https://github.com/mafintosh/duplexify,not_matched,present
npmjs.org,pkg:npm/eastasianwidth,https://github.com/komagata/eastasianwidth,not_matched,present
npmjs.org,pkg:npm/ecc-jsbn,https://github.com/quartzjer/ecc-jsbn,not_matched,present
npmjs.org,pkg:npm/ecdsa-sig-formatter,https://github.com/brightspace/node-ecdsa-sig-formatter,not_matched,present
npmjs.org,pkg:npm/ee-first,https://github.com/jonathanong/ee-first,not_matched,present
npmjs.org,pkg:npm/ejs,https://github.com/mde/ejs,not_matched,present
npmjs.org,pkg:npm/electron-to-chromium,https://github.com/kilian/electron-to-chromium,not_matched,missing
npmjs.org,pkg:npm/elliptic,https://github.com/indutny/elliptic,not_matched,present
npmjs.org,pkg:npm/emittery,https://github.com/sindresorhus/emittery,not_matched,missing
npmjs.org,pkg:npm/emoji-regex,https://github.com/mathiasbynens/emoji-regex,not_matched,missing
npmjs.org,pkg:npm/emojis-list,https://github.com/kikobeats/emojis-list,not_matched,present
npmjs.org,pkg:npm/%40emotion/babel-plugin,https://github.com/emotion-js/emotion,not_matched,present
npmjs.org,pkg:npm/%40emotion/cache,https://github.com/emotion-js/emotion,not_matched,present
npmjs.org,pkg:npm/%40emotion/hash,https://github.com/emotion-js/emotion,not_matched,present
npmjs.org,pkg:npm/%40emotion/is-prop-valid,https://github.com/emotion-js/emotion,not_matched,present
npmjs.org,pkg:npm/%40emotion/memoize,https://github.com/emotion-js/emotion,not_matched,present
npmjs.org,pkg:npm/%40emotion/react,https://github.com/emotion-js/emotion,not_matched,present
npmjs.org,pkg:npm/%40emotion/serialize,https://github.com/emotion-js/emotion,not_matched,present
npmjs.org,pkg:npm/%40emotion/sheet,https://github.com/emotion-js/emotion,not_matched,present
npmjs.org,pkg:npm/%40emotion/styled,https://github.com/emotion-js/emotion,not_matched,present
npmjs.org,pkg:npm/%40emotion/unitless,https://github.com/emotion-js/emotion,not_matched,present
npmjs.org,pkg:npm/%40emotion/use-insertion-effect-with-fallbacks,https://github.com/emotion-js/emotion,not_matched,present
npmjs.org,pkg:npm/%40emotion/utils,https://github.com/emotion-js/emotion,not_matched,present
npmjs.org,pkg:npm/%40emotion/weak-memoize,https://github.com/emotion-js/emotion,not_matched,present
npmjs.org,pkg:npm/enabled,https://github.com/3rd-eden/enabled,not_matched,present
npmjs.org,pkg:npm/encodeurl,https://github.com/pillarjs/encodeurl,not_matched,present
npmjs.org,pkg:npm/encoding,https://github.com/andris9/encoding,not_matched,present
npmjs.org,pkg:npm/end-of-stream,https://github.com/mafintosh/end-of-stream,not_matched,present
npmjs.org,pkg:npm/engine.io,https://github.com/socketio/socket.io,not_matched,missing
npmjs.org,pkg:npm/engine.io-parser,https://github.com/socketio/socket.io,not_matched,missing
npmjs.org,pkg:npm/enhanced-resolve,https://github.com/webpack/enhanced-resolve,not_matched,missing
npmjs.org,pkg:npm/enquirer,https://github.com/enquirer/enquirer,dependencies,present
npmjs.org,pkg:npm/ent,https://github.com/ljharb/ent,not_matched,missing
npmjs.org,pkg:npm/entities,https://github.com/fb55/entities,not_matched,missing
npmjs.org,pkg:npm/envinfo,https://github.com/tabrindle/envinfo,not_matched,missing
npmjs.org,pkg:npm/env-paths,https://github.com/sindresorhus/env-paths,not_matched,missing
npmjs.org,pkg:npm/err-code,https://github.com/indigounited/js-err-code,not_matched,present
npmjs.org,pkg:npm/errno,https://github.com/rvagg/node-errno,not_matched,present
npmjs.org,pkg:npm/error-ex,https://github.com/qix-/node-error-ex,not_matched,present
npmjs.org,pkg:npm/error-stack-parser,https://github.com/stacktracejs/error-stack-parser,not_matched,present
npmjs.org,pkg:npm/es5-ext,https://github.com/medikoo/es5-ext,not_matched,present
npmjs.org,pkg:npm/es6-error,https://github.com/bjyoungblood/es6-error,not_matched,present
npmjs.org,pkg:npm/es6-iterator,https://github.com/medikoo/es6-iterator,not_matched,present
npmjs.org,pkg:npm/es6-promise,https://github.com/stefanpenner/es6-promise,not_matched,present
npmjs.org,pkg:npm/es6-symbol,https://github.com/medikoo/es6-symbol,not_matched,present
npmjs.org,pkg:npm/es6-weak-map,https://github.com/medikoo/es6-weak-map,not_matched,present
npmjs.org,pkg:npm/es-abstract,https://github.com/ljharb/es-abstract,not_matched,missing
npmjs.org,pkg:npm/es-array-method-boxes-properly,https://github.com/ljharb/es-array-method-boxes-properly,not_matched,present
npmjs.org,pkg:npm/esbuild,https://github.com/evanw/esbuild,not_matched,present
npmjs.org,pkg:npm/%40esbuild/android-arm,https://github.com/evanw/esbuild,not_matched,present
npmjs.org,pkg:npm/%40esbuild/android-arm64,https://github.com/evanw/esbuild,not_matched,present
npmjs.org,pkg:npm/%40esbuild/android-x64,https://github.com/evanw/esbuild,not_matched,present
npmjs.org,pkg:npm/%40esbuild/darwin-arm64,https://github.com/evanw/esbuild,not_matched,present
npmjs.org,pkg:npm/%40esbuild/darwin-x64,https://github.com/evanw/esbuild,not_matched,present
npmjs.org,pkg:npm/%40esbuild/freebsd-arm64,https://github.com/evanw/esbuild,not_matched,present
npmjs.org,pkg:npm/%40esbuild/freebsd-x64,https://github.com/evanw/esbuild,not_matched,present
npmjs.org,pkg:npm/%40esbuild/linux-arm,https://github.com/evanw/esbuild,not_matched,present
npmjs.org,pkg:npm/%40esbuild/linux-arm64,https://github.com/evanw/esbuild,not_matched,present
npmjs.org,pkg:npm/%40esbuild/linux-ia32,https://github.com/evanw/esbuild,not_matched,present
npmjs.org,pkg:npm/%40esbuild/linux-loong64,https://github.com/evanw/esbuild,not_matched,present
npmjs.org,pkg:npm/%40esbuild/linux-mips64el,https://github.com/evanw/esbuild,not_matched,present
npmjs.org,pkg:npm/%40esbuild/linux-ppc64,https://github.com/evanw/esbuild,not_matched,present
npmjs.org,pkg:npm/%40esbuild/linux-riscv64,https://github.com/evanw/esbuild,not_matched,present
npmjs.org,pkg:npm/%40esbuild/linux-s390x,https://github.com/evanw/esbuild,not_matched,present
npmjs.org,pkg:npm/%40esbuild/linux-x64,https://github.com/evanw/esbuild,not_matched,present
npmjs.org,pkg:npm/%40esbuild/netbsd-x64,https://github.com/evanw/esbuild,not_matched,present
npmjs.org,pkg:npm/%40esbuild/openbsd-x64,https://github.com/evanw/esbuild,not_matched,present
npmjs.org,pkg:npm/esbuild-register,,dependencies,no_repository
npmjs.org,pkg:npm/%40esbuild/sunos-x64,https://github.com/evanw/esbuild,not_matched,present
npmjs.org,pkg:npm/%40esbuild/win32-arm64,https://github.com/evanw/esbuild,not_matched,present
npmjs.org,pkg:npm/%40esbuild/win32-ia32,https://github.com/evanw/esbuild,not_matched,present
npmjs.org,pkg:npm/%40esbuild/win32-x64,https://github.com/evanw/esbuild,not_matched,present
npmjs.org,pkg:npm/escalade,https://github.com/lukeed/escalade,not_matched,present
npmjs.org,pkg:npm/escape-goat,https://github.com/sindresorhus/escape-goat,not_matched,present
npmjs.org,pkg:npm/escape-html,https://github.com/component/escape-html,not_matched,present
npmjs.org,pkg:npm/escape-string-regexp,https://github.com/sindresorhus/escape-string-regexp,not_matched,missing
npmjs.org,pkg:npm/escodegen,https://github.com/estools/escodegen,not_matched,present
npmjs.org,pkg:npm/es-define-property,https://github.com/ljharb/es-define-property,not_matched,present
npmjs.org,pkg:npm/es-errors,https://github.com/ljharb/es-errors,not_matched,present
npmjs.org,pkg:npm/es-get-iterator,https://github.com/ljharb/es-get-iterator,not_matched,present
npmjs.org,pkg:npm/es-iterator-helpers,https://github.com/es-shims/iterator-helpers,not_matched,missing
npmjs.org,pkg:npm/eslint,https://github.com/eslint/eslint,not_matched,missing
npmjs.org,pkg:npm/%40eslint-community/eslint-utils,https://github.com/eslint-community/eslint-utils,not_matched,present
npmjs.org,pkg:npm/%40eslint-community/regexpp,https://github.com/eslint-community/regexpp,not_matched,present
npmjs.org,pkg:npm/eslint-config-airbnb-base,https://github.com/airbnb/javascript,not_matched,present
npmjs.org,pkg:npm/eslint-config-prettier,https://github.com/prettier/eslint-config-prettier,not_matched,present
npmjs.org,pkg:npm/%40eslint/eslintrc,https://github.com/eslint/eslintrc,not_matched,missing
npmjs.org,pkg:npm/eslint-import-resolver-node,https://github.com/import-js/eslint-plugin-import,not_matched,present
npmjs.org,pkg:npm/eslint-import-resolver-typescript,https://github.com/import-js/eslint-import-resolver-typescript,not_matched,present
npmjs.org,pkg:npm/%40eslint/js,https://github.com/eslint/eslint,not_matched,missing
npmjs.org,pkg:npm/eslint-module-utils,https://github.com/import-js/eslint-plugin-import,not_matched,present
npmjs.org,pkg:npm/eslint-plugin-import,https://github.com/import-js/eslint-plugin-import,not_matched,present
npmjs.org,pkg:npm/eslint-plugin-jest,https://github.com/jest-community/eslint-plugin-jest,not_matched,missing
npmjs.org,pkg:npm/eslint-plugin-jsx-a11y,https://github.com/jsx-eslint/eslint-plugin-jsx-a11y,not_matched,present
npmjs.org,pkg:npm/eslint-plugin-prettier,https://github.com/prettier/eslint-plugin-prettier,not_matched,present
npmjs.org,pkg:npm/eslint-plugin-react,https://github.com/jsx-eslint/eslint-plugin-react,not_matched,present
npmjs.org,pkg:npm/eslint-plugin-react-hooks,https://github.com/react/react,not_matched,missing
npmjs.org,pkg:npm/eslint-plugin-testing-library,https://github.com/testing-library/eslint-plugin-testing-library,not_matched,missing
npmjs.org,pkg:npm/eslint-scope,https://github.com/eslint/js,not_matched,missing
npmjs.org,pkg:npm/eslint-utils,https://github.com/mysticatea/eslint-utils,not_matched,present
npmjs.org,pkg:npm/eslint-visitor-keys,https://github.com/eslint/js,not_matched,missing
npmjs.org,pkg:npm/es-module-lexer,https://github.com/guybedford/es-module-lexer,not_matched,missing
npmjs.org,pkg:npm/esniff,https://github.com/medikoo/esniff,not_matched,present
npmjs.org,pkg:npm/es-object-atoms,https://github.com/ljharb/es-object-atoms,not_matched,missing
npmjs.org,pkg:npm/espree,https://github.com/eslint/js,not_matched,missing
npmjs.org,pkg:npm/esprima,https://github.com/jquery/esprima,not_matched,present
npmjs.org,pkg:npm/esquery,https://github.com/estools/esquery,not_matched,present
npmjs.org,pkg:npm/esrecurse,https://github.com/estools/esrecurse,not_matched,present
npmjs.org,pkg:npm/es-set-tostringtag,https://github.com/es-shims/es-set-tostringtag,not_matched,present
npmjs.org,pkg:npm/es-shim-unscopables,https://github.com/ljharb/es-shim-unscopables,not_matched,present
npmjs.org,pkg:npm/es-to-primitive,https://github.com/ljharb/es-to-primitive,not_matched,present
npmjs.org,pkg:npm/estraverse,https://github.com/estools/estraverse,not_matched,present
npmjs.org,pkg:npm/estree-walker,https://github.com/rich-harris/estree-walker,not_matched,present
npmjs.org,pkg:npm/esutils,https://github.com/estools/esutils,not_matched,present
npmjs.org,pkg:npm/etag,https://github.com/jshttp/etag,not_matched,present
npmjs.org,pkg:npm/event-emitter,https://github.com/medikoo/event-emitter,not_matched,present
npmjs.org,pkg:npm/eventemitter2,https://github.com/hij1nx/eventemitter2,not_matched,present
npmjs.org,pkg:npm/eventemitter3,https://github.com/primus/eventemitter3,not_matched,present
npmjs.org,pkg:npm/events,https://github.com/gozala/events,not_matched,present
npmjs.org,pkg:npm/event-target-shim,https://github.com/mysticatea/event-target-shim,not_matched,present
npmjs.org,pkg:npm/evp_bytestokey,https://github.com/crypto-browserify/evp_bytestokey,not_matched,present
npmjs.org,pkg:npm/execa,https://github.com/sindresorhus/execa,not_matched,present
npmjs.org,pkg:npm/executable,https://github.com/kevva/executable,not_matched,present
npmjs.org,pkg:npm/exit,https://github.com/cowboy/node-exit,not_matched,present
npmjs.org,pkg:npm/expand-brackets,https://github.com/micromatch/expand-brackets,not_matched,present
npmjs.org,pkg:npm/expand-template,https://github.com/ralphtheninja/expand-template,not_matched,present
npmjs.org,pkg:npm/expand-tilde,https://github.com/jonschlinkert/expand-tilde,not_matched,present
npmjs.org,pkg:npm/expect,https://github.com/jestjs/jest,not_matched,missing
npmjs.org,pkg:npm/exponential-backoff,https://github.com/coveooss/exponential-backoff,not_matched,present
npmjs.org,pkg:npm/express,https://github.com/expressjs/express,not_matched,present
npmjs.org,pkg:npm/ext,https://github.com/medikoo/es5-ext,not_matched,present
npmjs.org,pkg:npm/extend,https://github.com/justmoon/node-extend,not_matched,present
npmjs.org,pkg:npm/extend-shallow,https://github.com/jonschlinkert/extend-shallow,not_matched,present
npmjs.org,pkg:npm/external-editor,https://github.com/mrkmg/node-external-editor,not_matched,present
npmjs.org,pkg:npm/extglob,https://github.com/micromatch/extglob,not_matched,present
npmjs.org,pkg:npm/extract-zip,https://github.com/maxogden/extract-zip,not_matched,present
npmjs.org,pkg:npm/extsprintf,https://github.com/davepacheco/node-extsprintf,not_matched,present
npmjs.org,pkg:npm/fast-deep-equal,https://github.com/epoberezkin/fast-deep-equal,not_matched,present
npmjs.org,pkg:npm/fast-diff,https://github.com/jhchen/fast-diff,not_matched,present
npmjs.org,pkg:npm/fastest-levenshtein,https://github.com/ka-weihe/fastest-levenshtein,not_matched,present
npmjs.org,pkg:npm/fast-fifo,https://github.com/mafintosh/fast-fifo,not_matched,present
npmjs.org,pkg:npm/fast-glob,https://github.com/mrmlnc/fast-glob,not_matched,missing
npmjs.org,pkg:npm/%40fastify/busboy,https://github.com/fastify/busboy,not_matched,present
npmjs.org,pkg:npm/fast-json-stable-stringify,https://github.com/epoberezkin/fast-json-stable-stringify,not_matched,present
npmjs.org,pkg:npm/fast-levenshtein,https://github.com/hiddentao/fast-levenshtein,not_matched,present
npmjs.org,pkg:npm/fastq,https://github.com/mcollina/fastq,not_matched,present
npmjs.org,pkg:npm/fast-redact,https://github.com/davidmarkclements/fast-redact,not_matched,present
npmjs.org,pkg:npm/fast-safe-stringify,https://github.com/davidmarkclements/fast-safe-stringify,not_matched,present
npmjs.org,pkg:npm/fast-uri,https://github.com/fastify/fast-uri,not_matched,missing
npmjs.org,pkg:npm/fast-xml-parser,https://github.com/naturalintelligence/fast-xml-parser,not_matched,missing
npmjs.org,pkg:npm/faye-websocket,https://github.com/faye/faye-websocket-node,not_matched,present
npmjs.org,pkg:npm/fbjs,https://github.com/facebook/fbjs,not_matched,present
npmjs.org,pkg:npm/fb-watchman,https://github.com/facebook/watchman,not_matched,missing
npmjs.org,pkg:npm/fd-slicer,https://github.com/andrewrk/node-fd-slicer,not_matched,present
npmjs.org,pkg:npm/fecha,https://github.com/taylorhakes/fecha,not_matched,present
npmjs.org,pkg:npm/fflate,https://github.com/101arrowz/fflate,not_matched,present
npmjs.org,pkg:npm/figures,https://github.com/sindresorhus/figures,not_matched,missing
npmjs.org,pkg:npm/file-entry-cache,https://github.com/jaredwray/cacheable,not_matched,present
npmjs.org,pkg:npm/filelist,https://github.com/mde/filelist,not_matched,present
npmjs.org,pkg:npm/file-loader,https://github.com/webpack-contrib/file-loader,not_matched,present
npmjs.org,pkg:npm/filesize,https://github.com/avoidwork/filesize.js,not_matched,missing
npmjs.org,pkg:npm/file-system-cache,https://github.com/philcockfield/file-system-cache,not_matched,present
npmjs.org,pkg:npm/file-type,https://github.com/sindresorhus/file-type,dependencies,present
npmjs.org,pkg:npm/file-uri-to-path,https://github.com/tootallnate/file-uri-to-path,not_matched,present
npmjs.org,pkg:npm/fill-range,https://github.com/jonschlinkert/fill-range,not_matched,present
npmjs.org,pkg:npm/filter-obj,https://github.com/sindresorhus/filter-obj,not_matched,missing
npmjs.org,pkg:npm/finalhandler,https://github.com/pillarjs/finalhandler,not_matched,missing
npmjs.org,pkg:npm/find-cache-dir,https://github.com/sindresorhus/find-cache-dir,not_matched,present
npmjs.org,pkg:npm/find-root,https://github.com/js-n/find-root,not_matched,present
npmjs.org,pkg:npm/find-up,https://github.com/sindresorhus/find-up,not_matched,missing
npmjs.org,pkg:npm/findup-sync,https://github.com/gulpjs/findup-sync,not_matched,present
npmjs.org,pkg:npm/flat,https://github.com/hughsk/flat,not_matched,present
npmjs.org,pkg:npm/flat-cache,https://github.com/jaredwray/cacheable,not_matched,present
npmjs.org,pkg:npm/flatted,https://github.com/webreflection/flatted,not_matched,present
npmjs.org,pkg:npm/%40floating-ui/core,https://github.com/floating-ui/floating-ui,not_matched,missing
npmjs.org,pkg:npm/%40floating-ui/dom,https://github.com/floating-ui/floating-ui,not_matched,missing
npmjs.org,pkg:npm/%40floating-ui/react-dom,https://github.com/floating-ui/floating-ui,not_matched,missing
npmjs.org,pkg:npm/%40floating-ui/utils,https://github.com/floating-ui/floating-ui,not_matched,missing
npmjs.org,pkg:npm/flow-parser,https://github.com/facebook/flow,not_matched,missing
npmjs.org,pkg:npm/flush-write-stream,https://github.com/mafintosh/flush-write-stream,not_matched,present
npmjs.org,pkg:npm/fn.name,https://github.com/3rd-eden/fn.name,not_matched,present
npmjs.org,pkg:npm/follow-redirects,https://github.com/follow-redirects/follow-redirects,not_matched,present
npmjs.org,pkg:npm/for-each,https://github.com/raynos/for-each,not_matched,present
npmjs.org,pkg:npm/foreground-child,https://github.com/tapjs/foreground-child,not_matched,present
npmjs.org,pkg:npm/forever-agent,https://github.com/mikeal/forever-agent,not_matched,present
npmjs.org,pkg:npm/for-in,https://github.com/jonschlinkert/for-in,not_matched,present
npmjs.org,pkg:npm/fork-ts-checker-webpack-plugin,https://github.com/typestrong/fork-ts-checker-webpack-plugin,not_matched,present
npmjs.org,pkg:npm/form-data,https://github.com/form-data/form-data,not_matched,present
npmjs.org,pkg:npm/form-data-encoder,https://github.com/octet-stream/form-data-encoder,not_matched,present
npmjs.org,pkg:npm/formidable,https://github.com/node-formidable/formidable,not_matched,missing
npmjs.org,pkg:npm/for-own,https://github.com/jonschlinkert/for-own,not_matched,present
npmjs.org,pkg:npm/forwarded,https://github.com/jshttp/forwarded,not_matched,present
npmjs.org,pkg:npm/fraction.js,https://github.com/rawify/fraction.js,dependencies,present
npmjs.org,pkg:npm/fragment-cache,https://github.com/jonschlinkert/fragment-cache,not_matched,present
npmjs.org,pkg:npm/fresh,https://github.com/jshttp/fresh,not_matched,present
npmjs.org,pkg:npm/from2,https://github.com/hughsk/from2,not_matched,present
npmjs.org,pkg:npm/fs-constants,https://github.com/mafintosh/fs-constants,not_matched,present
npmjs.org,pkg:npm/fsevents,https://github.com/fsevents/fsevents,not_matched,present
npmjs.org,pkg:npm/fs-extra,https://github.com/jprichardson/node-fs-extra,not_matched,missing
npmjs.org,pkg:npm/fs-minipass,https://github.com/npm/fs-minipass,not_matched,present
npmjs.org,pkg:npm/fs-monkey,https://github.com/streamich/fs-monkey,not_matched,present
npmjs.org,pkg:npm/fs.realpath,https://github.com/isaacs/fs.realpath,not_matched,present
npmjs.org,pkg:npm/functional-red-black-tree,https://github.com/mikolalysenko/functional-red-black-tree,not_matched,present
npmjs.org,pkg:npm/function-bind,https://github.com/raynos/function-bind,not_matched,present
npmjs.org,pkg:npm/function.prototype.name,https://github.com/es-shims/function.prototype.name,not_matched,present
npmjs.org,pkg:npm/functions-have-names,https://github.com/inspect-js/functions-have-names,not_matched,present
npmjs.org,pkg:npm/%40gar/promisify,https://github.com/wraithgar/gar-promisify,not_matched,present
npmjs.org,pkg:npm/gaxios,https://github.com/googleapis/google-cloud-node,not_matched,missing
npmjs.org,pkg:npm/gcp-metadata,https://github.com/googleapis/google-cloud-node,not_matched,missing
npmjs.org,pkg:npm/gensync,https://github.com/loganfsmyth/gensync,not_matched,present
npmjs.org,pkg:npm/get-caller-file,https://github.com/stefanpenner/get-caller-file,not_matched,present
npmjs.org,pkg:npm/get-east-asian-width,https://github.com/sindresorhus/get-east-asian-width,not_matched,missing
npmjs.org,pkg:npm/get-func-name,https://github.com/chaijs/get-func-name,not_matched,present
npmjs.org,pkg:npm/get-intrinsic,https://github.com/ljharb/get-intrinsic,not_matched,present
npmjs.org,pkg:npm/get-nonce,https://github.com/thekashey/get-nonce,not_matched,present
npmjs.org,pkg:npm/getos,https://github.com/retrohacker/getos,not_matched,present
npmjs.org,pkg:npm/get-own-enumerable-property-symbols,https://github.com/mightyiam/get-own-enumerable-property-symbols,not_matched,missing
npmjs.org,pkg:npm/get-package-type,https://github.com/cfware/get-package-type,not_matched,present
npmjs.org,pkg:npm/getpass,https://github.com/arekinath/node-getpass,not_matched,present
npmjs.org,pkg:npm/get-port,https://github.com/sindresorhus/get-port,not_matched,missing
npmjs.org,pkg:npm/get-stdin,https://github.com/sindresorhus/get-stdin,not_matched,missing
npmjs.org,pkg:npm/get-stream,https://github.com/sindresorhus/get-stream,not_matched,present
npmjs.org,pkg:npm/get-symbol-description,https://github.com/inspect-js/get-symbol-description,not_matched,present
npmjs.org,pkg:npm/get-tsconfig,https://github.com/privatenumber/get-tsconfig,not_matched,present
npmjs.org,pkg:npm/get-uri,https://github.com/tootallnate/proxy-agents,not_matched,present
npmjs.org,pkg:npm/get-value,https://github.com/jonschlinkert/get-value,not_matched,present
npmjs.org,pkg:npm/github-from-package,https://github.com/substack/github-from-package,not_matched,unknown
npmjs.org,pkg:npm/github-slugger,https://github.com/flet/github-slugger,not_matched,present
npmjs.org,pkg:npm/glob,https://github.com/isaacs/node-glob,not_matched,missing
npmjs.org,pkg:npm/global,https://github.com/raynos/global,not_matched,present
npmjs.org,pkg:npm/global-dirs,https://github.com/sindresorhus/global-dirs,not_matched,missing
npmjs.org,pkg:npm/global-modules,https://github.com/jonschlinkert/global-modules,not_matched,present
npmjs.org,pkg:npm/global-prefix,https://github.com/jonschlinkert/global-prefix,not_matched,present
npmjs.org,pkg:npm/globals,https://github.com/sindresorhus/globals,not_matched,missing
npmjs.org,pkg:npm/globalthis,https://github.com/ljharb/system.global,not_matched,present
npmjs.org,pkg:npm/globby,https://github.com/sindresorhus/globby,not_matched,present
npmjs.org,pkg:npm/glob-parent,https://github.com/gulpjs/glob-parent,not_matched,present
npmjs.org,pkg:npm/glob-to-regexp,https://github.com/fitzgen/glob-to-regexp,not_matched,present
npmjs.org,pkg:npm/google-auth-library,https://github.com/googleapis/google-cloud-node,not_matched,missing
npmjs.org,pkg:npm/%40google-cloud/paginator,https://github.com/googleapis/google-cloud-node,not_matched,missing
npmjs.org,pkg:npm/%40google-cloud/projectify,https://github.com/googleapis/google-cloud-node,not_matched,missing
npmjs.org,pkg:npm/%40google-cloud/promisify,https://github.com/googleapis/google-cloud-node,not_matched,missing
npmjs.org,pkg:npm/google-gax,https://github.com/googleapis/google-cloud-node,not_matched,missing
npmjs.org,pkg:npm/gopd,https://github.com/ljharb/gopd,not_matched,present
npmjs.org,pkg:npm/got,https://github.com/sindresorhus/got,not_matched,missing
npmjs.org,pkg:npm/graceful-fs,https://github.com/isaacs/node-graceful-fs,not_matched,present
npmjs.org,pkg:npm/graphemer,https://github.com/flmnt/graphemer,not_matched,present
npmjs.org,pkg:npm/grapheme-splitter,https://github.com/orling/grapheme-splitter,not_matched,present
npmjs.org,pkg:npm/graphql,https://github.com/graphql/graphql-js,not_matched,present
npmjs.org,pkg:npm/%40graphql-codegen/plugin-helpers,https://github.com/dotansimha/graphql-code-generator,not_matched,missing
npmjs.org,pkg:npm/%40graphql-codegen/visitor-plugin-common,https://github.com/dotansimha/graphql-code-generator,not_matched,missing
npmjs.org,pkg:npm/graphql-tag,https://github.com/apollographql/graphql-tag,not_matched,present
npmjs.org,pkg:npm/%40graphql-tools/merge,https://github.com/ardatan/graphql-tools,not_matched,missing
npmjs.org,pkg:npm/%40graphql-tools/schema,https://github.com/ardatan/graphql-tools,not_matched,missing
npmjs.org,pkg:npm/%40graphql-tools/utils,https://github.com/ardatan/graphql-tools,not_matched,missing
npmjs.org,pkg:npm/%40graphql-typed-document-node/core,https://github.com/dotansimha/graphql-typed-document-node,not_matched,present
npmjs.org,pkg:npm/%40grpc/grpc-js,https://github.com/grpc/grpc-node,not_matched,present
npmjs.org,pkg:npm/%40grpc/proto-loader,https://github.com/grpc/grpc-node,not_matched,present
npmjs.org,pkg:npm/gtoken,https://github.com/google/node-gtoken,not_matched,present
npmjs.org,pkg:npm/gzip-size,https://github.com/sindresorhus/gzip-size,not_matched,missing
npmjs.org,pkg:npm/handlebars,https://github.com/handlebars-lang/handlebars.js,not_matched,present
npmjs.org,pkg:npm/handle-thing,https://github.com/indutny/handle-thing,not_matched,present
npmjs.org,pkg:npm/%40hapi/hoek,https://github.com/hapijs/hoek,not_matched,present
npmjs.org,pkg:npm/%40hapi/topo,https://github.com/hapijs/topo,not_matched,present
npmjs.org,pkg:npm/hard-rejection,https://github.com/sindresorhus/hard-rejection,not_matched,missing
npmjs.org,pkg:npm/harmony-reflect,https://github.com/tvcutsem/harmony-reflect,not_matched,present
npmjs.org,pkg:npm/har-schema,https://github.com/ahmadnassri/har-schema,not_matched,present
npmjs.org,pkg:npm/has,https://github.com/tarruda/has,not_matched,present
npmjs.org,pkg:npm/has-ansi,https://github.com/chalk/has-ansi,not_matched,missing
npmjs.org,pkg:npm/has-bigints,https://github.com/ljharb/has-bigints,not_matched,present
npmjs.org,pkg:npm/has-flag,https://github.com/sindresorhus/has-flag,not_matched,present
npmjs.org,pkg:npm/hash-base,https://github.com/crypto-browserify/hash-base,not_matched,present
npmjs.org,pkg:npm/hash.js,https://github.com/indutny/hash.js,not_matched,present
npmjs.org,pkg:npm/hasown,https://github.com/inspect-js/hasown,not_matched,missing
npmjs.org,pkg:npm/has-property-descriptors,https://github.com/inspect-js/has-property-descriptors,not_matched,present
npmjs.org,pkg:npm/has-proto,https://github.com/inspect-js/has-proto,not_matched,present
npmjs.org,pkg:npm/has-symbols,https://github.com/inspect-js/has-symbols,not_matched,present
npmjs.org,pkg:npm/has-tostringtag,https://github.com/inspect-js/has-tostringtag,not_matched,present
npmjs.org,pkg:npm/hastscript,https://github.com/syntax-tree/hastscript,not_matched,present
npmjs.org,pkg:npm/hast-util-parse-selector,https://github.com/syntax-tree/hast-util-parse-selector,not_matched,present
npmjs.org,pkg:npm/has-unicode,https://github.com/iarna/has-unicode,not_matched,present
npmjs.org,pkg:npm/has-value,https://github.com/jonschlinkert/has-value,not_matched,present
npmjs.org,pkg:npm/has-values,https://github.com/jonschlinkert/has-values,not_matched,present
npmjs.org,pkg:npm/he,https://github.com/mathiasbynens/he,not_matched,present
npmjs.org,pkg:npm/header-case,https://github.com/blakeembrey/change-case,not_matched,present
npmjs.org,pkg:npm/hexoid,https://github.com/lukeed/hexoid,not_matched,present
npmjs.org,pkg:npm/highlight.js,https://github.com/highlightjs/highlight.js,not_matched,present
npmjs.org,pkg:npm/history,https://github.com/remix-run/history,not_matched,present
npmjs.org,pkg:npm/hmac-drbg,https://github.com/indutny/hmac-drbg,not_matched,present
npmjs.org,pkg:npm/hoist-non-react-statics,https://github.com/mridgway/hoist-non-react-statics,not_matched,present
npmjs.org,pkg:npm/homedir-polyfill,https://github.com/doowb/homedir-polyfill,not_matched,present
npmjs.org,pkg:npm/hosted-git-info,https://github.com/npm/hosted-git-info,not_matched,present
npmjs.org,pkg:npm/hpack.js,https://github.com/indutny/hpack.js,not_matched,present
npmjs.org,pkg:npm/html-encoding-sniffer,https://github.com/jsdom/html-encoding-sniffer,not_matched,missing
npmjs.org,pkg:npm/html-entities,https://github.com/mdevils/html-entities,not_matched,present
npmjs.org,pkg:npm/html-escaper,https://github.com/webreflection/html-escaper,not_matched,present
npmjs.org,pkg:npm/html-minifier-terser,https://github.com/terser/html-minifier-terser,not_matched,present
npmjs.org,pkg:npm/htmlparser2,https://github.com/fb55/htmlparser2,not_matched,missing
npmjs.org,pkg:npm/html-tags,https://github.com/sindresorhus/html-tags,not_matched,missing
npmjs.org,pkg:npm/html-webpack-plugin,https://github.com/jantimon/html-webpack-plugin,not_matched,missing
npmjs.org,pkg:npm/http2-wrapper,https://github.com/szmarczak/http2-wrapper,not_matched,present
npmjs.org,pkg:npm/http-cache-semantics,https://github.com/kornelski/http-cache-semantics,not_matched,present
npmjs.org,pkg:npm/http-deceiver,https://github.com/indutny/http-deceiver,not_matched,present
npmjs.org,pkg:npm/http-errors,https://github.com/jshttp/http-errors,not_matched,present
npmjs.org,pkg:npm/http-parser-js,https://github.com/creationix/http-parser-js,not_matched,present
npmjs.org,pkg:npm/http-proxy,https://github.com/http-party/node-http-proxy,not_matched,present
npmjs.org,pkg:npm/http-proxy-agent,https://github.com/tootallnate/proxy-agents,not_matched,present
npmjs.org,pkg:npm/http-proxy-middleware,https://github.com/chimurai/http-proxy-middleware,not_matched,present
npmjs.org,pkg:npm/https-browserify,https://github.com/substack/https-browserify,not_matched,unknown
npmjs.org,pkg:npm/http-signature,https://github.com/tritondatacenter/node-http-signature,not_matched,present
npmjs.org,pkg:npm/https-proxy-agent,https://github.com/tootallnate/proxy-agents,not_matched,present
npmjs.org,pkg:npm/humanize-ms,https://github.com/node-modules/humanize-ms,not_matched,present
npmjs.org,pkg:npm/human-signals,https://github.com/ehmicky/human-signals,not_matched,present
npmjs.org,pkg:npm/%40humanwhocodes/module-importer,https://github.com/humanwhocodes/module-importer,not_matched,present
npmjs.org,pkg:npm/husky,https://github.com/typicode/husky,not_matched,present
npmjs.org,pkg:npm/i18next,https://github.com/i18next/i18next,not_matched,present
npmjs.org,pkg:npm/iconv-lite,https://github.com/pillarjs/iconv-lite,not_matched,present
npmjs.org,pkg:npm/icss-utils,https://github.com/css-modules/icss-utils,not_matched,present
npmjs.org,pkg:npm/idb,https://github.com/jakearchibald/idb,not_matched,present
npmjs.org,pkg:npm/identity-obj-proxy,https://github.com/keyanzhang/identity-obj-proxy,not_matched,present
npmjs.org,pkg:npm/ieee754,https://github.com/feross/ieee754,not_matched,present
npmjs.org,pkg:npm/ignore,https://github.com/kaelzhang/node-ignore,not_matched,missing
npmjs.org,pkg:npm/ignore-by-default,https://github.com/novemberborn/ignore-by-default,not_matched,present
npmjs.org,pkg:npm/ignore-walk,https://github.com/npm/ignore-walk,not_matched,present
npmjs.org,pkg:npm/image-size,https://codeberg.org/image-size/image-size,not_matched,missing
npmjs.org,pkg:npm/immediate,https://github.com/calvinmetcalf/immediate,not_matched,present
npmjs.org,pkg:npm/immer,https://github.com/immerjs/immer,not_matched,missing
npmjs.org,pkg:npm/immutable,https://github.com/immutable-js/immutable-js,not_matched,present
npmjs.org,pkg:npm/import-fresh,https://github.com/sindresorhus/import-fresh,not_matched,missing
npmjs.org,pkg:npm/import-from,https://github.com/sindresorhus/import-from,not_matched,missing
npmjs.org,pkg:npm/import-in-the-middle,https://github.com/nodejs/import-in-the-middle,not_matched,missing
npmjs.org,pkg:npm/import-lazy,https://github.com/sindresorhus/import-lazy,not_matched,present
npmjs.org,pkg:npm/import-local,https://github.com/sindresorhus/import-local,not_matched,missing
npmjs.org,pkg:npm/imurmurhash,https://github.com/jensyt/imurmurhash-js,not_matched,present
npmjs.org,pkg:npm/indent-string,https://github.com/sindresorhus/indent-string,not_matched,missing
npmjs.org,pkg:npm/infer-owner,https://github.com/npm/infer-owner,not_matched,present
npmjs.org,pkg:npm/inherits,https://github.com/isaacs/inherits,not_matched,present
npmjs.org,pkg:npm/ini,https://github.com/npm/ini,not_matched,present
npmjs.org,pkg:npm/inline-style-parser,https://github.com/remarkablemark/inline-style-parser,not_matched,missing
npmjs.org,pkg:npm/inquirer,https://github.com/sboudrias/inquirer.js,not_matched,missing
npmjs.org,pkg:npm/%40inquirer/core,https://github.com/sboudrias/inquirer.js,not_matched,missing
npmjs.org,pkg:npm/internal-slot,https://github.com/ljharb/internal-slot,not_matched,present
npmjs.org,pkg:npm/internmap,https://github.com/mbostock/internmap,not_matched,present
npmjs.org,pkg:npm/interpret,https://github.com/gulpjs/interpret,not_matched,present
npmjs.org,pkg:npm/invariant,https://github.com/zertosh/invariant,not_matched,present
npmjs.org,pkg:npm/invert-kv,https://github.com/sindresorhus/invert-kv,not_matched,missing
npmjs.org,pkg:npm/ioredis,https://github.com/redis/ioredis,not_matched,missing
npmjs.org,pkg:npm/ip,https://github.com/indutny/node-ip,not_matched,present
npmjs.org,pkg:npm/ip-address,https://github.com/beaugunderson/ip-address,not_matched,missing
npmjs.org,pkg:npm/ipaddr.js,https://github.com/whitequark/ipaddr.js,not_matched,present
npmjs.org,pkg:npm/ip-regex,https://github.com/sindresorhus/ip-regex,not_matched,present
npmjs.org,pkg:npm/%40isaacs/cliui,https://github.com/isaacs/cliui,not_matched,present
npmjs.org,pkg:npm/is-absolute,https://github.com/jonschlinkert/is-absolute,not_matched,present
npmjs.org,pkg:npm/is-absolute-url,https://github.com/sindresorhus/is-absolute-url,not_matched,missing
npmjs.org,pkg:npm/is-accessor-descriptor,https://github.com/inspect-js/is-accessor-descriptor,not_matched,present
npmjs.org,pkg:npm/is-alphabetical,https://github.com/wooorm/is-alphabetical,not_matched,present
npmjs.org,pkg:npm/is-alphanumerical,https://github.com/wooorm/is-alphanumerical,not_matched,present
npmjs.org,pkg:npm/is-arguments,https://github.com/inspect-js/is-arguments,not_matched,present
npmjs.org,pkg:npm/isarray,https://github.com/juliangruber/isarray,not_matched,missing
npmjs.org,pkg:npm/is-array-buffer,https://github.com/inspect-js/is-array-buffer,not_matched,present
npmjs.org,pkg:npm/is-arrayish,https://github.com/qix-/node-is-arrayish,not_matched,present
npmjs.org,pkg:npm/is-async-function,https://github.com/inspect-js/is-async-function,not_matched,present
npmjs.org,pkg:npm/is-bigint,https://github.com/inspect-js/is-bigint,not_matched,present
npmjs.org,pkg:npm/isbinaryfile,https://github.com/gjtorikian/isbinaryfile,not_matched,present
npmjs.org,pkg:npm/is-binary-path,https://github.com/sindresorhus/is-binary-path,not_matched,missing
npmjs.org,pkg:npm/is-boolean-object,https://github.com/inspect-js/is-boolean-object,not_matched,present
npmjs.org,pkg:npm/is-buffer,https://github.com/feross/is-buffer,not_matched,present
npmjs.org,pkg:npm/is-builtin-module,https://github.com/sindresorhus/is-builtin-module,not_matched,missing
npmjs.org,pkg:npm/is-callable,https://github.com/inspect-js/is-callable,not_matched,present
npmjs.org,pkg:npm/is-ci,https://github.com/watson/is-ci,not_matched,present
npmjs.org,pkg:npm/is-core-module,https://github.com/inspect-js/is-core-module,not_matched,missing
npmjs.org,pkg:npm/is-data-descriptor,https://github.com/inspect-js/is-data-descriptor,not_matched,present
npmjs.org,pkg:npm/is-data-view,https://github.com/inspect-js/is-data-view,not_matched,missing
npmjs.org,pkg:npm/is-date-object,https://github.com/inspect-js/is-date-object,not_matched,present
npmjs.org,pkg:npm/is-decimal,https://github.com/wooorm/is-decimal,not_matched,present
npmjs.org,pkg:npm/is-descriptor,https://github.com/inspect-js/is-descriptor,not_matched,present
npmjs.org,pkg:npm/is-directory,https://github.com/jonschlinkert/is-directory,not_matched,present
npmjs.org,pkg:npm/is-docker,https://github.com/sindresorhus/is-docker,not_matched,missing
npmjs.org,pkg:npm/isexe,https://github.com/isaacs/isexe,not_matched,present
npmjs.org,pkg:npm/is-extendable,https://github.com/jonschlinkert/is-extendable,not_matched,present
npmjs.org,pkg:npm/is-extglob,https://github.com/jonschlinkert/is-extglob,not_matched,present
npmjs.org,pkg:npm/is-finalizationregistry,https://github.com/inspect-js/is-finalizationregistry,not_matched,present
npmjs.org,pkg:npm/is-fullwidth-code-point,https://github.com/sindresorhus/is-fullwidth-code-point,not_matched,missing
npmjs.org,pkg:npm/is-generator-fn,https://github.com/sindresorhus/is-generator-fn,not_matched,missing
npmjs.org,pkg:npm/is-generator-function,https://github.com/inspect-js/is-generator-function,not_matched,present
npmjs.org,pkg:npm/is-glob,https://github.com/micromatch/is-glob,not_matched,present
npmjs.org,pkg:npm/is-hexadecimal,https://github.com/wooorm/is-hexadecimal,not_matched,present
npmjs.org,pkg:npm/is-inside-container,https://github.com/sindresorhus/is-inside-container,not_matched,missing
npmjs.org,pkg:npm/is-installed-globally,https://github.com/sindresorhus/is-installed-globally,not_matched,missing
npmjs.org,pkg:npm/is-interactive,https://github.com/sindresorhus/is-interactive,not_matched,missing
npmjs.org,pkg:npm/is-lambda,https://github.com/watson/is-lambda,not_matched,present
npmjs.org,pkg:npm/is-map,https://github.com/inspect-js/is-map,not_matched,present
npmjs.org,pkg:npm/is-module,https://github.com/component/is-module,not_matched,present
npmjs.org,pkg:npm/is-nan,https://github.com/es-shims/is-nan,not_matched,present
npmjs.org,pkg:npm/is-negative-zero,https://github.com/inspect-js/is-negative-zero,not_matched,present
npmjs.org,pkg:npm/is-npm,https://github.com/sindresorhus/is-npm,not_matched,missing
npmjs.org,pkg:npm/is-number,https://github.com/jonschlinkert/is-number,dependencies,present
npmjs.org,pkg:npm/is-number-object,https://github.com/inspect-js/is-number-object,not_matched,present
npmjs.org,pkg:npm/is-obj,https://github.com/sindresorhus/is-obj,not_matched,missing
npmjs.org,pkg:npm/isobject,https://github.com/jonschlinkert/isobject,not_matched,missing
npmjs.org,pkg:npm/isomorphic-ws,https://github.com/heineiuo/isomorphic-ws,not_matched,present
npmjs.org,pkg:npm/is-path-cwd,https://github.com/sindresorhus/is-path-cwd,not_matched,missing
npmjs.org,pkg:npm/is-path-in-cwd,https://github.com/sindresorhus/is-path-in-cwd,not_matched,missing
npmjs.org,pkg:npm/is-path-inside,https://github.com/sindresorhus/is-path-inside,not_matched,missing
npmjs.org,pkg:npm/is-plain-obj,https://github.com/sindresorhus/is-plain-obj,not_matched,missing
npmjs.org,pkg:npm/is-plain-object,https://github.com/jonschlinkert/is-plain-object,not_matched,present
npmjs.org,pkg:npm/is-potential-custom-element-name,https://github.com/mathiasbynens/is-potential-custom-element-name,not_matched,present
npmjs.org,pkg:npm/is-promise,https://github.com/then/is-promise,not_matched,present
npmjs.org,pkg:npm/is-reference,https://github.com/rich-harris/is-reference,not_matched,present
npmjs.org,pkg:npm/is-regex,https://github.com/inspect-js/is-regex,not_matched,present
npmjs.org,pkg:npm/is-regexp,https://github.com/sindresorhus/is-regexp,not_matched,missing
npmjs.org,pkg:npm/is-relative,https://github.com/jonschlinkert/is-relative,not_matched,present
npmjs.org,pkg:npm/is-retry-allowed,https://github.com/sindresorhus/is-retry-allowed,not_matched,missing
npmjs.org,pkg:npm/is-set,https://github.com/inspect-js/is-set,not_matched,present
npmjs.org,pkg:npm/is-stream,https://github.com/sindresorhus/is-stream,not_matched,missing
npmjs.org,pkg:npm/isstream,https://github.com/rvagg/isstream,not_matched,present
npmjs.org,pkg:npm/is-string,https://github.com/inspect-js/is-string,not_matched,present
npmjs.org,pkg:npm/is-symbol,https://github.com/inspect-js/is-symbol,not_matched,present
npmjs.org,pkg:npm/%40istanbuljs/load-nyc-config,https://github.com/istanbuljs/load-nyc-config,not_matched,present
npmjs.org,pkg:npm/%40istanbuljs/schema,https://github.com/istanbuljs/schema,not_matched,present
npmjs.org,pkg:npm/istanbul-lib-coverage,https://github.com/istanbuljs/istanbuljs,not_matched,present
npmjs.org,pkg:npm/istanbul-lib-instrument,https://github.com/istanbuljs/istanbuljs,not_matched,present
npmjs.org,pkg:npm/istanbul-lib-report,https://github.com/istanbuljs/istanbuljs,not_matched,present
npmjs.org,pkg:npm/istanbul-lib-source-maps,https://github.com/istanbuljs/istanbuljs,not_matched,present
npmjs.org,pkg:npm/istanbul-reports,https://github.com/istanbuljs/istanbuljs,not_matched,present
npmjs.org,pkg:npm/is-text-path,https://github.com/sindresorhus/is-text-path,not_matched,missing
npmjs.org,pkg:npm/is-typed-array,https://github.com/inspect-js/is-typed-array,not_matched,present
npmjs.org,pkg:npm/is-typedarray,https://github.com/hughsk/is-typedarray,not_matched,present
npmjs.org,pkg:npm/is-unc-path,https://github.com/jonschlinkert/is-unc-path,not_matched,present
npmjs.org,pkg:npm/is-unicode-supported,https://github.com/sindresorhus/is-unicode-supported,not_matched,missing
npmjs.org,pkg:npm/is-utf8,https://github.com/wayfind/is-utf8,not_matched,present
npmjs.org,pkg:npm/is-weakmap,https://github.com/inspect-js/is-weakmap,not_matched,present
npmjs.org,pkg:npm/is-weakref,https://github.com/inspect-js/is-weakref,not_matched,present
npmjs.org,pkg:npm/is-weakset,https://github.com/inspect-js/is-weakset,not_matched,present
npmjs.org,pkg:npm/is-what,https://github.com/mesqueeb/is-what,not_matched,missing
npmjs.org,pkg:npm/is-windows,https://github.com/jonschlinkert/is-windows,not_matched,present
npmjs.org,pkg:npm/is-wsl,https://github.com/sindresorhus/is-wsl,not_matched,missing
npmjs.org,pkg:npm/iterator.prototype,https://github.com/ljharb/iterator.prototype,dependencies,present
npmjs.org,pkg:npm/jackspeak,https://github.com/isaacs/jackspeak,not_matched,present
npmjs.org,pkg:npm/jake,https://github.com/jakejs/jake,not_matched,present
npmjs.org,pkg:npm/jest,https://github.com/jestjs/jest,not_matched,missing
npmjs.org,pkg:npm/jest-changed-files,https://github.com/jestjs/jest,not_matched,missing
npmjs.org,pkg:npm/jest-circus,https://github.com/jestjs/jest,not_matched,missing
npmjs.org,pkg:npm/jest-cli,https://github.com/jestjs/jest,not_matched,missing
npmjs.org,pkg:npm/jest-config,https://github.com/jestjs/jest,not_matched,missing
npmjs.org,pkg:npm/%40jest/console,https://github.com/jestjs/jest,not_matched,missing
npmjs.org,pkg:npm/%40jest/core,https://github.com/jestjs/jest,not_matched,missing
npmjs.org,pkg:npm/jest-diff,https://github.com/jestjs/jest,not_matched,missing
npmjs.org,pkg:npm/jest-docblock,https://github.com/jestjs/jest,not_matched,missing
npmjs.org,pkg:npm/jest-each,https://github.com/jestjs/jest,not_matched,missing
npmjs.org,pkg:npm/%40jest/environment,https://github.com/jestjs/jest,not_matched,missing
npmjs.org,pkg:npm/jest-environment-jsdom,https://github.com/jestjs/jest,not_matched,missing
npmjs.org,pkg:npm/jest-environment-node,https://github.com/jestjs/jest,not_matched,missing
npmjs.org,pkg:npm/%40jest/expect,https://github.com/jestjs/jest,not_matched,missing
npmjs.org,pkg:npm/%40jest/expect-utils,https://github.com/jestjs/jest,not_matched,missing
npmjs.org,pkg:npm/%40jest/fake-timers,https://github.com/jestjs/jest,not_matched,missing
npmjs.org,pkg:npm/jest-get-type,https://github.com/jestjs/jest,not_matched,missing
npmjs.org,pkg:npm/%40jest/globals,https://github.com/jestjs/jest,not_matched,missing
npmjs.org,pkg:npm/jest-haste-map,https://github.com/jestjs/jest,not_matched,missing
npmjs.org,pkg:npm/jest-jasmine2,https://github.com/jestjs/jest,not_matched,missing
npmjs.org,pkg:npm/jest-leak-detector,https://github.com/jestjs/jest,not_matched,missing
npmjs.org,pkg:npm/jest-matcher-utils,https://github.com/jestjs/jest,not_matched,missing
npmjs.org,pkg:npm/jest-message-util,https://github.com/jestjs/jest,not_matched,missing
npmjs.org,pkg:npm/jest-mock,https://github.com/jestjs/jest,not_matched,missing
npmjs.org,pkg:npm/jest-pnp-resolver,https://github.com/arcanis/jest-pnp-resolver,not_matched,present
npmjs.org,pkg:npm/jest-regex-util,https://github.com/jestjs/jest,not_matched,missing
npmjs.org,pkg:npm/%40jest/reporters,https://github.com/jestjs/jest,not_matched,missing
npmjs.org,pkg:npm/jest-resolve,https://github.com/jestjs/jest,not_matched,missing
npmjs.org,pkg:npm/jest-resolve-dependencies,https://github.com/jestjs/jest,not_matched,missing
npmjs.org,pkg:npm/jest-runner,https://github.com/jestjs/jest,not_matched,missing
npmjs.org,pkg:npm/jest-runtime,https://github.com/jestjs/jest,not_matched,missing
npmjs.org,pkg:npm/%40jest/schemas,https://github.com/jestjs/jest,not_matched,missing
npmjs.org,pkg:npm/jest-serializer,https://github.com/facebook/jest,not_matched,missing
npmjs.org,pkg:npm/jest-snapshot,https://github.com/jestjs/jest,not_matched,missing
npmjs.org,pkg:npm/%40jest/source-map,https://github.com/jestjs/jest,not_matched,missing
npmjs.org,pkg:npm/%40jest/test-result,https://github.com/jestjs/jest,not_matched,missing
npmjs.org,pkg:npm/%40jest/test-sequencer,https://github.com/jestjs/jest,not_matched,missing
npmjs.org,pkg:npm/%40jest/transform,https://github.com/jestjs/jest,not_matched,missing
npmjs.org,pkg:npm/%40jest/types,https://github.com/jestjs/jest,not_matched,missing
npmjs.org,pkg:npm/jest-util,https://github.com/jestjs/jest,not_matched,missing
npmjs.org,pkg:npm/jest-validate,https://github.com/jestjs/jest,not_matched,missing
npmjs.org,pkg:npm/jest-watcher,https://github.com/jestjs/jest,not_matched,missing
npmjs.org,pkg:npm/jest-worker,https://github.com/jestjs/jest,not_matched,missing
npmjs.org,pkg:npm/jiti,https://github.com/unjs/jiti,not_matched,present
npmjs.org,pkg:npm/jmespath,https://github.com/jmespath/jmespath.js,not_matched,present
npmjs.org,pkg:npm/joi,https://github.com/hapijs/joi,not_matched,missing
npmjs.org,pkg:npm/jose,https://github.com/panva/jose,not_matched,present
npmjs.org,pkg:npm/jquery,https://github.com/jquery/jquery,not_matched,missing
npmjs.org,pkg:npm/%40jridgewell/gen-mapping,https://github.com/jridgewell/sourcemaps,not_matched,present
npmjs.org,pkg:npm/%40jridgewell/resolve-uri,https://github.com/jridgewell/resolve-uri,not_matched,present
npmjs.org,pkg:npm/%40jridgewell/set-array,https://github.com/jridgewell/set-array,not_matched,present
npmjs.org,pkg:npm/%40jridgewell/source-map,https://github.com/jridgewell/sourcemaps,not_matched,present
npmjs.org,pkg:npm/%40jridgewell/sourcemap-codec,https://github.com/jridgewell/sourcemaps,not_matched,present
npmjs.org,pkg:npm/%40jridgewell/trace-mapping,https://github.com/jridgewell/sourcemaps,not_matched,present
npmjs.org,pkg:npm/js-base64,https://github.com/dankogai/js-base64,not_matched,missing
npmjs.org,pkg:npm/jsbn,https://github.com/andyperlitch/jsbn,not_matched,present
npmjs.org,pkg:npm/jscodeshift,https://github.com/facebook/jscodeshift,not_matched,present
npmjs.org,pkg:npm/js-cookie,https://github.com/js-cookie/js-cookie,not_matched,missing
npmjs.org,pkg:npm/jsdom,https://github.com/jsdom/jsdom,not_matched,missing
npmjs.org,pkg:npm/jsesc,https://github.com/mathiasbynens/jsesc,not_matched,present
npmjs.org,pkg:npm/json5,https://github.com/json5/json5,dependencies,present
npmjs.org,pkg:npm/json-bigint,https://github.com/sidorares/json-bigint,not_matched,present
npmjs.org,pkg:npm/json-buffer,https://github.com/dominictarr/json-buffer,not_matched,present
npmjs.org,pkg:npm/jsonc-parser,https://github.com/microsoft/node-jsonc-parser,not_matched,missing
npmjs.org,pkg:npm/jsonfile,https://github.com/jprichardson/node-jsonfile,not_matched,present
npmjs.org,pkg:npm/jsonify,https://github.com/ljharb/jsonify,not_matched,present
npmjs.org,pkg:npm/jsonparse,https://github.com/creationix/jsonparse,not_matched,present
npmjs.org,pkg:npm/json-parse-better-errors,https://github.com/zkat/json-parse-better-errors,not_matched,present
npmjs.org,pkg:npm/json-parse-even-better-errors,https://github.com/npm/json-parse-even-better-errors,not_matched,present
npmjs.org,pkg:npm/jsonpointer,https://github.com/janl/node-jsonpointer,not_matched,present
npmjs.org,pkg:npm/json-schema,https://github.com/kriszyp/json-schema,not_matched,present
npmjs.org,pkg:npm/json-schema-traverse,https://github.com/epoberezkin/json-schema-traverse,not_matched,present
npmjs.org,pkg:npm/json-stable-stringify,https://github.com/ljharb/json-stable-stringify,not_matched,present
npmjs.org,pkg:npm/json-stable-stringify-without-jsonify,https://github.com/samn/json-stable-stringify,not_matched,present
npmjs.org,pkg:npm/JSONStream,https://github.com/dominictarr/jsonstream,not_matched,present
npmjs.org,pkg:npm/json-stringify-safe,https://github.com/isaacs/json-stringify-safe,not_matched,present
npmjs.org,pkg:npm/jsonwebtoken,https://github.com/auth0/node-jsonwebtoken,dependencies,present
npmjs.org,pkg:npm/jsprim,https://github.com/joyent/node-jsprim,not_matched,present
npmjs.org,pkg:npm/js-tokens,https://github.com/lydell/js-tokens,not_matched,present
npmjs.org,pkg:npm/jsx-ast-utils,https://github.com/jsx-eslint/jsx-ast-utils,not_matched,present
npmjs.org,pkg:npm/js-yaml,https://github.com/nodeca/js-yaml,not_matched,present
npmjs.org,pkg:npm/jszip,https://github.com/stuk/jszip,not_matched,present
npmjs.org,pkg:npm/jwa,https://github.com/brianloveswords/node-jwa,not_matched,present
npmjs.org,pkg:npm/jws,https://github.com/brianloveswords/node-jws,not_matched,present
npmjs.org,pkg:npm/jwt-decode,https://github.com/auth0/jwt-decode,not_matched,present
npmjs.org,pkg:npm/keyv,https://github.com/jaredwray/keyv,not_matched,missing
npmjs.org,pkg:npm/kind-of,https://github.com/jonschlinkert/kind-of,not_matched,present
npmjs.org,pkg:npm/kleur,https://github.com/lukeed/kleur,not_matched,present
npmjs.org,pkg:npm/klona,https://github.com/lukeed/klona,not_matched,present
npmjs.org,pkg:npm/known-css-properties,https://github.com/known-css/known-css-properties,not_matched,present
npmjs.org,pkg:npm/kuler,https://github.com/3rd-eden/kuler,not_matched,present
npmjs.org,pkg:npm/language-subtag-registry,https://github.com/mattcg/language-subtag-registry,not_matched,present
npmjs.org,pkg:npm/language-tags,https://github.com/mattcg/language-tags,not_matched,present
npmjs.org,pkg:npm/latest-version,https://github.com/sindresorhus/latest-version,not_matched,missing
npmjs.org,pkg:npm/launch-editor,https://github.com/vitejs/launch-editor,not_matched,present
npmjs.org,pkg:npm/lazy-ass,https://github.com/bahmutov/lazy-ass,not_matched,present
npmjs.org,pkg:npm/lazy-cache,https://github.com/jonschlinkert/lazy-cache,not_matched,present
npmjs.org,pkg:npm/lazystream,https://github.com/jpommerening/node-lazystream,not_matched,present
npmjs.org,pkg:npm/lcid,https://github.com/sindresorhus/lcid,not_matched,missing
npmjs.org,pkg:npm/%40leichtgewicht/ip-codec,https://github.com/martinheidegger/ip-codec,not_matched,present
npmjs.org,pkg:npm/less,https://github.com/less/less.js,not_matched,present
npmjs.org,pkg:npm/leven,https://github.com/sindresorhus/leven,not_matched,present
npmjs.org,pkg:npm/levn,https://github.com/gkz/levn,not_matched,present
npmjs.org,pkg:npm/libphonenumber-js,https://gitlab.com/catamphetamine/libphonenumber-js,not_matched,missing
npmjs.org,pkg:npm/libsql-stateless,https://github.com/dabigblob/libsql-stateless,not_matched,missing
npmjs.org,pkg:npm/libsql-stateless-easy,https://github.com/dabigblob/libsql-stateless-easy,not_matched,present
npmjs.org,pkg:npm/lie,https://github.com/calvinmetcalf/lie,not_matched,present
npmjs.org,pkg:npm/lilconfig,https://github.com/antonk52/lilconfig,not_matched,present
npmjs.org,pkg:npm/limiter,https://github.com/jhurliman/node-rate-limiter,not_matched,missing
npmjs.org,pkg:npm/linkify-it,https://github.com/markdown-it/linkify-it,not_matched,missing
npmjs.org,pkg:npm/lint-staged,https://github.com/lint-staged/lint-staged,not_matched,missing
npmjs.org,pkg:npm/listr2,https://github.com/listr2/listr2,not_matched,present
npmjs.org,pkg:npm/loader-runner,https://github.com/webpack/loader-runner,not_matched,present
npmjs.org,pkg:npm/loader-utils,https://github.com/webpack/loader-utils,not_matched,present
npmjs.org,pkg:npm/load-json-file,https://github.com/sindresorhus/load-json-file,not_matched,missing
npmjs.org,pkg:npm/local-pkg,https://github.com/antfu-collective/local-pkg,not_matched,missing
npmjs.org,pkg:npm/locate-path,https://github.com/sindresorhus/locate-path,not_matched,missing
npmjs.org,pkg:npm/lodash,https://github.com/lodash/lodash,not_matched,missing
npmjs.org,pkg:npm/lodash.camelcase,https://github.com/lodash/lodash,not_matched,missing
npmjs.org,pkg:npm/lodash.clonedeep,https://github.com/lodash/lodash,not_matched,missing
npmjs.org,pkg:npm/lodash.debounce,https://github.com/lodash/lodash,not_matched,missing
npmjs.org,pkg:npm/lodash.defaults,https://github.com/lodash/lodash,not_matched,missing
npmjs.org,pkg:npm/lodash.difference,https://github.com/lodash/lodash,not_matched,missing
npmjs.org,pkg:npm/lodash-es,https://github.com/lodash/lodash,not_matched,missing
npmjs.org,pkg:npm/lodash.flatten,https://github.com/lodash/lodash,not_matched,missing
npmjs.org,pkg:npm/lodash.flattendeep,https://github.com/lodash/lodash,not_matched,missing
npmjs.org,pkg:npm/lodash.get,https://github.com/lodash/lodash,not_matched,missing
npmjs.org,pkg:npm/lodash.includes,https://github.com/lodash/lodash,not_matched,missing
npmjs.org,pkg:npm/lodash.isarguments,https://github.com/lodash/lodash,not_matched,missing
npmjs.org,pkg:npm/lodash.isboolean,https://github.com/lodash/lodash,not_matched,missing
npmjs.org,pkg:npm/lodash.isequal,https://github.com/lodash/lodash,not_matched,missing
npmjs.org,pkg:npm/lodash.isfunction,https://github.com/lodash/lodash,not_matched,missing
npmjs.org,pkg:npm/lodash.isinteger,https://github.com/lodash/lodash,not_matched,missing
npmjs.org,pkg:npm/lodash.isnumber,https://github.com/lodash/lodash,not_matched,missing
npmjs.org,pkg:npm/lodash.isplainobject,https://github.com/lodash/lodash,not_matched,missing
npmjs.org,pkg:npm/lodash.isstring,https://github.com/lodash/lodash,not_matched,missing
npmjs.org,pkg:npm/lodash.kebabcase,https://github.com/lodash/lodash,not_matched,missing
npmjs.org,pkg:npm/lodash.memoize,https://github.com/lodash/lodash,not_matched,missing
npmjs.org,pkg:npm/lodash.merge,https://github.com/lodash/lodash,not_matched,missing
npmjs.org,pkg:npm/lodash.mergewith,https://github.com/lodash/lodash,not_matched,missing
npmjs.org,pkg:npm/lodash.once,https://github.com/lodash/lodash,not_matched,missing
npmjs.org,pkg:npm/lodash.sortby,https://github.com/lodash/lodash,not_matched,missing
npmjs.org,pkg:npm/lodash.throttle,https://github.com/lodash/lodash,not_matched,missing
npmjs.org,pkg:npm/lodash.truncate,https://github.com/lodash/lodash,not_matched,missing
npmjs.org,pkg:npm/lodash.union,https://github.com/lodash/lodash,not_matched,missing
npmjs.org,pkg:npm/lodash.uniq,https://github.com/lodash/lodash,not_matched,missing
npmjs.org,pkg:npm/logform,https://github.com/winstonjs/logform,not_matched,present
npmjs.org,pkg:npm/loglevel,https://github.com/pimterry/loglevel,dependencies,present
npmjs.org,pkg:npm/log-symbols,https://github.com/sindresorhus/log-symbols,not_matched,missing
npmjs.org,pkg:npm/log-update,https://github.com/sindresorhus/log-update,not_matched,missing
npmjs.org,pkg:npm/long,https://github.com/dcodeio/long.js,not_matched,present
npmjs.org,pkg:npm/longest-streak,https://github.com/wooorm/longest-streak,not_matched,present
npmjs.org,pkg:npm/loose-envify,https://github.com/zertosh/loose-envify,not_matched,present
npmjs.org,pkg:npm/loupe,https://github.com/chaijs/loupe,not_matched,missing
npmjs.org,pkg:npm/lower-case,https://github.com/blakeembrey/change-case,not_matched,present
npmjs.org,pkg:npm/lowercase-keys,https://github.com/sindresorhus/lowercase-keys,not_matched,missing
npmjs.org,pkg:npm/lru-cache,https://github.com/isaacs/node-lru-cache,not_matched,missing
npmjs.org,pkg:npm/luxon,https://github.com/moment/luxon,not_matched,present
npmjs.org,pkg:npm/lz-string,https://github.com/pieroxy/lz-string,not_matched,present
npmjs.org,pkg:npm/magic-string,https://github.com/rich-harris/magic-string,not_matched,missing
npmjs.org,pkg:npm/make-dir,https://github.com/sindresorhus/make-dir,not_matched,present
npmjs.org,pkg:npm/make-error,https://github.com/jscommunity/make-error,not_matched,present
npmjs.org,pkg:npm/makeerror,https://github.com/daaku/nodejs-makeerror,not_matched,present
npmjs.org,pkg:npm/make-fetch-happen,https://github.com/npm/make-fetch-happen,not_matched,present
npmjs.org,pkg:npm/%40mapbox/node-pre-gyp,https://github.com/mapbox/node-pre-gyp,not_matched,missing
npmjs.org,pkg:npm/map-cache,https://github.com/jonschlinkert/map-cache,not_matched,present
npmjs.org,pkg:npm/map-obj,https://github.com/sindresorhus/map-obj,not_matched,missing
npmjs.org,pkg:npm/map-or-similar,https://github.com/thinkloop/map-or-similar,not_matched,present
npmjs.org,pkg:npm/map-visit,https://github.com/jonschlinkert/map-visit,not_matched,present
npmjs.org,pkg:npm/markdown-it,https://github.com/markdown-it/markdown-it,not_matched,present
npmjs.org,pkg:npm/markdown-to-jsx,https://github.com/quantizor/markdown-to-jsx,not_matched,missing
npmjs.org,pkg:npm/marked,https://github.com/markedjs/marked,not_matched,missing
npmjs.org,pkg:npm/md5,https://github.com/pvorb/node-md5,not_matched,present
npmjs.org,pkg:npm/md5.js,https://github.com/crypto-browserify/md5.js,not_matched,present
npmjs.org,pkg:npm/mdast-util-definitions,https://github.com/syntax-tree/mdast-util-definitions,not_matched,present
npmjs.org,pkg:npm/mdast-util-from-markdown,https://github.com/syntax-tree/mdast-util-from-markdown,not_matched,present
npmjs.org,pkg:npm/mdast-util-to-hast,https://github.com/syntax-tree/mdast-util-to-hast,not_matched,present
npmjs.org,pkg:npm/mdast-util-to-markdown,https://github.com/syntax-tree/mdast-util-to-markdown,not_matched,missing
npmjs.org,pkg:npm/mdast-util-to-string,https://github.com/syntax-tree/mdast-util-to-string,not_matched,present
npmjs.org,pkg:npm/mdn-data,https://github.com/mdn/data,not_matched,missing
npmjs.org,pkg:npm/mdurl,https://github.com/markdown-it/mdurl,not_matched,present
npmjs.org,pkg:npm/%40mdx-js/react,https://github.com/mdx-js/mdx,not_matched,missing
npmjs.org,pkg:npm/media-typer,https://github.com/jshttp/media-typer,not_matched,present
npmjs.org,pkg:npm/mem,https://github.com/sindresorhus/mem,not_matched,missing
npmjs.org,pkg:npm/memfs,https://github.com/streamich/memfs,not_matched,missing
npmjs.org,pkg:npm/memoize-one,https://github.com/alexreardon/memoize-one,not_matched,present
npmjs.org,pkg:npm/memoizerific,https://github.com/thinkloop/memoizerific,not_matched,present
npmjs.org,pkg:npm/memory-fs,https://github.com/webpack/memory-fs,not_matched,present
npmjs.org,pkg:npm/meow,https://github.com/sindresorhus/meow,not_matched,present
npmjs.org,pkg:npm/merge2,https://github.com/teambition/merge2,not_matched,present
npmjs.org,pkg:npm/merge-descriptors,https://github.com/sindresorhus/merge-descriptors,not_matched,missing
npmjs.org,pkg:npm/merge-stream,https://github.com/grncdr/merge-stream,not_matched,present
npmjs.org,pkg:npm/methods,https://github.com/jshttp/methods,not_matched,present
npmjs.org,pkg:npm/micromark,https://github.com/micromark/micromark,not_matched,missing
npmjs.org,pkg:npm/micromark-core-commonmark,https://github.com/micromark/micromark,not_matched,missing
npmjs.org,pkg:npm/micromark-factory-destination,https://github.com/micromark/micromark,not_matched,missing
npmjs.org,pkg:npm/micromark-factory-label,https://github.com/micromark/micromark,not_matched,missing
npmjs.org,pkg:npm/micromark-factory-space,https://github.com/micromark/micromark,not_matched,missing
npmjs.org,pkg:npm/micromark-factory-title,https://github.com/micromark/micromark,not_matched,missing
npmjs.org,pkg:npm/micromark-factory-whitespace,https://github.com/micromark/micromark,not_matched,missing
npmjs.org,pkg:npm/micromark-util-character,https://github.com/micromark/micromark,not_matched,missing
npmjs.org,pkg:npm/micromark-util-chunked,https://github.com/micromark/micromark,not_matched,missing
npmjs.org,pkg:npm/micromark-util-classify-character,https://github.com/micromark/micromark,not_matched,missing
npmjs.org,pkg:npm/micromark-util-combine-extensions,https://github.com/micromark/micromark,not_matched,missing
npmjs.org,pkg:npm/micromark-util-decode-numeric-character-reference,https://github.com/micromark/micromark,not_matched,missing
npmjs.org,pkg:npm/micromark-util-decode-string,https://github.com/micromark/micromark,not_matched,missing
npmjs.org,pkg:npm/micromark-util-encode,https://github.com/micromark/micromark,not_matched,missing
npmjs.org,pkg:npm/micromark-util-html-tag-name,https://github.com/micromark/micromark,not_matched,missing
npmjs.org,pkg:npm/micromark-util-normalize-identifier,https://github.com/micromark/micromark,not_matched,missing
npmjs.org,pkg:npm/micromark-util-resolve-all,https://github.com/micromark/micromark,not_matched,missing
npmjs.org,pkg:npm/micromark-util-sanitize-uri,https://github.com/micromark/micromark,not_matched,missing
npmjs.org,pkg:npm/micromark-util-subtokenize,https://github.com/micromark/micromark,not_matched,missing
npmjs.org,pkg:npm/micromark-util-symbol,https://github.com/micromark/micromark,not_matched,missing
npmjs.org,pkg:npm/micromark-util-types,https://github.com/micromark/micromark,not_matched,missing
npmjs.org,pkg:npm/micromatch,https://github.com/micromatch/micromatch,not_matched,present
npmjs.org,pkg:npm/miller-rabin,https://github.com/indutny/miller-rabin,not_matched,present
npmjs.org,pkg:npm/mime,https://github.com/broofa/mime,not_matched,present
npmjs.org,pkg:npm/mime-db,https://github.com/jshttp/mime-db,not_matched,present
npmjs.org,pkg:npm/mime-types,https://github.com/jshttp/mime-types,not_matched,present
npmjs.org,pkg:npm/mimic-fn,https://github.com/sindresorhus/mimic-fn,not_matched,missing
npmjs.org,pkg:npm/mimic-response,https://github.com/sindresorhus/mimic-response,not_matched,missing
npmjs.org,pkg:npm/mini-css-extract-plugin,https://github.com/webpack/mini-css-extract-plugin,not_matched,present
npmjs.org,pkg:npm/minimalistic-assert,https://github.com/calvinmetcalf/minimalistic-assert,not_matched,present
npmjs.org,pkg:npm/minimalistic-crypto-utils,https://github.com/indutny/minimalistic-crypto-utils,not_matched,present
npmjs.org,pkg:npm/minimatch,https://github.com/isaacs/minimatch,not_matched,present
npmjs.org,pkg:npm/minimist,https://github.com/minimistjs/minimist,not_matched,present
npmjs.org,pkg:npm/minimist-options,https://github.com/vadimdemedes/minimist-options,not_matched,present
npmjs.org,pkg:npm/min-indent,https://github.com/thejameskyle/min-indent,not_matched,present
npmjs.org,pkg:npm/minipass,https://github.com/isaacs/minipass,not_matched,present
npmjs.org,pkg:npm/minipass-collect,https://github.com/isaacs/minipass-collect,not_matched,present
npmjs.org,pkg:npm/minipass-fetch,https://github.com/npm/minipass-fetch,not_matched,present
npmjs.org,pkg:npm/minipass-flush,https://github.com/isaacs/minipass-flush,not_matched,present
npmjs.org,pkg:npm/minipass-pipeline,https://github.com/isaacs/minipass-pipeline,not_matched,present
npmjs.org,pkg:npm/minipass-sized,https://github.com/isaacs/minipass-sized,not_matched,present
npmjs.org,pkg:npm/minizlib,https://github.com/isaacs/minizlib,not_matched,present
npmjs.org,pkg:npm/mitt,https://github.com/developit/mitt,not_matched,present
npmjs.org,pkg:npm/mixin-deep,https://github.com/jonschlinkert/mixin-deep,not_matched,present
npmjs.org,pkg:npm/mkdirp,https://github.com/isaacs/node-mkdirp,not_matched,present
npmjs.org,pkg:npm/mkdirp-classic,https://github.com/mafintosh/mkdirp-classic,not_matched,present
npmjs.org,pkg:npm/mlly,https://github.com/unjs/mlly,not_matched,present
npmjs.org,pkg:npm/mocha,https://github.com/mochajs/mocha,not_matched,missing
npmjs.org,pkg:npm/module-details-from-path,https://github.com/watson/module-details-from-path,not_matched,present
npmjs.org,pkg:npm/moment,https://github.com/moment/moment,not_matched,present
npmjs.org,pkg:npm/moment-timezone,https://github.com/moment/moment-timezone,not_matched,present
npmjs.org,pkg:npm/mongodb,https://github.com/mongodb/node-mongodb-native,dependencies,missing
npmjs.org,pkg:npm/mri,https://github.com/lukeed/mri,not_matched,present
npmjs.org,pkg:npm/mrmime,https://github.com/lukeed/mrmime,not_matched,present
npmjs.org,pkg:npm/ms,https://github.com/vercel/ms,not_matched,present
npmjs.org,pkg:npm/%40mui/utils,https://github.com/mui/material-ui,not_matched,missing
npmjs.org,pkg:npm/multicast-dns,https://github.com/mafintosh/multicast-dns,not_matched,present
npmjs.org,pkg:npm/mute-stream,https://github.com/npm/mute-stream,not_matched,present
npmjs.org,pkg:npm/mz,https://github.com/normalize/mz,not_matched,present
npmjs.org,pkg:npm/nan,https://github.com/nodejs/nan,dependencies,missing
npmjs.org,pkg:npm/nanoid,https://github.com/ai/nanoid,not_matched,missing
npmjs.org,pkg:npm/nanomatch,https://github.com/micromatch/nanomatch,not_matched,present
npmjs.org,pkg:npm/napi-build-utils,https://github.com/inspiredware/napi-build-utils,not_matched,present
npmjs.org,pkg:npm/natural-compare,https://github.com/litejs/natural-compare-lite,not_matched,present
npmjs.org,pkg:npm/natural-compare-lite,https://github.com/litejs/natural-compare-lite,not_matched,present
npmjs.org,pkg:npm/needle,https://github.com/tomas/needle,not_matched,present
npmjs.org,pkg:npm/negotiator,https://github.com/jshttp/negotiator,not_matched,present
npmjs.org,pkg:npm/neo-async,https://github.com/suguru03/neo-async,not_matched,present
npmjs.org,pkg:npm/netmask,https://github.com/rs/node-netmask,not_matched,present
npmjs.org,pkg:npm/next,https://github.com/vercel/next.js,not_matched,missing
npmjs.org,pkg:npm/%40next/env,https://github.com/vercel/next.js,not_matched,missing
npmjs.org,pkg:npm/%40next/eslint-plugin-next,https://github.com/vercel/next.js,not_matched,missing
npmjs.org,pkg:npm/%40next/swc-linux-x64-gnu,https://github.com/vercel/next.js,not_matched,missing
npmjs.org,pkg:npm/%40next/swc-linux-x64-musl,https://github.com/vercel/next.js,not_matched,missing
npmjs.org,pkg:npm/next-tick,https://github.com/medikoo/next-tick,not_matched,present
npmjs.org,pkg:npm/nice-try,https://github.com/electerious/nice-try,not_matched,missing
npmjs.org,pkg:npm/%40nicolo-ribaudo/eslint-scope-5-internals,,dependencies,no_repository
npmjs.org,pkg:npm/no-case,https://github.com/blakeembrey/change-case,not_matched,present
npmjs.org,pkg:npm/node-abi,https://github.com/electron/node-abi,not_matched,missing
npmjs.org,pkg:npm/node-abort-controller,https://github.com/southpolesteve/node-abort-controller,not_matched,present
npmjs.org,pkg:npm/node-addon-api,https://github.com/nodejs/node-addon-api,not_matched,missing
npmjs.org,pkg:npm/node-dir,https://github.com/fshost/node-dir,not_matched,present
npmjs.org,pkg:npm/node-domexception,https://github.com/jimmywarting/node-domexception,not_matched,present
npmjs.org,pkg:npm/node-emoji,https://github.com/omnidan/node-emoji,not_matched,present
npmjs.org,pkg:npm/node-fetch,https://github.com/bitinn/node-fetch,not_matched,present
npmjs.org,pkg:npm/node-fetch-native,https://github.com/unjs/node-fetch-native,not_matched,present
npmjs.org,pkg:npm/node-forge,https://github.com/digitalbazaar/forge,not_matched,missing
npmjs.org,pkg:npm/node-gyp,https://github.com/nodejs/node-gyp,not_matched,present
npmjs.org,pkg:npm/node-gyp-build,https://github.com/prebuild/node-gyp-build,not_matched,present
npmjs.org,pkg:npm/node-int64,https://github.com/broofa/node-int64,not_matched,present
npmjs.org,pkg:npm/%40nodelib/fs.scandir,https://github.com/nodelib/nodelib,dependencies,present
npmjs.org,pkg:npm/%40nodelib/fs.stat,https://github.com/nodelib/nodelib,dependencies,present
npmjs.org,pkg:npm/%40nodelib/fs.walk,https://github.com/nodelib/nodelib,dependencies,present
npmjs.org,pkg:npm/node-libs-browser,https://github.com/webpack/node-libs-browser,not_matched,present
npmjs.org,pkg:npm/nodemon,https://github.com/remy/nodemon,dependencies,missing
npmjs.org,pkg:npm/node-notifier,https://github.com/mikaelbr/node-notifier,not_matched,present
npmjs.org,pkg:npm/node-releases,https://github.com/chicoxyzzy/node-releases,not_matched,missing
npmjs.org,pkg:npm/nopt,https://github.com/npm/nopt,not_matched,present
npmjs.org,pkg:npm/normalize-package-data,https://github.com/npm/normalize-package-data,not_matched,present
npmjs.org,pkg:npm/normalize-path,https://github.com/jonschlinkert/normalize-path,not_matched,present
npmjs.org,pkg:npm/normalize-range,https://github.com/jamestalmage/normalize-range,not_matched,present
npmjs.org,pkg:npm/normalize-url,https://github.com/sindresorhus/normalize-url,not_matched,present
npmjs.org,pkg:npm/notifications-node-client,https://github.com/alphagov/notifications-node-client,not_matched,present
npmjs.org,pkg:npm/npm,https://github.com/npm/cli,not_matched,missing
npmjs.org,pkg:npm/npm-bundled,https://github.com/npm/npm-bundled,not_matched,present
npmjs.org,pkg:npm/%40npmcli/agent,https://github.com/npm/agent,not_matched,present
npmjs.org,pkg:npm/%40npmcli/fs,https://github.com/npm/fs,not_matched,missing
npmjs.org,pkg:npm/%40npmcli/git,https://github.com/npm/git,not_matched,present
npmjs.org,pkg:npm/%40npmcli/installed-package-contents,https://github.com/npm/installed-package-contents,not_matched,present
npmjs.org,pkg:npm/%40npmcli/node-gyp,https://github.com/npm/node-gyp,not_matched,present
npmjs.org,pkg:npm/%40npmcli/promise-spawn,https://github.com/npm/promise-spawn,not_matched,present
npmjs.org,pkg:npm/%40npmcli/run-script,https://github.com/npm/run-script,not_matched,present
npmjs.org,pkg:npm/npm-install-checks,https://github.com/npm/npm-install-checks,not_matched,present
npmjs.org,pkg:npm/npm-normalize-package-bin,https://github.com/npm/npm-normalize-package-bin,not_matched,present
npmjs.org,pkg:npm/npm-package-arg,https://github.com/npm/npm-package-arg,not_matched,present
npmjs.org,pkg:npm/npm-packlist,https://github.com/npm/npm-packlist,not_matched,present
npmjs.org,pkg:npm/npm-pick-manifest,https://github.com/npm/npm-pick-manifest,not_matched,present
npmjs.org,pkg:npm/npm-registry-fetch,https://github.com/npm/npm-registry-fetch,not_matched,present
npmjs.org,pkg:npm/npm-run-path,https://github.com/sindresorhus/npm-run-path,not_matched,missing
npmjs.org,pkg:npm/%40nrwl/devkit,https://github.com/nrwl/nx,not_matched,missing
npmjs.org,pkg:npm/nth-check,https://github.com/fb55/nth-check,not_matched,missing
npmjs.org,pkg:npm/number-is-nan,https://github.com/sindresorhus/number-is-nan,not_matched,present
npmjs.org,pkg:npm/nwsapi,https://github.com/dperini/nwsapi,not_matched,missing
npmjs.org,pkg:npm/oauth-sign,https://github.com/mikeal/oauth-sign,not_matched,present
npmjs.org,pkg:npm/object-assign,https://github.com/sindresorhus/object-assign,not_matched,missing
npmjs.org,pkg:npm/object.assign,https://github.com/ljharb/object.assign,not_matched,present
npmjs.org,pkg:npm/object-copy,https://github.com/jonschlinkert/object-copy,not_matched,present
npmjs.org,pkg:npm/object.entries,https://github.com/es-shims/object.entries,not_matched,present
npmjs.org,pkg:npm/object.fromentries,https://github.com/es-shims/object.fromentries,not_matched,present
npmjs.org,pkg:npm/object.getownpropertydescriptors,https://github.com/es-shims/object.getownpropertydescriptors,not_matched,present
npmjs.org,pkg:npm/object.groupby,https://github.com/es-shims/object.groupby,not_matched,present
npmjs.org,pkg:npm/object-hash,https://github.com/puleos/object-hash,not_matched,present
npmjs.org,pkg:npm/object.hasown,https://github.com/es-shims/object.hasown,not_matched,missing
npmjs.org,pkg:npm/object-inspect,https://github.com/inspect-js/object-inspect,not_matched,present
npmjs.org,pkg:npm/object-is,https://github.com/es-shims/object-is,not_matched,present
npmjs.org,pkg:npm/object-keys,https://github.com/ljharb/object-keys,not_matched,present
npmjs.org,pkg:npm/object.pick,https://github.com/jonschlinkert/object.pick,not_matched,present
npmjs.org,pkg:npm/object.values,https://github.com/es-shims/object.values,not_matched,present
npmjs.org,pkg:npm/object-visit,https://github.com/jonschlinkert/object-visit,not_matched,present
npmjs.org,pkg:npm/obuf,https://github.com/indutny/offset-buffer,not_matched,present
npmjs.org,pkg:npm/%40octokit/auth-token,https://github.com/octokit/auth-token.js,not_matched,present
npmjs.org,pkg:npm/%40octokit/core,https://github.com/octokit/core.js,not_matched,present
npmjs.org,pkg:npm/%40octokit/endpoint,https://github.com/octokit/endpoint.js,not_matched,missing
npmjs.org,pkg:npm/%40octokit/graphql,https://github.com/octokit/graphql.js,not_matched,present
npmjs.org,pkg:npm/%40octokit/openapi-types,https://github.com/octokit/openapi-types.ts,not_matched,missing
npmjs.org,pkg:npm/%40octokit/plugin-paginate-rest,https://github.com/octokit/plugin-paginate-rest.js,not_matched,present
npmjs.org,pkg:npm/%40octokit/plugin-request-log,https://github.com/octokit/plugin-request-log.js,not_matched,present
npmjs.org,pkg:npm/%40octokit/plugin-rest-endpoint-methods,https://github.com/octokit/plugin-rest-endpoint-methods.js,not_matched,present
npmjs.org,pkg:npm/%40octokit/request,https://github.com/octokit/request.js,not_matched,present
npmjs.org,pkg:npm/%40octokit/request-error,https://github.com/octokit/request-error.js,not_matched,missing
npmjs.org,pkg:npm/%40octokit/rest,https://github.com/octokit/rest.js,not_matched,present
npmjs.org,pkg:npm/%40octokit/types,https://github.com/octokit/types.ts,not_matched,present
npmjs.org,pkg:npm/once,https://github.com/isaacs/once,not_matched,present
npmjs.org,pkg:npm/one-time,https://github.com/3rd-eden/one-time,not_matched,present
npmjs.org,pkg:npm/onetime,https://github.com/sindresorhus/onetime,not_matched,missing
npmjs.org,pkg:npm/on-exit-leak-free,https://github.com/mcollina/on-exit-or-gc,not_matched,present
npmjs.org,pkg:npm/on-finished,https://github.com/jshttp/on-finished,not_matched,present
npmjs.org,pkg:npm/on-headers,https://github.com/jshttp/on-headers,not_matched,present
npmjs.org,pkg:npm/open,https://github.com/sindresorhus/open,not_matched,missing
npmjs.org,pkg:npm/opener,https://github.com/domenic/opener,not_matched,present
npmjs.org,pkg:npm/%40opentelemetry/api,https://github.com/open-telemetry/opentelemetry-js,not_matched,missing
npmjs.org,pkg:npm/%40opentelemetry/api-logs,https://github.com/open-telemetry/opentelemetry-js,not_matched,missing
npmjs.org,pkg:npm/%40opentelemetry/core,https://github.com/open-telemetry/opentelemetry-js,not_matched,missing
npmjs.org,pkg:npm/%40opentelemetry/instrumentation,https://github.com/open-telemetry/opentelemetry-js,not_matched,missing
npmjs.org,pkg:npm/%40opentelemetry/resources,https://github.com/open-telemetry/opentelemetry-js,not_matched,missing
npmjs.org,pkg:npm/%40opentelemetry/sdk-trace-base,https://github.com/open-telemetry/opentelemetry-js,not_matched,missing
npmjs.org,pkg:npm/%40opentelemetry/semantic-conventions,https://github.com/open-telemetry/opentelemetry-js,not_matched,missing
npmjs.org,pkg:npm/optionator,https://github.com/gkz/optionator,not_matched,present
npmjs.org,pkg:npm/ora,https://github.com/sindresorhus/ora,not_matched,missing
npmjs.org,pkg:npm/os-browserify,https://github.com/coderpuppy/os-browserify,not_matched,present
npmjs.org,pkg:npm/os-homedir,https://github.com/sindresorhus/os-homedir,not_matched,present
npmjs.org,pkg:npm/os-locale,https://github.com/sindresorhus/os-locale,not_matched,missing
npmjs.org,pkg:npm/os-tmpdir,https://github.com/sindresorhus/os-tmpdir,not_matched,present
npmjs.org,pkg:npm/package-json,https://github.com/sindresorhus/package-json,not_matched,present
npmjs.org,pkg:npm/package-json-from-dist,https://github.com/isaacs/package-json-from-dist,not_matched,present
npmjs.org,pkg:npm/pacote,https://github.com/npm/pacote,not_matched,present
npmjs.org,pkg:npm/pac-proxy-agent,https://github.com/tootallnate/proxy-agents,not_matched,present
npmjs.org,pkg:npm/pac-resolver,https://github.com/tootallnate/proxy-agents,not_matched,present
npmjs.org,pkg:npm/pako,https://github.com/nodeca/pako,not_matched,present
npmjs.org,pkg:npm/param-case,https://github.com/blakeembrey/change-case,not_matched,present
npmjs.org,pkg:npm/parent-module,https://github.com/sindresorhus/parent-module,not_matched,missing
npmjs.org,pkg:npm/parse5,https://github.com/inikulin/parse5,not_matched,missing
npmjs.org,pkg:npm/parse5-htmlparser2-tree-adapter,https://github.com/inikulin/parse5,not_matched,missing
npmjs.org,pkg:npm/parse-asn1,https://github.com/crypto-browserify/parse-asn1,not_matched,present
npmjs.org,pkg:npm/parse-entities,https://github.com/wooorm/parse-entities,not_matched,present
npmjs.org,pkg:npm/parse-filepath,https://github.com/jonschlinkert/parse-filepath,not_matched,present
npmjs.org,pkg:npm/parse-json,https://github.com/sindresorhus/parse-json,not_matched,missing
npmjs.org,pkg:npm/parse-ms,https://github.com/sindresorhus/parse-ms,not_matched,missing
npmjs.org,pkg:npm/parse-node-version,https://github.com/gulpjs/parse-node-version,not_matched,present
npmjs.org,pkg:npm/parse-passwd,https://github.com/doowb/parse-passwd,not_matched,present
npmjs.org,pkg:npm/parseurl,https://github.com/pillarjs/parseurl,not_matched,present
npmjs.org,pkg:npm/pascal-case,https://github.com/blakeembrey/change-case,not_matched,present
npmjs.org,pkg:npm/pascalcase,https://github.com/jonschlinkert/pascalcase,not_matched,present
npmjs.org,pkg:npm/path-browserify,https://github.com/browserify/path-browserify,not_matched,present
npmjs.org,pkg:npm/path-case,https://github.com/blakeembrey/change-case,not_matched,present
npmjs.org,pkg:npm/path-dirname,https://github.com/es128/path-dirname,not_matched,present
npmjs.org,pkg:npm/pathe,https://github.com/unjs/pathe,not_matched,present
npmjs.org,pkg:npm/path-exists,https://github.com/sindresorhus/path-exists,not_matched,missing
npmjs.org,pkg:npm/path-is-absolute,https://github.com/sindresorhus/path-is-absolute,not_matched,present
npmjs.org,pkg:npm/path-is-inside,https://github.com/domenic/path-is-inside,not_matched,present
npmjs.org,pkg:npm/path-key,https://github.com/sindresorhus/path-key,not_matched,missing
npmjs.org,pkg:npm/path-parse,https://github.com/jbgutierrez/path-parse,not_matched,present
npmjs.org,pkg:npm/path-root,https://github.com/jonschlinkert/path-root,not_matched,present
npmjs.org,pkg:npm/path-root-regex,https://github.com/regexhq/path-root-regex,not_matched,present
npmjs.org,pkg:npm/path-scurry,https://github.com/isaacs/path-scurry,not_matched,present
npmjs.org,pkg:npm/path-to-regexp,https://github.com/pillarjs/path-to-regexp,not_matched,missing
npmjs.org,pkg:npm/path-type,https://github.com/sindresorhus/path-type,not_matched,missing
npmjs.org,pkg:npm/pathval,https://github.com/chaijs/pathval,not_matched,present
npmjs.org,pkg:npm/pbkdf2,https://github.com/browserify/pbkdf2,not_matched,present
npmjs.org,pkg:npm/p-cancelable,https://github.com/sindresorhus/p-cancelable,not_matched,present
npmjs.org,pkg:npm/p-defer,https://github.com/sindresorhus/p-defer,not_matched,missing
npmjs.org,pkg:npm/peek-readable,https://github.com/borewit/peek-readable,not_matched,present
npmjs.org,pkg:npm/pend,https://github.com/andrewrk/node-pend,not_matched,present
npmjs.org,pkg:npm/performance-now,https://github.com/braveg1rl/performance-now,not_matched,present
npmjs.org,pkg:npm/p-event,https://github.com/sindresorhus/p-event,not_matched,missing
npmjs.org,pkg:npm/p-finally,https://github.com/sindresorhus/p-finally,not_matched,present
npmjs.org,pkg:npm/pg,https://github.com/brianc/node-postgres,not_matched,missing
npmjs.org,pkg:npm/pg-connection-string,https://github.com/brianc/node-postgres,not_matched,missing
npmjs.org,pkg:npm/pg-int8,https://github.com/charmander/pg-int8,not_matched,present
npmjs.org,pkg:npm/pgpass,https://github.com/hoegaarden/pgpass,not_matched,present
npmjs.org,pkg:npm/pg-pool,https://github.com/brianc/node-postgres,not_matched,missing
npmjs.org,pkg:npm/pg-protocol,https://github.com/brianc/node-postgres,not_matched,missing
npmjs.org,pkg:npm/pg-types,https://github.com/brianc/node-pg-types,not_matched,present
npmjs.org,pkg:npm/picocolors,https://github.com/alexeyraspopov/picocolors,not_matched,present
npmjs.org,pkg:npm/picomatch,https://github.com/micromatch/picomatch,not_matched,present
npmjs.org,pkg:npm/pidtree,https://github.com/simonepri/pidtree,not_matched,present
npmjs.org,pkg:npm/pify,https://github.com/sindresorhus/pify,not_matched,missing
npmjs.org,pkg:npm/pinkie,https://github.com/floatdrop/pinkie,dependencies,present
npmjs.org,pkg:npm/pinkie-promise,https://github.com/floatdrop/pinkie-promise,not_matched,present
npmjs.org,pkg:npm/pino,https://github.com/pinojs/pino,not_matched,present
npmjs.org,pkg:npm/pino-abstract-transport,https://github.com/pinojs/pino-abstract-transport,not_matched,present
npmjs.org,pkg:npm/pino-std-serializers,https://github.com/pinojs/pino-std-serializers,not_matched,present
npmjs.org,pkg:npm/pirates,https://github.com/danez/pirates,not_matched,missing
npmjs.org,pkg:npm/p-is-promise,https://github.com/sindresorhus/p-is-promise,not_matched,missing
npmjs.org,pkg:npm/pkg-dir,https://github.com/sindresorhus/pkg-dir,not_matched,missing
npmjs.org,pkg:npm/%40pkgjs/parseargs,https://github.com/pkgjs/parseargs,not_matched,present
npmjs.org,pkg:npm/%40pkgr/core,https://github.com/un-ts/pkgr,not_matched,missing
npmjs.org,pkg:npm/pkg-types,https://github.com/unjs/pkg-types,dependencies,present
npmjs.org,pkg:npm/pkg-up,https://github.com/sindresorhus/pkg-up,not_matched,missing
npmjs.org,pkg:npm/playwright,https://github.com/microsoft/playwright,not_matched,missing
npmjs.org,pkg:npm/playwright-core,https://github.com/microsoft/playwright,not_matched,missing
npmjs.org,pkg:npm/%40playwright/test,https://github.com/microsoft/playwright,not_matched,missing
npmjs.org,pkg:npm/p-limit,https://github.com/sindresorhus/p-limit,not_matched,present
npmjs.org,pkg:npm/p-locate,https://github.com/sindresorhus/p-locate,not_matched,missing
npmjs.org,pkg:npm/pluralize,https://github.com/blakeembrey/pluralize,not_matched,present
npmjs.org,pkg:npm/p-map,https://github.com/sindresorhus/p-map,not_matched,missing
npmjs.org,pkg:npm/%40pmmmwh/react-refresh-webpack-plugin,https://github.com/pmmmwh/react-refresh-webpack-plugin,not_matched,missing
npmjs.org,pkg:npm/pngjs,https://github.com/pngjs/pngjs,not_matched,present
npmjs.org,pkg:npm/pnpm,https://github.com/pnpm/pnpm,not_matched,missing
npmjs.org,pkg:npm/polished,https://github.com/styled-components/polished,not_matched,present
npmjs.org,pkg:npm/%40polka/url,https://github.com/lukeed/polka,not_matched,present
npmjs.org,pkg:npm/%40popperjs/core,https://github.com/popperjs/popper-core,dependencies,missing
npmjs.org,pkg:npm/portfinder,https://github.com/http-party/node-portfinder,not_matched,present
npmjs.org,pkg:npm/posix-character-classes,https://github.com/jonschlinkert/posix-character-classes,not_matched,present
npmjs.org,pkg:npm/possible-typed-array-names,https://github.com/ljharb/possible-typed-array-names,not_matched,missing
npmjs.org,pkg:npm/postcss,https://github.com/postcss/postcss,not_matched,missing
npmjs.org,pkg:npm/postcss-attribute-case-insensitive,https://github.com/csstools/postcss-plugins,not_matched,missing
npmjs.org,pkg:npm/postcss-calc,https://github.com/postcss/postcss-calc,dependencies,missing
npmjs.org,pkg:npm/postcss-color-functional-notation,https://github.com/csstools/postcss-plugins,not_matched,missing
npmjs.org,pkg:npm/postcss-color-hex-alpha,https://github.com/csstools/postcss-plugins,not_matched,missing
npmjs.org,pkg:npm/postcss-colormin,https://github.com/cssnano/cssnano,not_matched,missing
npmjs.org,pkg:npm/postcss-color-rebeccapurple,https://github.com/csstools/postcss-plugins,not_matched,missing
npmjs.org,pkg:npm/postcss-convert-values,https://github.com/cssnano/cssnano,not_matched,missing
npmjs.org,pkg:npm/postcss-custom-media,https://github.com/csstools/postcss-plugins,not_matched,missing
npmjs.org,pkg:npm/postcss-custom-properties,https://github.com/csstools/postcss-plugins,not_matched,missing
npmjs.org,pkg:npm/postcss-custom-selectors,https://github.com/csstools/postcss-plugins,not_matched,missing
npmjs.org,pkg:npm/postcss-dir-pseudo-class,https://github.com/csstools/postcss-plugins,not_matched,missing
npmjs.org,pkg:npm/postcss-discard-comments,https://github.com/cssnano/cssnano,not_matched,missing
npmjs.org,pkg:npm/postcss-discard-duplicates,https://github.com/cssnano/cssnano,not_matched,missing
npmjs.org,pkg:npm/postcss-discard-empty,https://github.com/cssnano/cssnano,not_matched,missing
npmjs.org,pkg:npm/postcss-discard-overridden,https://github.com/cssnano/cssnano,not_matched,missing
npmjs.org,pkg:npm/postcss-double-position-gradients,https://github.com/csstools/postcss-plugins,not_matched,missing
npmjs.org,pkg:npm/postcss-flexbugs-fixes,https://github.com/luisrudge/postcss-flexbugs-fixes,not_matched,present
npmjs.org,pkg:npm/postcss-focus-visible,https://github.com/csstools/postcss-plugins,not_matched,missing
npmjs.org,pkg:npm/postcss-focus-within,https://github.com/csstools/postcss-plugins,not_matched,missing
npmjs.org,pkg:npm/postcss-font-variant,https://github.com/postcss/postcss-font-variant,not_matched,present
npmjs.org,pkg:npm/postcss-gap-properties,https://github.com/csstools/postcss-plugins,not_matched,missing
npmjs.org,pkg:npm/postcss-image-set-function,https://github.com/csstools/postcss-plugins,not_matched,missing
npmjs.org,pkg:npm/postcss-import,https://github.com/postcss/postcss-import,not_matched,present
npmjs.org,pkg:npm/postcss-js,https://github.com/postcss/postcss-js,not_matched,present
npmjs.org,pkg:npm/postcss-lab-function,https://github.com/csstools/postcss-plugins,not_matched,missing
npmjs.org,pkg:npm/postcss-load-config,https://github.com/postcss/postcss-load-config,not_matched,present
npmjs.org,pkg:npm/postcss-loader,https://github.com/webpack/postcss-loader,not_matched,present
npmjs.org,pkg:npm/postcss-logical,https://github.com/csstools/postcss-plugins,not_matched,missing
npmjs.org,pkg:npm/postcss-merge-longhand,https://github.com/cssnano/cssnano,not_matched,missing
npmjs.org,pkg:npm/postcss-merge-rules,https://github.com/cssnano/cssnano,not_matched,missing
npmjs.org,pkg:npm/postcss-minify-font-values,https://github.com/cssnano/cssnano,not_matched,missing
npmjs.org,pkg:npm/postcss-minify-gradients,https://github.com/cssnano/cssnano,not_matched,missing
npmjs.org,pkg:npm/postcss-minify-params,https://github.com/cssnano/cssnano,not_matched,missing
npmjs.org,pkg:npm/postcss-minify-selectors,https://github.com/cssnano/cssnano,not_matched,missing
npmjs.org,pkg:npm/postcss-modules-extract-imports,https://github.com/css-modules/postcss-modules-extract-imports,not_matched,present
npmjs.org,pkg:npm/postcss-modules-local-by-default,https://github.com/css-modules/postcss-modules-local-by-default,not_matched,present
npmjs.org,pkg:npm/postcss-modules-scope,https://github.com/css-modules/postcss-modules-scope,not_matched,present
npmjs.org,pkg:npm/postcss-modules-values,https://github.com/css-modules/postcss-modules-values,not_matched,present
npmjs.org,pkg:npm/postcss-nested,https://github.com/postcss/postcss-nested,not_matched,present
npmjs.org,pkg:npm/postcss-nesting,https://github.com/csstools/postcss-plugins,not_matched,missing
npmjs.org,pkg:npm/postcss-normalize-charset,https://github.com/cssnano/cssnano,not_matched,missing
npmjs.org,pkg:npm/postcss-normalize-display-values,https://github.com/cssnano/cssnano,not_matched,missing
npmjs.org,pkg:npm/postcss-normalize-positions,https://github.com/cssnano/cssnano,not_matched,missing
npmjs.org,pkg:npm/postcss-normalize-repeat-style,https://github.com/cssnano/cssnano,not_matched,missing
npmjs.org,pkg:npm/postcss-normalize-string,https://github.com/cssnano/cssnano,not_matched,missing
npmjs.org,pkg:npm/postcss-normalize-timing-functions,https://github.com/cssnano/cssnano,not_matched,missing
npmjs.org,pkg:npm/postcss-normalize-unicode,https://github.com/cssnano/cssnano,not_matched,missing
npmjs.org,pkg:npm/postcss-normalize-url,https://github.com/cssnano/cssnano,not_matched,missing
npmjs.org,pkg:npm/postcss-normalize-whitespace,https://github.com/cssnano/cssnano,not_matched,missing
npmjs.org,pkg:npm/postcss-ordered-values,https://github.com/cssnano/cssnano,not_matched,missing
npmjs.org,pkg:npm/postcss-overflow-shorthand,https://github.com/csstools/postcss-plugins,not_matched,missing
npmjs.org,pkg:npm/postcss-page-break,https://github.com/shrpne/postcss-page-break,not_matched,present
npmjs.org,pkg:npm/postcss-place,https://github.com/csstools/postcss-plugins,not_matched,missing
npmjs.org,pkg:npm/postcss-preset-env,https://github.com/csstools/postcss-plugins,not_matched,missing
npmjs.org,pkg:npm/postcss-pseudo-class-any-link,https://github.com/csstools/postcss-plugins,not_matched,missing
npmjs.org,pkg:npm/postcss-reduce-initial,https://github.com/cssnano/cssnano,not_matched,missing
npmjs.org,pkg:npm/postcss-reduce-transforms,https://github.com/cssnano/cssnano,not_matched,missing
npmjs.org,pkg:npm/postcss-replace-overflow-wrap,https://github.com/mattdimu/postcss-replace-overflow-wrap,not_matched,present
npmjs.org,pkg:npm/postcss-safe-parser,https://github.com/postcss/postcss-safe-parser,not_matched,present
npmjs.org,pkg:npm/postcss-selector-not,https://github.com/csstools/postcss-plugins,not_matched,missing
npmjs.org,pkg:npm/postcss-selector-parser,https://github.com/postcss/postcss-selector-parser,not_matched,missing
npmjs.org,pkg:npm/postcss-svgo,https://github.com/cssnano/cssnano,not_matched,missing
npmjs.org,pkg:npm/postcss-unique-selectors,https://github.com/cssnano/cssnano,not_matched,missing
npmjs.org,pkg:npm/postcss-value-parser,https://github.com/trysound/postcss-value-parser,not_matched,missing
npmjs.org,pkg:npm/postgres-array,https://github.com/bendrucker/postgres-array,not_matched,present
npmjs.org,pkg:npm/postgres-bytea,https://github.com/bendrucker/postgres-bytea,not_matched,present
npmjs.org,pkg:npm/postgres-date,https://github.com/bendrucker/postgres-date,not_matched,present
npmjs.org,pkg:npm/postgres-interval,https://github.com/bendrucker/postgres-interval,not_matched,present
npmjs.org,pkg:npm/p-queue,https://github.com/sindresorhus/p-queue,not_matched,present
npmjs.org,pkg:npm/prebuild-install,https://github.com/prebuild/prebuild-install,not_matched,present
npmjs.org,pkg:npm/prelude-ls,https://github.com/gkz/prelude-ls,not_matched,present
npmjs.org,pkg:npm/prepend-http,https://github.com/sindresorhus/prepend-http,not_matched,missing
npmjs.org,pkg:npm/p-retry,https://github.com/sindresorhus/p-retry,not_matched,missing
npmjs.org,pkg:npm/prettier,https://github.com/prettier/prettier,not_matched,missing
npmjs.org,pkg:npm/prettier-linter-helpers,https://github.com/prettier/prettier-linter-helpers,not_matched,present
npmjs.org,pkg:npm/pretty-bytes,https://github.com/sindresorhus/pretty-bytes,not_matched,present
npmjs.org,pkg:npm/pretty-error,https://github.com/ariaminaei/pretty-error,not_matched,present
npmjs.org,pkg:npm/pretty-format,https://github.com/jestjs/jest,not_matched,missing
npmjs.org,pkg:npm/pretty-hrtime,https://github.com/robrich/pretty-hrtime,not_matched,present
npmjs.org,pkg:npm/pretty-ms,https://github.com/sindresorhus/pretty-ms,dependencies,missing
npmjs.org,pkg:npm/prismjs,https://github.com/prismjs/prism,not_matched,missing
npmjs.org,pkg:npm/process,https://github.com/shtylman/node-process,not_matched,present
npmjs.org,pkg:npm/process-nextick-args,https://github.com/calvinmetcalf/process-nextick-args,not_matched,present
npmjs.org,pkg:npm/process-warning,https://github.com/fastify/process-warning,not_matched,present
npmjs.org,pkg:npm/proc-log,https://github.com/npm/proc-log,not_matched,present
npmjs.org,pkg:npm/progress,https://github.com/visionmedia/node-progress,not_matched,present
npmjs.org,pkg:npm/promise,https://github.com/then/promise,not_matched,present
npmjs.org,pkg:npm/promise-inflight,https://github.com/iarna/promise-inflight,not_matched,present
npmjs.org,pkg:npm/promise-retry,https://github.com/indigounited/node-promise-retry,not_matched,present
npmjs.org,pkg:npm/prompts,https://github.com/terkelg/prompts,not_matched,present
npmjs.org,pkg:npm/property-expr,https://github.com/jquense/expr,not_matched,present
npmjs.org,pkg:npm/property-information,https://github.com/wooorm/property-information,not_matched,present
npmjs.org,pkg:npm/prop-types,https://github.com/facebook/prop-types,not_matched,present
npmjs.org,pkg:npm/proto3-json-serializer,https://github.com/googleapis/google-cloud-node,not_matched,missing
npmjs.org,pkg:npm/protobufjs,https://github.com/protobufjs/protobuf.js,not_matched,present
npmjs.org,pkg:npm/%40protobufjs/aspromise,https://github.com/dcodeio/protobuf.js,not_matched,present
npmjs.org,pkg:npm/%40protobufjs/base64,https://github.com/dcodeio/protobuf.js,not_matched,present
npmjs.org,pkg:npm/%40protobufjs/codegen,https://github.com/dcodeio/protobuf.js,not_matched,present
npmjs.org,pkg:npm/%40protobufjs/eventemitter,https://github.com/dcodeio/protobuf.js,not_matched,present
npmjs.org,pkg:npm/%40protobufjs/fetch,https://github.com/dcodeio/protobuf.js,not_matched,present
npmjs.org,pkg:npm/%40protobufjs/float,https://github.com/dcodeio/protobuf.js,not_matched,present
npmjs.org,pkg:npm/%40protobufjs/inquire,https://github.com/dcodeio/protobuf.js,not_matched,present
npmjs.org,pkg:npm/%40protobufjs/path,https://github.com/dcodeio/protobuf.js,not_matched,present
npmjs.org,pkg:npm/%40protobufjs/pool,https://github.com/dcodeio/protobuf.js,not_matched,present
npmjs.org,pkg:npm/%40protobufjs/utf8,https://github.com/protobufjs/protobuf.js,not_matched,present
npmjs.org,pkg:npm/proto-list,https://github.com/isaacs/proto-list,not_matched,present
npmjs.org,pkg:npm/proxy-addr,https://github.com/jshttp/proxy-addr,not_matched,missing
npmjs.org,pkg:npm/proxy-agent,https://github.com/tootallnate/proxy-agents,not_matched,present
npmjs.org,pkg:npm/proxy-from-env,https://github.com/rob--w/proxy-from-env,not_matched,present
npmjs.org,pkg:npm/prr,https://github.com/rvagg/prr,not_matched,present
npmjs.org,pkg:npm/pseudomap,https://github.com/isaacs/pseudomap,not_matched,present
npmjs.org,pkg:npm/psl,https://github.com/lupomontero/psl,not_matched,present
npmjs.org,pkg:npm/pstree.remy,https://github.com/remy/pstree,not_matched,present
npmjs.org,pkg:npm/p-timeout,https://github.com/sindresorhus/p-timeout,not_matched,missing
npmjs.org,pkg:npm/p-try,https://github.com/sindresorhus/p-try,not_matched,missing
npmjs.org,pkg:npm/public-encrypt,https://github.com/crypto-browserify/publicencrypt,not_matched,present
npmjs.org,pkg:npm/pump,https://github.com/mafintosh/pump,not_matched,present
npmjs.org,pkg:npm/pumpify,https://github.com/mafintosh/pumpify,not_matched,present
npmjs.org,pkg:npm/punycode,https://github.com/mathiasbynens/punycode.js,not_matched,present
npmjs.org,pkg:npm/puppeteer-core,https://github.com/puppeteer/puppeteer,not_matched,missing
npmjs.org,pkg:npm/pure-rand,https://github.com/dubzzz/pure-rand,dependencies,present
npmjs.org,pkg:npm/qs,https://github.com/ljharb/qs,not_matched,present
npmjs.org,pkg:npm/query-string,https://github.com/sindresorhus/query-string,not_matched,present
npmjs.org,pkg:npm/querystring-es3,https://github.com/spaintrain/querystring-es3,not_matched,present
npmjs.org,pkg:npm/querystringify,https://github.com/unshiftio/querystringify,not_matched,present
npmjs.org,pkg:npm/queue-microtask,https://github.com/feross/queue-microtask,not_matched,present
npmjs.org,pkg:npm/queue-tick,https://github.com/mafintosh/queue-tick,not_matched,present
npmjs.org,pkg:npm/quick-format-unescaped,https://github.com/davidmarkclements/quick-format,not_matched,present
npmjs.org,pkg:npm/quick-lru,https://github.com/sindresorhus/quick-lru,not_matched,missing
npmjs.org,pkg:npm/%40radix-ui/primitive,https://github.com/radix-ui/primitives,not_matched,present
npmjs.org,pkg:npm/%40radix-ui/react-collection,https://github.com/radix-ui/primitives,not_matched,present
npmjs.org,pkg:npm/%40radix-ui/react-compose-refs,https://github.com/radix-ui/primitives,not_matched,present
npmjs.org,pkg:npm/%40radix-ui/react-context,https://github.com/radix-ui/primitives,not_matched,present
npmjs.org,pkg:npm/%40radix-ui/react-direction,https://github.com/radix-ui/primitives,not_matched,present
npmjs.org,pkg:npm/%40radix-ui/react-dismissable-layer,https://github.com/radix-ui/primitives,not_matched,present
npmjs.org,pkg:npm/%40radix-ui/react-focus-guards,https://github.com/radix-ui/primitives,not_matched,present
npmjs.org,pkg:npm/%40radix-ui/react-focus-scope,https://github.com/radix-ui/primitives,not_matched,present
npmjs.org,pkg:npm/%40radix-ui/react-id,https://github.com/radix-ui/primitives,not_matched,present
npmjs.org,pkg:npm/%40radix-ui/react-popper,https://github.com/radix-ui/primitives,not_matched,present
npmjs.org,pkg:npm/%40radix-ui/react-portal,https://github.com/radix-ui/primitives,not_matched,present
npmjs.org,pkg:npm/%40radix-ui/react-presence,https://github.com/radix-ui/primitives,not_matched,present
npmjs.org,pkg:npm/%40radix-ui/react-primitive,https://github.com/radix-ui/primitives,not_matched,present
npmjs.org,pkg:npm/%40radix-ui/react-slot,https://github.com/radix-ui/primitives,not_matched,present
npmjs.org,pkg:npm/%40radix-ui/react-use-callback-ref,https://github.com/radix-ui/primitives,not_matched,present
npmjs.org,pkg:npm/%40radix-ui/react-use-controllable-state,https://github.com/radix-ui/primitives,not_matched,present
npmjs.org,pkg:npm/%40radix-ui/react-use-escape-keydown,https://github.com/radix-ui/primitives,not_matched,present
npmjs.org,pkg:npm/%40radix-ui/react-use-layout-effect,https://github.com/radix-ui/primitives,not_matched,present
npmjs.org,pkg:npm/%40radix-ui/react-use-size,https://github.com/radix-ui/primitives,not_matched,present
npmjs.org,pkg:npm/raf,https://github.com/chrisdickinson/raf,not_matched,present
npmjs.org,pkg:npm/ramda,https://github.com/ramda/ramda,not_matched,missing
npmjs.org,pkg:npm/randombytes,https://github.com/crypto-browserify/randombytes,not_matched,present
npmjs.org,pkg:npm/randomfill,https://github.com/crypto-browserify/randomfill,not_matched,present
npmjs.org,pkg:npm/range-parser,https://github.com/jshttp/range-parser,not_matched,present
npmjs.org,pkg:npm/raw-body,https://github.com/stream-utils/raw-body,not_matched,present
npmjs.org,pkg:npm/rc,https://github.com/dominictarr/rc,not_matched,present
npmjs.org,pkg:npm/react,https://github.com/react/react,not_matched,missing
npmjs.org,pkg:npm/react-dom,https://github.com/react/react,not_matched,missing
npmjs.org,pkg:npm/react-fast-compare,https://github.com/formidablelabs/react-fast-compare,not_matched,present
npmjs.org,pkg:npm/react-hook-form,https://github.com/react-hook-form/react-hook-form,not_matched,missing
npmjs.org,pkg:npm/react-is,https://github.com/react/react,not_matched,missing
npmjs.org,pkg:npm/react-lifecycles-compat,https://github.com/reactjs/react-lifecycles-compat,not_matched,present
npmjs.org,pkg:npm/react-redux,https://github.com/reduxjs/react-redux,not_matched,missing
npmjs.org,pkg:npm/react-refresh,https://github.com/react/react,not_matched,missing
npmjs.org,pkg:npm/react-remove-scroll,https://github.com/thekashey/react-remove-scroll,not_matched,present
npmjs.org,pkg:npm/react-remove-scroll-bar,https://github.com/thekashey/react-remove-scroll-bar,not_matched,present
npmjs.org,pkg:npm/react-router,https://github.com/remix-run/react-router,not_matched,missing
npmjs.org,pkg:npm/react-router-dom,https://github.com/remix-run/react-router,not_matched,missing
npmjs.org,pkg:npm/react-style-singleton,https://github.com/thekashey/react-style-singleton,not_matched,present
npmjs.org,pkg:npm/react-transition-group,https://github.com/reactjs/react-transition-group,not_matched,present
npmjs.org,pkg:npm/readable-stream,https://github.com/nodejs/readable-stream,not_matched,present
npmjs.org,pkg:npm/read-cache,https://github.com/trysound/read-cache,not_matched,missing
npmjs.org,pkg:npm/readdir-glob,https://github.com/yqnn/node-readdir-glob,not_matched,present
npmjs.org,pkg:npm/readdirp,https://github.com/paulmillr/readdirp,not_matched,present
npmjs.org,pkg:npm/read-package-json-fast,https://github.com/npm/read-package-json-fast,not_matched,present
npmjs.org,pkg:npm/read-pkg,https://github.com/sindresorhus/read-pkg,not_matched,missing
npmjs.org,pkg:npm/read-pkg-up,https://github.com/sindresorhus/read-pkg-up,not_matched,missing
npmjs.org,pkg:npm/real-require,https://github.com/pinojs/real-require,not_matched,present
npmjs.org,pkg:npm/recast,https://github.com/benjamn/recast,not_matched,missing
npmjs.org,pkg:npm/rechoir,https://github.com/gulpjs/rechoir,not_matched,present
npmjs.org,pkg:npm/recursive-readdir,https://github.com/jergason/recursive-readdir,not_matched,present
npmjs.org,pkg:npm/redent,https://github.com/sindresorhus/redent,not_matched,missing
npmjs.org,pkg:npm/redis-errors,https://github.com/noderedis/redis-errors,not_matched,present
npmjs.org,pkg:npm/redis-parser,https://github.com/noderedis/node-redis-parser,not_matched,present
npmjs.org,pkg:npm/redux,https://github.com/reduxjs/redux,not_matched,missing
npmjs.org,pkg:npm/redux-thunk,https://github.com/reduxjs/redux-thunk,not_matched,present
npmjs.org,pkg:npm/reflect.getprototypeof,https://github.com/es-shims/reflect.getprototypeof,not_matched,present
npmjs.org,pkg:npm/reflect-metadata,https://github.com/rbuckton/reflect-metadata,not_matched,present
npmjs.org,pkg:npm/regenerate,https://github.com/mathiasbynens/regenerate,not_matched,present
npmjs.org,pkg:npm/regenerate-unicode-properties,https://github.com/mathiasbynens/regenerate-unicode-properties,not_matched,present
npmjs.org,pkg:npm/regenerator-runtime,https://github.com/facebook/regenerator,not_matched,present
npmjs.org,pkg:npm/regenerator-transform,https://github.com/facebook/regenerator,not_matched,present
npmjs.org,pkg:npm/regex-not,https://github.com/jonschlinkert/regex-not,not_matched,present
npmjs.org,pkg:npm/regex-parser,https://github.com/ionicabizau/regex-parser.js,not_matched,present
npmjs.org,pkg:npm/regexpp,https://github.com/mysticatea/regexpp,not_matched,present
npmjs.org,pkg:npm/regexp.prototype.flags,https://github.com/es-shims/regexp.prototype.flags,not_matched,present
npmjs.org,pkg:npm/regexpu-core,https://github.com/mathiasbynens/regexpu-core,not_matched,present
npmjs.org,pkg:npm/registry-auth-token,https://github.com/rexxars/registry-auth-token,not_matched,present
npmjs.org,pkg:npm/registry-url,https://github.com/sindresorhus/registry-url,not_matched,missing
npmjs.org,pkg:npm/regjsgen,https://github.com/bnjmnt4n/regjsgen,not_matched,missing
npmjs.org,pkg:npm/regjsparser,https://github.com/jviereck/regjsparser,not_matched,missing
npmjs.org,pkg:npm/relateurl,https://github.com/stevenvachon/relateurl,not_matched,present
npmjs.org,pkg:npm/remark-parse,https://github.com/remarkjs/remark,not_matched,missing
npmjs.org,pkg:npm/%40remix-run/router,https://github.com/remix-run/react-router,not_matched,missing
npmjs.org,pkg:npm/remove-trailing-separator,https://github.com/darsain/remove-trailing-separator,not_matched,present
npmjs.org,pkg:npm/renderkid,https://github.com/ariaminaei/renderkid,not_matched,present
npmjs.org,pkg:npm/repeat-element,https://github.com/jonschlinkert/repeat-element,not_matched,present
npmjs.org,pkg:npm/repeat-string,https://github.com/jonschlinkert/repeat-string,not_matched,present
npmjs.org,pkg:npm/replace-ext,https://github.com/gulpjs/replace-ext,not_matched,present
npmjs.org,pkg:npm/request-progress,https://github.com/indigounited/node-request-progress,not_matched,present
npmjs.org,pkg:npm/require-directory,https://github.com/troygoode/node-require-directory,not_matched,present
npmjs.org,pkg:npm/require-from-string,https://github.com/floatdrop/require-from-string,not_matched,present
npmjs.org,pkg:npm/requireindex,https://github.com/stephenhandley/requireindex,not_matched,present
npmjs.org,pkg:npm/require-in-the-middle,https://github.com/nodejs/require-in-the-middle,not_matched,present
npmjs.org,pkg:npm/require-main-filename,https://github.com/yargs/require-main-filename,not_matched,present
npmjs.org,pkg:npm/requires-port,https://github.com/unshiftio/requires-port,not_matched,present
npmjs.org,pkg:npm/reselect,https://github.com/reduxjs/reselect,not_matched,missing
npmjs.org,pkg:npm/resize-observer-polyfill,https://github.com/que-etc/resize-observer-polyfill,not_matched,present
npmjs.org,pkg:npm/resolve,https://github.com/browserify/resolve,not_matched,present
npmjs.org,pkg:npm/resolve-alpn,https://github.com/szmarczak/resolve-alpn,not_matched,present
npmjs.org,pkg:npm/resolve-cwd,https://github.com/sindresorhus/resolve-cwd,not_matched,missing
npmjs.org,pkg:npm/resolve-dir,https://github.com/jonschlinkert/resolve-dir,not_matched,present
npmjs.org,pkg:npm/resolve.exports,https://github.com/lukeed/resolve.exports,not_matched,present
npmjs.org,pkg:npm/resolve-from,https://github.com/sindresorhus/resolve-from,not_matched,present
npmjs.org,pkg:npm/resolve-url-loader,https://github.com/bholloway/resolve-url-loader,not_matched,present
npmjs.org,pkg:npm/responselike,https://github.com/sindresorhus/responselike,not_matched,missing
npmjs.org,pkg:npm/restore-cursor,https://github.com/sindresorhus/restore-cursor,not_matched,missing
npmjs.org,pkg:npm/ret,https://github.com/fent/ret.js,not_matched,present
npmjs.org,pkg:npm/retry,https://github.com/tim-kos/node-retry,dependencies,present
npmjs.org,pkg:npm/retry-request,https://github.com/googleapis/google-cloud-node,not_matched,missing
npmjs.org,pkg:npm/reusify,https://github.com/mcollina/reusify,not_matched,present
npmjs.org,pkg:npm/rfdc,https://github.com/davidmarkclements/rfdc,not_matched,present
npmjs.org,pkg:npm/rimraf,https://github.com/isaacs/rimraf,not_matched,present
npmjs.org,pkg:npm/ripemd160,https://github.com/crypto-browserify/ripemd160,not_matched,present
npmjs.org,pkg:npm/rollup,https://github.com/rollup/rollup,not_matched,missing
npmjs.org,pkg:npm/%40rollup/plugin-node-resolve,https://github.com/rollup/plugins,not_matched,present
npmjs.org,pkg:npm/%40rollup/pluginutils,https://github.com/rollup/plugins,not_matched,present
npmjs.org,pkg:npm/%40rollup/rollup-linux-x64-gnu,https://github.com/rollup/rollup,not_matched,missing
npmjs.org,pkg:npm/%40rollup/rollup-linux-x64-musl,https://github.com/rollup/rollup,not_matched,missing
npmjs.org,pkg:npm/rrweb-cssom,https://github.com/rrweb-io/cssom,not_matched,present
npmjs.org,pkg:npm/rsvp,https://github.com/tildeio/rsvp.js,not_matched,present
npmjs.org,pkg:npm/run-async,https://github.com/sboudrias/run-async,not_matched,present
npmjs.org,pkg:npm/run-parallel,https://github.com/feross/run-parallel,not_matched,present
npmjs.org,pkg:npm/%40rushstack/eslint-patch,https://github.com/microsoft/rushstack,not_matched,missing
npmjs.org,pkg:npm/rxjs,https://github.com/reactivex/rxjs,not_matched,present
npmjs.org,pkg:npm/safe-array-concat,https://github.com/ljharb/safe-array-concat,not_matched,present
npmjs.org,pkg:npm/safe-buffer,https://github.com/feross/safe-buffer,not_matched,present
npmjs.org,pkg:npm/safer-buffer,https://github.com/chalker/safer-buffer,not_matched,present
npmjs.org,pkg:npm/safe-regex,https://github.com/davisjam/safe-regex,not_matched,present
npmjs.org,pkg:npm/safe-regex-test,https://github.com/ljharb/safe-regex-test,not_matched,present
npmjs.org,pkg:npm/safe-stable-stringify,https://github.com/bridgear/safe-stable-stringify,not_matched,present
npmjs.org,pkg:npm/sass,https://github.com/sass/dart-sass,not_matched,missing
npmjs.org,pkg:npm/sass-loader,https://github.com/webpack/sass-loader,not_matched,missing
npmjs.org,pkg:npm/sax,https://github.com/isaacs/sax-js,not_matched,missing
npmjs.org,pkg:npm/saxes,https://github.com/lddubeau/saxes,not_matched,present
npmjs.org,pkg:npm/scheduler,https://github.com/react/react,not_matched,missing
npmjs.org,pkg:npm/schema-utils,https://github.com/webpack/schema-utils,not_matched,missing
npmjs.org,pkg:npm/select-hose,https://github.com/indutny/select-hose,not_matched,present
npmjs.org,pkg:npm/selfsigned,https://github.com/jfromaniello/selfsigned,not_matched,present
npmjs.org,pkg:npm/semver,https://github.com/npm/node-semver,not_matched,present
npmjs.org,pkg:npm/semver-compare,https://github.com/substack/semver-compare,not_matched,unknown
npmjs.org,pkg:npm/semver-diff,https://github.com/sindresorhus/semver-diff,not_matched,present
npmjs.org,pkg:npm/send,https://github.com/pillarjs/send,not_matched,present
npmjs.org,pkg:npm/sentence-case,https://github.com/blakeembrey/change-case,not_matched,present
npmjs.org,pkg:npm/%40sentry/browser,https://github.com/getsentry/sentry-javascript,not_matched,missing
npmjs.org,pkg:npm/%40sentry/core,https://github.com/getsentry/sentry-javascript,not_matched,missing
npmjs.org,pkg:npm/%40sentry-internal/tracing,https://github.com/getsentry/sentry-javascript,not_matched,missing
npmjs.org,pkg:npm/%40sentry/node,https://github.com/getsentry/sentry-javascript,not_matched,missing
npmjs.org,pkg:npm/%40sentry/types,https://github.com/getsentry/sentry-javascript,not_matched,missing
npmjs.org,pkg:npm/%40sentry/utils,https://github.com/getsentry/sentry-javascript,not_matched,missing
npmjs.org,pkg:npm/serialize-error,https://github.com/sindresorhus/serialize-error,not_matched,missing
npmjs.org,pkg:npm/serialize-javascript,https://github.com/yahoo/serialize-javascript,not_matched,missing
npmjs.org,pkg:npm/serve-index,https://github.com/expressjs/serve-index,not_matched,present
npmjs.org,pkg:npm/serve-static,https://github.com/expressjs/serve-static,not_matched,present
npmjs.org,pkg:npm/set-blocking,https://github.com/yargs/set-blocking,not_matched,present
npmjs.org,pkg:npm/set-cookie-parser,https://github.com/nfriedly/set-cookie-parser,not_matched,missing
npmjs.org,pkg:npm/set-function-length,https://github.com/ljharb/set-function-length,not_matched,present
npmjs.org,pkg:npm/set-function-name,https://github.com/ljharb/set-function-name,not_matched,present
npmjs.org,pkg:npm/setimmediate,https://github.com/yuzujs/setimmediate,not_matched,present
npmjs.org,pkg:npm/setprototypeof,https://github.com/wesleytodd/setprototypeof,not_matched,present
npmjs.org,pkg:npm/set-value,https://github.com/jonschlinkert/set-value,not_matched,present
npmjs.org,pkg:npm/sha.js,https://github.com/crypto-browserify/sha.js,not_matched,present
npmjs.org,pkg:npm/shallow-clone,https://github.com/jonschlinkert/shallow-clone,not_matched,present
npmjs.org,pkg:npm/shallowequal,https://github.com/dashed/shallowequal,not_matched,present
npmjs.org,pkg:npm/sharp,https://github.com/lovell/sharp,not_matched,missing
npmjs.org,pkg:npm/shebang-command,https://github.com/kevva/shebang-command,not_matched,present
npmjs.org,pkg:npm/shebang-regex,https://github.com/sindresorhus/shebang-regex,not_matched,missing
npmjs.org,pkg:npm/shelljs,https://github.com/shelljs/shelljs,not_matched,present
npmjs.org,pkg:npm/shell-quote,https://github.com/ljharb/shell-quote,not_matched,present
npmjs.org,pkg:npm/shimmer,https://github.com/othiym23/shimmer,not_matched,present
npmjs.org,pkg:npm/side-channel,https://github.com/ljharb/side-channel,not_matched,present
npmjs.org,pkg:npm/%40sideway/address,https://github.com/sideway/address,not_matched,missing
npmjs.org,pkg:npm/%40sideway/formula,https://github.com/sideway/formula,not_matched,present
npmjs.org,pkg:npm/%40sideway/pinpoint,https://github.com/sideway/pinpoint,not_matched,missing
npmjs.org,pkg:npm/signal-exit,https://github.com/tapjs/signal-exit,not_matched,present
npmjs.org,pkg:npm/simple-concat,https://github.com/feross/simple-concat,not_matched,present
npmjs.org,pkg:npm/simple-get,https://github.com/feross/simple-get,not_matched,present
npmjs.org,pkg:npm/simple-swizzle,https://github.com/qix-/node-simple-swizzle,not_matched,present
npmjs.org,pkg:npm/simple-update-notifier,https://github.com/alexbrazier/simple-update-notifier,not_matched,present
npmjs.org,pkg:npm/%40sinclair/typebox,https://github.com/sinclairzx81/sinclair-typebox,not_matched,missing
npmjs.org,pkg:npm/%40sindresorhus/is,https://github.com/sindresorhus/is,not_matched,missing
npmjs.org,pkg:npm/%40sindresorhus/merge-streams,https://github.com/sindresorhus/merge-streams,not_matched,missing
npmjs.org,pkg:npm/sinon,https://github.com/sinonjs/sinon,not_matched,present
npmjs.org,pkg:npm/%40sinonjs/commons,https://github.com/sinonjs/commons,not_matched,present
npmjs.org,pkg:npm/%40sinonjs/fake-timers,https://github.com/sinonjs/fake-timers,dependencies,present
npmjs.org,pkg:npm/sirv,https://github.com/lukeed/sirv,not_matched,present
npmjs.org,pkg:npm/sisteransi,https://github.com/terkelg/sisteransi,not_matched,present
npmjs.org,pkg:npm/slash,https://github.com/sindresorhus/slash,not_matched,missing
npmjs.org,pkg:npm/slice-ansi,https://github.com/chalk/slice-ansi,not_matched,missing
npmjs.org,pkg:npm/smart-buffer,https://github.com/joshglazebrook/smart-buffer,not_matched,present
npmjs.org,pkg:npm/%40smithy/abort-controller,https://github.com/smithy-lang/smithy-typescript,not_matched,missing
npmjs.org,pkg:npm/%40smithy/chunked-blob-reader,https://github.com/smithy-lang/smithy-typescript,not_matched,missing
npmjs.org,pkg:npm/%40smithy/chunked-blob-reader-native,https://github.com/smithy-lang/smithy-typescript,not_matched,missing
npmjs.org,pkg:npm/%40smithy/config-resolver,https://github.com/smithy-lang/smithy-typescript,not_matched,missing
npmjs.org,pkg:npm/%40smithy/core,https://github.com/smithy-lang/smithy-typescript,not_matched,missing
npmjs.org,pkg:npm/%40smithy/credential-provider-imds,https://github.com/smithy-lang/smithy-typescript,not_matched,missing
npmjs.org,pkg:npm/%40smithy/eventstream-codec,https://github.com/smithy-lang/smithy-typescript,not_matched,missing
npmjs.org,pkg:npm/%40smithy/eventstream-serde-browser,https://github.com/smithy-lang/smithy-typescript,not_matched,missing
npmjs.org,pkg:npm/%40smithy/eventstream-serde-config-resolver,https://github.com/smithy-lang/smithy-typescript,not_matched,missing
npmjs.org,pkg:npm/%40smithy/eventstream-serde-node,https://github.com/smithy-lang/smithy-typescript,not_matched,missing
npmjs.org,pkg:npm/%40smithy/eventstream-serde-universal,https://github.com/smithy-lang/smithy-typescript,not_matched,missing
npmjs.org,pkg:npm/%40smithy/fetch-http-handler,https://github.com/smithy-lang/smithy-typescript,not_matched,missing
npmjs.org,pkg:npm/%40smithy/hash-blob-browser,https://github.com/smithy-lang/smithy-typescript,not_matched,missing
npmjs.org,pkg:npm/%40smithy/hash-node,https://github.com/smithy-lang/smithy-typescript,not_matched,missing
npmjs.org,pkg:npm/%40smithy/hash-stream-node,https://github.com/smithy-lang/smithy-typescript,not_matched,missing
npmjs.org,pkg:npm/%40smithy/invalid-dependency,https://github.com/smithy-lang/smithy-typescript,not_matched,missing
npmjs.org,pkg:npm/%40smithy/is-array-buffer,https://github.com/smithy-lang/smithy-typescript,not_matched,missing
npmjs.org,pkg:npm/%40smithy/md5-js,https://github.com/smithy-lang/smithy-typescript,not_matched,missing
npmjs.org,pkg:npm/%40smithy/middleware-content-length,https://github.com/smithy-lang/smithy-typescript,not_matched,missing
npmjs.org,pkg:npm/%40smithy/middleware-endpoint,https://github.com/smithy-lang/smithy-typescript,not_matched,missing
npmjs.org,pkg:npm/%40smithy/middleware-retry,https://github.com/smithy-lang/smithy-typescript,not_matched,missing
npmjs.org,pkg:npm/%40smithy/middleware-serde,https://github.com/smithy-lang/smithy-typescript,not_matched,missing
npmjs.org,pkg:npm/%40smithy/middleware-stack,https://github.com/smithy-lang/smithy-typescript,not_matched,missing
npmjs.org,pkg:npm/%40smithy/node-config-provider,https://github.com/smithy-lang/smithy-typescript,not_matched,missing
npmjs.org,pkg:npm/%40smithy/node-http-handler,https://github.com/smithy-lang/smithy-typescript,not_matched,missing
npmjs.org,pkg:npm/%40smithy/property-provider,https://github.com/smithy-lang/smithy-typescript,not_matched,missing
npmjs.org,pkg:npm/%40smithy/protocol-http,https://github.com/smithy-lang/smithy-typescript,not_matched,missing
npmjs.org,pkg:npm/%40smithy/querystring-builder,https://github.com/smithy-lang/smithy-typescript,not_matched,missing
npmjs.org,pkg:npm/%40smithy/querystring-parser,https://github.com/smithy-lang/smithy-typescript,not_matched,missing
npmjs.org,pkg:npm/%40smithy/service-error-classification,https://github.com/smithy-lang/smithy-typescript,not_matched,missing
npmjs.org,pkg:npm/%40smithy/shared-ini-file-loader,https://github.com/smithy-lang/smithy-typescript,not_matched,missing
npmjs.org,pkg:npm/%40smithy/signature-v4,https://github.com/smithy-lang/smithy-typescript,not_matched,missing
npmjs.org,pkg:npm/%40smithy/smithy-client,https://github.com/smithy-lang/smithy-typescript,not_matched,missing
npmjs.org,pkg:npm/%40smithy/types,https://github.com/smithy-lang/smithy-typescript,not_matched,missing
npmjs.org,pkg:npm/%40smithy/url-parser,https://github.com/smithy-lang/smithy-typescript,not_matched,missing
npmjs.org,pkg:npm/%40smithy/util-base64,https://github.com/smithy-lang/smithy-typescript,not_matched,missing
npmjs.org,pkg:npm/%40smithy/util-body-length-browser,https://github.com/smithy-lang/smithy-typescript,not_matched,missing
npmjs.org,pkg:npm/%40smithy/util-body-length-node,https://github.com/smithy-lang/smithy-typescript,not_matched,missing
npmjs.org,pkg:npm/%40smithy/util-buffer-from,https://github.com/smithy-lang/smithy-typescript,not_matched,missing
npmjs.org,pkg:npm/%40smithy/util-config-provider,https://github.com/smithy-lang/smithy-typescript,not_matched,missing
npmjs.org,pkg:npm/%40smithy/util-defaults-mode-browser,https://github.com/smithy-lang/smithy-typescript,not_matched,missing
npmjs.org,pkg:npm/%40smithy/util-defaults-mode-node,https://github.com/smithy-lang/smithy-typescript,not_matched,missing
npmjs.org,pkg:npm/%40smithy/util-endpoints,https://github.com/smithy-lang/smithy-typescript,not_matched,missing
npmjs.org,pkg:npm/%40smithy/util-hex-encoding,https://github.com/smithy-lang/smithy-typescript,not_matched,missing
npmjs.org,pkg:npm/%40smithy/util-middleware,https://github.com/smithy-lang/smithy-typescript,not_matched,missing
npmjs.org,pkg:npm/%40smithy/util-retry,https://github.com/smithy-lang/smithy-typescript,not_matched,missing
npmjs.org,pkg:npm/%40smithy/util-stream,https://github.com/smithy-lang/smithy-typescript,not_matched,missing
npmjs.org,pkg:npm/%40smithy/util-uri-escape,https://github.com/smithy-lang/smithy-typescript,not_matched,missing
npmjs.org,pkg:npm/%40smithy/util-utf8,https://github.com/smithy-lang/smithy-typescript,not_matched,missing
npmjs.org,pkg:npm/%40smithy/util-waiter,https://github.com/smithy-lang/smithy-typescript,not_matched,missing
npmjs.org,pkg:npm/snake-case,https://github.com/blakeembrey/change-case,not_matched,present
npmjs.org,pkg:npm/snapdragon,https://github.com/here-be/snapdragon,not_matched,present
npmjs.org,pkg:npm/snapdragon-node,https://github.com/here-be/snapdragon-node,not_matched,present
npmjs.org,pkg:npm/snapdragon-util,https://github.com/here-be/snapdragon-util,not_matched,present
npmjs.org,pkg:npm/socket.io,https://github.com/socketio/socket.io,not_matched,missing
npmjs.org,pkg:npm/socket.io-adapter,https://github.com/socketio/socket.io,not_matched,missing
npmjs.org,pkg:npm/%40socket.io/component-emitter,https://github.com/socketio/emitter,not_matched,present
npmjs.org,pkg:npm/socket.io-parser,https://github.com/socketio/socket.io,not_matched,missing
npmjs.org,pkg:npm/sockjs,https://github.com/sockjs/sockjs-node,not_matched,missing
npmjs.org,pkg:npm/socks,https://github.com/joshglazebrook/socks,not_matched,present
npmjs.org,pkg:npm/socks-proxy-agent,https://github.com/tootallnate/proxy-agents,not_matched,present
npmjs.org,pkg:npm/sonic-boom,https://github.com/pinojs/sonic-boom,not_matched,present
npmjs.org,pkg:npm/sort-keys,https://github.com/sindresorhus/sort-keys,not_matched,missing
npmjs.org,pkg:npm/source-list-map,https://github.com/webpack/source-list-map,not_matched,present
npmjs.org,pkg:npm/source-map,https://github.com/mozilla/source-map,not_matched,present
npmjs.org,pkg:npm/source-map-js,https://github.com/7rulnik/source-map-js,not_matched,present
npmjs.org,pkg:npm/source-map-loader,https://github.com/webpack-contrib/source-map-loader,not_matched,present
npmjs.org,pkg:npm/source-map-support,https://github.com/evanw/node-source-map-support,not_matched,present
npmjs.org,pkg:npm/space-separated-tokens,https://github.com/wooorm/space-separated-tokens,not_matched,present
npmjs.org,pkg:npm/spdx-correct,https://github.com/jslicense/spdx-correct.js,not_matched,present
npmjs.org,pkg:npm/spdx-exceptions,https://github.com/kemitchell/spdx-exceptions.json,not_matched,present
npmjs.org,pkg:npm/spdx-expression-parse,https://github.com/jslicense/spdx-expression-parse.js,not_matched,present
npmjs.org,pkg:npm/spdx-license-ids,https://github.com/jslicense/spdx-license-ids,not_matched,present
npmjs.org,pkg:npm/spdy,https://github.com/indutny/node-spdy,not_matched,present
npmjs.org,pkg:npm/spdy-transport,https://github.com/spdy-http2/spdy-transport,not_matched,present
npmjs.org,pkg:npm/split,https://github.com/dominictarr/split,not_matched,present
npmjs.org,pkg:npm/split2,https://github.com/mcollina/split2,not_matched,present
npmjs.org,pkg:npm/split-on-first,https://github.com/sindresorhus/split-on-first,not_matched,missing
npmjs.org,pkg:npm/split-string,https://github.com/jonschlinkert/split-string,not_matched,present
npmjs.org,pkg:npm/sprintf-js,https://github.com/alexei/sprintf.js,not_matched,present
npmjs.org,pkg:npm/sshpk,https://github.com/joyent/node-sshpk,not_matched,present
npmjs.org,pkg:npm/ssri,https://github.com/npm/ssri,not_matched,present
npmjs.org,pkg:npm/stackframe,https://github.com/stacktracejs/stackframe,not_matched,present
npmjs.org,pkg:npm/stack-trace,https://github.com/felixge/node-stack-trace,not_matched,present
npmjs.org,pkg:npm/stack-utils,https://github.com/tapjs/stack-utils,not_matched,present
npmjs.org,pkg:npm/static-extend,https://github.com/jonschlinkert/static-extend,not_matched,present
npmjs.org,pkg:npm/statuses,https://github.com/jshttp/statuses,not_matched,present
npmjs.org,pkg:npm/std-env,https://github.com/unjs/std-env,not_matched,missing
npmjs.org,pkg:npm/stop-iteration-iterator,https://github.com/ljharb/stop-iteration-iterator,not_matched,present
npmjs.org,pkg:npm/%40storybook/addon-actions,https://github.com/storybookjs/storybook,not_matched,missing
npmjs.org,pkg:npm/%40storybook/addon-controls,https://github.com/storybookjs/storybook,not_matched,missing
npmjs.org,pkg:npm/%40storybook/addon-docs,https://github.com/storybookjs/storybook,not_matched,missing
npmjs.org,pkg:npm/%40storybook/addon-measure,https://github.com/storybookjs/storybook,not_matched,missing
npmjs.org,pkg:npm/%40storybook/addon-toolbars,https://github.com/storybookjs/storybook,not_matched,missing
npmjs.org,pkg:npm/%40storybook/addon-viewport,https://github.com/storybookjs/storybook,not_matched,missing
npmjs.org,pkg:npm/%40storybook/channels,https://github.com/storybookjs/storybook,not_matched,missing
npmjs.org,pkg:npm/%40storybook/client-logger,https://github.com/storybookjs/storybook,not_matched,missing
npmjs.org,pkg:npm/%40storybook/components,https://github.com/storybookjs/storybook,not_matched,missing
npmjs.org,pkg:npm/%40storybook/core-common,https://github.com/storybookjs/storybook,not_matched,missing
npmjs.org,pkg:npm/%40storybook/core-events,https://github.com/storybookjs/storybook,not_matched,missing
npmjs.org,pkg:npm/%40storybook/csf,https://github.com/componentdriven/csf,not_matched,present
npmjs.org,pkg:npm/%40storybook/csf-tools,https://github.com/storybookjs/storybook,not_matched,missing
npmjs.org,pkg:npm/%40storybook/manager-api,https://github.com/storybookjs/storybook,not_matched,missing
npmjs.org,pkg:npm/%40storybook/node-logger,https://github.com/storybookjs/storybook,not_matched,missing
npmjs.org,pkg:npm/%40storybook/preview-api,https://github.com/storybookjs/storybook,not_matched,missing
npmjs.org,pkg:npm/%40storybook/react,https://github.com/storybookjs/storybook,not_matched,missing
npmjs.org,pkg:npm/%40storybook/router,https://github.com/storybookjs/storybook,not_matched,missing
npmjs.org,pkg:npm/%40storybook/theming,https://github.com/storybookjs/storybook,not_matched,missing
npmjs.org,pkg:npm/%40storybook/types,https://github.com/storybookjs/storybook,not_matched,missing
npmjs.org,pkg:npm/stream-browserify,https://github.com/browserify/stream-browserify,not_matched,present
npmjs.org,pkg:npm/stream-http,https://github.com/jhiesey/stream-http,not_matched,present
npmjs.org,pkg:npm/streamsearch,https://github.com/mscdex/streamsearch,not_matched,present
npmjs.org,pkg:npm/stream-shift,https://github.com/mafintosh/stream-shift,not_matched,present
npmjs.org,pkg:npm/streamx,https://github.com/mafintosh/streamx,not_matched,present
npmjs.org,pkg:npm/strict-uri-encode,https://github.com/kevva/strict-uri-encode,not_matched,present
npmjs.org,pkg:npm/string-argv,https://github.com/mccormicka/string-argv,not_matched,present
npmjs.org,pkg:npm/string_decoder,https://github.com/nodejs/string_decoder,not_matched,present
npmjs.org,pkg:npm/stringify-object,https://github.com/sindresorhus/stringify-object,not_matched,missing
npmjs.org,pkg:npm/string-length,https://github.com/sindresorhus/string-length,not_matched,present
npmjs.org,pkg:npm/string.prototype.matchall,https://github.com/es-shims/string.prototype.matchall,not_matched,present
npmjs.org,pkg:npm/string.prototype.repeat,https://github.com/mathiasbynens/string.prototype.repeat,not_matched,present
npmjs.org,pkg:npm/string.prototype.trim,https://github.com/es-shims/string.prototype.trim,not_matched,present
npmjs.org,pkg:npm/string.prototype.trimend,https://github.com/es-shims/string.prototype.trimend,not_matched,present
npmjs.org,pkg:npm/string.prototype.trimstart,https://github.com/es-shims/string.prototype.trimstart,not_matched,present
npmjs.org,pkg:npm/string-width,https://github.com/sindresorhus/string-width,not_matched,present
npmjs.org,pkg:npm/strip-ansi,https://github.com/chalk/strip-ansi,not_matched,missing
npmjs.org,pkg:npm/strip-bom,https://github.com/sindresorhus/strip-bom,not_matched,missing
npmjs.org,pkg:npm/strip-eof,https://github.com/sindresorhus/strip-eof,dependencies,missing
npmjs.org,pkg:npm/strip-final-newline,https://github.com/sindresorhus/strip-final-newline,not_matched,missing
npmjs.org,pkg:npm/strip-indent,https://github.com/sindresorhus/strip-indent,not_matched,missing
npmjs.org,pkg:npm/strip-json-comments,https://github.com/sindresorhus/strip-json-comments,not_matched,missing
npmjs.org,pkg:npm/strnum,https://github.com/naturalintelligence/strnum,not_matched,present
npmjs.org,pkg:npm/styled-components,https://github.com/styled-components/styled-components,not_matched,missing
npmjs.org,pkg:npm/styled-jsx,https://github.com/vercel/styled-jsx,not_matched,present
npmjs.org,pkg:npm/stylehacks,https://github.com/cssnano/cssnano,not_matched,missing
npmjs.org,pkg:npm/style-loader,https://github.com/webpack-contrib/style-loader,not_matched,present
npmjs.org,pkg:npm/style-to-object,https://github.com/remarkablemark/style-to-object,not_matched,missing
npmjs.org,pkg:npm/stylis,https://github.com/thysultan/stylis.js,not_matched,present
npmjs.org,pkg:npm/sucrase,https://github.com/alangpierce/sucrase,not_matched,present
npmjs.org,pkg:npm/superagent,https://github.com/ladjs/superagent,not_matched,missing
npmjs.org,pkg:npm/supports-color,https://github.com/chalk/supports-color,not_matched,missing
npmjs.org,pkg:npm/supports-hyperlinks,https://github.com/chalk/supports-hyperlinks,not_matched,missing
npmjs.org,pkg:npm/supports-preserve-symlinks-flag,https://github.com/inspect-js/node-supports-preserve-symlinks-flag,not_matched,present
npmjs.org,pkg:npm/svgo,https://github.com/svg/svgo,not_matched,present
npmjs.org,pkg:npm/svg-parser,https://github.com/rich-harris/svg-parser,not_matched,present
npmjs.org,pkg:npm/%40svgr/babel-plugin-add-jsx-attribute,https://github.com/gregberge/svgr,not_matched,present
npmjs.org,pkg:npm/%40svgr/babel-plugin-remove-jsx-attribute,https://github.com/gregberge/svgr,not_matched,present
npmjs.org,pkg:npm/%40svgr/babel-plugin-remove-jsx-empty-expression,https://github.com/gregberge/svgr,not_matched,present
npmjs.org,pkg:npm/%40svgr/babel-plugin-replace-jsx-attribute-value,https://github.com/gregberge/svgr,not_matched,present
npmjs.org,pkg:npm/%40svgr/babel-plugin-svg-dynamic-title,https://github.com/gregberge/svgr,not_matched,present
npmjs.org,pkg:npm/%40svgr/babel-plugin-svg-em-dimensions,https://github.com/gregberge/svgr,not_matched,present
npmjs.org,pkg:npm/%40svgr/babel-plugin-transform-react-native-svg,https://github.com/gregberge/svgr,not_matched,present
npmjs.org,pkg:npm/%40svgr/babel-plugin-transform-svg-component,https://github.com/gregberge/svgr,not_matched,present
npmjs.org,pkg:npm/%40svgr/babel-preset,https://github.com/gregberge/svgr,not_matched,present
npmjs.org,pkg:npm/%40svgr/core,https://github.com/gregberge/svgr,not_matched,present
npmjs.org,pkg:npm/%40svgr/hast-util-to-babel-ast,https://github.com/gregberge/svgr,not_matched,present
npmjs.org,pkg:npm/%40svgr/plugin-jsx,https://github.com/gregberge/svgr,not_matched,present
npmjs.org,pkg:npm/%40svgr/plugin-svgo,https://github.com/gregberge/svgr,not_matched,present
npmjs.org,pkg:npm/%40svgr/webpack,https://github.com/gregberge/svgr,not_matched,present
npmjs.org,pkg:npm/svg-tags,https://github.com/element-io/svg-tags,not_matched,present
npmjs.org,pkg:npm/%40swc/core,https://github.com/swc-project/swc,not_matched,missing
npmjs.org,pkg:npm/%40swc/core-linux-x64-gnu,https://github.com/swc-project/swc,not_matched,missing
npmjs.org,pkg:npm/%40swc/core-linux-x64-musl,https://github.com/swc-project/swc,not_matched,missing
npmjs.org,pkg:npm/%40swc/counter,https://github.com/swc-project/pkgs,not_matched,present
npmjs.org,pkg:npm/%40swc/helpers,https://github.com/swc-project/swc,not_matched,missing
npmjs.org,pkg:npm/%40swc/types,https://github.com/swc-project/swc,not_matched,missing
npmjs.org,pkg:npm/symbol-observable,https://github.com/blesh/symbol-observable,not_matched,present
npmjs.org,pkg:npm/symbol-tree,https://github.com/jsdom/js-symbol-tree,not_matched,missing
npmjs.org,pkg:npm/synckit,https://github.com/un-ts/synckit,not_matched,present
npmjs.org,pkg:npm/%40szmarczak/http-timer,https://github.com/szmarczak/http-timer,not_matched,present
npmjs.org,pkg:npm/table,https://github.com/gajus/table,not_matched,present
npmjs.org,pkg:npm/tailwindcss,https://github.com/tailwindlabs/tailwindcss,not_matched,present
npmjs.org,pkg:npm/tapable,https://github.com/webpack/tapable,not_matched,missing
npmjs.org,pkg:npm/tar,https://github.com/isaacs/node-tar,not_matched,present
npmjs.org,pkg:npm/tar-fs,https://github.com/mafintosh/tar-fs,not_matched,present
npmjs.org,pkg:npm/tar-stream,https://github.com/mafintosh/tar-stream,not_matched,present
npmjs.org,pkg:npm/teeny-request,https://github.com/googleapis/google-cloud-node,not_matched,missing
npmjs.org,pkg:npm/telejson,https://github.com/storybookjs/telejson,not_matched,present
npmjs.org,pkg:npm/temp,https://github.com/bruce/node-temp,not_matched,present
npmjs.org,pkg:npm/temp-dir,https://github.com/sindresorhus/temp-dir,not_matched,missing
npmjs.org,pkg:npm/tempy,https://github.com/sindresorhus/tempy,not_matched,missing
npmjs.org,pkg:npm/terminal-link,https://github.com/sindresorhus/terminal-link,not_matched,missing
npmjs.org,pkg:npm/terser,https://github.com/terser/terser,not_matched,missing
npmjs.org,pkg:npm/terser-webpack-plugin,https://github.com/webpack/minimizer-webpack-plugin,not_matched,missing
npmjs.org,pkg:npm/test-exclude,https://github.com/istanbuljs/test-exclude,not_matched,present
npmjs.org,pkg:npm/%40testing-library/dom,https://github.com/testing-library/dom-testing-library,not_matched,present
npmjs.org,pkg:npm/%40testing-library/jest-dom,https://github.com/testing-library/jest-dom,not_matched,present
npmjs.org,pkg:npm/%40testing-library/react,https://github.com/testing-library/react-testing-library,not_matched,present
npmjs.org,pkg:npm/%40testing-library/user-event,https://github.com/testing-library/user-event,dependencies,present
npmjs.org,pkg:npm/text-extensions,https://github.com/sindresorhus/text-extensions,not_matched,missing
npmjs.org,pkg:npm/text-hex,https://github.com/3rd-eden/text-hex,not_matched,present
npmjs.org,pkg:npm/text-table,https://github.com/substack/text-table,not_matched,unknown
npmjs.org,pkg:npm/thenify,https://github.com/thenables/thenify,not_matched,present
npmjs.org,pkg:npm/thenify-all,https://github.com/thenables/thenify-all,not_matched,present
npmjs.org,pkg:npm/thread-stream,https://github.com/mcollina/thread-stream,not_matched,present
npmjs.org,pkg:npm/throat,https://github.com/forbeslindesay/throat,not_matched,present
npmjs.org,pkg:npm/throttleit,https://github.com/sindresorhus/throttleit,not_matched,missing
npmjs.org,pkg:npm/through,https://github.com/dominictarr/through,not_matched,present
npmjs.org,pkg:npm/through2,https://github.com/rvagg/through2,not_matched,present
npmjs.org,pkg:npm/thunky,https://github.com/mafintosh/thunky,not_matched,present
npmjs.org,pkg:npm/timers-browserify,https://github.com/jryans/timers-browserify,not_matched,present
npmjs.org,pkg:npm/tiny-invariant,https://github.com/alexreardon/tiny-invariant,not_matched,present
npmjs.org,pkg:npm/tinypool,https://github.com/tinylibs/tinypool,not_matched,missing
npmjs.org,pkg:npm/tinyspy,https://github.com/tinylibs/tinyspy,dependencies,present
npmjs.org,pkg:npm/tiny-warning,https://github.com/alexreardon/tiny-warning,not_matched,present
npmjs.org,pkg:npm/title-case,https://github.com/blakeembrey/change-case,not_matched,present
npmjs.org,pkg:npm/tmp,https://github.com/raszi/node-tmp,not_matched,present
npmjs.org,pkg:npm/tmpl,https://github.com/daaku/nodejs-tmpl,not_matched,present
npmjs.org,pkg:npm/to-arraybuffer,https://github.com/jhiesey/to-arraybuffer,not_matched,present
npmjs.org,pkg:npm/to-fast-properties,https://github.com/sindresorhus/to-fast-properties,not_matched,missing
npmjs.org,pkg:npm/toggle-selection,https://github.com/sudodoki/toggle-selection,not_matched,present
npmjs.org,pkg:npm/toidentifier,https://github.com/component/toidentifier,not_matched,present
npmjs.org,pkg:npm/to-object-path,https://github.com/jonschlinkert/to-object-path,not_matched,present
npmjs.org,pkg:npm/%40tootallnate/once,https://github.com/tootallnate/once,not_matched,present
npmjs.org,pkg:npm/%40tootallnate/quickjs-emscripten,https://github.com/justjake/quickjs-emscripten,not_matched,missing
npmjs.org,pkg:npm/toposort,https://github.com/marcelklehr/toposort,not_matched,present
npmjs.org,pkg:npm/to-regex,https://github.com/jonschlinkert/to-regex,not_matched,present
npmjs.org,pkg:npm/to-regex-range,https://github.com/micromatch/to-regex-range,not_matched,present
npmjs.org,pkg:npm/totalist,https://github.com/lukeed/totalist,not_matched,present
npmjs.org,pkg:npm/touch,https://github.com/isaacs/node-touch,not_matched,present
npmjs.org,pkg:npm/tough-cookie,https://github.com/salesforce/tough-cookie,not_matched,missing
npmjs.org,pkg:npm/tr46,https://github.com/jsdom/tr46,not_matched,present
npmjs.org,pkg:npm/traverse,https://github.com/ljharb/js-traverse,not_matched,present
npmjs.org,pkg:npm/tree-kill,https://github.com/pkrumins/node-tree-kill,not_matched,present
npmjs.org,pkg:npm/trim-newlines,https://github.com/sindresorhus/trim-newlines,not_matched,missing
npmjs.org,pkg:npm/triple-beam,https://github.com/winstonjs/triple-beam,not_matched,present
npmjs.org,pkg:npm/trough,https://github.com/wooorm/trough,not_matched,present
npmjs.org,pkg:npm/%40trysound/sax,https://github.com/svg/sax,not_matched,present
npmjs.org,pkg:npm/ts-api-utils,https://github.com/joshuakgoldberg/ts-api-utils,not_matched,present
npmjs.org,pkg:npm/%40tsconfig/node10,https://github.com/tsconfig/bases,not_matched,missing
npmjs.org,pkg:npm/%40tsconfig/node12,https://github.com/tsconfig/bases,not_matched,missing
npmjs.org,pkg:npm/%40tsconfig/node14,https://github.com/tsconfig/bases,not_matched,missing
npmjs.org,pkg:npm/%40tsconfig/node16,https://github.com/tsconfig/bases,not_matched,missing
npmjs.org,pkg:npm/tsconfig-paths,https://github.com/dividab/tsconfig-paths,not_matched,present
npmjs.org,pkg:npm/tsconfig-paths-webpack-plugin,https://github.com/dividab/tsconfig-paths-webpack-plugin,not_matched,present
npmjs.org,pkg:npm/ts-dedent,https://github.com/tamino-martinius/node-ts-dedent,not_matched,present
npmjs.org,pkg:npm/ts-interface-checker,https://github.com/gristlabs/ts-interface-checker,not_matched,present
npmjs.org,pkg:npm/ts-jest,https://github.com/kulshekhar/ts-jest,not_matched,missing
npmjs.org,pkg:npm/tslib,https://github.com/microsoft/tslib,not_matched,present
npmjs.org,pkg:npm/ts-loader,https://github.com/typestrong/ts-loader,not_matched,present
npmjs.org,pkg:npm/ts-node,https://github.com/typestrong/ts-node,not_matched,present
npmjs.org,pkg:npm/tsutils,https://github.com/ajafff/tsutils,not_matched,present
npmjs.org,pkg:npm/tty-browserify,https://github.com/browserify/tty-browserify,not_matched,present
npmjs.org,pkg:npm/tunnel,https://github.com/koichik/node-tunnel,not_matched,present
npmjs.org,pkg:npm/tunnel-agent,https://github.com/mikeal/tunnel-agent,not_matched,present
npmjs.org,pkg:npm/tweetnacl,https://github.com/dchest/tweetnacl-js,not_matched,present
npmjs.org,pkg:npm/type,https://github.com/medikoo/type,not_matched,present
npmjs.org,pkg:npm/type-check,https://github.com/gkz/type-check,not_matched,present
npmjs.org,pkg:npm/typedarray,https://github.com/es-shims/typedarray,not_matched,present
npmjs.org,pkg:npm/typed-array-buffer,https://github.com/inspect-js/typed-array-buffer,not_matched,present
npmjs.org,pkg:npm/typed-array-byte-length,https://github.com/inspect-js/typed-array-byte-length,not_matched,present
npmjs.org,pkg:npm/typed-array-byte-offset,https://github.com/inspect-js/typed-array-byte-offset,not_matched,missing
npmjs.org,pkg:npm/typed-array-length,https://github.com/inspect-js/typed-array-length,not_matched,present
npmjs.org,pkg:npm/typedarray-to-buffer,https://github.com/feross/typedarray-to-buffer,not_matched,present
npmjs.org,pkg:npm/type-detect,https://github.com/chaijs/type-detect,not_matched,present
npmjs.org,pkg:npm/type-fest,https://github.com/sindresorhus/type-fest,not_matched,missing
npmjs.org,pkg:npm/type-is,https://github.com/jshttp/type-is,not_matched,missing
npmjs.org,pkg:npm/%40types/aria-query,https://github.com/definitelytyped/definitelytyped,not_matched,missing
npmjs.org,pkg:npm/%40types/babel__core,https://github.com/definitelytyped/definitelytyped,not_matched,missing
npmjs.org,pkg:npm/%40types/babel__generator,https://github.com/definitelytyped/definitelytyped,not_matched,missing
npmjs.org,pkg:npm/%40types/babel__template,https://github.com/definitelytyped/definitelytyped,not_matched,missing
npmjs.org,pkg:npm/%40types/babel__traverse,https://github.com/definitelytyped/definitelytyped,not_matched,missing
npmjs.org,pkg:npm/%40types/body-parser,https://github.com/definitelytyped/definitelytyped,not_matched,missing
npmjs.org,pkg:npm/%40types/bonjour,https://github.com/definitelytyped/definitelytyped,not_matched,missing
npmjs.org,pkg:npm/%40types/cacheable-request,,not_matched,no_repository
npmjs.org,pkg:npm/%40types/connect,https://github.com/definitelytyped/definitelytyped,not_matched,missing
npmjs.org,pkg:npm/%40types/connect-history-api-fallback,https://github.com/definitelytyped/definitelytyped,not_matched,missing
npmjs.org,pkg:npm/%40types/cookie,,dependencies,no_repository
npmjs.org,pkg:npm/%40types/cors,https://github.com/definitelytyped/definitelytyped,not_matched,missing
npmjs.org,pkg:npm/typescript,https://github.com/microsoft/typescript,not_matched,missing
npmjs.org,pkg:npm/%40typescript-eslint/eslint-plugin,https://github.com/typescript-eslint/typescript-eslint,not_matched,missing
npmjs.org,pkg:npm/%40typescript-eslint/experimental-utils,https://github.com/typescript-eslint/typescript-eslint,not_matched,missing
npmjs.org,pkg:npm/%40typescript-eslint/parser,https://github.com/typescript-eslint/typescript-eslint,not_matched,missing
npmjs.org,pkg:npm/%40typescript-eslint/scope-manager,https://github.com/typescript-eslint/typescript-eslint,not_matched,missing
npmjs.org,pkg:npm/%40typescript-eslint/types,https://github.com/typescript-eslint/typescript-eslint,not_matched,missing
npmjs.org,pkg:npm/%40typescript-eslint/typescript-estree,https://github.com/typescript-eslint/typescript-eslint,not_matched,missing
npmjs.org,pkg:npm/%40typescript-eslint/type-utils,https://github.com/typescript-eslint/typescript-eslint,not_matched,missing
npmjs.org,pkg:npm/%40typescript-eslint/utils,https://github.com/typescript-eslint/typescript-eslint,not_matched,missing
npmjs.org,pkg:npm/%40typescript-eslint/visitor-keys,https://github.com/typescript-eslint/typescript-eslint,not_matched,missing
npmjs.org,pkg:npm/%40types/debug,https://github.com/definitelytyped/definitelytyped,not_matched,missing
npmjs.org,pkg:npm/%40types/doctrine,https://github.com/definitelytyped/definitelytyped,not_matched,missing
npmjs.org,pkg:npm/%40types/eslint,https://github.com/definitelytyped/definitelytyped,not_matched,missing
npmjs.org,pkg:npm/%40types/eslint-scope,,not_matched,no_repository
npmjs.org,pkg:npm/%40types/estree,https://github.com/definitelytyped/definitelytyped,not_matched,missing
npmjs.org,pkg:npm/%40types/express,https://github.com/definitelytyped/definitelytyped,not_matched,missing
npmjs.org,pkg:npm/%40types/express-serve-static-core,https://github.com/definitelytyped/definitelytyped,not_matched,missing
npmjs.org,pkg:npm/%40types/fs-extra,https://github.com/definitelytyped/definitelytyped,not_matched,missing
npmjs.org,pkg:npm/%40types/glob,,dependencies,no_repository
npmjs.org,pkg:npm/%40types/graceful-fs,https://github.com/definitelytyped/definitelytyped,not_matched,missing
npmjs.org,pkg:npm/%40types/hast,https://github.com/definitelytyped/definitelytyped,not_matched,missing
npmjs.org,pkg:npm/%40types/hoist-non-react-statics,https://github.com/definitelytyped/definitelytyped,not_matched,missing
npmjs.org,pkg:npm/%40types/html-minifier-terser,https://github.com/definitelytyped/definitelytyped,not_matched,missing
npmjs.org,pkg:npm/%40types/http-cache-semantics,https://github.com/definitelytyped/definitelytyped,not_matched,missing
npmjs.org,pkg:npm/%40types/http-errors,https://github.com/definitelytyped/definitelytyped,not_matched,missing
npmjs.org,pkg:npm/%40types/http-proxy,https://github.com/definitelytyped/definitelytyped,not_matched,missing
npmjs.org,pkg:npm/%40types/istanbul-lib-coverage,https://github.com/definitelytyped/definitelytyped,not_matched,missing
npmjs.org,pkg:npm/%40types/istanbul-lib-report,https://github.com/definitelytyped/definitelytyped,not_matched,missing
npmjs.org,pkg:npm/%40types/istanbul-reports,https://github.com/definitelytyped/definitelytyped,not_matched,missing
npmjs.org,pkg:npm/%40types/jest,https://github.com/definitelytyped/definitelytyped,not_matched,missing
npmjs.org,pkg:npm/%40types/jsdom,https://github.com/definitelytyped/definitelytyped,not_matched,missing
npmjs.org,pkg:npm/%40types/json5,,dependencies,no_repository
npmjs.org,pkg:npm/%40types/json-schema,https://github.com/definitelytyped/definitelytyped,not_matched,missing
npmjs.org,pkg:npm/%40types/jsonwebtoken,https://github.com/definitelytyped/definitelytyped,not_matched,missing
npmjs.org,pkg:npm/%40types/keyv,,dependencies,no_repository
npmjs.org,pkg:npm/%40types/lodash,https://github.com/definitelytyped/definitelytyped,not_matched,missing
npmjs.org,pkg:npm/%40types/long,,dependencies,no_repository
npmjs.org,pkg:npm/%40types/mdast,https://github.com/definitelytyped/definitelytyped,not_matched,missing
npmjs.org,pkg:npm/%40types/mime,,dependencies,no_repository
npmjs.org,pkg:npm/%40types/minimatch,,dependencies,no_repository
npmjs.org,pkg:npm/%40types/minimist,https://github.com/definitelytyped/definitelytyped,not_matched,missing
npmjs.org,pkg:npm/%40types/ms,https://github.com/definitelytyped/definitelytyped,not_matched,missing
npmjs.org,pkg:npm/%40types/node,https://github.com/definitelytyped/definitelytyped,not_matched,missing
npmjs.org,pkg:npm/%40types/node-fetch,https://github.com/definitelytyped/definitelytyped,not_matched,missing
npmjs.org,pkg:npm/%40types/node-forge,https://github.com/definitelytyped/definitelytyped,not_matched,missing
npmjs.org,pkg:npm/%40types/normalize-package-data,https://github.com/definitelytyped/definitelytyped,not_matched,missing
npmjs.org,pkg:npm/%40types/parse-json,,dependencies,no_repository
npmjs.org,pkg:npm/%40types/prettier,,dependencies,no_repository
npmjs.org,pkg:npm/%40types/prop-types,https://github.com/definitelytyped/definitelytyped,not_matched,missing
npmjs.org,pkg:npm/%40types/q,https://github.com/definitelytyped/definitelytyped,not_matched,missing
npmjs.org,pkg:npm/%40types/qs,https://github.com/definitelytyped/definitelytyped,not_matched,missing
npmjs.org,pkg:npm/%40types/range-parser,https://github.com/definitelytyped/definitelytyped,not_matched,missing
npmjs.org,pkg:npm/%40types/react,https://github.com/definitelytyped/definitelytyped,not_matched,missing
npmjs.org,pkg:npm/%40types/react-dom,https://github.com/definitelytyped/definitelytyped,not_matched,missing
npmjs.org,pkg:npm/%40types/react-transition-group,https://github.com/definitelytyped/definitelytyped,not_matched,missing
npmjs.org,pkg:npm/%40types/request,https://github.com/definitelytyped/definitelytyped,not_matched,missing
npmjs.org,pkg:npm/%40types/resolve,https://github.com/definitelytyped/definitelytyped,not_matched,missing
npmjs.org,pkg:npm/%40types/responselike,https://github.com/definitelytyped/definitelytyped,not_matched,missing
npmjs.org,pkg:npm/%40types/retry,https://github.com/definitelytyped/definitelytyped,not_matched,missing
npmjs.org,pkg:npm/%40types/scheduler,https://github.com/definitelytyped/definitelytyped,not_matched,missing
npmjs.org,pkg:npm/%40types/semver,https://github.com/definitelytyped/definitelytyped,not_matched,missing
npmjs.org,pkg:npm/%40types/send,https://github.com/definitelytyped/definitelytyped,not_matched,missing
npmjs.org,pkg:npm/%40types/serve-index,https://github.com/definitelytyped/definitelytyped,not_matched,missing
npmjs.org,pkg:npm/%40types/serve-static,https://github.com/definitelytyped/definitelytyped,not_matched,missing
npmjs.org,pkg:npm/%40types/sinonjs__fake-timers,https://github.com/definitelytyped/definitelytyped,not_matched,missing
npmjs.org,pkg:npm/%40types/sizzle,https://github.com/definitelytyped/definitelytyped,not_matched,missing
npmjs.org,pkg:npm/%40types/sockjs,https://github.com/definitelytyped/definitelytyped,not_matched,missing
npmjs.org,pkg:npm/%40types/stack-utils,https://github.com/definitelytyped/definitelytyped,not_matched,missing
npmjs.org,pkg:npm/%40types/tough-cookie,https://github.com/definitelytyped/definitelytyped,not_matched,missing
npmjs.org,pkg:npm/%40types/triple-beam,https://github.com/definitelytyped/definitelytyped,not_matched,missing
npmjs.org,pkg:npm/%40types/trusted-types,https://github.com/definitelytyped/definitelytyped,not_matched,missing
npmjs.org,pkg:npm/%40types/unist,https://github.com/definitelytyped/definitelytyped,not_matched,missing
npmjs.org,pkg:npm/%40types/uuid,,dependencies,no_repository
npmjs.org,pkg:npm/%40types/validator,https://github.com/definitelytyped/definitelytyped,not_matched,missing
npmjs.org,pkg:npm/%40types/ws,https://github.com/definitelytyped/definitelytyped,not_matched,missing
npmjs.org,pkg:npm/%40types/yargs,https://github.com/definitelytyped/definitelytyped,not_matched,missing
npmjs.org,pkg:npm/%40types/yargs-parser,https://github.com/definitelytyped/definitelytyped,not_matched,missing
npmjs.org,pkg:npm/%40types/yauzl,https://github.com/definitelytyped/definitelytyped,not_matched,missing
npmjs.org,pkg:npm/ua-parser-js,https://github.com/faisalman/ua-parser-js,not_matched,missing
npmjs.org,pkg:npm/uc.micro,https://github.com/markdown-it/uc.micro,not_matched,present
npmjs.org,pkg:npm/ufo,https://github.com/unjs/ufo,not_matched,present
npmjs.org,pkg:npm/uglify-js,https://github.com/mishoo/uglifyjs,not_matched,present
npmjs.org,pkg:npm/unbox-primitive,https://github.com/ljharb/unbox-primitive,not_matched,present
npmjs.org,pkg:npm/unbzip2-stream,https://github.com/regular/unbzip2-stream,not_matched,present
npmjs.org,pkg:npm/unc-path-regex,https://github.com/regexhq/unc-path-regex,not_matched,present
npmjs.org,pkg:npm/undefsafe,https://github.com/remy/undefsafe,not_matched,present
npmjs.org,pkg:npm/underscore,https://github.com/jashkenas/underscore,not_matched,missing
npmjs.org,pkg:npm/undici,https://github.com/nodejs/undici,not_matched,missing
npmjs.org,pkg:npm/undici-types,https://github.com/nodejs/undici,not_matched,missing
npmjs.org,pkg:npm/%40ungap/structured-clone,https://github.com/ungap/structured-clone,not_matched,missing
npmjs.org,pkg:npm/unicode-canonical-property-names-ecmascript,https://github.com/mathiasbynens/unicode-canonical-property-names-ecmascript,not_matched,present
npmjs.org,pkg:npm/unicode-match-property-ecmascript,https://github.com/mathiasbynens/unicode-match-property-ecmascript,not_matched,present
npmjs.org,pkg:npm/unicode-match-property-value-ecmascript,https://github.com/mathiasbynens/unicode-match-property-value-ecmascript,not_matched,present
npmjs.org,pkg:npm/unicode-property-aliases-ecmascript,https://github.com/mathiasbynens/unicode-property-aliases-ecmascript,not_matched,present
npmjs.org,pkg:npm/unicorn-magic,https://github.com/sindresorhus/unicorn-magic,not_matched,missing
npmjs.org,pkg:npm/unified,https://github.com/unifiedjs/unified,dependencies,present
npmjs.org,pkg:npm/union-value,https://github.com/jonschlinkert/union-value,not_matched,present
npmjs.org,pkg:npm/unique-filename,https://github.com/npm/unique-filename,not_matched,present
npmjs.org,pkg:npm/unique-slug,https://github.com/npm/unique-slug,not_matched,present
npmjs.org,pkg:npm/unique-string,https://github.com/sindresorhus/unique-string,not_matched,missing
npmjs.org,pkg:npm/unist-util-is,https://github.com/syntax-tree/unist-util-is,not_matched,present
npmjs.org,pkg:npm/unist-util-position,https://github.com/syntax-tree/unist-util-position,not_matched,present
npmjs.org,pkg:npm/unist-util-remove-position,https://github.com/syntax-tree/unist-util-remove-position,not_matched,present
npmjs.org,pkg:npm/unist-util-stringify-position,https://github.com/syntax-tree/unist-util-stringify-position,not_matched,present
npmjs.org,pkg:npm/unist-util-visit,https://github.com/syntax-tree/unist-util-visit,not_matched,present
npmjs.org,pkg:npm/unist-util-visit-parents,https://github.com/syntax-tree/unist-util-visit-parents,not_matched,present
npmjs.org,pkg:npm/universalify,https://github.com/ryanzim/universalify,not_matched,present
npmjs.org,pkg:npm/universal-user-agent,https://github.com/gr2m/universal-user-agent,not_matched,present
npmjs.org,pkg:npm/unpipe,https://github.com/stream-utils/unpipe,not_matched,present
npmjs.org,pkg:npm/unplugin,https://github.com/unjs/unplugin,not_matched,missing
npmjs.org,pkg:npm/unquote,https://github.com/lakenen/node-unquote,not_matched,present
npmjs.org,pkg:npm/unset-value,https://github.com/jonschlinkert/unset-value,not_matched,present
npmjs.org,pkg:npm/untildify,https://github.com/sindresorhus/untildify,not_matched,missing
npmjs.org,pkg:npm/upath,https://github.com/anodynos/upath,not_matched,present
npmjs.org,pkg:npm/update-browserslist-db,https://github.com/browserslist/update-db,not_matched,present
npmjs.org,pkg:npm/update-notifier,https://github.com/yeoman/update-notifier,not_matched,present
npmjs.org,pkg:npm/upper-case,https://github.com/blakeembrey/change-case,not_matched,present
npmjs.org,pkg:npm/upper-case-first,https://github.com/blakeembrey/change-case,not_matched,present
npmjs.org,pkg:npm/uri-js,https://github.com/garycourt/uri-js,not_matched,present
npmjs.org,pkg:npm/url,https://github.com/defunctzombie/node-url,not_matched,present
npmjs.org,pkg:npm/url-join,https://github.com/jfromaniello/url-join,not_matched,present
npmjs.org,pkg:npm/url-loader,https://github.com/webpack-contrib/url-loader,not_matched,present
npmjs.org,pkg:npm/url-parse,https://github.com/unshiftio/url-parse,not_matched,present
npmjs.org,pkg:npm/url-parse-lax,https://github.com/sindresorhus/url-parse-lax,not_matched,missing
npmjs.org,pkg:npm/urlpattern-polyfill,https://github.com/kenchris/urlpattern-polyfill,not_matched,present
npmjs.org,pkg:npm/use,https://github.com/jonschlinkert/use,not_matched,present
npmjs.org,pkg:npm/use-callback-ref,https://github.com/thekashey/use-callback-ref,not_matched,present
npmjs.org,pkg:npm/use-sidecar,https://github.com/thekashey/use-sidecar,not_matched,present
npmjs.org,pkg:npm/use-sync-external-store,https://github.com/react/react,not_matched,missing
npmjs.org,pkg:npm/util,https://github.com/browserify/node-util,not_matched,present
npmjs.org,pkg:npm/utila,https://github.com/ariaminaei/utila,not_matched,present
npmjs.org,pkg:npm/util-deprecate,https://github.com/tootallnate/util-deprecate,not_matched,present
npmjs.org,pkg:npm/util.promisify,https://github.com/ljharb/util.promisify,not_matched,present
npmjs.org,pkg:npm/utils-merge,https://github.com/jaredhanson/utils-merge,not_matched,present
npmjs.org,pkg:npm/uuid,https://github.com/uuidjs/uuid,not_matched,missing
npmjs.org,pkg:npm/v8-compile-cache,https://github.com/zertosh/v8-compile-cache,not_matched,present
npmjs.org,pkg:npm/v8-compile-cache-lib,https://github.com/cspotcode/v8-compile-cache-lib,not_matched,present
npmjs.org,pkg:npm/v8-to-istanbul,https://github.com/istanbuljs/v8-to-istanbul,not_matched,present
npmjs.org,pkg:npm/validate-npm-package-license,https://github.com/kemitchell/validate-npm-package-license.js,not_matched,present
npmjs.org,pkg:npm/validate-npm-package-name,https://github.com/npm/validate-npm-package-name,not_matched,present
npmjs.org,pkg:npm/validator,https://github.com/validatorjs/validator.js,not_matched,present
npmjs.org,pkg:npm/value-or-promise,https://github.com/yaacovcr/value-or-promise,not_matched,present
npmjs.org,pkg:npm/vary,https://github.com/jshttp/vary,not_matched,present
npmjs.org,pkg:npm/verror,https://github.com/joyent/node-verror,not_matched,present
npmjs.org,pkg:npm/vfile,https://github.com/vfile/vfile,not_matched,present
npmjs.org,pkg:npm/vfile-message,https://github.com/vfile/vfile-message,not_matched,present
npmjs.org,pkg:npm/vite,https://github.com/vitejs/vite,not_matched,present
npmjs.org,pkg:npm/vite-node,https://github.com/antfu-collective/vite-node,not_matched,present
npmjs.org,pkg:npm/vitest,https://github.com/vitest-dev/vitest,not_matched,missing
npmjs.org,pkg:npm/%40vitest/expect,https://github.com/vitest-dev/vitest,not_matched,missing
npmjs.org,pkg:npm/%40vitest/runner,https://github.com/vitest-dev/vitest,not_matched,missing
npmjs.org,pkg:npm/%40vitest/snapshot,https://github.com/vitest-dev/vitest,not_matched,missing
npmjs.org,pkg:npm/%40vitest/spy,https://github.com/vitest-dev/vitest,not_matched,missing
npmjs.org,pkg:npm/%40vitest/utils,https://github.com/vitest-dev/vitest,not_matched,missing
npmjs.org,pkg:npm/vm-browserify,https://github.com/substack/vm-browserify,not_matched,present
npmjs.org,pkg:npm/void-elements,https://github.com/pugjs/void-elements,not_matched,present
npmjs.org,pkg:npm/vue,https://github.com/vuejs/core,not_matched,missing
npmjs.org,pkg:npm/%40vue/compiler-core,https://github.com/vuejs/core,not_matched,missing
npmjs.org,pkg:npm/%40vue/compiler-dom,https://github.com/vuejs/core,not_matched,missing
npmjs.org,pkg:npm/%40vue/compiler-sfc,https://github.com/vuejs/core,not_matched,missing
npmjs.org,pkg:npm/%40vue/compiler-ssr,https://github.com/vuejs/core,not_matched,missing
npmjs.org,pkg:npm/%40vue/shared,https://github.com/vuejs/core,not_matched,missing
npmjs.org,pkg:npm/w3c-xmlserializer,https://github.com/jsdom/w3c-xmlserializer,not_matched,missing
npmjs.org,pkg:npm/walker,https://github.com/daaku/nodejs-walker,not_matched,present
npmjs.org,pkg:npm/warning,https://github.com/berkeleytrue/warning,not_matched,present
npmjs.org,pkg:npm/watchpack,https://github.com/webpack/watchpack,not_matched,missing
npmjs.org,pkg:npm/wbuf,https://github.com/indutny/wbuf,not_matched,present
npmjs.org,pkg:npm/wcwidth,https://github.com/timoxley/wcwidth,not_matched,present
npmjs.org,pkg:npm/%40webassemblyjs/ast,https://github.com/xtuc/webassemblyjs,not_matched,present
npmjs.org,pkg:npm/%40webassemblyjs/floating-point-hex-parser,https://github.com/xtuc/webassemblyjs,not_matched,present
npmjs.org,pkg:npm/%40webassemblyjs/helper-api-error,https://github.com/xtuc/webassemblyjs,not_matched,present
npmjs.org,pkg:npm/%40webassemblyjs/helper-buffer,https://github.com/xtuc/webassemblyjs,not_matched,present
npmjs.org,pkg:npm/%40webassemblyjs/helper-numbers,https://github.com/xtuc/webassemblyjs,not_matched,present
npmjs.org,pkg:npm/%40webassemblyjs/helper-wasm-bytecode,https://github.com/xtuc/webassemblyjs,not_matched,present
npmjs.org,pkg:npm/%40webassemblyjs/helper-wasm-section,https://github.com/xtuc/webassemblyjs,not_matched,present
npmjs.org,pkg:npm/%40webassemblyjs/ieee754,https://github.com/xtuc/webassemblyjs,not_matched,present
npmjs.org,pkg:npm/%40webassemblyjs/leb128,https://github.com/xtuc/webassemblyjs,not_matched,present
npmjs.org,pkg:npm/%40webassemblyjs/utf8,https://github.com/xtuc/webassemblyjs,not_matched,present
npmjs.org,pkg:npm/%40webassemblyjs/wasm-edit,https://github.com/xtuc/webassemblyjs,not_matched,present
npmjs.org,pkg:npm/%40webassemblyjs/wasm-gen,https://github.com/xtuc/webassemblyjs,not_matched,present
npmjs.org,pkg:npm/%40webassemblyjs/wasm-opt,https://github.com/xtuc/webassemblyjs,not_matched,present
npmjs.org,pkg:npm/%40webassemblyjs/wasm-parser,https://github.com/xtuc/webassemblyjs,not_matched,present
npmjs.org,pkg:npm/%40webassemblyjs/wast-printer,https://github.com/xtuc/webassemblyjs,not_matched,present
npmjs.org,pkg:npm/webidl-conversions,https://github.com/jsdom/webidl-conversions,not_matched,present
npmjs.org,pkg:npm/webpack,https://github.com/webpack/webpack,not_matched,missing
npmjs.org,pkg:npm/webpack-bundle-analyzer,https://github.com/webpack/webpack-bundle-analyzer,not_matched,missing
npmjs.org,pkg:npm/webpack-cli,https://github.com/webpack/webpack-cli,not_matched,missing
npmjs.org,pkg:npm/%40webpack-cli/configtest,https://github.com/webpack/webpack-cli,not_matched,missing
npmjs.org,pkg:npm/%40webpack-cli/info,https://github.com/webpack/webpack-cli,not_matched,missing
npmjs.org,pkg:npm/%40webpack-cli/serve,https://github.com/webpack/webpack-cli,not_matched,missing
npmjs.org,pkg:npm/webpack-dev-middleware,https://github.com/webpack/webpack-dev-middleware,not_matched,missing
npmjs.org,pkg:npm/webpack-dev-server,https://github.com/webpack/webpack-dev-server,not_matched,missing
npmjs.org,pkg:npm/webpack-merge,https://github.com/survivejs/webpack-merge,not_matched,present
npmjs.org,pkg:npm/webpack-sources,https://github.com/webpack/webpack-sources,dependencies,missing
npmjs.org,pkg:npm/webpack-virtual-modules,https://github.com/sysgears/webpack-virtual-modules,not_matched,present
npmjs.org,pkg:npm/websocket-driver,https://github.com/faye/websocket-driver-node,not_matched,present
npmjs.org,pkg:npm/websocket-extensions,https://github.com/faye/websocket-extensions-node,not_matched,present
npmjs.org,pkg:npm/web-streams-polyfill,https://github.com/mattiasbuelens/web-streams-polyfill,not_matched,missing
npmjs.org,pkg:npm/whatwg-encoding,https://github.com/jsdom/whatwg-encoding,not_matched,present
npmjs.org,pkg:npm/whatwg-fetch,https://github.com/github/fetch,not_matched,present
npmjs.org,pkg:npm/whatwg-mimetype,https://github.com/jsdom/whatwg-mimetype,not_matched,present
npmjs.org,pkg:npm/%40whatwg-node/events,https://github.com/ardatan/whatwg-node,not_matched,missing
npmjs.org,pkg:npm/%40whatwg-node/fetch,https://github.com/ardatan/whatwg-node,not_matched,missing
npmjs.org,pkg:npm/%40whatwg-node/node-fetch,https://github.com/ardatan/whatwg-node,not_matched,missing
npmjs.org,pkg:npm/whatwg-url,https://github.com/jsdom/whatwg-url,not_matched,missing
npmjs.org,pkg:npm/which,https://github.com/npm/node-which,not_matched,present
npmjs.org,pkg:npm/which-boxed-primitive,https://github.com/inspect-js/which-boxed-primitive,not_matched,present
npmjs.org,pkg:npm/which-builtin-type,https://github.com/inspect-js/which-builtin-type,not_matched,present
npmjs.org,pkg:npm/which-collection,https://github.com/inspect-js/which-collection,not_matched,present
npmjs.org,pkg:npm/which-module,https://github.com/nexdrew/which-module,not_matched,present
npmjs.org,pkg:npm/which-typed-array,https://github.com/inspect-js/which-typed-array,not_matched,missing
npmjs.org,pkg:npm/why-is-node-running,https://github.com/mafintosh/why-is-node-running,not_matched,present
npmjs.org,pkg:npm/wide-align,https://github.com/iarna/wide-align,not_matched,present
npmjs.org,pkg:npm/widest-line,https://github.com/sindresorhus/widest-line,not_matched,missing
npmjs.org,pkg:npm/wildcard,https://github.com/damonoehlman/wildcard,not_matched,present
npmjs.org,pkg:npm/winston,https://github.com/winstonjs/winston,not_matched,present
npmjs.org,pkg:npm/winston-transport,https://github.com/winstonjs/winston-transport,not_matched,present
npmjs.org,pkg:npm/word-wrap,https://github.com/jonschlinkert/word-wrap,not_matched,present
npmjs.org,pkg:npm/wordwrap,https://github.com/substack/node-wordwrap,not_matched,unknown
npmjs.org,pkg:npm/workerpool,https://github.com/josdejong/workerpool,dependencies,present
npmjs.org,pkg:npm/wrap-ansi,https://github.com/chalk/wrap-ansi,not_matched,missing
npmjs.org,pkg:npm/wrappy,https://github.com/npm/wrappy,not_matched,present
npmjs.org,pkg:npm/write-file-atomic,https://github.com/npm/write-file-atomic,not_matched,present
npmjs.org,pkg:npm/ws,https://github.com/websockets/ws,not_matched,present
npmjs.org,pkg:npm/xdg-basedir,https://github.com/sindresorhus/xdg-basedir,not_matched,missing
npmjs.org,pkg:npm/xml,https://github.com/dylang/node-xml,not_matched,present
npmjs.org,pkg:npm/xml2js,https://github.com/leonidas-from-xiv/node-xml2js,not_matched,present
npmjs.org,pkg:npm/xmlbuilder,https://github.com/oozcitak/xmlbuilder-js,not_matched,present
npmjs.org,pkg:npm/xmlchars,https://github.com/lddubeau/xmlchars,not_matched,present
npmjs.org,pkg:npm/%40xmldom/xmldom,https://github.com/xmldom/xmldom,not_matched,missing
npmjs.org,pkg:npm/xml-name-validator,https://github.com/jsdom/xml-name-validator,not_matched,present
npmjs.org,pkg:npm/xtend,https://github.com/raynos/xtend,not_matched,present
npmjs.org,pkg:npm/%40xtuc/ieee754,https://github.com/feross/ieee754,not_matched,present
npmjs.org,pkg:npm/%40xtuc/long,https://github.com/dcodeio/long.js,not_matched,present
npmjs.org,pkg:npm/y18n,https://github.com/yargs/y18n,not_matched,present
npmjs.org,pkg:npm/yallist,https://github.com/isaacs/yallist,not_matched,present
npmjs.org,pkg:npm/yaml,https://github.com/eemeli/yaml,not_matched,missing
npmjs.org,pkg:npm/yargs,https://github.com/yargs/yargs,not_matched,missing
npmjs.org,pkg:npm/yargs-parser,https://github.com/yargs/yargs-parser,not_matched,present
npmjs.org,pkg:npm/yargs-unparser,https://github.com/yargs/yargs-unparser,not_matched,missing
npmjs.org,pkg:npm/yarn,https://github.com/yarnpkg/yarn,not_matched,present
npmjs.org,pkg:npm/%40yarnpkg/lockfile,https://github.com/yarnpkg/yarn,not_matched,present
npmjs.org,pkg:npm/yauzl,https://github.com/thejoshwolfe/yauzl,not_matched,present
npmjs.org,pkg:npm/yn,https://github.com/sindresorhus/yn,not_matched,missing
npmjs.org,pkg:npm/yocto-queue,https://github.com/sindresorhus/yocto-queue,not_matched,missing
npmjs.org,pkg:npm/yup,https://github.com/jquense/yup,not_matched,present
npmjs.org,pkg:npm/zip-stream,https://github.com/archiverjs/node-zip-stream,not_matched,present
npmjs.org,pkg:npm/zod,https://github.com/colinhacks/zod,not_matched,missing
npmjs.org,pkg:npm/zwitch,https://github.com/wooorm/zwitch,not_matched,present
pub.dev,pkg:pub/analyzer,https://github.com/dart-lang/sdk,not_matched,missing
pub.dev,pkg:pub/archive,https://github.com/brendan-duncan/archive,not_matched,present
pub.dev,pkg:pub/args,https://github.com/dart-lang/core,not_matched,present
pub.dev,pkg:pub/async,https://github.com/dart-lang/core,not_matched,present
pub.dev,pkg:pub/boolean_selector,https://github.com/dart-lang/tools,not_matched,missing
pub.dev,pkg:pub/build,https://github.com/dart-lang/build,not_matched,missing
pub.dev,pkg:pub/build_config,https://github.com/dart-lang/build,not_matched,missing
pub.dev,pkg:pub/build_daemon,https://github.com/dart-lang/build,not_matched,missing
pub.dev,pkg:pub/build_resolvers,https://github.com/dart-lang/build,not_matched,missing
pub.dev,pkg:pub/build_runner,https://github.com/dart-lang/build,not_matched,missing
pub.dev,pkg:pub/build_runner_core,https://github.com/dart-lang/build,not_matched,missing
pub.dev,pkg:pub/built_collection,https://github.com/google/built_collection.dart,not_matched,present
pub.dev,pkg:pub/built_value,https://github.com/google/built_value.dart,not_matched,missing
pub.dev,pkg:pub/characters,https://github.com/dart-lang/core,not_matched,present
pub.dev,pkg:pub/charcode,https://github.com/lrhn/charcode,not_matched,present
pub.dev,pkg:pub/checked_yaml,https://github.com/google/json_serializable.dart,not_matched,present
pub.dev,pkg:pub/cli_util,https://github.com/dart-lang/tools,not_matched,missing
pub.dev,pkg:pub/clock,https://github.com/dart-lang/tools,not_matched,missing
pub.dev,pkg:pub/cloud_firestore,https://github.com/firebase/flutterfire,not_matched,missing
pub.dev,pkg:pub/cloud_firestore_platform_interface,https://github.com/firebase/flutterfire,not_matched,missing
pub.dev,pkg:pub/cloud_firestore_web,https://github.com/firebase/flutterfire,not_matched,missing
pub.dev,pkg:pub/code_builder,https://github.com/dart-lang/tools,not_matched,missing
pub.dev,pkg:pub/collection,https://github.com/dart-lang/core,not_matched,present
pub.dev,pkg:pub/convert,https://github.com/dart-lang/core,not_matched,present
pub.dev,pkg:pub/crypto,https://github.com/dart-lang/core,not_matched,present
pub.dev,pkg:pub/csslib,https://github.com/dart-lang/tools,not_matched,missing
pub.dev,pkg:pub/cupertino_icons,https://github.com/flutter/packages,not_matched,present
pub.dev,pkg:pub/dart_style,https://github.com/dart-lang/dart_style,not_matched,present
pub.dev,pkg:pub/dio,https://github.com/cfug/dio,not_matched,missing
pub.dev,pkg:pub/equatable,https://github.com/felangel/equatable,not_matched,present
pub.dev,pkg:pub/fake_async,https://github.com/dart-lang/test,not_matched,missing
pub.dev,pkg:pub/_fe_analyzer_shared,https://github.com/dart-lang/sdk,not_matched,missing
pub.dev,pkg:pub/ffi,https://github.com/dart-lang/native,not_matched,missing
pub.dev,pkg:pub/file,https://github.com/dart-lang/tools,not_matched,missing
pub.dev,pkg:pub/firebase_auth,https://github.com/firebase/flutterfire,not_matched,missing
pub.dev,pkg:pub/firebase_auth_platform_interface,https://github.com/firebase/flutterfire,not_matched,missing
pub.dev,pkg:pub/firebase_auth_web,https://github.com/firebase/flutterfire,not_matched,missing
pub.dev,pkg:pub/firebase_core,https://github.com/firebase/flutterfire,not_matched,missing
pub.dev,pkg:pub/firebase_core_platform_interface,https://github.com/firebase/flutterfire,not_matched,missing
pub.dev,pkg:pub/firebase_core_web,https://github.com/firebase/flutterfire,not_matched,missing
pub.dev,pkg:pub/fixnum,https://github.com/dart-lang/core,not_matched,present
pub.dev,pkg:pub/flutter_lints,https://github.com/flutter/packages,not_matched,present
pub.dev,pkg:pub/flutter_plugin_android_lifecycle,https://github.com/flutter/packages,not_matched,present
pub.dev,pkg:pub/flutter_svg,https://github.com/flutter/packages,not_matched,present
pub.dev,pkg:pub/frontend_server_client,https://github.com/dart-lang/webdev,not_matched,missing
pub.dev,pkg:pub/glob,https://github.com/dart-lang/tools,not_matched,missing
pub.dev,pkg:pub/google_fonts,https://github.com/flutter/packages,not_matched,present
pub.dev,pkg:pub/graphs,https://github.com/dart-lang/tools,not_matched,missing
pub.dev,pkg:pub/html,https://github.com/dart-lang/tools,not_matched,missing
pub.dev,pkg:pub/http,https://github.com/dart-lang/http,not_matched,present
pub.dev,pkg:pub/http_multi_server,https://github.com/dart-lang/http,not_matched,present
pub.dev,pkg:pub/http_parser,https://github.com/dart-lang/http,not_matched,present
pub.dev,pkg:pub/image,https://github.com/brendan-duncan/image,not_matched,missing
pub.dev,pkg:pub/image_picker,https://github.com/flutter/packages,not_matched,present
pub.dev,pkg:pub/intl,https://github.com/dart-lang/i18n,not_matched,missing
pub.dev,pkg:pub/io,https://github.com/dart-lang/tools,not_matched,missing
pub.dev,pkg:pub/js,https://github.com/dart-lang/sdk,not_matched,missing
pub.dev,pkg:pub/json_annotation,https://github.com/google/json_serializable.dart,not_matched,present
pub.dev,pkg:pub/lints,https://github.com/dart-lang/core,not_matched,present
pub.dev,pkg:pub/logging,https://github.com/dart-lang/core,not_matched,present
pub.dev,pkg:pub/matcher,https://github.com/dart-lang/test,not_matched,missing
pub.dev,pkg:pub/material_color_utilities,https://github.com/material-foundation/material-color-utilities,not_matched,present
pub.dev,pkg:pub/meta,https://github.com/dart-lang/sdk,not_matched,missing
pub.dev,pkg:pub/mime,https://github.com/dart-lang/tools,not_matched,missing
pub.dev,pkg:pub/nested,https://github.com/rrousselgit/nested,not_matched,present
pub.dev,pkg:pub/package_config,https://github.com/dart-lang/tools,not_matched,missing
pub.dev,pkg:pub/path,https://github.com/dart-lang/core,not_matched,present
pub.dev,pkg:pub/path_parsing,https://github.com/flutter/packages,not_matched,present
pub.dev,pkg:pub/path_provider,https://github.com/flutter/packages,not_matched,present
pub.dev,pkg:pub/path_provider_android,https://github.com/flutter/packages,not_matched,present
pub.dev,pkg:pub/path_provider_ios,https://github.com/flutter/plugins,not_matched,present
pub.dev,pkg:pub/path_provider_linux,https://github.com/flutter/packages,not_matched,present
pub.dev,pkg:pub/path_provider_macos,https://github.com/flutter/plugins,not_matched,present
pub.dev,pkg:pub/path_provider_platform_interface,https://github.com/flutter/packages,not_matched,present
pub.dev,pkg:pub/path_provider_windows,https://github.com/flutter/packages,not_matched,present
pub.dev,pkg:pub/pedantic,https://github.com/google/pedantic,not_matched,present
pub.dev,pkg:pub/petitparser,https://github.com/petitparser/dart-petitparser,not_matched,missing
pub.dev,pkg:pub/platform,https://github.com/dart-lang/core,not_matched,present
pub.dev,pkg:pub/plugin_platform_interface,https://github.com/flutter/packages,not_matched,present
pub.dev,pkg:pub/pool,https://github.com/dart-lang/tools,not_matched,missing
pub.dev,pkg:pub/process,https://github.com/dart-lang/tools,not_matched,missing
pub.dev,pkg:pub/provider,https://github.com/rrousselgit/provider,not_matched,present
pub.dev,pkg:pub/pub_semver,https://github.com/dart-lang/tools,not_matched,missing
pub.dev,pkg:pub/pubspec_parse,https://github.com/dart-lang/tools,not_matched,missing
pub.dev,pkg:pub/quiver,https://github.com/google/quiver-dart,dependencies,present
pub.dev,pkg:pub/rxdart,https://github.com/reactivex/rxdart,not_matched,present
pub.dev,pkg:pub/shared_preferences,https://github.com/flutter/packages,not_matched,present
pub.dev,pkg:pub/shared_preferences_linux,https://github.com/flutter/packages,not_matched,present
pub.dev,pkg:pub/shared_preferences_macos,https://github.com/flutter/plugins,not_matched,present
pub.dev,pkg:pub/shared_preferences_platform_interface,https://github.com/flutter/packages,not_matched,present
pub.dev,pkg:pub/shared_preferences_web,https://github.com/flutter/packages,not_matched,present
pub.dev,pkg:pub/shared_preferences_windows,https://github.com/flutter/packages,not_matched,present
pub.dev,pkg:pub/shelf,https://github.com/dart-lang/shelf,not_matched,missing
pub.dev,pkg:pub/shelf_web_socket,https://github.com/dart-lang/shelf,not_matched,missing
pub.dev,pkg:pub/source_gen,https://github.com/dart-lang/source_gen,not_matched,present
pub.dev,pkg:pub/source_span,https://github.com/dart-lang/tools,not_matched,missing
pub.dev,pkg:pub/sqflite,https://github.com/tekartik/sqflite,not_matched,missing
pub.dev,pkg:pub/sqflite_common,https://github.com/tekartik/sqflite,not_matched,missing
pub.dev,pkg:pub/stack_trace,https://github.com/dart-lang/tools,not_matched,missing
pub.dev,pkg:pub/stream_channel,https://github.com/dart-lang/tools,not_matched,missing
pub.dev,pkg:pub/stream_transform,https://github.com/dart-lang/tools,not_matched,missing
pub.dev,pkg:pub/string_scanner,https://github.com/dart-lang/tools,not_matched,missing
pub.dev,pkg:pub/synchronized,https://github.com/tekartik/synchronized.dart,not_matched,present
pub.dev,pkg:pub/term_glyph,https://github.com/dart-lang/tools,not_matched,missing
pub.dev,pkg:pub/test,https://github.com/dart-lang/test,not_matched,missing
pub.dev,pkg:pub/test_api,https://github.com/dart-lang/test,not_matched,missing
pub.dev,pkg:pub/timing,https://github.com/dart-lang/tools,not_matched,missing
pub.dev,pkg:pub/typed_data,https://github.com/dart-lang/core,not_matched,present
pub.dev,pkg:pub/url_launcher,https://github.com/flutter/packages,not_matched,present
pub.dev,pkg:pub/url_launcher_linux,https://github.com/flutter/packages,not_matched,present
pub.dev,pkg:pub/url_launcher_macos,https://github.com/flutter/packages,not_matched,present
pub.dev,pkg:pub/url_launcher_platform_interface,https://github.com/flutter/packages,not_matched,present
pub.dev,pkg:pub/url_launcher_web,https://github.com/flutter/packages,not_matched,present
pub.dev,pkg:pub/url_launcher_windows,https://github.com/flutter/packages,not_matched,present
pub.dev,pkg:pub/uuid,https://github.com/daegalus/dart-uuid,not_matched,present
pub.dev,pkg:pub/vector_math,https://github.com/flutter/core-packages,not_matched,missing
pub.dev,pkg:pub/watcher,https://github.com/dart-lang/tools,not_matched,missing
pub.dev,pkg:pub/web_socket_channel,https://github.com/dart-lang/http,not_matched,present
pub.dev,pkg:pub/win32,https://github.com/halildurmus/win32,not_matched,present
pub.dev,pkg:pub/xdg_directories,https://github.com/flutter/packages,not_matched,present
pub.dev,pkg:pub/xml,https://github.com/renggli/dart-xml,not_matched,missing
pub.dev,pkg:pub/yaml,https://github.com/dart-lang/tools,not_matched,missing
rubygems.org,pkg:gem/aasm,https://github.com/aasm/aasm,dependencies,present
rubygems.org,pkg:gem/actioncable,https://github.com/rails/rails,not_matched,missing
rubygems.org,pkg:gem/actionmailbox,https://github.com/rails/rails,not_matched,missing
rubygems.org,pkg:gem/actionmailer,https://github.com/rails/rails,not_matched,missing
rubygems.org,pkg:gem/actionpack,https://github.com/rails/rails,not_matched,missing
rubygems.org,pkg:gem/actiontext,https://github.com/rails/rails,not_matched,missing
rubygems.org,pkg:gem/actionview,https://github.com/rails/rails,not_matched,missing
rubygems.org,pkg:gem/activejob,https://github.com/rails/rails,not_matched,missing
rubygems.org,pkg:gem/activemodel,https://github.com/rails/rails,not_matched,missing
rubygems.org,pkg:gem/active_model_serializers,https://github.com/rails-api/active_model_serializers,not_matched,present
rubygems.org,pkg:gem/activemodel-serializers-xml,https://github.com/rails/activemodel-serializers-xml,not_matched,present
rubygems.org,pkg:gem/activerecord,https://github.com/rails/rails,not_matched,missing
rubygems.org,pkg:gem/activerecord-import,https://github.com/zdennis/activerecord-import,not_matched,present
rubygems.org,pkg:gem/activerecord-session_store,https://github.com/rails/activerecord-session_store,not_matched,present
rubygems.org,pkg:gem/activeresource,https://github.com/rails/activeresource,not_matched,present
rubygems.org,pkg:gem/activestorage,https://github.com/rails/rails,not_matched,missing
rubygems.org,pkg:gem/activesupport,https://github.com/rails/rails,not_matched,missing
rubygems.org,pkg:gem/acts_as_list,https://github.com/brendon/acts_as_list,not_matched,present
rubygems.org,pkg:gem/acts-as-taggable-on,https://github.com/mbleigh/acts-as-taggable-on,not_matched,present
rubygems.org,pkg:gem/addressable,https://github.com/sporkmonger/addressable,not_matched,present
rubygems.org,pkg:gem/aes_key_wrap,https://github.com/tomdalling/aes_key_wrap,not_matched,present
rubygems.org,pkg:gem/afm,https://github.com/halfbyte/afm,not_matched,present
rubygems.org,pkg:gem/airbrake,https://github.com/airbrake/airbrake,not_matched,present
rubygems.org,pkg:gem/airbrussh,https://github.com/mattbrictson/airbrussh,not_matched,present
rubygems.org,pkg:gem/akami,https://github.com/savonrb/akami,not_matched,missing
rubygems.org,pkg:gem/algoliasearch,https://github.com/algolia/algoliasearch-client-ruby,not_matched,missing
rubygems.org,pkg:gem/amq-protocol,https://github.com/ruby-amqp/amq-protocol,not_matched,present
rubygems.org,pkg:gem/annotate,https://github.com/ctran/annotate_models,not_matched,present
rubygems.org,pkg:gem/ansi,https://github.com/rubyworks/ansi,not_matched,present
rubygems.org,pkg:gem/arbre,https://github.com/activeadmin/arbre,not_matched,missing
rubygems.org,pkg:gem/arel,https://github.com/rails/arel,not_matched,present
rubygems.org,pkg:gem/arr-pm,,not_matched,no_repository
rubygems.org,pkg:gem/artifactory,https://github.com/opscode/artifactory-client,not_matched,present
rubygems.org,pkg:gem/Ascii85,https://github.com/datawraith/ascii85gem,not_matched,present
rubygems.org,pkg:gem/asciidoctor,https://github.com/asciidoctor/asciidoctor,not_matched,present
rubygems.org,pkg:gem/ast,https://github.com/whitequark/ast,not_matched,present
rubygems.org,pkg:gem/atomos,https://github.com/segiddins/atomos,not_matched,present
rubygems.org,pkg:gem/attr_encrypted,https://github.com/attr-encrypted/attr_encrypted,not_matched,present
rubygems.org,pkg:gem/attr_required,https://github.com/nov/attr_required,not_matched,missing
rubygems.org,pkg:gem/autoprefixer-rails,https://github.com/ai/autoprefixer-rails,not_matched,present
rubygems.org,pkg:gem/awesome_print,https://github.com/awesome-print/awesome_print,not_matched,present
rubygems.org,pkg:gem/aws-eventstream,https://github.com/aws/aws-sdk-ruby,not_matched,missing
rubygems.org,pkg:gem/aws-partitions,https://github.com/aws/aws-sdk-ruby,not_matched,missing
rubygems.org,pkg:gem/aws-sdk,https://github.com/aws/aws-sdk-ruby,not_matched,missing
rubygems.org,pkg:gem/aws-sdk-accessanalyzer,https://github.com/aws/aws-sdk-ruby,not_matched,missing
rubygems.org,pkg:gem/aws-sdk-acm,https://github.com/aws/aws-sdk-ruby,not_matched,missing
rubygems.org,pkg:gem/aws-sdk-acmpca,https://github.com/aws/aws-sdk-ruby,not_matched,missing
rubygems.org,pkg:gem/aws-sdk-alexaforbusiness,https://github.com/aws/aws-sdk-ruby,not_matched,missing
rubygems.org,pkg:gem/aws-sdk-amplify,https://github.com/aws/aws-sdk-ruby,not_matched,missing
rubygems.org,pkg:gem/aws-sdk-apigateway,https://github.com/aws/aws-sdk-ruby,not_matched,missing
rubygems.org,pkg:gem/aws-sdk-apigatewaymanagementapi,https://github.com/aws/aws-sdk-ruby,not_matched,missing
rubygems.org,pkg:gem/aws-sdk-apigatewayv2,https://github.com/aws/aws-sdk-ruby,not_matched,missing
rubygems.org,pkg:gem/aws-sdk-appconfig,https://github.com/aws/aws-sdk-ruby,not_matched,missing
rubygems.org,pkg:gem/aws-sdk-applicationautoscaling,https://github.com/aws/aws-sdk-ruby,not_matched,missing
rubygems.org,pkg:gem/aws-sdk-applicationdiscoveryservice,https://github.com/aws/aws-sdk-ruby,not_matched,missing
rubygems.org,pkg:gem/aws-sdk-applicationinsights,https://github.com/aws/aws-sdk-ruby,not_matched,missing
rubygems.org,pkg:gem/aws-sdk-appmesh,https://github.com/aws/aws-sdk-ruby,not_matched,missing
rubygems.org,pkg:gem/aws-sdk-appstream,https://github.com/aws/aws-sdk-ruby,not_matched,missing
rubygems.org,pkg:gem/aws-sdk-appsync,https://github.com/aws/aws-sdk-ruby,not_matched,missing
rubygems.org,pkg:gem/aws-sdk-athena,https://github.com/aws/aws-sdk-ruby,not_matched,missing
rubygems.org,pkg:gem/aws-sdk-augmentedairuntime,https://github.com/aws/aws-sdk-ruby,not_matched,missing
rubygems.org,pkg:gem/aws-sdk-autoscaling,https://github.com/aws/aws-sdk-ruby,not_matched,missing
rubygems.org,pkg:gem/aws-sdk-autoscalingplans,https://github.com/aws/aws-sdk-ruby,not_matched,missing
rubygems.org,pkg:gem/aws-sdk-backup,https://github.com/aws/aws-sdk-ruby,not_matched,missing
rubygems.org,pkg:gem/aws-sdk-batch,https://github.com/aws/aws-sdk-ruby,not_matched,missing
rubygems.org,pkg:gem/aws-sdk-budgets,https://github.com/aws/aws-sdk-ruby,not_matched,missing
rubygems.org,pkg:gem/aws-sdk-chime,https://github.com/aws/aws-sdk-ruby,not_matched,missing
rubygems.org,pkg:gem/aws-sdk-cloud9,https://github.com/aws/aws-sdk-ruby,not_matched,missing
rubygems.org,pkg:gem/aws-sdk-clouddirectory,https://github.com/aws/aws-sdk-ruby,not_matched,missing
rubygems.org,pkg:gem/aws-sdk-cloudformation,https://github.com/aws/aws-sdk-ruby,not_matched,missing
rubygems.org,pkg:gem/aws-sdk-cloudfront,https://github.com/aws/aws-sdk-ruby,not_matched,missing
rubygems.org,pkg:gem/aws-sdk-cloudhsm,https://github.com/aws/aws-sdk-ruby,not_matched,missing
rubygems.org,pkg:gem/aws-sdk-cloudhsmv2,https://github.com/aws/aws-sdk-ruby,not_matched,missing
rubygems.org,pkg:gem/aws-sdk-cloudsearch,https://github.com/aws/aws-sdk-ruby,not_matched,missing
rubygems.org,pkg:gem/aws-sdk-cloudsearchdomain,https://github.com/aws/aws-sdk-ruby,not_matched,missing
rubygems.org,pkg:gem/aws-sdk-cloudtrail,https://github.com/aws/aws-sdk-ruby,not_matched,missing
rubygems.org,pkg:gem/aws-sdk-cloudwatch,https://github.com/aws/aws-sdk-ruby,not_matched,missing
rubygems.org,pkg:gem/aws-sdk-cloudwatchevents,https://github.com/aws/aws-sdk-ruby,not_matched,missing
rubygems.org,pkg:gem/aws-sdk-cloudwatchlogs,https://github.com/aws/aws-sdk-ruby,not_matched,missing
rubygems.org,pkg:gem/aws-sdk-codebuild,https://github.com/aws/aws-sdk-ruby,not_matched,missing
rubygems.org,pkg:gem/aws-sdk-codecommit,https://github.com/aws/aws-sdk-ruby,not_matched,missing
rubygems.org,pkg:gem/aws-sdk-codedeploy,https://github.com/aws/aws-sdk-ruby,not_matched,missing
rubygems.org,pkg:gem/aws-sdk-codeguruprofiler,https://github.com/aws/aws-sdk-ruby,not_matched,missing
rubygems.org,pkg:gem/aws-sdk-codegurureviewer,https://github.com/aws/aws-sdk-ruby,not_matched,missing
rubygems.org,pkg:gem/aws-sdk-codepipeline,https://github.com/aws/aws-sdk-ruby,not_matched,missing
rubygems.org,pkg:gem/aws-sdk-codestar,https://github.com/aws/aws-sdk-ruby,not_matched,missing
rubygems.org,pkg:gem/aws-sdk-codestarconnections,https://github.com/aws/aws-sdk-ruby,not_matched,missing
rubygems.org,pkg:gem/aws-sdk-codestarnotifications,https://github.com/aws/aws-sdk-ruby,not_matched,missing
rubygems.org,pkg:gem/aws-sdk-cognitoidentity,https://github.com/aws/aws-sdk-ruby,not_matched,missing
rubygems.org,pkg:gem/aws-sdk-cognitoidentityprovider,https://github.com/aws/aws-sdk-ruby,not_matched,missing
rubygems.org,pkg:gem/aws-sdk-cognitosync,https://github.com/aws/aws-sdk-ruby,not_matched,missing
rubygems.org,pkg:gem/aws-sdk-comprehend,https://github.com/aws/aws-sdk-ruby,not_matched,missing
rubygems.org,pkg:gem/aws-sdk-comprehendmedical,https://github.com/aws/aws-sdk-ruby,not_matched,missing
rubygems.org,pkg:gem/aws-sdk-computeoptimizer,https://github.com/aws/aws-sdk-ruby,not_matched,missing
rubygems.org,pkg:gem/aws-sdk-configservice,https://github.com/aws/aws-sdk-ruby,not_matched,missing
rubygems.org,pkg:gem/aws-sdk-connect,https://github.com/aws/aws-sdk-ruby,not_matched,missing
rubygems.org,pkg:gem/aws-sdk-connectparticipant,https://github.com/aws/aws-sdk-ruby,not_matched,missing
rubygems.org,pkg:gem/aws-sdk-core,https://github.com/aws/aws-sdk-ruby,not_matched,missing
rubygems.org,pkg:gem/aws-sdk-costandusagereportservice,https://github.com/aws/aws-sdk-ruby,not_matched,missing
rubygems.org,pkg:gem/aws-sdk-costexplorer,https://github.com/aws/aws-sdk-ruby,not_matched,missing
rubygems.org,pkg:gem/aws-sdk-databasemigrationservice,https://github.com/aws/aws-sdk-ruby,not_matched,missing
rubygems.org,pkg:gem/aws-sdk-dataexchange,https://github.com/aws/aws-sdk-ruby,not_matched,missing
rubygems.org,pkg:gem/aws-sdk-datapipeline,https://github.com/aws/aws-sdk-ruby,not_matched,missing
rubygems.org,pkg:gem/aws-sdk-datasync,https://github.com/aws/aws-sdk-ruby,not_matched,missing
rubygems.org,pkg:gem/aws-sdk-dax,https://github.com/aws/aws-sdk-ruby,not_matched,missing
rubygems.org,pkg:gem/aws-sdk-detective,https://github.com/aws/aws-sdk-ruby,not_matched,missing
rubygems.org,pkg:gem/aws-sdk-devicefarm,https://github.com/aws/aws-sdk-ruby,not_matched,missing
rubygems.org,pkg:gem/aws-sdk-directconnect,https://github.com/aws/aws-sdk-ruby,not_matched,missing
rubygems.org,pkg:gem/aws-sdk-directoryservice,https://github.com/aws/aws-sdk-ruby,not_matched,missing
rubygems.org,pkg:gem/aws-sdk-dlm,https://github.com/aws/aws-sdk-ruby,not_matched,missing
rubygems.org,pkg:gem/aws-sdk-docdb,https://github.com/aws/aws-sdk-ruby,not_matched,missing
rubygems.org,pkg:gem/aws-sdk-dynamodb,https://github.com/aws/aws-sdk-ruby,not_matched,missing
rubygems.org,pkg:gem/aws-sdk-dynamodbstreams,https://github.com/aws/aws-sdk-ruby,not_matched,missing
rubygems.org,pkg:gem/aws-sdk-ebs,https://github.com/aws/aws-sdk-ruby,not_matched,missing
rubygems.org,pkg:gem/aws-sdk-ec2,https://github.com/aws/aws-sdk-ruby,not_matched,missing
rubygems.org,pkg:gem/aws-sdk-ec2instanceconnect,https://github.com/aws/aws-sdk-ruby,not_matched,missing
rubygems.org,pkg:gem/aws-sdk-ecr,https://github.com/aws/aws-sdk-ruby,not_matched,missing
rubygems.org,pkg:gem/aws-sdk-ecs,https://github.com/aws/aws-sdk-ruby,not_matched,missing
rubygems.org,pkg:gem/aws-sdk-efs,https://github.com/aws/aws-sdk-ruby,not_matched,missing
rubygems.org,pkg:gem/aws-sdk-eks,https://github.com/aws/aws-sdk-ruby,not_matched,missing
rubygems.org,pkg:gem/aws-sdk-elasticache,https://github.com/aws/aws-sdk-ruby,not_matched,missing
rubygems.org,pkg:gem/aws-sdk-elasticbeanstalk,https://github.com/aws/aws-sdk-ruby,not_matched,missing
rubygems.org,pkg:gem/aws-sdk-elasticinference,https://github.com/aws/aws-sdk-ruby,not_matched,missing
rubygems.org,pkg:gem/aws-sdk-elasticloadbalancing,https://github.com/aws/aws-sdk-ruby,not_matched,missing
rubygems.org,pkg:gem/aws-sdk-elasticloadbalancingv2,https://github.com/aws/aws-sdk-ruby,not_matched,missing
rubygems.org,pkg:gem/aws-sdk-elasticsearchservice,https://github.com/aws/aws-sdk-ruby,not_matched,missing
rubygems.org,pkg:gem/aws-sdk-elastictranscoder,https://github.com/aws/aws-sdk-ruby,not_matched,missing
rubygems.org,pkg:gem/aws-sdk-emr,https://github.com/aws/aws-sdk-ruby,not_matched,missing
rubygems.org,pkg:gem/aws-sdk-eventbridge,https://github.com/aws/aws-sdk-ruby,not_matched,missing
rubygems.org,pkg:gem/aws-sdk-firehose,https://github.com/aws/aws-sdk-ruby,not_matched,missing
rubygems.org,pkg:gem/aws-sdk-fms,https://github.com/aws/aws-sdk-ruby,not_matched,missing
rubygems.org,pkg:gem/aws-sdk-forecastqueryservice,https://github.com/aws/aws-sdk-ruby,not_matched,missing
rubygems.org,pkg:gem/aws-sdk-forecastservice,https://github.com/aws/aws-sdk-ruby,not_matched,missing
rubygems.org,pkg:gem/aws-sdk-frauddetector,https://github.com/aws/aws-sdk-ruby,not_matched,missing
rubygems.org,pkg:gem/aws-sdk-fsx,https://github.com/aws/aws-sdk-ruby,not_matched,missing
rubygems.org,pkg:gem/aws-sdk-gamelift,https://github.com/aws/aws-sdk-ruby,not_matched,missing
rubygems.org,pkg:gem/aws-sdk-glacier,https://github.com/aws/aws-sdk-ruby,not_matched,missing
rubygems.org,pkg:gem/aws-sdk-globalaccelerator,https://github.com/aws/aws-sdk-ruby,not_matched,missing
rubygems.org,pkg:gem/aws-sdk-glue,https://github.com/aws/aws-sdk-ruby,not_matched,missing
rubygems.org,pkg:gem/aws-sdk-greengrass,https://github.com/aws/aws-sdk-ruby,not_matched,missing
rubygems.org,pkg:gem/aws-sdk-groundstation,https://github.com/aws/aws-sdk-ruby,not_matched,missing
rubygems.org,pkg:gem/aws-sdk-guardduty,https://github.com/aws/aws-sdk-ruby,not_matched,missing
rubygems.org,pkg:gem/aws-sdk-health,https://github.com/aws/aws-sdk-ruby,not_matched,missing
rubygems.org,pkg:gem/aws-sdk-iam,https://github.com/aws/aws-sdk-ruby,not_matched,missing
rubygems.org,pkg:gem/aws-sdk-imagebuilder,https://github.com/aws/aws-sdk-ruby,not_matched,missing
rubygems.org,pkg:gem/aws-sdk-importexport,https://github.com/aws/aws-sdk-ruby,not_matched,missing
rubygems.org,pkg:gem/aws-sdk-inspector,https://github.com/aws/aws-sdk-ruby,not_matched,missing
rubygems.org,pkg:gem/aws-sdk-iot,https://github.com/aws/aws-sdk-ruby,not_matched,missing
rubygems.org,pkg:gem/aws-sdk-iot1clickdevicesservice,https://github.com/aws/aws-sdk-ruby,not_matched,missing
rubygems.org,pkg:gem/aws-sdk-iot1clickprojects,https://github.com/aws/aws-sdk-ruby,not_matched,missing
rubygems.org,pkg:gem/aws-sdk-iotanalytics,https://github.com/aws/aws-sdk-ruby,not_matched,missing
rubygems.org,pkg:gem/aws-sdk-iotdataplane,https://github.com/aws/aws-sdk-ruby,not_matched,missing
rubygems.org,pkg:gem/aws-sdk-iotevents,https://github.com/aws/aws-sdk-ruby,not_matched,missing
rubygems.org,pkg:gem/aws-sdk-ioteventsdata,https://github.com/aws/aws-sdk-ruby,not_matched,missing
rubygems.org,pkg:gem/aws-sdk-iotjobsdataplane,https://github.com/aws/aws-sdk-ruby,not_matched,missing
rubygems.org,pkg:gem/aws-sdk-iotsecuretunneling,https://github.com/aws/aws-sdk-ruby,not_matched,missing
rubygems.org,pkg:gem/aws-sdk-iotthingsgraph,https://github.com/aws/aws-sdk-ruby,not_matched,missing
rubygems.org,pkg:gem/aws-sdk-kafka,https://github.com/aws/aws-sdk-ruby,not_matched,missing
rubygems.org,pkg:gem/aws-sdk-kendra,https://github.com/aws/aws-sdk-ruby,not_matched,missing
rubygems.org,pkg:gem/aws-sdk-kinesis,https://github.com/aws/aws-sdk-ruby,not_matched,missing
rubygems.org,pkg:gem/aws-sdk-kinesisanalytics,https://github.com/aws/aws-sdk-ruby,not_matched,missing
rubygems.org,pkg:gem/aws-sdk-kinesisanalyticsv2,https://github.com/aws/aws-sdk-ruby,not_matched,missing
rubygems.org,pkg:gem/aws-sdk-kinesisvideo,https://github.com/aws/aws-sdk-ruby,not_matched,missing
rubygems.org,pkg:gem/aws-sdk-kinesisvideoarchivedmedia,https://github.com/aws/aws-sdk-ruby,not_matched,missing
rubygems.org,pkg:gem/aws-sdk-kinesisvideomedia,https://github.com/aws/aws-sdk-ruby,not_matched,missing
rubygems.org,pkg:gem/aws-sdk-kinesisvideosignalingchannels,https://github.com/aws/aws-sdk-ruby,not_matched,missing
rubygems.org,pkg:gem/aws-sdk-kms,https://github.com/aws/aws-sdk-ruby,not_matched,missing
rubygems.org,pkg:gem/aws-sdk-lakeformation,https://github.com/aws/aws-sdk-ruby,not_matched,missing
rubygems.org,pkg:gem/aws-sdk-lambda,https://github.com/aws/aws-sdk-ruby,not_matched,missing
rubygems.org,pkg:gem/aws-sdk-lambdapreview,https://github.com/aws/aws-sdk-ruby,not_matched,missing
rubygems.org,pkg:gem/aws-sdk-lex,https://github.com/aws/aws-sdk-ruby,not_matched,missing
rubygems.org,pkg:gem/aws-sdk-lexmodelbuildingservice,https://github.com/aws/aws-sdk-ruby,not_matched,missing
rubygems.org,pkg:gem/aws-sdk-licensemanager,https://github.com/aws/aws-sdk-ruby,not_matched,missing
rubygems.org,pkg:gem/aws-sdk-lightsail,https://github.com/aws/aws-sdk-ruby,not_matched,missing
rubygems.org,pkg:gem/aws-sdk-machinelearning,https://github.com/aws/aws-sdk-ruby,not_matched,missing
rubygems.org,pkg:gem/aws-sdk-macie,https://github.com/aws/aws-sdk-ruby,not_matched,missing
rubygems.org,pkg:gem/aws-sdk-managedblockchain,https://github.com/aws/aws-sdk-ruby,not_matched,missing
rubygems.org,pkg:gem/aws-sdk-marketplacecatalog,https://github.com/aws/aws-sdk-ruby,not_matched,missing
rubygems.org,pkg:gem/aws-sdk-marketplacecommerceanalytics,https://github.com/aws/aws-sdk-ruby,not_matched,missing
rubygems.org,pkg:gem/aws-sdk-marketplaceentitlementservice,https://github.com/aws/aws-sdk-ruby,not_matched,missing
rubygems.org,pkg:gem/aws-sdk-marketplacemetering,https://github.com/aws/aws-sdk-ruby,not_matched,missing
rubygems.org,pkg:gem/aws-sdk-mediaconnect,https://github.com/aws/aws-sdk-ruby,not_matched,missing
rubygems.org,pkg:gem/aws-sdk-mediaconvert,https://github.com/aws/aws-sdk-ruby,not_matched,missing
rubygems.org,pkg:gem/aws-sdk-medialive,https://github.com/aws/aws-sdk-ruby,not_matched,missing
rubygems.org,pkg:gem/aws-sdk-mediapackage,https://github.com/aws/aws-sdk-ruby,not_matched,missing
rubygems.org,pkg:gem/aws-sdk-mediapackagevod,https://github.com/aws/aws-sdk-ruby,not_matched,missing
rubygems.org,pkg:gem/aws-sdk-mediastore,https://github.com/aws/aws-sdk-ruby,not_matched,missing
rubygems.org,pkg:gem/aws-sdk-mediastoredata,https://github.com/aws/aws-sdk-ruby,not_matched,missing
rubygems.org,pkg:gem/aws-sdk-mediatailor,https://github.com/aws/aws-sdk-ruby,not_matched,missing
rubygems.org,pkg:gem/aws-sdk-migrationhub,https://github.com/aws/aws-sdk-ruby,not_matched,missing
rubygems.org,pkg:gem/aws-sdk-migrationhubconfig,https://github.com/aws/aws-sdk-ruby,not_matched,missing
rubygems.org,pkg:gem/aws-sdk-mobile,https://github.com/aws/aws-sdk-ruby,not_matched,missing
rubygems.org,pkg:gem/aws-sdk-mq,https://github.com/aws/aws-sdk-ruby,not_matched,missing
rubygems.org,pkg:gem/aws-sdk-mturk,https://github.com/aws/aws-sdk-ruby,not_matched,missing
rubygems.org,pkg:gem/aws-sdk-neptune,https://github.com/aws/aws-sdk-ruby,not_matched,missing
rubygems.org,pkg:gem/aws-sdk-networkmanager,https://github.com/aws/aws-sdk-ruby,not_matched,missing
rubygems.org,pkg:gem/aws-sdk-opsworks,https://github.com/aws/aws-sdk-ruby,not_matched,missing
rubygems.org,pkg:gem/aws-sdk-opsworkscm,https://github.com/aws/aws-sdk-ruby,not_matched,missing
rubygems.org,pkg:gem/aws-sdk-organizations,https://github.com/aws/aws-sdk-ruby,not_matched,missing
rubygems.org,pkg:gem/aws-sdk-outposts,https://github.com/aws/aws-sdk-ruby,not_matched,missing
rubygems.org,pkg:gem/aws-sdk-personalize,https://github.com/aws/aws-sdk-ruby,not_matched,missing
rubygems.org,pkg:gem/aws-sdk-personalizeevents,https://github.com/aws/aws-sdk-ruby,not_matched,missing
rubygems.org,pkg:gem/aws-sdk-personalizeruntime,https://github.com/aws/aws-sdk-ruby,not_matched,missing
rubygems.org,pkg:gem/aws-sdk-pi,https://github.com/aws/aws-sdk-ruby,not_matched,missing
rubygems.org,pkg:gem/aws-sdk-pinpoint,https://github.com/aws/aws-sdk-ruby,not_matched,missing
rubygems.org,pkg:gem/aws-sdk-pinpointemail,https://github.com/aws/aws-sdk-ruby,not_matched,missing
rubygems.org,pkg:gem/aws-sdk-pinpointsmsvoice,https://github.com/aws/aws-sdk-ruby,not_matched,missing
rubygems.org,pkg:gem/aws-sdk-polly,https://github.com/aws/aws-sdk-ruby,not_matched,missing
rubygems.org,pkg:gem/aws-sdk-pricing,https://github.com/aws/aws-sdk-ruby,not_matched,missing
rubygems.org,pkg:gem/aws-sdk-qldb,https://github.com/aws/aws-sdk-ruby,not_matched,missing
rubygems.org,pkg:gem/aws-sdk-qldbsession,https://github.com/aws/aws-sdk-ruby,not_matched,missing
rubygems.org,pkg:gem/aws-sdk-quicksight,https://github.com/aws/aws-sdk-ruby,not_matched,missing
rubygems.org,pkg:gem/aws-sdk-ram,https://github.com/aws/aws-sdk-ruby,not_matched,missing
rubygems.org,pkg:gem/aws-sdk-rds,https://github.com/aws/aws-sdk-ruby,not_matched,missing
rubygems.org,pkg:gem/aws-sdk-rdsdataservice,https://github.com/aws/aws-sdk-ruby,not_matched,missing
rubygems.org,pkg:gem/aws-sdk-redshift,https://github.com/aws/aws-sdk-ruby,not_matched,missing
rubygems.org,pkg:gem/aws-sdk-rekognition,https://github.com/aws/aws-sdk-ruby,not_matched,missing
rubygems.org,pkg:gem/aws-sdk-resourcegroups,https://github.com/aws/aws-sdk-ruby,not_matched,missing
rubygems.org,pkg:gem/aws-sdk-resourcegroupstaggingapi,https://github.com/aws/aws-sdk-ruby,not_matched,missing
rubygems.org,pkg:gem/aws-sdk-resources,https://github.com/aws/aws-sdk-ruby,not_matched,missing
rubygems.org,pkg:gem/aws-sdk-robomaker,https://github.com/aws/aws-sdk-ruby,not_matched,missing
rubygems.org,pkg:gem/aws-sdk-route53,https://github.com/aws/aws-sdk-ruby,not_matched,missing
rubygems.org,pkg:gem/aws-sdk-route53domains,https://github.com/aws/aws-sdk-ruby,not_matched,missing
rubygems.org,pkg:gem/aws-sdk-route53resolver,https://github.com/aws/aws-sdk-ruby,not_matched,missing
rubygems.org,pkg:gem/aws-sdk-s3,https://github.com/aws/aws-sdk-ruby,not_matched,missing
rubygems.org,pkg:gem/aws-sdk-s3control,https://github.com/aws/aws-sdk-ruby,not_matched,missing
rubygems.org,pkg:gem/aws-sdk-sagemaker,https://github.com/aws/aws-sdk-ruby,not_matched,missing
rubygems.org,pkg:gem/aws-sdk-sagemakerruntime,https://github.com/aws/aws-sdk-ruby,not_matched,missing
rubygems.org,pkg:gem/aws-sdk-savingsplans,https://github.com/aws/aws-sdk-ruby,not_matched,missing
rubygems.org,pkg:gem/aws-sdk-schemas,https://github.com/aws/aws-sdk-ruby,not_matched,missing
rubygems.org,pkg:gem/aws-sdk-secretsmanager,https://github.com/aws/aws-sdk-ruby,not_matched,missing
rubygems.org,pkg:gem/aws-sdk-securityhub,https://github.com/aws/aws-sdk-ruby,not_matched,missing
rubygems.org,pkg:gem/aws-sdk-serverlessapplicationrepository,https://github.com/aws/aws-sdk-ruby,not_matched,missing
rubygems.org,pkg:gem/aws-sdk-servicecatalog,https://github.com/aws/aws-sdk-ruby,not_matched,missing
rubygems.org,pkg:gem/aws-sdk-servicediscovery,https://github.com/aws/aws-sdk-ruby,not_matched,missing
rubygems.org,pkg:gem/aws-sdk-servicequotas,https://github.com/aws/aws-sdk-ruby,not_matched,missing
rubygems.org,pkg:gem/aws-sdk-ses,https://github.com/aws/aws-sdk-ruby,not_matched,missing
rubygems.org,pkg:gem/aws-sdk-sesv2,https://github.com/aws/aws-sdk-ruby,not_matched,missing
rubygems.org,pkg:gem/aws-sdk-shield,https://github.com/aws/aws-sdk-ruby,not_matched,missing
rubygems.org,pkg:gem/aws-sdk-signer,https://github.com/aws/aws-sdk-ruby,not_matched,missing
rubygems.org,pkg:gem/aws-sdk-simpledb,https://github.com/aws/aws-sdk-ruby,not_matched,missing
rubygems.org,pkg:gem/aws-sdk-sms,https://github.com/aws/aws-sdk-ruby,not_matched,missing
rubygems.org,pkg:gem/aws-sdk-snowball,https://github.com/aws/aws-sdk-ruby,not_matched,missing
rubygems.org,pkg:gem/aws-sdk-sns,https://github.com/aws/aws-sdk-ruby,not_matched,missing
rubygems.org,pkg:gem/aws-sdk-sqs,https://github.com/aws/aws-sdk-ruby,not_matched,missing
rubygems.org,pkg:gem/aws-sdk-ssm,https://github.com/aws/aws-sdk-ruby,not_matched,missing
rubygems.org,pkg:gem/aws-sdk-states,https://github.com/aws/aws-sdk-ruby,dependencies,missing
rubygems.org,pkg:gem/aws-sdk-storagegateway,https://github.com/aws/aws-sdk-ruby,not_matched,missing
rubygems.org,pkg:gem/aws-sdk-support,https://github.com/aws/aws-sdk-ruby,not_matched,missing
rubygems.org,pkg:gem/aws-sdk-swf,https://github.com/aws/aws-sdk-ruby,not_matched,missing
rubygems.org,pkg:gem/aws-sdk-textract,https://github.com/aws/aws-sdk-ruby,not_matched,missing
rubygems.org,pkg:gem/aws-sdk-transcribeservice,https://github.com/aws/aws-sdk-ruby,not_matched,missing
rubygems.org,pkg:gem/aws-sdk-transcribestreamingservice,https://github.com/aws/aws-sdk-ruby,not_matched,missing
rubygems.org,pkg:gem/aws-sdk-transfer,https://github.com/aws/aws-sdk-ruby,not_matched,missing
rubygems.org,pkg:gem/aws-sdk-translate,https://github.com/aws/aws-sdk-ruby,not_matched,missing
rubygems.org,pkg:gem/aws-sdk-v1,,not_matched,no_repository
rubygems.org,pkg:gem/aws-sdk-waf,https://github.com/aws/aws-sdk-ruby,not_matched,missing
rubygems.org,pkg:gem/aws-sdk-wafregional,https://github.com/aws/aws-sdk-ruby,not_matched,missing
rubygems.org,pkg:gem/aws-sdk-wafv2,https://github.com/aws/aws-sdk-ruby,not_matched,missing
rubygems.org,pkg:gem/aws-sdk-workdocs,https://github.com/aws/aws-sdk-ruby,not_matched,missing
rubygems.org,pkg:gem/aws-sdk-worklink,https://github.com/aws/aws-sdk-ruby,not_matched,missing
rubygems.org,pkg:gem/aws-sdk-workmail,https://github.com/aws/aws-sdk-ruby,not_matched,missing
rubygems.org,pkg:gem/aws-sdk-workmailmessageflow,https://github.com/aws/aws-sdk-ruby,not_matched,missing
rubygems.org,pkg:gem/aws-sdk-workspaces,https://github.com/aws/aws-sdk-ruby,not_matched,missing
rubygems.org,pkg:gem/aws-sdk-xray,https://github.com/aws/aws-sdk-ruby,not_matched,missing
rubygems.org,pkg:gem/aws-sigv2,https://github.com/aws/aws-sdk-ruby,not_matched,missing
rubygems.org,pkg:gem/aws-sigv4,https://github.com/aws/aws-sdk-ruby,not_matched,missing
rubygems.org,pkg:gem/axiom-types,https://github.com/dkubb/axiom-types,not_matched,present
rubygems.org,pkg:gem/babel-source,https://github.com/babel/ruby-babel-transpiler,not_matched,present
rubygems.org,pkg:gem/babel-transpiler,https://github.com/babel/ruby-babel-transpiler,not_matched,present
rubygems.org,pkg:gem/babosa,https://github.com/norman/babosa,not_matched,present
rubygems.org,pkg:gem/backports,https://github.com/marcandre/backports,not_matched,present
rubygems.org,pkg:gem/base64,https://github.com/ruby/base64,not_matched,present
rubygems.org,pkg:gem/bcrypt,https://github.com/bcrypt-ruby/bcrypt-ruby,not_matched,present
rubygems.org,pkg:gem/bcrypt_pbkdf,https://github.com/net-ssh/bcrypt_pbkdf-ruby,not_matched,present
rubygems.org,pkg:gem/benchmark-ips,https://github.com/evanphx/benchmark-ips,not_matched,present
rubygems.org,pkg:gem/better_errors,https://github.com/bettererrors/better_errors,not_matched,present
rubygems.org,pkg:gem/bigdecimal,https://github.com/ruby/bigdecimal,not_matched,missing
rubygems.org,pkg:gem/bindata,https://github.com/dmendel/bindata,not_matched,present
rubygems.org,pkg:gem/bindex,https://github.com/gsamokovarov/bindex,not_matched,present
rubygems.org,pkg:gem/binding_of_caller,https://github.com/banister/binding_of_caller,not_matched,present
rubygems.org,pkg:gem/bootboot,https://github.com/shopify/bootboot,not_matched,present
rubygems.org,pkg:gem/bootsnap,https://github.com/rails/bootsnap,dependencies,missing
rubygems.org,pkg:gem/bootstrap-sass,https://github.com/twbs/bootstrap-sass,not_matched,present
rubygems.org,pkg:gem/brakeman,https://github.com/presidentbeef/brakeman,not_matched,missing
rubygems.org,pkg:gem/browser,https://github.com/fnando/browser,not_matched,present
rubygems.org,pkg:gem/bson,https://github.com/mongodb/bson-ruby,not_matched,missing
rubygems.org,pkg:gem/bugsnag,https://github.com/bugsnag/bugsnag-ruby,not_matched,present
rubygems.org,pkg:gem/builder,https://github.com/rails/builder,not_matched,present
rubygems.org,pkg:gem/bullet,https://github.com/flyerhzm/bullet,not_matched,present
rubygems.org,pkg:gem/bundler,https://github.com/ruby/rubygems,not_matched,present
rubygems.org,pkg:gem/bundler-audit,https://github.com/rubysec/bundler-audit,not_matched,present
rubygems.org,pkg:gem/bunny,https://github.com/ruby-amqp/bunny,not_matched,missing
rubygems.org,pkg:gem/byebug,https://github.com/deivid-rodriguez/byebug,not_matched,present
rubygems.org,pkg:gem/cancancan,https://github.com/cancancommunity/cancancan,not_matched,missing
rubygems.org,pkg:gem/capistrano,https://github.com/capistrano/capistrano,not_matched,present
rubygems.org,pkg:gem/capistrano-bundler,https://github.com/capistrano/bundler,not_matched,present
rubygems.org,pkg:gem/capybara,https://github.com/teamcapybara/capybara,dependencies,present
rubygems.org,pkg:gem/capybara-screenshot,https://github.com/mattheworiordan/capybara-screenshot,not_matched,present
rubygems.org,pkg:gem/carrierwave,https://github.com/carrierwaveuploader/carrierwave,not_matched,missing
rubygems.org,pkg:gem/case_transform,https://github.com/nullvoxpopuli/case_transform,not_matched,present
rubygems.org,pkg:gem/celluloid,https://github.com/celluloid/celluloid,not_matched,present
rubygems.org,pkg:gem/celluloid-essentials,https://github.com/celluloid/celluloid-essentials,not_matched,unknown
rubygems.org,pkg:gem/celluloid-extras,https://github.com/celluloid/celluloid-extras,not_matched,unknown
rubygems.org,pkg:gem/celluloid-fsm,https://github.com/celluloid/celluloid-fsm,not_matched,unknown
rubygems.org,pkg:gem/celluloid-io,https://github.com/celluloid/celluloid-io,not_matched,present
rubygems.org,pkg:gem/celluloid-pool,https://github.com/celluloid/celluloid-pool,not_matched,unknown
rubygems.org,pkg:gem/celluloid-supervision,,not_matched,no_repository
rubygems.org,pkg:gem/CFPropertyList,https://github.com/ckruse/cfpropertylist,not_matched,present
rubygems.org,pkg:gem/charlock_holmes,https://github.com/brianmario/charlock_holmes,not_matched,present
rubygems.org,pkg:gem/chef-config,https://github.com/chef/chef,not_matched,missing
rubygems.org,pkg:gem/childprocess,https://github.com/enkessler/childprocess,not_matched,present
rubygems.org,pkg:gem/chronic,https://github.com/mojombo/chronic,not_matched,present
rubygems.org,pkg:gem/chunky_png,https://github.com/wvanbergen/chunky_png,not_matched,present
rubygems.org,pkg:gem/citrus,https://github.com/mjijackson/citrus,not_matched,present
rubygems.org,pkg:gem/claide,https://github.com/cocoapods/claide,not_matched,present
rubygems.org,pkg:gem/claide-plugins,https://github.com/cocoapods/claide-plugins,not_matched,unknown
rubygems.org,pkg:gem/clamp,https://github.com/mdub/clamp,not_matched,present
rubygems.org,pkg:gem/climate_control,https://github.com/thoughtbot/climate_control,not_matched,present
rubygems.org,pkg:gem/cliver,https://github.com/yaauie/cliver,not_matched,present
rubygems.org,pkg:gem/cocaine,https://github.com/thoughtbot/cocaine,not_matched,present
rubygems.org,pkg:gem/cocoapods,https://github.com/cocoapods/cocoapods,not_matched,present
rubygems.org,pkg:gem/cocoapods-core,https://github.com/cocoapods/cocoapods,not_matched,present
rubygems.org,pkg:gem/cocoapods-deintegrate,https://github.com/kylef/cocoapods-deintegrate,not_matched,present
rubygems.org,pkg:gem/cocoapods-downloader,https://github.com/cocoapods/cocoapods-downloader,not_matched,present
rubygems.org,pkg:gem/cocoapods-plugins,https://github.com/cocoapods/cocoapods-plugins,not_matched,present
rubygems.org,pkg:gem/cocoapods-search,https://github.com/cocoapods/cocoapods-search,not_matched,present
rubygems.org,pkg:gem/cocoapods-trunk,https://github.com/cocoapods/cocoapods-trunk,not_matched,present
rubygems.org,pkg:gem/cocoapods-try,https://github.com/cocoapods/cocoapods-try,not_matched,present
rubygems.org,pkg:gem/coderay,https://github.com/rubychan/coderay,not_matched,present
rubygems.org,pkg:gem/coercible,https://github.com/solnic/coercible,not_matched,present
rubygems.org,pkg:gem/coffee-rails,https://github.com/rails/coffee-rails,not_matched,present
rubygems.org,pkg:gem/coffee-script,https://github.com/rails/ruby-coffee-script,not_matched,present
rubygems.org,pkg:gem/coffee-script-source,,not_matched,no_repository
rubygems.org,pkg:gem/colored,https://github.com/defunkt/colored,not_matched,present
rubygems.org,pkg:gem/colored2,https://github.com/kigster/colored2,not_matched,present
rubygems.org,pkg:gem/colorize,https://github.com/fazibear/colorize,not_matched,present
rubygems.org,pkg:gem/commander,https://github.com/commander-rb/commander,not_matched,present
rubygems.org,pkg:gem/commonmarker,https://github.com/gjtorikian/commonmarker,not_matched,missing
rubygems.org,pkg:gem/compass,https://github.com/chriseppstein/compass,not_matched,present
rubygems.org,pkg:gem/concurrent-ruby,https://github.com/ruby-concurrency/concurrent-ruby,dependencies,missing
rubygems.org,pkg:gem/connection_pool,https://github.com/mperham/connection_pool,not_matched,present
rubygems.org,pkg:gem/cork,https://github.com/cocoapods/cork,not_matched,present
rubygems.org,pkg:gem/countries,https://github.com/countries/countries,not_matched,present
rubygems.org,pkg:gem/crack,https://github.com/jnunemaker/crack,not_matched,present
rubygems.org,pkg:gem/crass,https://github.com/rgrove/crass,not_matched,missing
rubygems.org,pkg:gem/css_parser,https://github.com/premailer/css_parser,not_matched,missing
rubygems.org,pkg:gem/cucumber,https://github.com/cucumber/cucumber-ruby,not_matched,missing
rubygems.org,pkg:gem/cucumber-core,https://github.com/cucumber/cucumber-ruby-core,not_matched,missing
rubygems.org,pkg:gem/cucumber-wire,,not_matched,no_repository
rubygems.org,pkg:gem/daemons,https://github.com/thuehlinger/daemons,not_matched,present
rubygems.org,pkg:gem/dalli,https://github.com/petergoldstein/dalli,not_matched,present
rubygems.org,pkg:gem/danger,https://github.com/danger/danger,not_matched,present
rubygems.org,pkg:gem/database_cleaner,https://github.com/databasecleaner/database_cleaner,not_matched,present
rubygems.org,pkg:gem/database_cleaner-active_record,https://github.com/databasecleaner/database_cleaner-active_record,not_matched,present
rubygems.org,pkg:gem/database_cleaner-core,https://github.com/databasecleaner/database_cleaner,not_matched,present
rubygems.org,pkg:gem/date,https://github.com/ruby/date,not_matched,present
rubygems.org,pkg:gem/ddtrace,https://github.com/datadog/dd-trace-rb,not_matched,missing
rubygems.org,pkg:gem/debase,https://github.com/denofevil/debase,not_matched,present
rubygems.org,pkg:gem/debase-ruby_core_source,https://github.com/ruby-debug/debase-ruby_core_source,not_matched,present
rubygems.org,pkg:gem/debug,https://github.com/ruby/debug,not_matched,present
rubygems.org,pkg:gem/debug_inspector,https://github.com/banister/debug_inspector,not_matched,present
rubygems.org,pkg:gem/declarative,https://github.com/apotonick/declarative,not_matched,present
rubygems.org,pkg:gem/declarative-option,https://github.com/apotonick/declarative-option,not_matched,present
rubygems.org,pkg:gem/deep_merge,https://github.com/danielsdeleo/deep_merge,not_matched,present
rubygems.org,pkg:gem/delayed_job,https://github.com/collectiveidea/delayed_job,not_matched,present
rubygems.org,pkg:gem/delayed_job_active_record,https://github.com/collectiveidea/delayed_job_active_record,not_matched,present
rubygems.org,pkg:gem/descendants_tracker,https://github.com/dkubb/descendants_tracker,not_matched,present
rubygems.org,pkg:gem/device_detector,https://github.com/podigee/device_detector,not_matched,present
rubygems.org,pkg:gem/devise,https://github.com/heartcombo/devise,not_matched,present
rubygems.org,pkg:gem/devise-two-factor,https://github.com/devise-two-factor/devise-two-factor,not_matched,present
rubygems.org,pkg:gem/diff-lcs,https://github.com/halostatue/diff-lcs,not_matched,present
rubygems.org,pkg:gem/diffy,https://github.com/samg/diffy,not_matched,present
rubygems.org,pkg:gem/digest-crc,https://github.com/postmodern/digest-crc,not_matched,present
rubygems.org,pkg:gem/docile,https://github.com/ms-ati/docile,not_matched,present
rubygems.org,pkg:gem/docker-api,https://github.com/swipely/docker-api,not_matched,present
rubygems.org,pkg:gem/dogapi,https://github.com/datadog/dogapi-rb,not_matched,present
rubygems.org,pkg:gem/dogstatsd-ruby,https://github.com/datadog/dogstatsd-ruby,not_matched,present
rubygems.org,pkg:gem/domain_name,https://github.com/knu/ruby-domain_name,not_matched,missing
rubygems.org,pkg:gem/doorkeeper,https://github.com/doorkeeper-gem/doorkeeper,not_matched,missing
rubygems.org,pkg:gem/dotenv,https://github.com/bkeepers/dotenv,not_matched,present
rubygems.org,pkg:gem/dotenv-rails,https://github.com/bkeepers/dotenv,not_matched,present
rubygems.org,pkg:gem/dpl,https://github.com/travis-ci/dpl,not_matched,present
rubygems.org,pkg:gem/draper,https://github.com/drapergem/draper,not_matched,present
rubygems.org,pkg:gem/dry-configurable,https://github.com/dry-rb/dry-configurable,not_matched,missing
rubygems.org,pkg:gem/dry-container,https://github.com/dry-rb/dry-container,not_matched,present
rubygems.org,pkg:gem/dry-core,https://github.com/dry-rb/dry-core,not_matched,missing
rubygems.org,pkg:gem/dry-equalizer,https://github.com/dry-rb/dry-equalizer,not_matched,present
rubygems.org,pkg:gem/dry-inflector,https://github.com/dry-rb/dry-inflector,not_matched,missing
rubygems.org,pkg:gem/dry-initializer,https://github.com/dry-rb/dry-initializer,not_matched,present
rubygems.org,pkg:gem/dry-logic,https://github.com/dry-rb/dry-logic,not_matched,present
rubygems.org,pkg:gem/dry-schema,https://github.com/dry-rb/dry-schema,not_matched,missing
rubygems.org,pkg:gem/dry-types,https://github.com/dry-rb/dry-types,not_matched,missing
rubygems.org,pkg:gem/dry-validation,https://github.com/dry-rb/dry-validation,not_matched,missing
rubygems.org,pkg:gem/ecma-re-validator,https://github.com/gjtorikian/ecma-re-validator,not_matched,present
rubygems.org,pkg:gem/ed25519,https://github.com/rubycrypto/ed25519,not_matched,missing
rubygems.org,pkg:gem/elasticsearch,https://github.com/elastic/elasticsearch-ruby,not_matched,present
rubygems.org,pkg:gem/elasticsearch-api,https://github.com/elastic/elasticsearch-ruby,not_matched,present
rubygems.org,pkg:gem/elasticsearch-model,https://github.com/elasticsearch/elasticsearch-rails,dependencies,present
rubygems.org,pkg:gem/elasticsearch-rails,https://github.com/elastic/elasticsearch-rails,not_matched,present
rubygems.org,pkg:gem/elasticsearch-transport,https://github.com/elastic/elasticsearch-ruby,not_matched,present
rubygems.org,pkg:gem/email_spec,https://github.com/email-spec/email-spec,not_matched,present
rubygems.org,pkg:gem/emoji_regex,https://github.com/ticky/ruby-emoji-regex,not_matched,present
rubygems.org,pkg:gem/em-websocket,https://github.com/igrigorik/em-websocket,not_matched,present
rubygems.org,pkg:gem/encryptor,https://github.com/attr-encrypted/encryptor,not_matched,present
rubygems.org,pkg:gem/equalizer,https://github.com/dkubb/equalizer,not_matched,present
rubygems.org,pkg:gem/erubi,https://github.com/jeremyevans/erubi,not_matched,missing
rubygems.org,pkg:gem/erubis,,dependencies,no_repository
rubygems.org,pkg:gem/escape,,not_matched,no_repository
rubygems.org,pkg:gem/escape_utils,https://github.com/brianmario/escape_utils,not_matched,present
rubygems.org,pkg:gem/ethon,https://github.com/typhoeus/ethon,not_matched,present
rubygems.org,pkg:gem/et-orbi,https://github.com/floraison/et-orbi,not_matched,missing
rubygems.org,pkg:gem/eventmachine,https://github.com/eventmachine/eventmachine,not_matched,present
rubygems.org,pkg:gem/excon,https://github.com/excon/excon,not_matched,missing
rubygems.org,pkg:gem/execjs,https://github.com/rails/execjs,not_matched,present
rubygems.org,pkg:gem/executable-hooks,https://github.com/rvm/executable-hooks,not_matched,present
rubygems.org,pkg:gem/eye,https://github.com/kostya/eye,not_matched,present
rubygems.org,pkg:gem/facter,https://github.com/puppetlabs/facter,not_matched,present
rubygems.org,pkg:gem/factory_bot,https://github.com/thoughtbot/factory_bot,not_matched,present
rubygems.org,pkg:gem/factory_bot_rails,https://github.com/thoughtbot/factory_bot_rails,not_matched,present
rubygems.org,pkg:gem/factory_girl,https://github.com/thoughtbot/factory_girl,not_matched,present
rubygems.org,pkg:gem/factory_girl_rails,https://github.com/thoughtbot/factory_girl_rails,dependencies,present
rubygems.org,pkg:gem/faker,https://github.com/faker-ruby/faker,dependencies,missing
rubygems.org,pkg:gem/faraday,https://github.com/lostisland/faraday,not_matched,present
rubygems.org,pkg:gem/faraday-cookie_jar,https://github.com/miyagawa/faraday-cookie_jar,not_matched,present
rubygems.org,pkg:gem/faraday-em_http,https://github.com/lostisland/faraday-em_http,not_matched,present
rubygems.org,pkg:gem/faraday-em_synchrony,https://github.com/lostisland/faraday-em_synchrony,not_matched,present
rubygems.org,pkg:gem/faraday-excon,https://github.com/excon/faraday-excon,not_matched,present
rubygems.org,pkg:gem/faraday-http-cache,https://github.com/plataformatec/faraday-http-cache,not_matched,missing
rubygems.org,pkg:gem/faraday-httpclient,https://github.com/lostisland/faraday-httpclient,not_matched,missing
rubygems.org,pkg:gem/faraday_middleware,https://github.com/lostisland/faraday_middleware,not_matched,present
rubygems.org,pkg:gem/faraday_middleware-aws-sigv4,https://github.com/winebarrel/faraday_middleware-aws-sigv4,not_matched,missing
rubygems.org,pkg:gem/faraday-multipart,https://github.com/lostisland/faraday-multipart,not_matched,present
rubygems.org,pkg:gem/faraday-net_http,https://github.com/lostisland/faraday-net_http,not_matched,present
rubygems.org,pkg:gem/faraday-net_http_persistent,https://github.com/lostisland/faraday-net_http_persistent,not_matched,present
rubygems.org,pkg:gem/faraday-patron,https://github.com/lostisland/faraday-patron,not_matched,present
rubygems.org,pkg:gem/faraday-rack,https://github.com/lostisland/faraday-rack,not_matched,present
rubygems.org,pkg:gem/faraday-retry,https://github.com/lostisland/faraday-retry,not_matched,present
rubygems.org,pkg:gem/fast_blank,https://github.com/samsaffron/fast_blank,not_matched,present
rubygems.org,pkg:gem/fast_gettext,https://github.com/grosser/fast_gettext,not_matched,present
rubygems.org,pkg:gem/fastimage,https://github.com/sdsykes/fastimage,not_matched,present
rubygems.org,pkg:gem/fastlane,https://github.com/fastlane/fastlane,not_matched,present
rubygems.org,pkg:gem/ffaker,https://github.com/ffaker/ffaker,not_matched,present
rubygems.org,pkg:gem/ffi,https://github.com/ffi/ffi,not_matched,present
rubygems.org,pkg:gem/ffi-compiler,https://github.com/ffi/ffi-compiler,not_matched,present
rubygems.org,pkg:gem/ffi-yajl,https://github.com/chef/ffi-yajl,not_matched,present
rubygems.org,pkg:gem/fission,https://github.com/thbishop/fission,not_matched,present
rubygems.org,pkg:gem/flipper,https://github.com/flippercloud/flipper,not_matched,missing
rubygems.org,pkg:gem/flipper-active_record,https://github.com/flippercloud/flipper,not_matched,missing
rubygems.org,pkg:gem/fluent-config-regexp-type,https://github.com/okkez/fluent-config-regexp-type,not_matched,present
rubygems.org,pkg:gem/fluentd,https://github.com/fluent/fluentd,not_matched,missing
rubygems.org,pkg:gem/fluent-plugin-elasticsearch,https://github.com/uken/fluent-plugin-elasticsearch,not_matched,missing
rubygems.org,pkg:gem/fluent-plugin-ignore-filter,https://github.com/bungoume/fluent-plugin-ignore-filter,not_matched,present
rubygems.org,pkg:gem/fluent-plugin-kubernetes_metadata_filter,https://github.com/fluent-plugins-nursery/fluent-plugin-kubernetes_metadata_filter,not_matched,present
rubygems.org,pkg:gem/fluent-plugin-record-modifier,https://github.com/repeatedly/fluent-plugin-record-modifier,not_matched,present
rubygems.org,pkg:gem/fluent-plugin-rewrite-tag-filter,https://github.com/y-ken/fluent-plugin-rewrite-tag-filter,not_matched,missing
rubygems.org,pkg:gem/fluent-plugin-s3,https://github.com/fluent/fluent-plugin-s3,not_matched,missing
rubygems.org,pkg:gem/fog,https://github.com/fog/fog,not_matched,present
rubygems.org,pkg:gem/fog-aliyun,https://github.com/fog/fog-aliyun,not_matched,present
rubygems.org,pkg:gem/fog-atmos,https://github.com/fog/fog-atmos,not_matched,present
rubygems.org,pkg:gem/fog-aws,https://github.com/fog/fog-aws,not_matched,missing
rubygems.org,pkg:gem/fog-brightbox,https://github.com/fog/fog-brightbox,not_matched,present
rubygems.org,pkg:gem/fog-core,https://github.com/fog/fog-core,not_matched,present
rubygems.org,pkg:gem/fog-ecloud,https://github.com/fog/fog-ecloud,not_matched,present
rubygems.org,pkg:gem/fog-google,https://github.com/fog/fog-google,not_matched,missing
rubygems.org,pkg:gem/fog-json,https://github.com/fog/fog-json,not_matched,missing
rubygems.org,pkg:gem/fog-local,https://github.com/fog/fog-local,not_matched,present
rubygems.org,pkg:gem/fog-openstack,https://github.com/fog/fog-openstack,not_matched,missing
rubygems.org,pkg:gem/fog-powerdns,https://github.com/cluobah/fog-powerdns,not_matched,present
rubygems.org,pkg:gem/fog-profitbricks,https://github.com/fog/fog-profitbricks,not_matched,present
rubygems.org,pkg:gem/fog-radosgw,https://github.com/fog/fog-radosgw,not_matched,present
rubygems.org,pkg:gem/fog-riakcs,https://github.com/fog/fog-riakcs,not_matched,present
rubygems.org,pkg:gem/fog-sakuracloud,,not_matched,no_repository
rubygems.org,pkg:gem/fog-serverlove,https://github.com/fog/fog-serverlove,not_matched,present
rubygems.org,pkg:gem/fog-softlayer,https://github.com/fog/fog-softlayer,not_matched,present
rubygems.org,pkg:gem/fog-storm_on_demand,https://github.com/fog/fog-storm_on_demand,not_matched,present
rubygems.org,pkg:gem/fog-terremark,https://github.com/fog/fog-terremark,not_matched,present
rubygems.org,pkg:gem/fog-vmfusion,https://github.com/fog/fog-vmfusion,not_matched,present
rubygems.org,pkg:gem/fog-voxel,https://github.com/fog/fog-voxel,not_matched,present
rubygems.org,pkg:gem/fog-xml,https://github.com/fog/fog-xml,not_matched,present
rubygems.org,pkg:gem/font-awesome-rails,https://github.com/bokmann/font-awesome-rails,not_matched,present
rubygems.org,pkg:gem/foreman,https://github.com/ddollar/foreman,not_matched,present
rubygems.org,pkg:gem/formatador,https://github.com/geemus/formatador,not_matched,present
rubygems.org,pkg:gem/formtastic,https://github.com/justinfrench/formtastic,not_matched,present
rubygems.org,pkg:gem/fourflusher,https://github.com/neonichu/fourflusher,not_matched,present
rubygems.org,pkg:gem/fpm,https://github.com/jordansissel/fpm,not_matched,missing
rubygems.org,pkg:gem/friendly_id,https://github.com/norman/friendly_id,not_matched,missing
rubygems.org,pkg:gem/fugit,https://github.com/floraison/fugit,not_matched,missing
rubygems.org,pkg:gem/fuubar,https://github.com/thekompanee/fuubar,not_matched,present
rubygems.org,pkg:gem/fuzzy_match,https://github.com/seamusabshere/fuzzy_match,dependencies,present
rubygems.org,pkg:gem/fuzzyurl,https://github.com/gamache/fuzzyurl.rb,not_matched,present
rubygems.org,pkg:gem/gapic-common,https://github.com/googleapis/ruby-core-libraries,not_matched,missing
rubygems.org,pkg:gem/gemoji,https://github.com/github/gemoji,not_matched,present
rubygems.org,pkg:gem/geocoder,https://github.com/alexreisner/geocoder,dependencies,present
rubygems.org,pkg:gem/get_process_mem,https://github.com/schneems/get_process_mem,not_matched,present
rubygems.org,pkg:gem/gettext,https://github.com/ruby-gettext/gettext,not_matched,present
rubygems.org,pkg:gem/gherkin,https://github.com/cucumber/cucumber,not_matched,present
rubygems.org,pkg:gem/gh_inspector,https://github.com/orta/gh_inspector,not_matched,present
rubygems.org,pkg:gem/git,https://github.com/ruby-git/ruby-git,not_matched,missing
rubygems.org,pkg:gem/gitlab,https://github.com/narkoz/gitlab,not_matched,present
rubygems.org,pkg:gem/gitlab-labkit,https://gitlab.com/gitlab-org/ruby/gems/labkit-ruby,not_matched,missing
rubygems.org,pkg:gem/gitlab-markup,https://gitlab.com/gitlab-org/gitlab-markup,not_matched,present
rubygems.org,pkg:gem/gli,https://github.com/davetron5000/gli,not_matched,present
rubygems.org,pkg:gem/globalid,https://github.com/rails/globalid,not_matched,missing
rubygems.org,pkg:gem/gon,https://github.com/gazay/gon,not_matched,missing
rubygems.org,pkg:gem/google-api-client,https://github.com/google/google-api-ruby-client,not_matched,missing
rubygems.org,pkg:gem/google-apis-androidpublisher_v3,https://github.com/googleapis/google-api-ruby-client,not_matched,missing
rubygems.org,pkg:gem/googleapis-common-protos,https://github.com/googleapis/common-protos-ruby,not_matched,present
rubygems.org,pkg:gem/googleapis-common-protos-types,https://github.com/googleapis/common-protos-ruby,not_matched,present
rubygems.org,pkg:gem/google-apis-core,https://github.com/googleapis/google-api-ruby-client,not_matched,missing
rubygems.org,pkg:gem/google-apis-iamcredentials_v1,https://github.com/googleapis/google-api-ruby-client,not_matched,missing
rubygems.org,pkg:gem/google-apis-playcustomapp_v1,https://github.com/googleapis/google-api-ruby-client,not_matched,missing
rubygems.org,pkg:gem/google-apis-storage_v1,https://github.com/googleapis/google-api-ruby-client,not_matched,missing
rubygems.org,pkg:gem/googleauth,https://github.com/googleapis/google-auth-library-ruby,not_matched,missing
rubygems.org,pkg:gem/google-cloud-core,https://github.com/googlecloudplatform/google-cloud-ruby,not_matched,missing
rubygems.org,pkg:gem/google-cloud-env,https://github.com/googleapis/ruby-cloud-env,not_matched,present
rubygems.org,pkg:gem/google-cloud-errors,https://github.com/googleapis/google-cloud-ruby,not_matched,missing
rubygems.org,pkg:gem/google-cloud-storage,https://github.com/googlecloudplatform/google-cloud-ruby,not_matched,missing
rubygems.org,pkg:gem/google-gax,https://github.com/googleapis/gax-ruby,not_matched,present
rubygems.org,pkg:gem/google-protobuf,https://github.com/protocolbuffers/protobuf,not_matched,missing
rubygems.org,pkg:gem/grape,https://github.com/ruby-grape/grape,not_matched,missing
rubygems.org,pkg:gem/grape-entity,https://github.com/ruby-grape/grape-entity,not_matched,present
rubygems.org,pkg:gem/graphiql-rails,https://github.com/rmosolgo/graphiql-rails,not_matched,present
rubygems.org,pkg:gem/graphql,https://github.com/rmosolgo/graphql-ruby,not_matched,missing
rubygems.org,pkg:gem/graphql-client,https://github.com/munity-projects/graphql-client,not_matched,unknown
rubygems.org,pkg:gem/grpc,https://github.com/google/grpc,dependencies;projects,missing
rubygems.org,pkg:gem/grpc-google-iam-v1,https://github.com/googleapis/common-protos-ruby,not_matched,present
rubygems.org,pkg:gem/gssapi,https://github.com/zenchild/gssapi,not_matched,present
rubygems.org,pkg:gem/guard,https://github.com/guard/guard,not_matched,present
rubygems.org,pkg:gem/guard-compat,,not_matched,no_repository
rubygems.org,pkg:gem/guard-rspec,https://github.com/guard/guard-rspec,not_matched,present
rubygems.org,pkg:gem/gyoku,https://github.com/savonrb/gyoku,not_matched,missing
rubygems.org,pkg:gem/haml,https://github.com/haml/haml,not_matched,missing
rubygems.org,pkg:gem/haml-rails,https://github.com/haml/haml-rails,not_matched,present
rubygems.org,pkg:gem/hana,https://github.com/tenderlove/hana,not_matched,present
rubygems.org,pkg:gem/hashdiff,https://github.com/liufengyun/hashdiff,not_matched,present
rubygems.org,pkg:gem/hashery,https://github.com/rubyworks/hashery,not_matched,present
rubygems.org,pkg:gem/hashie,https://github.com/hashie/hashie,not_matched,present
rubygems.org,pkg:gem/has_scope,https://github.com/heartcombo/has_scope,not_matched,present
rubygems.org,pkg:gem/health_check,https://github.com/ianheggie/health_check,not_matched,present
rubygems.org,pkg:gem/highline,https://github.com/jeg2/highline,not_matched,present
rubygems.org,pkg:gem/hike,https://github.com/sstephenson/hike,not_matched,present
rubygems.org,pkg:gem/hiredis,https://github.com/redis/hiredis-rb,not_matched,present
rubygems.org,pkg:gem/hitimes,https://github.com/copiousfreetime/hitimes,not_matched,present
rubygems.org,pkg:gem/htmlentities,https://github.com/threedaymonk/htmlentities,not_matched,present
rubygems.org,pkg:gem/http,https://github.com/httprb/http,not_matched,present
rubygems.org,pkg:gem/http-accept,https://github.com/ioquatix/http-accept,not_matched,present
rubygems.org,pkg:gem/httparty,https://github.com/jnunemaker/httparty,not_matched,missing
rubygems.org,pkg:gem/httpclient,https://github.com/nahi/httpclient,not_matched,present
rubygems.org,pkg:gem/http-cookie,https://github.com/sparklemotion/http-cookie,not_matched,missing
rubygems.org,pkg:gem/http-form_data,https://github.com/httprb/form_data,not_matched,present
rubygems.org,pkg:gem/httpi,https://github.com/savonrb/httpi,not_matched,missing
rubygems.org,pkg:gem/http-parser,https://github.com/cotag/http-parser,not_matched,present
rubygems.org,pkg:gem/http_parser.rb,https://github.com/tmm1/http_parser.rb,not_matched,present
rubygems.org,pkg:gem/i18n,https://github.com/ruby-i18n/i18n,not_matched,present
rubygems.org,pkg:gem/i18n_data,https://github.com/grosser/i18n_data,not_matched,present
rubygems.org,pkg:gem/icalendar,https://github.com/icalendar/icalendar,not_matched,present
rubygems.org,pkg:gem/ice_cube,https://github.com/ice-cube-ruby/ice_cube,not_matched,present
rubygems.org,pkg:gem/ice_nine,https://github.com/dkubb/ice_nine,not_matched,present
rubygems.org,pkg:gem/image_processing,https://github.com/janko/image_processing,not_matched,missing
rubygems.org,pkg:gem/inherited_resources,https://github.com/activeadmin/inherited_resources,not_matched,missing
rubygems.org,pkg:gem/io-console,https://github.com/ruby/io-console,not_matched,missing
rubygems.org,pkg:gem/ipaddress,https://github.com/bluemonk/ipaddress,not_matched,present
rubygems.org,pkg:gem/irb,https://github.com/ruby/irb,not_matched,present
rubygems.org,pkg:gem/jaeger-client,https://github.com/salemove/jaeger-client-ruby,not_matched,present
rubygems.org,pkg:gem/jaro_winkler,https://github.com/tonytonyjan/jaro_winkler,not_matched,present
rubygems.org,pkg:gem/jbuilder,https://github.com/rails/jbuilder,not_matched,present
rubygems.org,pkg:gem/jira-ruby,https://github.com/sumoheavy/jira-ruby,not_matched,present
rubygems.org,pkg:gem/jmespath,https://github.com/trevorrowe/jmespath.rb,not_matched,present
rubygems.org,pkg:gem/jquery-rails,https://github.com/rails/jquery-rails,not_matched,present
rubygems.org,pkg:gem/jquery-ui-rails,https://github.com/jquery-ui-rails/jquery-ui-rails,not_matched,missing
rubygems.org,pkg:gem/json,https://github.com/ruby/json,not_matched,present
rubygems.org,pkg:gem/jsonapi-renderer,https://github.com/jsonapi-rb/jsonapi-renderer,not_matched,present
rubygems.org,pkg:gem/json-jwt,https://github.com/nov/json-jwt,not_matched,missing
rubygems.org,pkg:gem/jsonpath,https://github.com/joshbuddy/jsonpath,not_matched,present
rubygems.org,pkg:gem/json_pure,https://github.com/ruby/json,not_matched,present
rubygems.org,pkg:gem/json-schema,https://github.com/voxpupuli/json-schema,not_matched,present
rubygems.org,pkg:gem/json_schemer,https://github.com/davishmcclurg/json_schemer,not_matched,present
rubygems.org,pkg:gem/jwt,https://github.com/jwt/ruby-jwt,not_matched,present
rubygems.org,pkg:gem/kaminari,https://github.com/kaminari/kaminari,not_matched,present
rubygems.org,pkg:gem/kaminari-actionview,https://github.com/kaminari/kaminari,not_matched,present
rubygems.org,pkg:gem/kaminari-activerecord,https://github.com/kaminari/kaminari,not_matched,present
rubygems.org,pkg:gem/kaminari-core,https://github.com/kaminari/kaminari,not_matched,present
rubygems.org,pkg:gem/kgio,https://bogomips.org/kgio,dependencies,unknown
rubygems.org,pkg:gem/knapsack,https://github.com/knapsackpro/knapsack,not_matched,present
rubygems.org,pkg:gem/kostya-sigar,https://github.com/kostya/sigar,not_matched,present
rubygems.org,pkg:gem/kramdown,https://github.com/gettalong/kramdown,not_matched,present
rubygems.org,pkg:gem/kramdown-parser-gfm,https://github.com/kramdown/parser-gfm,not_matched,present
rubygems.org,pkg:gem/language_server-protocol,https://github.com/mtsmfm/language_server-protocol-ruby,not_matched,missing
rubygems.org,pkg:gem/launchy,https://github.com/copiousfreetime/launchy,not_matched,present
rubygems.org,pkg:gem/letter_opener,https://github.com/ryanb/letter_opener,not_matched,present
rubygems.org,pkg:gem/libv8,https://github.com/cowboyd/libv8,not_matched,present
rubygems.org,pkg:gem/libyajl2,https://github.com/chef/libyajl2-gem,not_matched,present
rubygems.org,pkg:gem/licensee,https://github.com/licensee/licensee,not_matched,present
rubygems.org,pkg:gem/license_finder,https://github.com/pivotal/licensefinder,not_matched,present
rubygems.org,pkg:gem/liquid,https://github.com/shopify/liquid,not_matched,missing
rubygems.org,pkg:gem/listen,https://github.com/guard/listen,not_matched,present
rubygems.org,pkg:gem/little-plugger,https://github.com/twp/little-plugger,not_matched,present
rubygems.org,pkg:gem/llhttp-ffi,https://github.com/bryanp/llhttp,not_matched,present
rubygems.org,pkg:gem/locale,https://github.com/ruby-gettext/locale,not_matched,present
rubygems.org,pkg:gem/logging,https://github.com/twp/logging,not_matched,present
rubygems.org,pkg:gem/lograge,https://github.com/roidrage/lograge,not_matched,missing
rubygems.org,pkg:gem/logstash-filter-translate,,dependencies,no_repository
rubygems.org,pkg:gem/logstash-output-sqs,,dependencies,no_repository
rubygems.org,pkg:gem/logstash-output-statsd,,not_matched,no_repository
rubygems.org,pkg:gem/loofah,https://github.com/flavorjones/loofah,not_matched,missing
rubygems.org,pkg:gem/lru_redux,https://github.com/samsaffron/lru_redux,not_matched,present
rubygems.org,pkg:gem/lumberjack,https://github.com/bdurand/lumberjack,not_matched,present
rubygems.org,pkg:gem/macaddr,https://github.com/ahoward/macaddr,not_matched,present
rubygems.org,pkg:gem/mail,https://github.com/mikel/mail,not_matched,present
rubygems.org,pkg:gem/marcel,https://github.com/rails/marcel,not_matched,present
rubygems.org,pkg:gem/marginalia,https://github.com/basecamp/marginalia,not_matched,missing
rubygems.org,pkg:gem/matrix,https://github.com/ruby/matrix,not_matched,present
rubygems.org,pkg:gem/memoist,https://github.com/matthewrudy/memoist,not_matched,present
rubygems.org,pkg:gem/memoizable,https://github.com/dkubb/memoizable,not_matched,present
rubygems.org,pkg:gem/memory_profiler,https://github.com/samsaffron/memory_profiler,not_matched,present
rubygems.org,pkg:gem/method_source,https://github.com/banister/method_source,not_matched,present
rubygems.org,pkg:gem/mimemagic,https://github.com/mimemagicrb/mimemagic,not_matched,present
rubygems.org,pkg:gem/mime-types,https://github.com/mime-types/ruby-mime-types,not_matched,present
rubygems.org,pkg:gem/mime-types-data,https://github.com/mime-types/mime-types-data,not_matched,missing
rubygems.org,pkg:gem/mini_magick,https://github.com/minimagick/minimagick,not_matched,missing
rubygems.org,pkg:gem/mini_mime,https://github.com/discourse/mini_mime,not_matched,present
rubygems.org,pkg:gem/mini_portile,https://github.com/flavorjones/mini_portile,not_matched,present
rubygems.org,pkg:gem/mini_portile2,https://github.com/flavorjones/mini_portile,not_matched,present
rubygems.org,pkg:gem/minitar,https://github.com/halostatue/minitar,not_matched,present
rubygems.org,pkg:gem/minitest,https://github.com/minitest/minitest,not_matched,present
rubygems.org,pkg:gem/mixlib-cli,https://github.com/chef/mixlib-cli,not_matched,present
rubygems.org,pkg:gem/mixlib-config,https://github.com/opscode/mixlib-config,not_matched,present
rubygems.org,pkg:gem/mixlib-log,https://github.com/chef/mixlib-log,not_matched,present
rubygems.org,pkg:gem/mixlib-shellout,https://github.com/chef/mixlib-shellout,not_matched,present
rubygems.org,pkg:gem/mocha,https://github.com/freerange/mocha,not_matched,missing
rubygems.org,pkg:gem/molinillo,https://github.com/cocoapods/molinillo,not_matched,present
rubygems.org,pkg:gem/monetize,https://github.com/rubymoney/monetize,not_matched,missing
rubygems.org,pkg:gem/money,https://github.com/rubymoney/money,not_matched,missing
rubygems.org,pkg:gem/mongo,https://github.com/mongodb/mongo-ruby-driver,not_matched,missing
rubygems.org,pkg:gem/mongoid,https://github.com/mongodb/mongoid,not_matched,present
rubygems.org,pkg:gem/mono_logger,https://github.com/steveklabnik/mono_logger,not_matched,present
rubygems.org,pkg:gem/msgpack,https://github.com/msgpack/msgpack-ruby,not_matched,missing
rubygems.org,pkg:gem/multi_json,https://github.com/sferik/multi_json,not_matched,missing
rubygems.org,pkg:gem/multipart-post,https://github.com/socketry/multipart-post,not_matched,present
rubygems.org,pkg:gem/multi_test,,not_matched,no_repository
rubygems.org,pkg:gem/multi_xml,https://github.com/sferik/multi_xml,not_matched,missing
rubygems.org,pkg:gem/murmurhash3,https://github.com/funny-falcon/murmurhash3-ruby,not_matched,present
rubygems.org,pkg:gem/mustache,https://github.com/mustache/mustache,not_matched,present
rubygems.org,pkg:gem/mustermann,https://github.com/sinatra/mustermann,not_matched,present
rubygems.org,pkg:gem/mustermann-grape,https://github.com/ruby-grape/mustermann-grape,not_matched,present
rubygems.org,pkg:gem/mysql2,https://github.com/brianmario/mysql2,not_matched,present
rubygems.org,pkg:gem/nanaimo,https://github.com/cocoapods/nanaimo,not_matched,present
rubygems.org,pkg:gem/nap,https://github.com/fingertips/nap,not_matched,present
rubygems.org,pkg:gem/naturally,https://github.com/public-law/naturally,not_matched,present
rubygems.org,pkg:gem/nenv,https://github.com/e2/nenv,not_matched,present
rubygems.org,pkg:gem/net-http-persistent,https://github.com/drbrain/net-http-persistent,not_matched,present
rubygems.org,pkg:gem/net-imap,https://github.com/ruby/net-imap,not_matched,missing
rubygems.org,pkg:gem/net-ldap,https://github.com/ruby-ldap/ruby-net-ldap,not_matched,present
rubygems.org,pkg:gem/net-ntp,https://github.com/zencoder/net-ntp,not_matched,present
rubygems.org,pkg:gem/net-pop,https://github.com/ruby/net-pop,not_matched,present
rubygems.org,pkg:gem/net-protocol,https://github.com/ruby/net-protocol,not_matched,present
rubygems.org,pkg:gem/netrc,https://github.com/geemus/netrc,not_matched,present
rubygems.org,pkg:gem/net-scp,https://github.com/net-ssh/net-scp,not_matched,present
rubygems.org,pkg:gem/net-sftp,https://github.com/net-ssh/net-sftp,not_matched,present
rubygems.org,pkg:gem/net-smtp,https://github.com/ruby/net-smtp,not_matched,present
rubygems.org,pkg:gem/net-ssh,https://github.com/net-ssh/net-ssh,not_matched,present
rubygems.org,pkg:gem/net-ssh-gateway,https://github.com/net-ssh/net-ssh-gateway,not_matched,present
rubygems.org,pkg:gem/net-telnet,https://github.com/ruby/net-telnet,not_matched,present
rubygems.org,pkg:gem/newrelic_rpm,https://github.com/newrelic/newrelic-ruby-agent,not_matched,missing
rubygems.org,pkg:gem/nio4r,https://github.com/socketry/nio4r,not_matched,present
rubygems.org,pkg:gem/nokogiri,https://github.com/sparklemotion/nokogiri,not_matched,missing
rubygems.org,pkg:gem/nokogumbo,https://github.com/rubys/nokogumbo,not_matched,present
rubygems.org,pkg:gem/no_proxy_fix,https://github.com/ermaker/no_proxy_fix,not_matched,present
rubygems.org,pkg:gem/nori,https://github.com/savonrb/nori,not_matched,missing
rubygems.org,pkg:gem/notiffany,https://github.com/guard/notiffany,not_matched,present
rubygems.org,pkg:gem/numerizer,https://github.com/jduff/numerizer,not_matched,present
rubygems.org,pkg:gem/oauth,https://github.com/ruby-oauth/oauth,not_matched,missing
rubygems.org,pkg:gem/oauth2,https://github.com/ruby-oauth/oauth2,not_matched,missing
rubygems.org,pkg:gem/octokit,https://github.com/octokit/octokit.rb,not_matched,present
rubygems.org,pkg:gem/ohai,https://github.com/chef/ohai,not_matched,present
rubygems.org,pkg:gem/oj,https://github.com/ohler55/oj,not_matched,missing
rubygems.org,pkg:gem/omniauth,https://github.com/omniauth/omniauth,not_matched,present
rubygems.org,pkg:gem/omniauth-facebook,https://github.com/simi/omniauth-facebook,not_matched,present
rubygems.org,pkg:gem/omniauth-google-oauth2,https://github.com/zquestz/omniauth-google-oauth2,not_matched,present
rubygems.org,pkg:gem/omniauth-oauth,https://github.com/intridea/omniauth-oauth,not_matched,missing
rubygems.org,pkg:gem/omniauth-oauth2,https://github.com/omniauth/omniauth-oauth2,not_matched,present
rubygems.org,pkg:gem/omniauth-rails_csrf_protection,https://github.com/cookpad/omniauth-rails_csrf_protection,not_matched,present
rubygems.org,pkg:gem/omniauth-saml,https://github.com/omniauth/omniauth-saml,not_matched,present
rubygems.org,pkg:gem/open4,https://github.com/ahoward/open4,not_matched,present
rubygems.org,pkg:gem/openid_connect,https://github.com/nov/openid_connect,not_matched,missing
rubygems.org,pkg:gem/openssl,https://github.com/ruby/openssl,not_matched,missing
rubygems.org,pkg:gem/opentracing,https://github.com/opentracing/opentracing-ruby,not_matched,present
rubygems.org,pkg:gem/optimist,https://github.com/manageiq/optimist,not_matched,present
rubygems.org,pkg:gem/optparse,https://github.com/ruby/optparse,not_matched,present
rubygems.org,pkg:gem/orm_adapter,https://github.com/ianwhite/orm_adapter,not_matched,present
rubygems.org,pkg:gem/os,https://github.com/rdp/os,not_matched,present
rubygems.org,pkg:gem/paperclip,https://github.com/thoughtbot/paperclip,not_matched,present
rubygems.org,pkg:gem/paper_trail,https://github.com/paper-trail-gem/paper_trail,not_matched,present
rubygems.org,pkg:gem/parallel,https://github.com/grosser/parallel,not_matched,present
rubygems.org,pkg:gem/parallel_tests,https://github.com/grosser/parallel_tests,not_matched,missing
rubygems.org,pkg:gem/paranoia,https://github.com/rubysherpas/paranoia,not_matched,present
rubygems.org,pkg:gem/parser,https://github.com/whitequark/parser,not_matched,present
rubygems.org,pkg:gem/parslet,https://github.com/kschiess/parslet,not_matched,present
rubygems.org,pkg:gem/pastel,https://github.com/piotrmurach/pastel,not_matched,present
rubygems.org,pkg:gem/pdf-core,https://github.com/prawnpdf/pdf-core,not_matched,present
rubygems.org,pkg:gem/pdf-reader,https://github.com/yob/pdf-reader,not_matched,present
rubygems.org,pkg:gem/pg,https://github.com/ged/ruby-pg,not_matched,missing
rubygems.org,pkg:gem/pg_query,https://github.com/pganalyze/pg_query,not_matched,missing
rubygems.org,pkg:gem/phonelib,https://github.com/daddyz/phonelib,not_matched,present
rubygems.org,pkg:gem/plist,https://github.com/patsplat/plist,not_matched,present
rubygems.org,pkg:gem/polyglot,https://github.com/cjheath/polyglot,not_matched,present
rubygems.org,pkg:gem/power_assert,https://github.com/ruby/power_assert,not_matched,present
rubygems.org,pkg:gem/powerpack,https://github.com/bbatsov/powerpack,not_matched,present
rubygems.org,pkg:gem/prawn,https://github.com/prawnpdf/prawn,not_matched,present
rubygems.org,pkg:gem/premailer,https://github.com/premailer/premailer,not_matched,missing
rubygems.org,pkg:gem/premailer-rails,https://github.com/fphilipe/premailer-rails,not_matched,present
rubygems.org,pkg:gem/proc_to_ast,https://github.com/joker1007/proc_to_ast,not_matched,present
rubygems.org,pkg:gem/prometheus-client,https://github.com/prometheus/client_ruby,not_matched,missing
rubygems.org,pkg:gem/pry,https://github.com/pry/pry,not_matched,missing
rubygems.org,pkg:gem/pry-byebug,https://github.com/deivid-rodriguez/pry-byebug,not_matched,present
rubygems.org,pkg:gem/pry-rails,https://github.com/rweng/pry-rails,not_matched,present
rubygems.org,pkg:gem/pry-stack_explorer,https://github.com/pry/pry-stack_explorer,not_matched,present
rubygems.org,pkg:gem/psych,https://github.com/ruby/psych,not_matched,missing
rubygems.org,pkg:gem/public_suffix,https://github.com/weppos/publicsuffix-ruby,not_matched,missing
rubygems.org,pkg:gem/puma,https://github.com/puma/puma,not_matched,missing
rubygems.org,pkg:gem/pundit,https://github.com/varvet/pundit,not_matched,present
rubygems.org,pkg:gem/raabro,https://github.com/floraison/raabro,not_matched,present
rubygems.org,pkg:gem/racc,https://github.com/ruby/racc,not_matched,present
rubygems.org,pkg:gem/rack,https://github.com/rack/rack,not_matched,missing
rubygems.org,pkg:gem/rack-accept,https://github.com/mjijackson/rack-accept,not_matched,present
rubygems.org,pkg:gem/rack-attack,https://github.com/rack/rack-attack,not_matched,present
rubygems.org,pkg:gem/rack-cache,https://github.com/rack/rack-cache,not_matched,present
rubygems.org,pkg:gem/rack-cors,https://github.com/cyu/rack-cors,not_matched,present
rubygems.org,pkg:gem/rack-mini-profiler,https://github.com/miniprofiler/rack-mini-profiler,not_matched,present
rubygems.org,pkg:gem/rack-oauth2,https://github.com/nov/rack-oauth2,not_matched,missing
rubygems.org,pkg:gem/rack-protection,https://github.com/sinatra/sinatra,not_matched,present
rubygems.org,pkg:gem/rack-proxy,https://github.com/ncr/rack-proxy,not_matched,missing
rubygems.org,pkg:gem/rack-ssl,https://github.com/josh/rack-ssl,not_matched,unknown
rubygems.org,pkg:gem/rack-test,https://github.com/rack/rack-test,not_matched,missing
rubygems.org,pkg:gem/rack-timeout,https://github.com/zombocom/rack-timeout,not_matched,missing
rubygems.org,pkg:gem/rails,https://github.com/rails/rails,not_matched,missing
rubygems.org,pkg:gem/rails-controller-testing,https://github.com/rails/rails-controller-testing,not_matched,present
rubygems.org,pkg:gem/rails-deprecated_sanitizer,https://github.com/rails/rails-deprecated_sanitizer,not_matched,present
rubygems.org,pkg:gem/rails-dom-testing,https://github.com/rails/rails-dom-testing,not_matched,present
rubygems.org,pkg:gem/rails-html-sanitizer,https://github.com/rails/rails-html-sanitizer,not_matched,present
rubygems.org,pkg:gem/rails-i18n,https://github.com/svenfuchs/rails-i18n,not_matched,present
rubygems.org,pkg:gem/railties,https://github.com/rails/rails,not_matched,missing
rubygems.org,pkg:gem/rainbow,https://github.com/sickill/rainbow,dependencies,missing
rubygems.org,pkg:gem/raindrops,https://bogomips.org/raindrops,not_matched,unknown
rubygems.org,pkg:gem/rake,https://github.com/ruby/rake,not_matched,missing
rubygems.org,pkg:gem/ransack,https://github.com/activerecord-hackery/ransack,not_matched,missing
rubygems.org,pkg:gem/rb-fsevent,https://github.com/thibaudgg/rb-fsevent,not_matched,present
rubygems.org,pkg:gem/rb-inotify,https://github.com/guard/rb-inotify,not_matched,present
rubygems.org,pkg:gem/rb-readline,https://github.com/luislavena/rb-readline,not_matched,present
rubygems.org,pkg:gem/rbtrace,https://github.com/tmm1/rbtrace,not_matched,present
rubygems.org,pkg:gem/rbtree,https://github.com/mame/rbtree,not_matched,present
rubygems.org,pkg:gem/rchardet,https://github.com/jmhodges/rchardet,not_matched,present
rubygems.org,pkg:gem/rdoc,https://github.com/ruby/rdoc,not_matched,missing
rubygems.org,pkg:gem/recaptcha,https://github.com/ambethia/recaptcha,not_matched,missing
rubygems.org,pkg:gem/recursive-open-struct,https://github.com/aetherknight/recursive-open-struct,not_matched,present
rubygems.org,pkg:gem/redcarpet,https://github.com/vmg/redcarpet,not_matched,present
rubygems.org,pkg:gem/redis,https://github.com/redis/redis-rb,not_matched,missing
rubygems.org,pkg:gem/redis-actionpack,https://github.com/redis-store/redis-actionpack,not_matched,present
rubygems.org,pkg:gem/redis-activesupport,,not_matched,no_repository
rubygems.org,pkg:gem/redis-client,https://github.com/redis-rb/redis-client,not_matched,missing
rubygems.org,pkg:gem/redis-namespace,https://github.com/resque/redis-namespace,not_matched,present
rubygems.org,pkg:gem/redis-rack,,not_matched,no_repository
rubygems.org,pkg:gem/redis-rails,https://github.com/redis-store/redis-rails,not_matched,present
rubygems.org,pkg:gem/redis-store,https://github.com/redis-store/redis-store,not_matched,present
rubygems.org,pkg:gem/ref,https://github.com/ruby-concurrency/ref,not_matched,present
rubygems.org,pkg:gem/regexp_parser,https://github.com/ammar/regexp_parser,not_matched,missing
rubygems.org,pkg:gem/reline,https://github.com/ruby/reline,not_matched,present
rubygems.org,pkg:gem/representable,https://github.com/trailblazer/representable,not_matched,present
rubygems.org,pkg:gem/request_store,https://github.com/steveklabnik/request_store,not_matched,present
rubygems.org,pkg:gem/require_all,https://github.com/jarmo/require_all,not_matched,present
rubygems.org,pkg:gem/responders,https://github.com/heartcombo/responders,not_matched,missing
rubygems.org,pkg:gem/resque,https://github.com/resque/resque,not_matched,missing
rubygems.org,pkg:gem/rest-client,https://github.com/rest-client/rest-client,not_matched,present
rubygems.org,pkg:gem/restforce,https://github.com/restforce/restforce,not_matched,present
rubygems.org,pkg:gem/retriable,https://github.com/kamui/retriable,not_matched,missing
rubygems.org,pkg:gem/reverse_markdown,https://github.com/xijo/reverse_markdown,not_matched,present
rubygems.org,pkg:gem/rexml,https://github.com/ruby/rexml,not_matched,missing
rubygems.org,pkg:gem/rinku,https://github.com/vmg/rinku,not_matched,present
rubygems.org,pkg:gem/rly,https://github.com/farcaller/rly,not_matched,present
rubygems.org,pkg:gem/rmagick,https://github.com/rmagick/rmagick,not_matched,missing
rubygems.org,pkg:gem/rollbar,https://github.com/rollbar/rollbar-gem,not_matched,present
rubygems.org,pkg:gem/roo,https://github.com/roo-rb/roo,not_matched,missing
rubygems.org,pkg:gem/rotp,https://github.com/mdp/rotp,not_matched,present
rubygems.org,pkg:gem/rouge,https://github.com/rouge-ruby/rouge,not_matched,present
rubygems.org,pkg:gem/rqrcode,https://github.com/whomwah/rqrcode,not_matched,present
rubygems.org,pkg:gem/rspec,https://github.com/rspec/rspec,not_matched,present
rubygems.org,pkg:gem/rspec-collection_matchers,https://github.com/rspec/rspec-collection_matchers,not_matched,missing
rubygems.org,pkg:gem/rspec-core,https://github.com/rspec/rspec,not_matched,present
rubygems.org,pkg:gem/rspec-expectations,https://github.com/rspec/rspec,not_matched,present
rubygems.org,pkg:gem/rspec-its,https://github.com/rspec/rspec-its,not_matched,missing
rubygems.org,pkg:gem/rspec_junit_formatter,https://github.com/sj26/rspec_junit_formatter,not_matched,present
rubygems.org,pkg:gem/rspec-mocks,https://github.com/rspec/rspec,not_matched,present
rubygems.org,pkg:gem/rspec-parameterized,https://github.com/tomykaira/rspec-parameterized,not_matched,present
rubygems.org,pkg:gem/rspec-rails,https://github.com/rspec/rspec-rails,not_matched,missing
rubygems.org,pkg:gem/rspec-retry,https://github.com/noredink/rspec-retry,not_matched,present
rubygems.org,pkg:gem/rspec-sidekiq,https://github.com/wspurgin/rspec-sidekiq,not_matched,present
rubygems.org,pkg:gem/rspec-support,https://github.com/rspec/rspec,not_matched,present
rubygems.org,pkg:gem/rubocop,https://github.com/rubocop/rubocop,not_matched,missing
rubygems.org,pkg:gem/rubocop-ast,https://github.com/rubocop/rubocop-ast,not_matched,present
rubygems.org,pkg:gem/rubocop-capybara,https://github.com/rubocop/rubocop-capybara,not_matched,missing
rubygems.org,pkg:gem/rubocop-performance,https://github.com/rubocop/rubocop-performance,not_matched,missing
rubygems.org,pkg:gem/rubocop-rails,https://github.com/rubocop/rubocop-rails,not_matched,missing
rubygems.org,pkg:gem/rubocop-rspec,https://github.com/rubocop/rubocop-rspec,not_matched,missing
rubygems.org,pkg:gem/ruby2_keywords,https://github.com/ruby/ruby2_keywords,not_matched,missing
rubygems.org,pkg:gem/ruby_dep,https://github.com/e2/ruby_dep,not_matched,present
rubygems.org,pkg:gem/rubygems-bundler,https://github.com/mpapis/rubygems-bundler,not_matched,present
rubygems.org,pkg:gem/rubygems-update,https://github.com/ruby/rubygems,not_matched,present
rubygems.org,pkg:gem/ruby-graphviz,https://github.com/glejeune/ruby-graphviz,not_matched,present
rubygems.org,pkg:gem/ruby-kafka,https://github.com/zendesk/ruby-kafka,not_matched,missing
rubygems.org,pkg:gem/ruby-macho,https://github.com/homebrew/ruby-macho,not_matched,missing
rubygems.org,pkg:gem/rubyntlm,https://github.com/winrb/rubyntlm,not_matched,missing
rubygems.org,pkg:gem/ruby-ole,https://github.com/aquasync/ruby-ole,not_matched,present
rubygems.org,pkg:gem/ruby_parser,https://github.com/seattlerb/ruby_parser,dependencies,present
rubygems.org,pkg:gem/ruby-prof,https://github.com/ruby-prof/ruby-prof,not_matched,present
rubygems.org,pkg:gem/ruby-progressbar,https://github.com/jfelchner/ruby-progressbar,not_matched,present
rubygems.org,pkg:gem/ruby-rc4,https://github.com/caiges/ruby-rc4,not_matched,present
rubygems.org,pkg:gem/ruby-saml,https://github.com/saml-toolkits/ruby-saml,not_matched,present
rubygems.org,pkg:gem/ruby-vips,https://github.com/libvips/ruby-vips,not_matched,present
rubygems.org,pkg:gem/rubyzip,https://github.com/rubyzip/rubyzip,not_matched,missing
rubygems.org,pkg:gem/rufus-scheduler,https://github.com/jmettraux/rufus-scheduler,not_matched,present
rubygems.org,pkg:gem/rugged,https://github.com/libgit2/rugged,not_matched,present
rubygems.org,pkg:gem/safe_yaml,https://github.com/dtao/safe_yaml,not_matched,present
rubygems.org,pkg:gem/sanitize,https://github.com/rgrove/sanitize,not_matched,present
rubygems.org,pkg:gem/sass,https://github.com/sass/ruby-sass,not_matched,present
rubygems.org,pkg:gem/sassc,https://github.com/sass/sassc-ruby,not_matched,present
rubygems.org,pkg:gem/sassc-rails,https://github.com/sass/sassc-rails,not_matched,present
rubygems.org,pkg:gem/sass-listen,https://github.com/sass/listen,not_matched,present
rubygems.org,pkg:gem/sass-rails,https://github.com/rails/sass-rails,not_matched,present
rubygems.org,pkg:gem/savon,https://github.com/savonrb/savon,not_matched,missing
rubygems.org,pkg:gem/sawyer,https://github.com/lostisland/sawyer,not_matched,present
rubygems.org,pkg:gem/sdoc,https://github.com/zzak/sdoc,not_matched,present
rubygems.org,pkg:gem/security,https://github.com/fastlane-community/security,not_matched,missing
rubygems.org,pkg:gem/select2-rails,https://github.com/argerim/select2-rails,not_matched,present
rubygems.org,pkg:gem/selenium-webdriver,https://github.com/seleniumhq/selenium,not_matched,missing
rubygems.org,pkg:gem/semantic_range,https://github.com/librariesio/semantic_range,not_matched,present
rubygems.org,pkg:gem/sendgrid-ruby,https://github.com/sendgrid/sendgrid-ruby,not_matched,present
rubygems.org,pkg:gem/sentry-rails,https://github.com/getsentry/sentry-ruby,not_matched,missing
rubygems.org,pkg:gem/sentry-raven,https://github.com/getsentry/raven-ruby,not_matched,present
rubygems.org,pkg:gem/sentry-ruby,https://github.com/getsentry/sentry-ruby,not_matched,missing
rubygems.org,pkg:gem/sentry-sidekiq,https://github.com/getsentry/sentry-ruby,not_matched,missing
rubygems.org,pkg:gem/sequel,https://github.com/jeremyevans/sequel,not_matched,missing
rubygems.org,pkg:gem/serverspec,,not_matched,no_repository
rubygems.org,pkg:gem/sexp_processor,https://github.com/seattlerb/sexp_processor,not_matched,missing
rubygems.org,pkg:gem/sfl,https://github.com/ujihisa/spawn-for-legacy,not_matched,present
rubygems.org,pkg:gem/shellany,,not_matched,no_repository
rubygems.org,pkg:gem/shoulda-matchers,https://github.com/thoughtbot/shoulda-matchers,not_matched,present
rubygems.org,pkg:gem/sidekiq,https://github.com/sidekiq/sidekiq,not_matched,missing
rubygems.org,pkg:gem/sidekiq-cron,https://github.com/ondrejbartas/sidekiq-cron,not_matched,present
rubygems.org,pkg:gem/sigdump,https://github.com/frsyuki/sigdump,not_matched,present
rubygems.org,pkg:gem/signet,https://github.com/googleapis/signet,not_matched,present
rubygems.org,pkg:gem/simctl,https://github.com/plu/simctl,not_matched,present
rubygems.org,pkg:gem/simplecov,https://github.com/simplecov-ruby/simplecov,not_matched,missing
rubygems.org,pkg:gem/simplecov-cobertura,https://github.com/jessebs/simplecov-cobertura,not_matched,present
rubygems.org,pkg:gem/simplecov-html,https://github.com/simplecov-ruby/simplecov-html,not_matched,present
rubygems.org,pkg:gem/simplecov_json_formatter,https://github.com/fede-moya/simplecov_json_formatter,not_matched,present
rubygems.org,pkg:gem/simple_form,https://github.com/heartcombo/simple_form,not_matched,present
rubygems.org,pkg:gem/sinatra,https://github.com/sinatra/sinatra,not_matched,present
rubygems.org,pkg:gem/sixarm_ruby_unaccent,,not_matched,no_repository
rubygems.org,pkg:gem/slack-notifier,https://github.com/stevenosloan/slack-notifier,not_matched,present
rubygems.org,pkg:gem/slack-ruby-client,https://github.com/slack-ruby/slack-ruby-client,not_matched,missing
rubygems.org,pkg:gem/slim,https://github.com/slim-template/slim,not_matched,present
rubygems.org,pkg:gem/slop,https://github.com/leejarvis/slop,not_matched,present
rubygems.org,pkg:gem/snaky_hash,https://github.com/ruby-oauth/snaky_hash,not_matched,missing
rubygems.org,pkg:gem/socksify,https://github.com/astro/socksify-ruby,not_matched,present
rubygems.org,pkg:gem/sorbet-runtime,https://github.com/sorbet/sorbet,not_matched,missing
rubygems.org,pkg:gem/sorbet-static,https://github.com/sorbet/sorbet,not_matched,missing
rubygems.org,pkg:gem/sorted_set,https://github.com/knu/sorted_set,not_matched,present
rubygems.org,pkg:gem/specinfra,https://github.com/mizzy/specinfra,not_matched,present
rubygems.org,pkg:gem/spreadsheet,https://github.com/zdavatz/spreadsheet,not_matched,present
rubygems.org,pkg:gem/spring,https://github.com/rails/spring,not_matched,present
rubygems.org,pkg:gem/spring-commands-rspec,https://github.com/jonleighton/spring-commands-rspec,not_matched,present
rubygems.org,pkg:gem/spring-watcher-listen,https://github.com/jonleighton/spring-watcher-listen,not_matched,present
rubygems.org,pkg:gem/sprockets,https://github.com/rails/sprockets,not_matched,present
rubygems.org,pkg:gem/sprockets-rails,https://github.com/rails/sprockets-rails,not_matched,present
rubygems.org,pkg:gem/sqlite3,https://github.com/sparklemotion/sqlite3-ruby,not_matched,missing
rubygems.org,pkg:gem/sshkit,https://github.com/capistrano/sshkit,not_matched,present
rubygems.org,pkg:gem/ssrf_filter,https://github.com/arkadiyt/ssrf_filter,not_matched,missing
rubygems.org,pkg:gem/stackprof,https://github.com/tmm1/stackprof,not_matched,present
rubygems.org,pkg:gem/state_machines,https://github.com/state-machines/state_machines,not_matched,missing
rubygems.org,pkg:gem/state_machines-activemodel,https://github.com/state-machines/state_machines-activemodel,not_matched,missing
rubygems.org,pkg:gem/state_machines-activerecord,https://github.com/state-machines/state_machines-activerecord,not_matched,present
rubygems.org,pkg:gem/statsd-ruby,https://github.com/reinh/statsd,not_matched,present
rubygems.org,pkg:gem/stripe,https://github.com/stripe/stripe-ruby,not_matched,missing
rubygems.org,pkg:gem/strong_migrations,https://github.com/ankane/strong_migrations,not_matched,missing
rubygems.org,pkg:gem/strscan,https://github.com/ruby/strscan,not_matched,missing
rubygems.org,pkg:gem/swd,https://github.com/nov/swd,not_matched,missing
rubygems.org,pkg:gem/sync,https://github.com/ruby/sync,not_matched,present
rubygems.org,pkg:gem/sys-filesystem,https://github.com/djberg96/sys-filesystem,not_matched,present
rubygems.org,pkg:gem/systemu,https://github.com/ahoward/systemu,not_matched,present
rubygems.org,pkg:gem/temple,https://github.com/judofyr/temple,not_matched,present
rubygems.org,pkg:gem/term-ansicolor,https://github.com/flori/term-ansicolor,not_matched,present
rubygems.org,pkg:gem/terminal-notifier,https://github.com/julienxx/terminal-notifier,not_matched,present
rubygems.org,pkg:gem/terminal-table,https://github.com/tj/terminal-table,not_matched,present
rubygems.org,pkg:gem/terrapin,https://github.com/thoughtbot/terrapin,not_matched,present
rubygems.org,pkg:gem/test-prof,https://github.com/test-prof/test-prof,not_matched,present
rubygems.org,pkg:gem/test-unit,https://github.com/test-unit/test-unit,not_matched,present
rubygems.org,pkg:gem/text,https://github.com/threedaymonk/text,not_matched,present
rubygems.org,pkg:gem/therubyracer,https://github.com/cowboyd/therubyracer,not_matched,present
rubygems.org,pkg:gem/thin,https://github.com/macournoyer/thin,not_matched,present
rubygems.org,pkg:gem/thor,https://github.com/rails/thor,not_matched,present
rubygems.org,pkg:gem/thread_safe,https://github.com/ruby-concurrency/thread_safe,not_matched,present
rubygems.org,pkg:gem/thrift,https://github.com/apache/thrift,not_matched,present
rubygems.org,pkg:gem/tilt,https://github.com/jeremyevans/tilt,not_matched,missing
rubygems.org,pkg:gem/timecop,https://github.com/travisjeffery/timecop,not_matched,missing
rubygems.org,pkg:gem/timeliness,https://github.com/adzap/timeliness,not_matched,present
rubygems.org,pkg:gem/timeout,https://github.com/ruby/timeout,not_matched,missing
rubygems.org,pkg:gem/timers,https://github.com/socketry/timers,not_matched,present
rubygems.org,pkg:gem/tins,https://github.com/flori/tins,not_matched,missing
rubygems.org,pkg:gem/toml-rb,https://github.com/emancu/toml-rb,not_matched,present
rubygems.org,pkg:gem/tomlrb,https://github.com/fbernier/tomlrb,not_matched,present
rubygems.org,pkg:gem/trailblazer-option,,not_matched,no_repository
rubygems.org,pkg:gem/treetop,https://github.com/cjheath/treetop,dependencies,present
rubygems.org,pkg:gem/trollop,https://github.com/manageiq/optimist,not_matched,present
rubygems.org,pkg:gem/ttfunk,https://github.com/prawnpdf/ttfunk,not_matched,present
rubygems.org,pkg:gem/tty-color,https://github.com/piotrmurach/tty-color,not_matched,present
rubygems.org,pkg:gem/tty-cursor,https://github.com/piotrmurach/tty-cursor,not_matched,present
rubygems.org,pkg:gem/tty-prompt,https://github.com/piotrmurach/tty-prompt,not_matched,present
rubygems.org,pkg:gem/tty-reader,https://github.com/piotrmurach/tty-reader,not_matched,present
rubygems.org,pkg:gem/tty-screen,https://github.com/piotrmurach/tty-screen,not_matched,present
rubygems.org,pkg:gem/tty-spinner,https://github.com/piotrmurach/tty-spinner,not_matched,present
rubygems.org,pkg:gem/turbolinks,https://github.com/turbolinks/turbolinks-rails,not_matched,present
rubygems.org,pkg:gem/turbolinks-source,https://github.com/turbolinks/turbolinks-source-gem,not_matched,present
rubygems.org,pkg:gem/twilio-ruby,https://github.com/twilio/twilio-ruby,not_matched,missing
rubygems.org,pkg:gem/typhoeus,https://github.com/typhoeus/typhoeus,not_matched,present
rubygems.org,pkg:gem/tzinfo,https://github.com/tzinfo/tzinfo,not_matched,present
rubygems.org,pkg:gem/tzinfo-data,https://github.com/tzinfo/tzinfo-data,not_matched,missing
rubygems.org,pkg:gem/uber,https://github.com/apotonick/uber,not_matched,present
rubygems.org,pkg:gem/uglifier,https://github.com/lautis/uglifier,not_matched,present
rubygems.org,pkg:gem/unf,https://github.com/knu/ruby-unf,not_matched,present
rubygems.org,pkg:gem/unf_ext,https://github.com/knu/ruby-unf_ext,not_matched,present
rubygems.org,pkg:gem/unicode-display_width,https://github.com/janlelis/unicode-display_width,not_matched,missing
rubygems.org,pkg:gem/unicode_utils,https://github.com/lang/unicode_utils,not_matched,present
rubygems.org,pkg:gem/unicorn,https://bogomips.org/unicorn,dependencies,unknown
rubygems.org,pkg:gem/uniform_notifier,https://github.com/flyerhzm/uniform_notifier,not_matched,present
rubygems.org,pkg:gem/unparser,https://github.com/mbj/unparser,not_matched,present
rubygems.org,pkg:gem/uri_template,https://github.com/hannesg/uri_template,not_matched,present
rubygems.org,pkg:gem/uuid,https://github.com/assaf/uuid,not_matched,present
rubygems.org,pkg:gem/uuidtools,https://github.com/sporkmonger/uuidtools,not_matched,present
rubygems.org,pkg:gem/validate_email,https://github.com/perfectline/validates_email,not_matched,present
rubygems.org,pkg:gem/validate_url,https://github.com/perfectline/validates_url,not_matched,present
rubygems.org,pkg:gem/vault,https://github.com/hashicorp/vault-ruby,not_matched,present
rubygems.org,pkg:gem/vcr,https://github.com/vcr/vcr,not_matched,present
rubygems.org,pkg:gem/vegas,,not_matched,no_repository
rubygems.org,pkg:gem/version_gem,https://github.com/ruby-oauth/version_gem,not_matched,missing
rubygems.org,pkg:gem/virtus,https://github.com/solnic/virtus,not_matched,present
rubygems.org,pkg:gem/warden,https://github.com/hassox/warden,not_matched,present
rubygems.org,pkg:gem/warning,https://github.com/jeremyevans/ruby-warning,not_matched,missing
rubygems.org,pkg:gem/wasabi,https://github.com/savonrb/wasabi,not_matched,missing
rubygems.org,pkg:gem/web-console,https://github.com/rails/web-console,not_matched,present
rubygems.org,pkg:gem/webdrivers,https://github.com/titusfortner/webdrivers,not_matched,present
rubygems.org,pkg:gem/webfinger,https://github.com/nov/webfinger,not_matched,missing
rubygems.org,pkg:gem/webmock,https://github.com/bblimke/webmock,not_matched,missing
rubygems.org,pkg:gem/webpacker,https://github.com/rails/webpacker,not_matched,present
rubygems.org,pkg:gem/webrick,https://github.com/ruby/webrick,not_matched,missing
rubygems.org,pkg:gem/websocket,https://github.com/imanel/websocket-ruby,not_matched,present
rubygems.org,pkg:gem/websocket-driver,https://github.com/faye/websocket-driver-ruby,not_matched,present
rubygems.org,pkg:gem/websocket-extensions,https://github.com/faye/websocket-extensions-ruby,not_matched,present
rubygems.org,pkg:gem/whenever,https://github.com/javan/whenever,not_matched,missing
rubygems.org,pkg:gem/wicked_pdf,https://github.com/mileszs/wicked_pdf,not_matched,present
rubygems.org,pkg:gem/will_paginate,https://github.com/mislav/will_paginate,not_matched,present
rubygems.org,pkg:gem/wisper,https://github.com/krisleech/wisper,not_matched,present
rubygems.org,pkg:gem/with_env,https://github.com/mhs/with_env-rb,not_matched,present
rubygems.org,pkg:gem/wkhtmltopdf-binary,https://github.com/zakird/wkhtmltopdf_binary_gem,not_matched,present
rubygems.org,pkg:gem/wmi-lite,https://github.com/chef/wmi-lite,not_matched,present
rubygems.org,pkg:gem/word_wrap,https://github.com/pazdera/word_wrap,not_matched,present
rubygems.org,pkg:gem/xcodeproj,https://github.com/cocoapods/xcodeproj,not_matched,present
rubygems.org,pkg:gem/xcpretty,https://github.com/supermarin/xcpretty,not_matched,present
rubygems.org,pkg:gem/xcpretty-travis-formatter,https://github.com/kattrali/xcpretty-travis-formatter,not_matched,present
rubygems.org,pkg:gem/xml-simple,https://github.com/maik/xml-simple,not_matched,present
rubygems.org,pkg:gem/xpath,https://github.com/teamcapybara/xpath,not_matched,present
rubygems.org,pkg:gem/yajl-ruby,https://github.com/brianmario/yajl-ruby,not_matched,present
rubygems.org,pkg:gem/yard,https://github.com/lsegal/yard,not_matched,present
rubygems.org,pkg:gem/zeitwerk,https://github.com/fxn/zeitwerk,not_matched,missing
